"id","web_name","web_url","case_type","storage_no","court_name","key_words","trial_procedure","trial_year","case_level","basic_facts","judgment_reason","judgment_essence","related_info","related_law","related_judgment_body","create_time","update_time","md5_value","judgment_mean","dt","","","","","","","","","","","","","","","","","","","","","","","","","","","","","",""
"2292","人民法院案例库","https://rmfyalk.court.gov.cn","行政-不履行XX职责","2024-12-3-021-005","江苏省高级人民法院","行政,不履行给付基本医疗保险金职责,上位法规定,地方规范性文件,主动审查","再审","2022.07.01","02","<p>　　原告孟某诉称：原告系滨海县某村的村民，从2016年起即参加了当地的新型农村合作医疗保险，并缴纳了保险费用。2017年5月22日原告因驾驶汽车操作不当撞到道路中间的护栏，致身体受重伤，交警部门经调查后确认原告负事故的全部责任。事故发生后，原告经多家医院救治后出院，并分别于2018年1月和6月向被告滨海县医疗保险基金管理中心（以下简称滨海县医保中心）申请补偿其相关医疗费用，被告予以拒绝，故原告向法院起诉要求被告依法为其补偿相关的医疗费用。<br/>　　被告滨海县医保中心辩称：原告孟某要求补偿的相关医疗费用不符合江苏省、盐城市及滨海县有关部门制定的新型农村合作医疗补偿方案中规定的补偿范围，而是属于不予补偿的范围。原告是在江苏省宜兴市境内驾驶汽车过程中因操作不当撞到了道路中间的护栏，致使其受伤住院治疗，该事故经宜兴市交警部门认定原告自己负事故的全部责任，根据《江苏省新型农村合作医疗条例》《盐城市新型农村合作医疗实施方案》《滨海县新型农村合作医疗补偿方案》中不予补偿的规定，交通事故所发生的医疗费用不予补偿，故原告因交通事故而产生的医疗费用，不在新型农村合作医疗的补偿范围，被告对原告申请作出不予补偿的决定符合相关文件的规定，请求法院驳回原告的诉讼请求。<br/>　　法院经审理查明：孟某系滨海县某村村民，从2016年起，孟某即参加了滨海县新型农村合作医疗保险，并缴纳了保险费用。2017年5月22日1时许，孟某驾驶小型轿车沿京福线由南向北行驶至1278公里附近时，因操作不当撞到道路中间护栏，致车辆损坏，孟某身体受伤。该起事故经宜兴市交警部门认定，孟某负事故的全部责任。事故发生后，孟某经多家医院治疗后出院，共计用去医疗费用约40余万元。孟某于2018年6月初向滨海县医保中心提出书面申请，请求对因交通事故产生的医疗费用进行补偿，滨海县医保中心拒绝补偿，孟某遂向建湖县法院提起诉讼，请求判令滨海县医保中心向其核发医疗补偿金335049元。<br/>　　另查明：《盐城市2015年度新型农村合作医疗实施方案》（以下简称《盐城市新农合实施方案》）以及《2017年滨海县新型农村合作医疗补偿方案》（以下简称《滨海县新农合补偿方案》）中均规定了交通事故所发生的医药费用属于不予补偿的范围。<br/>　　江苏省建湖县人民法院于2018年10月31日作出（2018）苏0925行初186号行政判决：驳回孟某的诉讼请求。江苏省盐城市中级人民法院于2019年6月18日作出（2019）苏09行终184号行政判决：驳回上诉，维持原判。江苏省高级人民法院于2021年9月2日作出（2020）苏行申329号行政裁定：本案由本院提审。江苏省高级人民法院于2022年7月1日作出（2021）苏行再30号行政判决：（1）撤销江苏省盐城市中级人民法院（2019）苏09行终184号行政判决；（2）撤销江苏省建湖县人民法院（2018）苏0925行初186号行政判决；（3）判令被申请人滨海县医疗保险基金管理中心在收到本判决书之日起60日内依法对孟兵履行补偿医疗费用的法定职责。</p>","<p>　　法院生效判决认为，第一，孟兵作为新型农村合作医疗基金的参加人，拥有按照规定享受医疗费用补偿的权利；滨海县医保中心作为新型农村合作医疗基金的经办机构，具有根据规定向孟兵履行审核结算医疗费用的法定职责。<br/>　　第二，统筹地区在确定新型农村合作医疗补偿意见时，应当严格遵循法律、法规的相关规定，在经济社会发展水平许可的前提下，最大程度地保障新型农村合作医疗参加人在因疾病或意外等产生门诊和住院医疗费用时，能够获得基本的医疗保障。在明确保险基金支付范围时，《社会保险法》《江苏省新型农村合作医疗条例》均采用了否定列举式的立法技术，可见在保障范围上较为宽泛，体现了新型农村合作医疗作为一项基本医疗保障制度的根本属性。因自身原因导致单方交通事故受伤产生的医疗费用，不属于“应当由第三人负担医药费用”的情形。因此，孟兵因其自身原因导致的单方交通事故产生的医疗费用属于新型农村合作医疗基金的补偿范围。<br/>　　第三，依照《江苏省新型农村合作医疗条例》的相关规定，盐城市卫生行政部门虽有权制定与盐城地区实际情况相符的新型农村合作医疗补偿方案，但作为地方规范性文件，其有关社会保险基金支付范围的规定，不得与《社会保险法》《江苏省新型农村合作医疗条例》确立的新型农村合作医疗补偿规则相违背。《盐城市新农合实施方案》《滨海县新农合补偿方案》不应当将本案孟兵所遭遇的单方交通事故产生的医疗费用排除在补偿范围之外。故滨海县医保中心依据《滨海县新农合补偿方案》的规定，拒绝对参保人孟兵的医疗费用予以补偿，系适用法律错误，应予纠正。</p>","<p>1.规范性文件不得违反上位法的规定。人民法院在审理单独行政行为诉讼案件时，应当对行政行为依据的规范性文件进行合法性审查。经审查认为不合法的，不得作为认定行政行为合法的依据。<br/>　　2.在不履行给付基本医疗保险金职责之诉中，地方性规范性文件对产生交通事故的责任类型未予区分，突破上位法将不予补偿范围仅限定于应当由第三人负担范围内的规定的，人民法院不应予以参照适用。</p>","<p>　　《立法法》第96条第2项<br/>　　《社会保险法》第30条第1款</p><br/>######<p>　　一审：江苏省建湖县人民法院（2018）苏0925行初186号行政判决（2018年10月31日）</p><p>　　二审：江苏省盐城市中级人民法院（2019）苏09行终184号行政判决（2019年6月18日）</p><p>　　再审：江苏省高级人民法院（2021）苏行再30号行政判决（2022年7月1日）</p>","\N","\N","2026-01-21 10:27:30","2026-01-21 10:27:30","000062e730a424b1df3b500e33cafc9b","\N","20260426","","","","","","","","","","","","","","","","","","","","","","","","","","","","","",""
"3358","人民法院案例库","https://rmfyalk.court.gov.cn","行政-商标相关行政案件","2023-09-3-029-028","最高人民法院","行政,商标撤销复审行政纠纷,连续3年停止使用,真实,善意,撤销","再审","2011.11.17","02","<p>　　“某斯特”商标（以下简称争议商标）于1998年9月7日申请注册，2000年3月7日被核准注册，指定使用在第33类“果酒（含酒精）”等商品上。2002年4月25日经核准转让给李某某。2005年7月，某股份有限公司（法国某某某兄弟股份有限公司的前身）以连续3年停止使用为由，向国家工商行政管理总局商标局（以下简称商标局）申请撤销争议商标。商标局以李某某未在法定期间内提交其使用争议商标的证据材料为由，决定撤销争议商标。李某某不服商标局决定，向国家工商行政管理总局商标评审委员会（以下简称商标评审委员会）申请复审，请求维持争议商标，并提交证据，其中包括：李某某与某提公司于2002年6月1日签订的商标使用许可合同，该合同授权某提公司在中国境内在第33类葡萄酒产品上使用争议商标；某提公司于2002年12月9日、2004年2月9日销售某斯特干红葡萄酒的增值税发票等。商标评审委员会经审查认为，根据李某某提交的证据，李某某自2002年6月1日起许可某提公司在葡萄酒商品上使用争议商标，某提公司分别在其销售葡萄酒的增值税专用发票上使用了争议商标。争议商标的前述使用事实符合《中华人民共和国商标法实施条例》第三条及第三十九条第三款关于商标使用的规定，未构成《中华人民共和国商标法》（以下简称商标法）第四十四条所指的连续3年停止使用应予撤销的情形。因此，商标评审委员会作出了第8357号决定，维持了争议商标的注册。法国某某某兄弟股份有限公司（以下简称法国某公司）不服该裁定，提起诉讼。北京市第一中级人民法院于2008年4月8日作出（2008）一中行初字第40号行政判决：维持第8357号决定。法国某公司不服上述判决，提起上诉。北京市高级人民法院于2008年11月14日作出（2008）高行终字第509号行政判决：驳回上诉，维持一审判决。法国某公司不服二审判决，向最高人民法院申请再审。最高人民法院于2011年11月17日作出（2010）知行字第55号行政裁定：驳回了法国某公司的再审申请。</p>","<p>　　最高人民法院审查认为：注册商标长期搁置不用，该商标不仅不会发挥商标功能和作用，而且还会妨碍他人注册、使用，从而影响商标制度的良好运转。因此商标法第四十四条第四项规定，注册商标连续3年停止使用的，由商标局责令限期改正或者撤销其注册商标。应当注意的是，该条款的立法目的在于激活商标资源，清理闲置商标，撤销只是手段，而不是目的。因此只要在商业活动中公开、真实地使用了注册商标，且注册商标的使用行为本身没有违反商标法律规定，则注册商标权利人已经尽到法律规定的使用义务，不宜认定注册商标违反该项规定。本案中，李某某在评审程序中提交了李某某许可某提公司使用争议商标的合同和某提公司销售某斯特干红葡萄酒的增值税发票，在申请再审审查期间又补充提交了30余张销售发票和进口某斯特干红葡萄酒的相关材料。综合上述证据，可以证明某提公司在商业活动中对争议商标进行了公开、真实的使用，争议商标不属于商标法第四十四条第四项规定连续3年停止使用、应由商标局责令限期改正或者撤销的情形。至于某提公司使用争议商标有关的其他经营活动中是否违反进口、销售等方面的法律规定，并非商标法第四十四条第四项所要规范和调整的问题。法国某公司关于某提公司违反了《中华人民共和国进出口商品检验法》等法律规定，由此争议商标违反商标法第四十四条第四项规定，应予以撤销的主张没有法律依据。</p>","<p>商标法规定注册商标连续3年停止使用撤销制度的立法目的在于激活商标资源，清理闲置商标，撤销只是手段，而不是目的。只要在商业活动中公开、真实地使用了注册商标，且注册商标的使用行为本身没有违反商标法律规定，则注册商标权利人已经尽到法律规定的使用义务。使用争议商标有关的其他经营活动中是否违反其他方面的法律规定，并非商标法第四十四条第四项所要规范和调整的问题。</p>","<p>　　《中华人民共和国商标法》第49条（本案适用的是2001年修正的《中华人民共和国商标法》第44条）</p><br/>######<p>　　一审：北京市第一中级人民法院（2008）一中行初字第40号（2008年4月8日）<br/>　　二审：北京市高级人民法院（2008）高行终字第509号（2008年11月14日）<br/>　　再审审查：最高人民法院（2010）知行字第55号（2011年11月17日）</p>","\N","\N","2026-01-21 10:27:30","2026-01-21 10:27:30","0026a1cee9cb931b43cdfc1bf3c3302d","\N","20260426","","","","","","","","","","","","","","","","","","","","","","","","","","","","","",""
"3906","人民法院案例库","https://rmfyalk.court.gov.cn","行政-专利相关行政案件","2023-09-3-024-008","最高人民法院","行政,专利相关行政案件,专利权无效,充分公开,共有技术特征,不作详细描述","再审","2020.03.27","02","<p>　　某电脑贸易（上海）有限公司（以下简称某电脑贸易公司）诉称：专利号为20041005374X.X、名称为“一种聊天机器人系统”的发明专利(以下简称本专利）的说明书公开不充分，不符合《中华人民共和国专利法》（以下简称专利法）第二十六条第三款的规定，对于那些就满足专利法第二十六条第三款的要求而言必不可少的内容，不能采用引证的方式撰写，而应当将其具体内容写入说明书。1.说明书公开的技术方案中，过滤器将用户语句区分为格式化语句或自然语句后，在任何情况下都不会发送给游戏服务器处理，并且说明书也没有公开查询模块或者对话模块可以和游戏服务器相交互，因此如何连接游戏服务器并未公开，被诉决定关于实现游戏功能公开充分的事实认定错误。2.说明书没有记载过滤器如何实现区分格式化语句或自然语句，其仅仅表明了一种愿望和结果，没有给出区分格式化语句和自然语句的技术手段，例如，难以辨识UTF-8编码语句具体为格式化语句抑或自然语句。3.说明书中没有给出如何实现网络学习扩充对话数据库的具体技术手段,即便如被诉决定所认定的网络学习扩充对话数据库属于现有技术，也应当写入说明书。4.说明书仅仅提出了精确搜索的设想，却没有给出实现精确搜索的具体实现方式。5.说明书中未公开人工智能服务器检索对话数据库并选择最合适的应答语句的具体方式，国家知识产权局专利复审委员会（以下简称专利复审委员会）将本专利中没有公开的内容解读到说明书中，属于法律适用错误。<br/>　　专利复审委员会辩称：对于专利说明书和权利要求书中的技术方案及其某些术语的理解应当基于本领域技术人员的技术水平和认知能力，并将专利文件，包括权利要求书、说明书及附图作为一个整体来看待。坚持被诉决定中关于专利法第二十六条第三款的评述。<br/>　　上海某网络科技股份有限公司（以下简称某网络公司）述称：同意专利复审委员会的意见，且应用本专利的相关产品和服务已经取得商业上的巨大成功，本专利具备创造性，请求维持被诉决定。<br/>　　北京市第一中级人民法院（以下简称一审法院）经审理查明：<br/>　　被诉决定涉及国家知识产权局于2009年7月22日授权公告的、名称为“一种聊天机器人系统”的发明专利(即本专利），其专利号为20041005374X.X，申请日为2004年8月13日，现专利权人为某网络公司。本专利授权公告时的权利要求书包含11项权利要求。<br/>　　某电脑贸易公司于2012年11月19日向专利复审委员会提出了无效宣告请求，理由之一是：本专利说明书不符合专利法第二十六条第三款的规定，请求宣告本专利权利要求全部无效。同时提交了附件1至4作为证据，其中，附件1系公开号为US2003/018239XA1的美国专利说明书及其中文译文，附件2系授权公告号为CN257751X的中国实用新型专利说明书，附件3系公开号为WO2004/04930XA1的专利说明书及其中文译文，附件4系由国家知识产权局专利检索咨询中心出具的编号为G128870的检索报告。<br/>　　2013年9月3日，专利复审委员会作出第21307号无效宣告请求审查决定（以下简称被诉决定），维持本专利权有效。其中，对于本专利说明书不符合专利法第二十六条第三款的主张回应如下：<br/>　　专利法第二十六条第三款规定，说明书应当对发明或者实用新型作出清楚、完整的说明，以所属技术领域的技术人员能够实现为准。<br/>　　针对某电脑贸易公司提出的本专利实施例没有给出如何利用游戏服务器5来实现游戏功能的无效理由，专利复审委员会认为，本专利说明书第3页第11-14行记载了“聊天机器人9本质上是一个或若干个机器人服务器2，其中设置有通讯模块21、过滤器22、对话模块23、查询模块24，其一端连接用户1，另一端连接人工智能服务器3和/或查询服务器4和/或游戏服务器5”，如本专利附图1所示，即实施例中公开了用户通过机器人服务器2连接到游戏服务器5。另外，本专利说明书第5页第7-9行记载了“在机器人中我们特别倡导互动性，机器人可以实现以下互动游戏(智力闯关、智力问答、24点、猜数字等）”。本领域技术人员由上述记载内容能够实现，用户通过即时通讯平台与聊天机器人进行对话，该聊天机器人的另一端连接游戏服务器，根据聊天机器人识别的对话内容，用户就可以利用游戏服务器实现以文字互动为基础的游戏功能，因此本领域技术人员根据说明书的上述记载能够实现本发明利用聊天机器人系统的游戏服务器互动游戏的功能。<br/>　　关于如何理解格式化语句和自然语句以及过滤器如何区分格式化语句和自然语句，专利复审委员会认为：从说明书实施例的记载可知，格式化语句是格式化的命令语句的简称,本领域技术人员根据所掌握的知识可以理解，本专利中的格式化语句是人机交互中的具有一定格式、通过计算机可以执行的语言形式，通常体现为基于规定格式的命令语句；而自然语言是与格式化语句相对的一种语言形式，通常体现为基于通俗对话的交互式语句。因此对于本领域技术人员来说，格式化语句和自然语言的含义是清楚的。其次，对于过滤器如何区分格式化语句或自然语言的手段，本专利说明书第3页第15-18行记载了“用户1输入一句子在即时通讯平台并通过网络传送给聊天机器人9，经通讯模块21接收后送到过滤器22，进行是否为格式化命令语句的判断；如果是格式化命令语句，即送到查询模块24处理，如果是一个自然语句，则送到对话模块23处理”，由此可知，说明书中提供了过滤器以格式化语句或自然语言作为判断对象进行处理的方案。同时，结合本专利说明书图3中给出的“天气：上海”这个格式化语句的示例可见，对于这些格式化语句，利用现有技术中简单的字符串处理函数，或者用表达式匹配的方法，就可以准确解析出命令和参数的值。例如，过滤器可以找到格式分隔符“：”，然后取前面“天气”为命令，后面的“上海”为参数。因此，本领域技术人员在清楚地了解格式化语句和自然语言的语言形式的情况下，根据说明书中给出的实施例完全可以设置出能够区分格式化语句和自然语言的过滤器。<br/>　　为了实现拟人化的交互对话，本专利说明书中第3页最后1行至第4页第7行中记载了人工智能服务器的对话系统有维护对话数据库的功能，说明书中给出三种扩充对话数据库的方式即人工添加、与用户对话过程中学习和网络学习，并具体说明了其实现手段，如“可以是记住数据库中人工添加的标准回话来答复，也可以向用户学习，更可以不断学习网络上新出现的词汇与语句。”本领域技术人员通过说明书的上述记载可知：对话数据库可以以三种渠道增添新出现的词汇或语句。对于通过网络学习来扩充词汇的功能，可以利用现有技术中的计算机技术，从相关的网络网页中浏览、辨识、下载存储词汇和语句，这对于本领域技术人员来说是完全可以实现的。<br/>　　本专利说明书第3页第22-24行记载了“该信息数据库7有三部分组成，一为自建信息库，问答形式，一为精确搜索库（也称目标搜索）进行网络信息查询，一为使用专业内容信息服务提供商的查询服务”，本专利说明书第4页第21行到第5页第3行还记载了“机器人的查询与传统的搜索引擎的广泛搜索不同，提供一种精确搜索（也可称为目标搜索 Target Searching),这样用户可以快速的通过机器人查询到他们想要的信息”。本领域技术人员根据说明书的上述记载，可知精确搜索与传统的搜索引擎相比提供了更为精确的搜索结果，本领域技术人员可以通过构建更精确的搜索数据库并结合和扩展现有技术中的搜索方式就可以实现本专利的精确搜索。<br/>　　对于对话系统如何可以访问对话数据库并选择最合适的应答语句，如本专利说明书第3页最后1行至第4页第7行所述，人工智能服务器的对话系统具有维护对话数据库的作用，人工智能服务器具有强大的辨识与语法分析功能，本领域技术人员根据说明书公开的内容，可以利用现有技术方法对输入语言进行处理和分析，并和对话数据库中的对话进行语义匹配，找到最为匹配的回答作为机器人的回答发送给用户以实现人机交互。<br/>　　综上所述，专利复审委员会认为，判断说明书是否对发明作出清楚、完整的说明，应当基于本领域技术人员的技术水平和认知能力，结合说明书整体公开的内容来看。如果本领域技术人员基于说明书中的全部内容能够理解、实现发明的技术方案，则说明书的公开是充分的，相应的在权利要求书中要求保护的技术方案也是能够实现的。因此某电脑贸易公司提出的上述说明书公开不充分导致本领域技术人员根据说明书不能实现权利要求1至11的技术方案的无效理由不能成立。<br/>　　一审法院经审理认为，某电脑贸易公司关于本专利未充分公开如何实现游戏功能、如何区分格式化语句与自然语句、如何通过网络学习来扩充对话数据库、如何实现精确搜索功能、如何检索对话数据库以获得拟人化聊天信息的主张均不能成立。一审法院判决维持被诉决定。<br/>　　某电脑贸易公司不服一审判决，向北京市高级人民法院（以下简称二审法院）提起上诉。专利复审委员会、某网络公司服从一审判决。<br/>　　二审法院审理查明的事实与一审相同外，另查明：<br/>　　本专利授权阶段第一次审查意见通知书正文载明：“权利要求1与对比文件1（JP特开2000-33931XA）相比，区别在于：权利要求1中的聊天机器人中还包括游戏服务器。在聊天服务系统中设置游戏服务器是本领域常规设置，该区别技术特征是本领域惯用手段。……因此，权利要求1不具备创造性。”<br/>　　本专利申请人在答复意见中陈述：“申请人根据对比文件1，将权利要求1特征部分修改为：‘其特征在于，该聊天机器人还拥有查询服务器及其对应的数据库，游戏服务器。’……权利要求1中的聊天机器人由于还包括‘查询服务器’和‘游戏服务器’，能够为用户提供各类丰富、及时、准确的信息与互动游戏（说明书第1页第20行至21行），从而具有显著的进步。因此，相比于对比文件1，（修改后的）权利要求1所要求保护的聊天机器人系统具备专利法第二十二条规定的创造性。”<br/>　　二审法院经审理认为：根据本专利说明书关于发明目的的记载可知，实现游戏功能是本专利实现拟人化的一种表现形式，并非拟人化的附加功能。相应的，游戏功能也应当是本专利权利要求1所记载的必要技术特征。独立权利要求应当表述一个针对发明所要解决的技术问题的完整的技术方案。根据本专利说明书的记载，实现游戏功能也是本专利权利要求1的技术方案所要实现的功能。此外，需要指出的是，在专利授权阶段的审查中，某网络公司也认为游戏功能是使本专利具备创造性的技术特征。例如，根据本专利审查文档的记载，某网络公司认为，因为游戏服务器的存在使得权利要求1相对于对比文件1具有实质性特点，从而导致本专利具备创造性。由此可见，国家知识产权局也是基于某网络公司的上述陈述才对本专利进行了授权。因此，如何实现游戏功能是实现本专利必不可少的技术特征。然而，说明书仅仅记载了具有一个游戏服务器以及提到实现互动游戏的设想，而对于游戏服务器与聊天机器人的其他部件如何连接，例如，对什么样的用户输入的什么内容传送到游戏服务器以及如何将用户的指令传送到游戏服务器中，完全没有记载。此外，根据说明书的记载和教导，过滤器对用户输入语句进行判断，判断为格式化语句的则通过查询模块24输出到查询服务器4，而判断为自然语句的则通过对话模块23输出到人工智能服务器3。因此，根据本专利说明书的记载，本专利的聊天机器人系统中，如果用户输入的是和游戏相关的语句，即使其能够由过滤器分析处理，其也只是被过滤器判断为自然语句或格式化语句，而送到人工智能服务器3或查询服务器4中，而根本不可能送到游戏服务器5中。由此可见，本专利说明书未充分公开如何实现本专利权利要求1所限定的游戏功能，违反了专利法第二十六条第三款的内容，本专利权应当被宣告无效。某电脑贸易公司关于本专利未充分公开如何实现游戏功能的上诉主张成立，应予支持。<br/>　　二审法院判决：撤销一审判决；撤销被诉决定；专利复审委员会就本专利重新作出无效宣告审查决定。<br/>　　某网络公司不服二审判决，向最高人民法院申请再审。最高人民法院另查明：<br/>　　（一）关于本专利授权审查阶段的审查情况<br/>　　2006年2月15日公开的本专利申请公开说明书中载明的原始权利要求1内容如下：“1.一种聊天机器人系统，至少包括：一个用户；和一个聊天机器人，该聊天机器人拥有通讯模块，查询服务器，游戏服务器，以及相应的数据库。其特征在于，所述的聊天机器人还拥有一个人工智能服务器，具有一定的人工智能，和强大的信息服务功能；所述的用户通过即时通讯平台或短信平台与聊天机器人进行各种对话。”原始权利要求4内容如下：“如权利要求1所述的聊天机器人系统，其特征在于，所述的聊天机器人设置有一个过滤器，以用来区分接收到的用户语句是否为格式化语句或者自然语言。”原始权利要求5内容如下：“如权利要求4所述的聊天机器人系统，其特征在于，所述的聊天机器人设置有对话模块和查询模块。该对话模块和查询模块一端共同连接在过滤器上，以接收经过过滤器区分后的语句；另一端则连接在各自相对应的服务器上。对话模块连接的是人工智能服务器；查询模块连接的是查询服务器。”<br/>　　第二次审查意见通知书指出：“本申请所要解决的技术问题为提供一种聊天机器人系统，用户可以和机器人聊天，并且可以‘命令’机器人为用户查找信息。为解决该技术问题，说明书公开的技术方案中通过过滤器22将用户输入的语句进行过滤，区分为格式化命令语句和自然语句，并分别送到查询模块24和对话模块23处理，查询模块连接到一个或多个查询服务器4，再由查询服务器访问信息数据库7；对话模块23连接到人工智能服务器3，实现对话功能。如果没有过滤器22将用户输入的语句进行过滤，整个聊天系统将不能区分查询语句和对话语句，也不能将相应语句转发到相应服务器，也不能实现聊天和查询服务，因此，过滤器22将用户输入的语句进行过滤并转发是解决上述技术问题的必要技术特征。独立权利要求1缺少上述必要技术特征，不符合专利法实施细则第二十一条第二款的规定。”申请人针对上述问题的意见陈述为：过滤器将用户输入的语句进行过滤并转发并非权利要求1的必要技术特征。<br/>　　第三次审查意见通知书指出：“如果缺少过滤器22以及该过滤器22如何区分格式化语句与不是格式化语句，将它们正确发往相应的服务器处理，则该聊天机器人将不能正确支配适当的服务器处理相应的业务。因此，权利要求1缺少必要技术特征”。对此，申请人在意见陈述中称，“为了克服审查员提出的缺陷，申请人将权利要求3中的附加技术特征‘所述的聊天机器人设置有一个过滤器，以用来区分所述通讯模块接收到的用户语句是否为格式化语句或自然语言’以及‘并根据区分结果将该用户语句转发至相应的服务器，该相应的服务器包括人工智能服务器、查询服务器或游戏服务器’（对应于权利要求10中的转发）补入到权利要求1中，同时相应地删除权利要求3，调整后续权利要求的标号。”<br/>　　（二）关于专利权人在原审中对游戏服务器的陈述<br/>　　某网络公司向一审法院提交的2014年3月3日代理词第7页有如下记载：本发明通过过滤器将上述两类人机对话方法有机结合，其中格式化语句被直接分流到查询服务器或游戏服务器高效运行，自然语言则进入人工智能服务器在对话系统中依据算法进行转化、匹配和理解。<br/>　　在2014年10月16日二审开庭审理本案的开庭笔录第5页，某网络公司称：“服务器只是说服务内容有所区别，很多服务器在物理上是一体的，在逻辑上是分开的，对话内容和智力问答有连贯性就可以玩游戏，在物理上区分在计算机领域是说不通的，没有必要进行这种区分。”<br/>　　最高人民法院于2020年3月27日作出（2017）最高法行再34号行政判决，撤销二审判决，维持一审判决。</p>","<p>　　法院生效裁判认为，专利法第二十六条第三款规定，说明书应当对发明或者实用新型作出清楚、完整的说明，以所属技术领域的技术人员能够实现为准。本领域技术人员是否能够实现发明技术方案是判断说明书公开是否充分的根本落脚点。根据2001年版《审查指南》第二部分第二章第2.2.6节规定，“在具体实施方式部分，对最接近的现有技术或者与最接近的现有技术共有的技术特征，一般来说可以不作详细描述，但对发明或者实用新型区别于现有技术的技术特征以及从属权利要求中的附加技术特征应当足够详细地描述，以所属技术领域的技术人员能够实现该技术方案为准。”上述规定对于本专利与现有技术的共有技术特征和区别技术特征的公开提出不同的要求，是因为公开是以本领域技术人员能够实现为准，对于本领域技术人员知识和能力范围以内的技术特征要求较低，而对于本领域技术人员知识和能力范围以外的、区别于现有技术的技术特征要求较高。按照上述规定，首先结合本专利文件和审查档案来理解涉及游戏服务器的技术方案，并判断游戏服务器是否属于本专利区别于现有技术的技术特征，在此基础上进一步判断其是否符合专利法第二十六条第三款规定。<br/>　　（一）如何理解本专利涉及游戏服务器的技术方案<br/>　　根据本专利说明书的完整内容并结合本案证据，应当认定本专利限定的游戏服务器的功能是通过本专利中描述的格式化语句调用现有的成熟的游戏模块来实现的。主要理由如下：<br/>　　1.本领域技术人员通过阅读本专利说明书可知，本专利限定的游戏服务器的功能是通过本专利中描述的格式化语句调用现有的成熟的游戏模块来实现的。根据本专利说明书第1页倒数第2段关于发明目的记载可知，本发明保护的聊天机器人系统有两项功能，一是“用户可以和机器人聊天，但得到的是十分拟人化的对话”，二是用户“可以‘命令’机器人为用户查找信息、做游戏等”。因此，为用户查找信息、做游戏均是本专利保护的聊天机器人系统通过“命令”的方式实现的。根据本专利说明书第2页第3段关于本专利工作流程即“通讯模块用来接收来自各种方式的用户语句和给用户回话；过滤器用来区分用户语句是否为格式化的命令式语句，或者是自然语言；分别使用查询模块和对话模块来后续处理以生成回复信息或应答对话，并发送给用户”的记载，本专利限定的游戏服务器的游戏功能是通过“命令”的方式实现的，即通过格式化命令语句调用现有的成熟的游戏模块来实现的。在此理解的基础上，某电脑贸易公司关于在本专利的整个聊天机器人系统中不存在访问游戏服务器的数据通路的主张不成立。<br/>　　2.使用格式化语句调用游戏模块来实现游戏功能，属于本专利申请日之前的现有技术。根据某网络公司向本院提交的证据4即（2015）沪科咨知鉴字第16号知识产权司法鉴定意见书及其所附本专利申请日之前的相关专业文献，本专利说明书第5页第8-9行记载的智力闯关、智力问答、24点、猜数字等互动游戏是本专利申请日之前较为常见的互动游戏。某电脑贸易公司在无效阶段提交的附件1第21页也记载了通过格式化命令语句完成猜谜游戏的例子，即“猜谜模块390允许用户100与聊天机器人125玩小游戏。聊天机器人125将诸如‘新汽车小游戏’的句子识别为触发猜谜模块390的命令。”<br/>　　3.根据本领域普通技术人员的理解，本专利虽然基于功能的不同分别列明了游戏服务器与查询服务器，但并没有限定游戏服务器与查询服务器是物理上分离的两个服务器，同一个服务器可以同时具备查询和游戏功能，某电脑贸易公司在专利无效程序中提交的附件1中的工具箱128就同时具有查询服务器和游戏服务器的功能。<br/>　　查询服务器与游戏服务器要解决的技术问题分别为查询信息与提供游戏，是根据服务器为用户提供服务的内容或者功能作出的认定；查询服务器与游戏服务器均通过使用格式化命令语句提供服务即实现查询、游戏功能，二者并不矛盾。根据本院查明的某网络公司在原审程序中的陈述，某网络公司在一审时已经提出格式化语句被直接分流到查询服务器或游戏服务器高效执行的观点，在二审开庭时已经提出服务器在物理上为一体而服务内容可以有区别的观点。某网络公司的上述观点是随着诉讼程序推进中某电脑贸易公司与某网络公司诉辩观点的发展而适时提出的。无论某网络公司何时提出，都应当从本领域普通技术人员的角度，结合本专利说明书及附图的内容，对游戏服务器与查询服务器的关系及其如何实现游戏功能作出认定。综上，某电脑贸易公司的相应主张不能成立，本院不予支持。<br/>　　被诉决定在其后的分析中并没有认定本专利与附件1的区别特征是本专利具有单独的查询服务器和游戏服务器，而是认定本专利权利要求1限定的过滤器及其相关功能是其区别于附件1的特征。某电脑贸易公司的相应主张不能成立，本院不予支持。<br/>　　（二）游戏服务器是否属于本专利区别于现有技术的技术特征<br/>　　对于本专利申请人在专利授权审查阶段的陈述，需要综合考虑整个审查过程进行分析。从整体上考量本专利的三次审查意见通知书及本专利申请人的意见陈述可知，本专利与对比文件相比具有游戏服务器并非是本专利获得授权的原因，游戏服务器并非本专利区别于现有技术的特征。主要理由在于：1.审查员在第一次审查意见通知书中已经明确表示游戏服务器属于本领域惯用手段，该观点也符合信息技术领域所属技术人员的认知，在此情况下，本专利申请不可能因其与对比文件的区别特征在于具有游戏服务器而获得授权。2.本专利申请人在答复第三次审查意见通知书时将本专利权利要求1补充了许多与“过滤器”相关的技术特征，基于本专利申请人的上述较大实质性修改，审查员对修改后的权利要求书进行了授权。3.该认定符合原始权利要求1、4、5的表述。从本专利申请公开的原始权利要求1、4、5可以看出，原始权利要求1强调本专利申请与现有技术的区别特征是通过人工智能服务器实现用户与聊天机器人的各种对话，游戏服务器并不是其区别特征，也没有限定游戏服务器的连接关系；原始权利要求4、5进一步限定了过滤器与对话模块、查询模块以及对话模块与人工智能服务器连接、查询模块与查询服务器连接。上述撰写方式及其内容能够反映出专利权人在无效阶段所强调的本专利的发明目的，即，以过滤器为技术手段区分格式化语句和自然语言，根据区分结果将用户语句转发至相应的服务器，从而提高人机对话系统的效率和可用性。这也是审查员在第三次审查意见通知书中要求本专利申请人在权利要求1中增加并使之最终得到授权的技术内容。<br/>　　应当结合本专利的记载和现有技术的状况来确定本专利区别于现有技术的特征。主要理由在于：1.申请人或者专利权人自认的区别技术特征有时并不客观，与本领域普通技术人员对此的判断结果可能存在差异。如在本案中，虽然申请人在本专利授权审查阶段曾经表示，游戏服务器和查询服务器是本专利申请区别于现有技术的技术特征，但审查员在第一次审查意见通知书中已经明确指出，在聊天服务系统中设置游戏服务器是本领域常规设置。2.结合本专利的记载和现有技术的状况确定本专利区别于现有技术的区别特征，并在此基础上判断本专利是否具备授权条件，符合以公开换保护的专利法立法宗旨，也有助于保证判断结果的客观性和适用不同法条的判断结果的一致性和协同性。<br/>　　综上，应当认定游戏服务器并不是本专利与现有技术的区别技术特征。<br/>　　（三）本专利涉及游戏服务器的技术方案是否符合专利法第二十六条第三款规定<br/>　　在游戏服务器不是本专利与现有技术的区别技术特征的情况下，根据前述《审查指南》的相关规定，对于涉及游戏服务器的技术方案可以不作详细描述。本案中，本领域普通技术人员根据本专利说明书的相关记载内容可以实现，聊天机器人的一端连接用户，另一端连接游戏服务器，用户通过即时通讯平台或短信平台与聊天机器人进行对话，可以使用格式化的命令语句与机器人做互动游戏。因此，本专利涉及游戏服务器的技术方案符合专利法第二十六条第三款规定。<br/>　　在判断说明书是否公开充分时，应当站在本领域技术人员的角度。本领域技术人员是指一种假设的“人”，假定他知晓申请日或者优先权日之前发明所属领域所有的普通技术知识，能够获知该领域中所有的现有技术，并且具有应用该日期之前常规实验手段的能力，但他不具有创造能力。在本专利申请日前，在聊天服务系统中设置游戏服务器是本领域常规设置，包括美国专利在内的现有技术也已经公开了在聊天服务系统中设置游戏服务器的技术内容。本领域技术人员具有获知本领域现有技术的能力，即通过检索现有技术可以实现在聊天机器人系统连接游戏服务器并进行游戏，无须由说明书给出如何连接游戏服务器并进行游戏的具体指引。本专利涉及游戏服务器的技术方案符合专利法第二十六条第三款规定，某电脑贸易公司向本院提交的证据1-3不足以证明其关于本专利未充分公开游戏功能的主张，二审判决关于本专利说明书未充分公开本专利权利要求1所限定的游戏功能的认定存在错误，本院予以纠正。</p>","<p>本领域技术人员是否能够实现发明技术方案是判断说明书公开是否充分的根本落脚点。发明或者实用新型区别于现有技术的技术特征以及从属权利要求中的附加技术特征应当足够详细地描述，以所属技术领域的技术人员能够实现该技术方案为准。</p>","<p>　　《中华人民共和国专利法》第二十六条第三款</p><br/>######<p>　　一审：北京市第一中级人民法院（2014）一中知行初字第184号行政判决（2014年4月28日）<br/>　　二审：北京市高级人民法院（2014）高行（知）终字第2935号行政判决（2015年4月21日）<br/>　　再审：最高人民法院（2017）最高法行再34号行政判决（2020年3月27日）</p>","\N","\N","2026-01-21 10:27:30","2026-01-21 10:27:30","00786200443f6994606a3d764d8ca7f3","\N","20260426","","","","","","","","","","","","","","","","","","","","","","","","","","","","","",""
"699","人民法院案例库","https://rmfyalk.court.gov.cn","行政-行政确认","2024-12-3-007-019","北京市第一中级人民法院","行政,行政确认,工伤保险待遇,工作时间,工作岗位,合理延伸,超过法定退休年龄","二审","2024.05.27","02","席某花系北京某科技发展有限公司（以下简称北京某科技公司）员工，与北京某科技公司签订劳务协议（已退休人员），岗位及工作任务为种植工、综合工时员工。2022年10月27日11时33分左右，席某花在中午下班后乘坐单位同事吴某驾驶的电动三轮摩托车从单位种植园（农庄1号院）回返单位宿舍（农庄2号院）就餐途中，发生非本人主要责任的交通事故，后经医院抢救无效去世。席某花之女姚某丽向北京市海淀区人力资源和社会保障局（以下简称海淀区人保局）提交工伤认定申请，海淀区人保局根据其在行政程序中取得的证据材料及其调查核实情况，作出京海人社工伤认（1080T0472XXX）号认定工伤决定书（以下简称《工伤决定书》），认为席某花受到的事故伤害，符合《工伤保险条例》第十四条第一项之规定，属于工伤认定范围，予以认定为工伤。北京某科技公司不服，遂提起行政诉讼，请求：依法撤销海淀区人保局作出的《工伤决定书》。<br/>　　北京市海淀区人民法院于2024年2月2日作出（2023）京0108行初711号行政判决：驳回北京某科技公司的诉讼请求。宣判后，北京某科技公司不服，提起上诉。北京市第一中级人民法院于2024年5月27日作出（2024）京01行终254号行政判决：驳回上诉，维持原判。","本案的争议焦点为：海淀区人社局对席某花的工伤认定是否合法、正当。<br/>　　     其一，《最高人民法院行政审判庭关于超过法定退休年龄的进城务工农民因工伤亡的，应否适用〈工伤保险条例〉请示的答复》（[2010]行他字第10号）规定，用人单位聘用的超过法定退休年龄的务工农民，在工作时间内、因工作原因伤亡的，应当适用《工伤保险条例》的有关规定进行工伤认定。根据该条规定，死者席某花虽然系退休人员，但已与北京某科技公司签订劳务协议，为综合工时员工，其在工作期间受到交通事故伤害，符合《工伤保险条例》的工作认定主体范围。<br/>　　    其二，《工伤保险条例》第十四条第一项规定：“职工有下列情形之一的，应当认定为工伤：（一）在工作时间和工作场所内，因工作原因受到事故伤害的......”第十九条第二款规定：“职工或者其近亲属认为是工伤，用人单位不认为是工伤的，由用人单位承担举证责任。”《最高人民法院关于审理工伤保险行政案件若干问题的规定》第四条第四项规定：“社会保险行政部门认定下列情形为工伤的，人民法院应予支持：……其他与履行工作职责相关，在工作时间及合理区域内受到伤害的。” 本案中，根据在案证据可以证明，席某花系北京某科技公司雇佣的种植工，工作地点为种植园即农庄1号院，单位宿舍为农庄2号院。席某花中午下班后，乘坐单位同事吴某驾驶的电动三轮摩托车从单位种植园（农庄1号院）回往单位宿舍（农庄2号院）就餐，在途中发生交通事故造成伤害。员工中午回宿舍吃饭是正常需求，在途中发生非本人主要责任的交通事故造成伤害，可以视为与履行工作职责相关以及工作时间、工作岗位的合理延伸，符合上述《工伤保险条例》第十四条第一项规定的情形。海淀区人保局在执法中履行了受理、通知举证等执法程序，在法定期限内作出《工伤决定书》并依法送达，程序并无不当之处。<br/>　　    综上，海淀区人保局经审查核实后作出《工伤决定书》，具有事实和法律依据、程序正当，依法予以确认。","1．用人单位聘用的超过法定退休年龄的务工农民，在工作时间内、因工作原因伤亡的，应当适用《工伤保险条例》的有关规定进行工伤认定。<br/>　　2．职工中午回宿舍就餐是正常的生理需求，可以视为与履行工作职责相关以及工作时间的合理延伸。此种情况下员工受到事故伤害，符合《工伤保险条例》第十四条第一项规定的，依法应当认定为工伤。","《工伤保险条例》（2010年修正）第14条第1项<br/>######　　　　一审：北京市海淀区人民法院（2023）京0108行初711号行政判决（2024年2月2日）<br/>　　二审：北京市第一中级人民法院（2024）京01行终254号行政判决（2024年5月27日）","\N","\N","2026-01-21 10:27:30","2026-01-21 10:27:30","00b956e4ab83a86391a737e08ed97a1f","\N","20260426","","","","","","","","","","","","","","","","","","","","","","","","","","","","","",""
"3369","人民法院案例库","https://rmfyalk.court.gov.cn","行政-行政许可","2023-12-3-004-006","浙江省嘉兴市中级人民法院","行政,行政许可,利害关系人,听证,审慎审查","二审","2022.03.11","02","<p>　　原告嘉兴市某某公司诉称：嘉兴市某某公司成立于1987年，由原某集团改制而来。原告公司自成立至今经营场所一直在嘉兴市东栅街道某村，公司成立时周围50米内无任何建筑。原告公司的《燃气经营许可证》至2021年1月31日到期，原告于2020年11月5日向主管部门嘉兴市南湖区住房和城乡建设局（以下简称南湖区住建局）申请核发燃气经营许可证；2021年1月28日，南湖区住建局对燃气经营的书面、现场核查均已完成。2021年2月1日，南湖区住建局与原告进行谈话并制作谈话记录，告知原告已完成燃气经营许可的申请、书面及现场核查，之后南湖区行政审批局将依法核发《燃气经营许可证》。但是，南湖区行政审批局却于2021年2月10日以原告的液化石油气储罐（区）与站外其他民用建筑的防火距离不符合《建筑设计防火规范》（GB50016-2014）4.4.1条规定为由作出《不予行政许可决定》。但被告所认为的“其他民用建筑”系原某村村民委员会的办公楼，功能为非住宅性质，土地性质为办公用地，且建造于1998年，比原告公司成立晚11年，被告不予行政许可的事实基础不成立。《建筑设计防火规范》（GB50016-2014）4.4.1条规定，但前述规范系民用建筑业防火规范，原告公司作为液化气行业，应使用《液化石油气供应工程设计规范》（GB51142-2015）。同时，浙江省住房和城乡建设厅于2020年8月10日发布的《城镇燃气设施安全检查标准》中关于站外防火距离明确：新建、扩建储备站防火距离应符合现行国家标准《液化石油气供应工程设计规范》（GB51142）的规定，历史建设的老站要求符合建站时国家标准的规定，原告符合国家标准规定。请求撤销南湖区行政审批局作出的不予行政许可决定，责令南湖区行政审批局重新作出行政许可决定。<br/>　　被告南湖区行政审批局辩称，被告于2021年1月21日收到原告提交的延续《燃气经营许可证》的行政许可申请；同年1月26日，对原告所在地进行现场勘查及初评，并将相关评审意见反馈原告，要求其按规定整改。同年2月3日，被告收到嘉兴市湘家荡区域开发建设管理委员会（以下简称湘家荡管委会）、嘉兴市南湖区人民政府七星街道办事处（以下简称七星街道办事处）提交的情况反映，载明：原告作为燃气经营企业，与周边民用建筑（原某村村委会办公楼）的间距不符合相关安全规定。同年2月5日，被告再次进行现场勘查，并提出多项整改要求，其中包括“储罐与民用建筑间距不足，实测44米” 等内容。同年2月7日，被告向原告送达勘查整改通知单。同年2月10日，被告经现场勘查，再次提出“储罐与站外民用建筑防火间距为44米的问题，未整改”。同日，南湖区住建局向被告发函，告知根据《建筑设计防火规范》（GB50016-2014）4.4.1强制性条款和《液化石油气供应工程设计规范》（GB51142-2015）5.2.8条款的规定，总容积大于200立方米小于等于500立方米的液化石油气供应基地全压试储罐（区）与基地外其他民用建筑的防火间距为50米。民用建筑系指居住建筑、国家机关办公建筑和商业、服务业、卫生等其他公共建筑，案涉的站外其他民用建筑系原某村委会办公楼（目前处于使用状态），应属民用建筑。被告适用《建筑设计防火规范》（GB50016-2014）4.4.1条规范作出不予许可决定，符合法律规定。请求法院依法驳回原告的诉讼请求。<br/>　　法院经审理查明：嘉兴市某某公司于2009年8月13日首次取得《燃气经营许可证》，后两次申请延续，许可期限至2021年1月31日止。2021年1月6日，嘉兴市某某公司向南湖区行政审批局提交《浙江省燃气经营许可证申请》。同年1月26日，南湖区行政审批局委托专家组对该公司是否符合《燃气经营许可证》换证（延续）条件予以现场勘查，勘查结论为不合格，要求整改经检查确认合格后通过验收。同年2月1日，专家组经复查后确认整改合格。同年2月3日，某管委会、某街道办事处向南湖区行政审批局出具情况反映，认为该公司作为燃气经营企业，与周边民用建筑（原某村村委会办公楼）的间距不符合相关安全规定。同年2月5日，南湖区行政审批局再次委托专家组对该公司的储配站予以现场勘查，专家组勘查后提出11条整改意见，包括“储罐与民用建筑间距不足，实测44米，该民用建筑有人居住，且使用明火”，勘查结论为不合格，要求予以整改。同年2月7日，南湖区行政审批局经再次复查后将复查意见告知该公司并送达勘查意见整改通知单，要求于2021年2月9日前进行整改完成。同年2月10日，南湖区住房和城乡建设局根据南湖区行政审批局向其发送的《关于商请对嘉兴市某某公司申请燃气经营许可证情况认定的函》，作出《关于嘉兴市某某公司防火间距情况的复函》，载明：根据现行国家标准《建筑设计防火规范》（GB50016-2014）第4.4.1条强制性条文和《液化石油气供应工程设计规范》（GB51142-2015）5.2.8条文的规定，总容积大于200立方米小于等于500立方米的液化石油气供应基地全压试储罐（区）与基地外其他民用建筑的防火间距为50米；嘉兴市某某公司储配站液化石油气储罐（区）总容积为399立方米，因此，按照上述国家标准条文规定，该储配站液化石油气储罐与站外其他民用建筑的防火间距应为50米。据此，南湖区行政审批局再次对该公司的储配站予以现场勘查，勘查意见为储罐与站外民用建筑防火距离为44米的问题未整改，勘查结论为不符合要求，建议不予通过现场勘查。同日，南湖区行政审批局以液化石油气储罐（区）与站外其他民用建筑的防火间距不符合要求为由，作出《不予行政许可决定》。<br/>　　另查明，案涉储配站由原嘉兴化肥厂建设完成，于1987年1月14日竣工验收合格。某村村委会办公楼于1998年左右建造。杭州设计院于2020年12月向南湖区住房和城乡建设局出具《城镇燃气设施安全检查报告书》，提出嘉兴市某某公司储配站存在安全问题，即该公司LPG站储罐与某村村委会办公楼间距约45米，不符合项目2006年改建时《城镇燃气设计规范》（GB50028—93）的间距要求。此后，杭州设计院再次出具《关于嘉兴市某某公司2020年安全检查情况的说明》，认为原安全检查报告书中虽提出间距不足的建议处理意见，但根据现场了解，该房屋为待拆房屋，建议停止该3层房屋的日常使用。嘉兴市某某公司一审时提供嘉兴某投资有限公司征迁办公室出具的《情况说明》，内容为原某村村委会已与嘉兴某投资公司签订房屋拆迁合同，现由于某街道办事处需要用于堆放垃圾分类暂时使用，此幢房屋没有使用明火，也没有人居住。南湖区消防救援大队于2021年2月20日在政务服务网上针对该公司举报投诉亦作出回复，确认经其现场检查，原某村村委会的旧址一层为环卫公司垃圾分拣点，二、三层空置，未发现有住人、烧菜现象的事实。<br/>　　浙江省海宁市人民法院于2021年9月29日作出（2021）浙0481行初15号行政判决，驳回嘉兴市某某公司的诉讼请求。嘉兴市某某公司向嘉兴市中级人民法院上诉，审理过程中，嘉兴市某某公司申请撤回上诉，浙江省嘉兴市中级人民法院于2022年3月11日作出（2021）浙04行终226号行政裁定，准许嘉兴市某某公司撤回上诉。</p>","<p>　　本案二审原拟改判撤销原判，撤销南湖区行政审批局作出的不予许可决定。但为实质化解行政争议，二审经协调，提出嘉兴市某某公司停用与原某村村委会办公楼最接近的7号储气罐，以满足50米安全间距要求，南湖区行政审批局撤销不予许可决定的调解方案。在浙江省特种设备研究院具体操作及见证下，嘉兴市某某公司永久停用7号储气罐，南湖区行政审批局自行撤销不予许可决定后于2022年1月29日作出许可决定。</p>","<p>行政机关在行政许可审查程序中，利害关系人提出异议的，应当通过听证等程序听取行政许可申请人及利害关系人意见，未经听证程序直接作出不予许可决定，程序违法。<br/>　　对于涉及企业经营资格的重大行政许可，行政机关应当审慎审查。一般情况下，行政机关审查申请人提交的材料是否符合法律法规规定即可作出决定，但在申请人提交材料和利害关系人异议存在冲突，对是否作出许可的关键条件存在争议，特别是涉及社会公共安全等情况下，行政机关不应仅审查书面材料即作出决定，应当对相关关键事实、利害关系人提出的异议是否能够成立等内容主动调查核实，在查明事实的基础上准确作出决定。</p>","<p>　　《中华人民共和国行政许可法》第34条、第36条、第47条<br/></p><br/>######<p>　　一审：浙江省海宁市人民法院（2021）浙0481行初15号行政判决（2021年9月29日）<br/>　　二审：浙江省嘉兴市中级人民法院（2021）浙04行终226号行政裁定（2022年3月11日）</p>","\N","\N","2026-01-21 10:27:30","2026-01-21 10:27:30","010900ceeb143f25286ee2f174a45730","\N","20260426","","","","","","","","","","","","","","","","","","","","","","","","","","","","","",""
"5412","人民法院案例库","https://rmfyalk.court.gov.cn","行政-行政征收或者征用","2013-18-3-005-001","内蒙古自治区呼和浩特市中级人民法院","行政,人防行政征收,防空地下室,易地建设费","二审","2010.04.20","01","<p>　　2008年9月10日，被告呼和浩特市人民防空办公室（以下简称呼市人防办）向原告内蒙古秋实房地产开发有限责任公司（以下简称秋实房地产公司）送达《限期办理“结建”审批手续告知书》，告知秋实房地产公司新建的经济适用住房“秋实第一城”住宅小区工程未按照《中华人民共和国人民防空法》第二十二条、《人民防空工程建设管理规定》第四十五条、第四十七条的规定，同时修建战时可用于防空的地下室，要求秋实房地产公司9月14日前到呼市人防办办理“结建”手续，并提交相关资料。2009年6月18日，呼市人防办对秋实房地产公司作出呼人防征费字（001）号《呼和浩特市人民防空办公室征收防空地下室易地建设费决定书》，决定对秋实房地产公司的“秋实第一城”项目征收“防空地下室易地建设费”172.46万元。秋实房地产公司对“秋实第一城”项目应建防空地下室5518平方米而未建无异议，对呼市人防办作出征费决定的程序合法无异议。</p>","<p>　　法院生效裁判认为：国务院《关于解决城市低收入家庭住房困难的若干意见》第十六条规定“廉租住房和经济适用住房建设、棚户区改造、旧住宅区整治一律免收城市基础设施配套费等各种行政事业性收费和政府性基金”。建设部等七部委《经济适用住房管理办法》第八条规定“经济适用住房建设项目免收城市基础设施配套费等各种行政事业性收费和政府性基金”。上述关于经济适用住房等保障性住房建设项目免收各种行政事业性收费的规定，虽然没有明确其调整对象，但从立法本意来看，其指向的对象应是合法建设行为。人民防空法第二十二条规定“城市新建民用建筑，按照国家有关规定修建战时可用于防空的地下室”。《人民防空工程建设管理规定》第四十八条规定“按照规定应当修建防空地下室的民用建筑，因地质、地形等原因不宜修建的，或者规定应建面积小于民用建筑地面首层建筑面积的，经人民防空主管部门批准，可以不修建，但必须按照应修建防空地下室面积所需造价缴纳易地建设费，由人民防空主管部门就近易地修建”。即只有在法律法规规定不宜修建防空地下室的情况下，经济适用住房等保障性住房建设项目才可以不修建防空地下室，并适用免除缴纳防空地下室易地建设费的有关规定。免缴防空地下室易地建设费有关规定适用的对象不应包括违法建设行为，否则就会造成违法成本小于守法成本的情形，违反立法目的，不利于维护国防安全和人民群众的根本利益。秋实房地产公司对依法应当修建的防空地下室没有修建，属于不履行法定义务的违法行为，不能适用免缴防空地下室易地建设费的有关优惠规定。</p>","<p>建设单位违反人民防空法及有关规定，应当建设防空地下室而不建的，属于不履行法定义务的违法行为。建设单位应当依法缴纳防空地下室易地建设费的，不适用廉租住房和经济适用住房等保障性住房建设项目关于“免收城市基础设施配套费等各种行政事业性收费”的规定。</p>","<p>　　《中华人民共和国人民防空法》第二十二条、第四十八条</p>","\N","\N","2026-01-21 10:27:30","2026-01-21 10:27:30","0113808ecd39c22493bd0a7361146a66","\N","20260426","","","","","","","","","","","","","","","","","","","","","","","","","","","","","",""
"3228","人民法院案例库","https://rmfyalk.court.gov.cn","行政-商标相关行政案件","2023-09-3-029-039","最高人民法院","行政,商标撤销复审行政纠纷,商标撤销,商标使用,证据认定","再审","2021.03.17","02","<p>　　诉争商标系国际注册第61004X号“CHANDOR”商标，注册日期是1986年6月18日，基础注册国为瑞士联邦，核定使用在第3类“化妆品；香料；肥皂；香波及护发用品；牙膏”商品上，经续展商标权专用期限至2023年10月11日，商标权人为伽某（集团）股份有限公司（以下简称伽某公司）。上海丰某工艺品有限公司（以下简称丰某公司）针对该商标提起撤销。商标评审委员会认定诉争商标予以撤销。伽某公司不服，向法院起诉。<br/>　　北京知识产权法院于2019年6月5日作出（2018）京73行初6024号行政判决，驳回伽某公司的诉讼请求。伽某公司不服一审判决，提起上诉。北京市高级人民法院二审期间，伽某公司提交了大量指定期间外的销售证据，二审法院予以认可，于2019年11月20日作出（2019）京行终6715号行政判决，撤销一审判决，由国家知识产权局重新作出决定。丰某公司不服，向最高人民法院进行申请再审。最高人民法院提审本案，并于2021年3月17日作出（2021）最高法行再31号行政判决，判决：1.撤销二审判决；2.维持一审判决；3.维持原国家工商行政管理总局商标评审委员会作出的商评字[2018]第66731号《关于国际注册第61004X号“CHANDOR”商标撤销复审决定》。</p>","<p>　　最高人民法院审查认为：首先，伽某公司提交的关于“CHANDO”商标使用的证据不能视为系对诉争商标“CHANDOR”的使用。本案审查的是伽某公司是否实际使用了诉争商标“CHANDOR”，并非“CHANDO”是否真实使用。“CHANDO”商标与诉争商标为两枚不同的注册商标，伽某公司以使用“CHANDO”商标的证据认为其对诉争商标“CHANDOR”进行了真实、合法的使用，无事实和法律依据，不予支持。<br/>　　其次，伽某公司提交的在案证据不足以证明诉争商标在指定期间内进行了公开、真实、有效的使用。伽某公司在二审阶段主要补交了证据2-14，据以主张其在指定期间内对诉争商标进行了一定使用，并在指定期间后形成了大规模使用。再审审查查明，证据2-9显示形成时间在指定期间内。伽某公司提交的二审证据2-9均为单方证据，对于其中转账或电汇的款项仅提供收据，并无相应的发票、转账或电汇凭证等予以佐证，不予采信。经法庭要求，伽某公司对证据4中60万元广告费的履行，补充提交了3621782.70元的转账凭证和3张收据，并主张该笔金额系包含该60万元在内的4个合同的履行金额。鉴于其未提交有效发票证明该合同的实际履行，且未提交证据证明该转账凭证与前述60万元广告费的对应关系，对其主张不予采信。<br/>　　证据9中，2013年11月21日发往绵阳城区某经营部的出库单，显示送货地址为某某某。但根据绵阳城区某经营部的工商登记资料，送货单上的送货地址为该经营部2015年4月27日变更后的新地址，出库单真实性不予采信。在案证据不能证明诉争商标在指定期间内的使用。二审法院认为证据2-9可以证明伽某公司在指定期间内对诉争商标曾具有一定规模的商标法意义上的使用认定事实错误，予以纠正。<br/>　　证据10-14显示为产品检测报告，形成于指定期间后的2018年和2019年，证据11为备案报告，“CHANDOR 自然堂轻舞飞扬香氛喷雾”等产品在原国家药品监督管理局国产非特殊用途化妆品备案信息服务平台的最早备案日期为2018年10月19日。证据12-14为2019年的采购订单、发票及送货单，专柜销售系列实景照片等，其中证据13销售额总计超过1700余万元。二审法院认为证据10-14可以相互佐证在指定期间后伽某公司对诉争商标进行了大量的使用，对此最高人民法院认为，证据12、13均形成于诉讼期间，距离指定期间（2013年2月4日至2016年2月3日）已有三年之久，且证据13涉及总额1700多万元的销售清单里面包含大量的伽某公司自然堂品牌的其他产品，不足以证明1700多万元均系诉争商标产品的销售额，二审法院据此认定对诉争商标进行了大量使用有误，予以纠正。综上，本案在案证据不足以证明伽某公司在指定期间内使用了诉争商标。</p>","<p>在“三年不使用”商标撤销案件中，商标权人应提供证据证明诉争商标在指定期间内进行了公开、真实、有效的使用。</p>","<p>　　《中华人民共和国商标法》第49条第2款（本案适用的是2001年12月1日施行的《中华人民共和国商标法》第44条第4款）</p><br/>######<p>　　一审：北京知识产权法院（2018）京73行初6024号行政判决（2019年6月5日）<br/>　　二审：北京市高级人民法院（2019）京行终6715号行政判决（2019年11月20日）<br/>　　再审：最高人民法院（2021）最高法行再31号行政判决（2021年3月17日）</p>","\N","\N","2026-01-21 10:27:30","2026-01-21 10:27:30","012632953446d7a09db6e1852cec3c97","\N","20260426","","","","","","","","","","","","","","","","","","","","","","","","","","","","","",""
"5319","人民法院案例库","https://rmfyalk.court.gov.cn","行政-商标相关行政案件","2019-18-3-029-001","最高人民法院","行政,商标争议,姓名权,诚实信用","再审","2016.12.07","01","<p>　　再审申请人迈克尔·杰弗里·乔丹（以下简称迈克尔·乔丹）与被申请人国家工商行政管理总局商标评审委员会（以下简称商标评审委员会）、一审第三人乔丹体育股份有限公司（以下简称乔丹公司）商标争议行政纠纷案中，涉及乔丹公司的第6020569号“乔丹”商标（即涉案商标），核定使用在国际分类第28类的体育活动器械、游泳池（娱乐用）、旱冰鞋、圣诞树装饰品（灯饰和糖果除外）。再审申请人主张该商标含有其英文姓名的中文译名“乔丹”，属于2001年修正的商标法第三十一条规定的“损害他人现有的在先权利”的情形，故向商标评审委员会提出撤销申请。<br/>　　商标评审委员会认为，涉案商标“乔丹”与“Michael&nbsp;Jordan”及其中文译名“迈克尔·乔丹”存在一定区别，并且“乔丹”为英美普通姓氏，难以认定这一姓氏与迈克尔·乔丹之间存在当然的对应关系，故裁定维持涉案商标。再审申请人不服，向北京市第一中级人民法院提起行政诉讼。</p>","<p>　　最高人民法院认为，本案争议焦点为争议商标的注册是否损害了再审申请人就“乔丹”主张的姓名权，违反2001年修正的商标法第三十一条关于“申请商标注册不得损害他人现有的在先权利”的规定。判决主要认定如下：<br/>　　一、关于再审申请人主张保护姓名权的法律依据<br/>　　商标法第三十一条规定：“申请商标注册不得损害他人现有的在先权利”。对于商标法已有特别规定的在先权利，应当根据商标法的特别规定予以保护。对于商标法虽无特别规定，但根据民法通则、侵权责任法和其他法律的规定应予保护，并且在争议商标申请日之前已由民事主体依法享有的民事权利或者民事权益，应当根据该概括性规定给予保护。《中华人民共和国民法通则》第九十九条第一款、《中华人民共和国侵权责任法》第二条第二款均明确规定，自然人依法享有姓名权。故姓名权可以构成商标法第三十一条规定的“在先权利”。争议商标的注册损害他人在先姓名权的，应当认定该争议商标的注册违反商标法第三十一条的规定。<br/>　　姓名被用于指代、称呼、区分特定的自然人，姓名权是自然人对其姓名享有的重要人身权。随着我国社会主义市场经济不断发展，具有一定知名度的自然人将其姓名进行商业化利用，通过合同等方式为特定商品、服务代言并获得经济利益的现象已经日益普遍。在适用商标法第三十一条的规定对他人的在先姓名权予以保护时，不仅涉及对自然人人格尊严的保护，而且涉及对自然人姓名，尤其是知名人物姓名所蕴含的经济利益的保护。未经许可擅自将他人享有在先姓名权的姓名注册为商标，容易导致相关公众误认为标记有该商标的商品或者服务与该自然人存在代言、许可等特定联系的，应当认定该商标的注册损害他人的在先姓名权，违反商标法第三十一条的规定。<br/>　　二、关于再审申请人主张的姓名权所保护的具体内容<br/>　　自然人依据商标法第三十一条的规定，就特定名称主张姓名权保护时，应当满足必要的条件。<br/>　　其一，该特定名称应具有一定知名度、为相关公众所知悉，并用于指代该自然人。《最高人民法院关于审理不正当竞争民事案件应用法律若干问题的解释》第六条第二款是针对“擅自使用他人的姓名，引人误认为是他人的商品”的不正当竞争行为的认定作出的司法解释，该不正当竞争行为本质上也是损害他人姓名权的侵权行为。认定该行为时所涉及的“引人误认为是他人的商品”，与本案中认定争议商标的注册是否容易导致相关公众误认为存在代言、许可等特定联系是密切相关的。因此，在本案中可参照适用上述司法解释的规定，确定自然人姓名权保护的条件。<br/>　　其二，该特定名称应与该自然人之间已建立稳定的对应关系。在解决本案涉及的在先姓名权与注册商标权的权利冲突时，应合理确定在先姓名权的保护标准，平衡在先姓名权人与商标权人的利益。既不能由于争议商标标志中使用或包含有仅为部分人所知悉或临时性使用的自然人“姓名”，即认定争议商标的注册损害该自然人的姓名权；也不能如商标评审委员会所主张的那样，以自然人主张的“姓名”与该自然人形成“唯一”对应为前提,对自然人主张姓名权的保护提出过苛的标准。自然人所主张的特定名称与该自然人已经建立稳定的对应关系时，即使该对应关系达不到“唯一”的程度，也可以依法获得姓名权的保护。综上，在适用商标法第三十一条关于“不得损害他人现有的在先权利”的规定时，自然人就特定名称主张姓名权保护的，该特定名称应当符合以下三项条件：一是该特定名称在我国具有一定的知名度、为相关公众所知悉；二是相关公众使用该特定名称指代该自然人；三是该特定名称已经与该自然人之间建立了稳定的对应关系。<br/>　　在判断外国人能否就其外文姓名的部分中文译名主张姓名权保护时，需要考虑我国相关公众对外国人的称谓习惯。中文译名符合前述三项条件的，可以依法主张姓名权的保护。本案现有证据足以证明“乔丹”在我国具有较高的知名度、为相关公众所知悉，我国相关公众通常以“乔丹”指代再审申请人，并且“乔丹”已经与再审申请人之间形成了稳定的对应关系，故再审申请人就“乔丹”享有姓名权。<br/>　　三、关于再审申请人及其授权的耐克公司是否主动使用“乔丹”，其是否主动使用的事实对于再审申请人在本案中主张的姓名权有何影响<br/>　　首先，根据《中华人民共和国民法通则》第九十九条第一款的规定，“使用”是姓名权人享有的权利内容之一，并非其承担的义务，更不是姓名权人“禁止他人干涉、盗用、假冒”，主张保护其姓名权的法定前提条件。<br/>　　其次，在适用商标法第三十一条的规定保护他人在先姓名权时，相关公众是否容易误认为标记有争议商标的商品或者服务与该自然人存在代言、许可等特定联系，是认定争议商标的注册是否损害该自然人姓名权的重要因素。因此，在符合前述有关姓名权保护的三项条件的情况下，自然人有权根据商标法第三十一条的规定，就其并未主动使用的特定名称获得姓名权的保护。<br/>　　最后，对于在我国具有一定知名度的外国人，其本人或者利害关系人可能并未在我国境内主动使用其姓名；或者由于便于称呼、语言习惯、文化差异等原因，我国相关公众、新闻媒体所熟悉和使用的“姓名”与其主动使用的姓名并不完全相同。例如在本案中，我国相关公众、新闻媒体普遍以“乔丹”指代再审申请人，而再审申请人、耐克公司则主要使用“迈克尔·乔丹”。但不论是“迈克尔·乔丹”还是“乔丹”，在相关公众中均具有较高的知名度，均被相关公众普遍用于指代再审申请人，且再审申请人并未提出异议或者反对。故商标评审委员会、乔丹公司关于再审申请人、耐克公司未主动使用“乔丹”，再审申请人对“乔丹”不享有姓名权的主张，不予支持。<br/>　　四、关于乔丹公司对于争议商标的注册是否存在明显的主观恶意<br/>　　本案中，乔丹公司申请注册争议商标时是否存在主观恶意，是认定争议商标的注册是否损害再审申请人姓名权的重要考量因素。本案证据足以证明乔丹公司是在明知再审申请人及其姓名“乔丹”具有较高知名度的情况下，并未与再审申请人协商、谈判以获得其许可或授权，而是擅自注册了包括争议商标在内的大量与再审申请人密切相关的商标，放任相关公众误认为标记有争议商标的商品与再审申请人存在特定联系的损害结果，使得乔丹公司无需付出过多成本，即可实现由再审申请人为其“代言”等效果。乔丹公司的行为有违《中华人民共和国民法通则》第四条规定的诚实信用原则，其对于争议商标的注册具有明显的主观恶意。<br/>　　五、关于乔丹公司的经营状况，以及乔丹公司对其企业名称、有关商标的宣传、使用、获奖、被保护等情况，对本案具有何种影响<br/>　　乔丹公司的经营状况，以及乔丹公司对其企业名称、有关商标的宣传、使用、获奖、被保护等情况，均不足以使争议商标的注册具有合法性。<br/>　　其一，从权利的性质以及损害在先姓名权的构成要件来看，姓名被用于指代、称呼、区分特定的自然人，姓名权是自然人对其姓名享有的人身权。而商标的主要作用在于区分商品或者服务来源，属于财产权，与姓名权是性质不同的权利。在认定争议商标的注册是否损害他人在先姓名权时，关键在于是否容易导致相关公众误认为标记有争议商标的商品或者服务与姓名权人之间存在代言、许可等特定联系，其构成要件与侵害商标权的认定不同。因此，即使乔丹公司经过多年的经营、宣传和使用，使得乔丹公司及其“乔丹”商标在特定商品类别上具有较高知名度，相关公众能够认识到标记有“乔丹”商标的商品来源于乔丹公司，也不足以据此认定相关公众不容易误认为标记有“乔丹”商标的商品与再审申请人之间存在代言、许可等特定联系。<br/>　　其二，乔丹公司恶意申请注册争议商标，损害再审申请人的在先姓名权，明显有悖于诚实信用原则。商标评审委员会、乔丹公司主张的市场秩序或者商业成功并不完全是乔丹公司诚信经营的合法成果，而是一定程度上建立于相关公众误认的基础之上。维护此种市场秩序或者商业成功，不仅不利于保护姓名权人的合法权益，而且不利于保障消费者的利益，更不利于净化商标注册和使用环境。</p>","<p>1.姓名权是自然人对其姓名享有的人身权，姓名权可以构成商标法规定的在先权利。外国自然人外文姓名的中文译名符合条件的，可以依法主张作为特定名称按照姓名权的有关规定予以保护。<br/>　　2.外国自然人就特定名称主张姓名权保护的，该特定名称应当符合以下三项条件：（1）该特定名称在我国具有一定的知名度，为相关公众所知悉；（2）相关公众使用该特定名称指代该自然人；（3）该特定名称已经与该自然人之间建立了稳定的对应关系。<br/>　　3.使用是姓名权人享有的权利内容之一，并非姓名权人主张保护其姓名权的法定前提条件。特定名称按照姓名权受法律保护的，即使自然人并未主动使用，也不影响姓名权人按照商标法关于在先权利的规定主张权利。<br/>　　4.违反诚实信用原则，恶意申请注册商标，侵犯他人现有在先权利的“商标权人”，以该商标的宣传、使用、获奖、被保护等情况形成了“市场秩序”或者“商业成功”为由，主张该注册商标合法有效的，人民法院不予支持。</p>","<p>　　1.《中华人民共和国商标法》（2013年修正）第32条（本案适用的是2001年修正的《中华人民共和国商标法》第31条）<br/>　　2.《中华人民共和国民法通则》第4条、第99条第1款<br/>　　3.《中华人民共和国民法总则》第7条、第110条<br/>　　4.《中华人民共和国侵权责任法》第2条第2款</p>","\N","\N","2026-01-21 10:27:30","2026-01-21 10:27:30","015833f9918975e0a2f8a4c85777fa3f","\N","20260426","","","","","","","","","","","","","","","","","","","","","","","","","","","","","",""
"3926","人民法院案例库","https://rmfyalk.court.gov.cn","行政-专利相关行政案件","2023-13-3-024-047","最高人民法院","行政,外观设计专利权无效,网络,现有设计,商业用途","二审","2020.11.12","02","<p>　　刘某生系专利号为ZL201530515149.*、名称为“电源支架”的外观设计专利（以下简称本专利）的专利权人。本专利的申请日为2015年12月4日，授权公告日为2016年5月4日。2017年12月11日，潮州市某电子科技有限公司向国家知识产权局提出无效宣告请求，并提交了证据1，即第4291*号公证书复印件。第4291*号公证书记载了该公司的委托代理人进入涉案QQ空间取证的过程，该空间中存在大量商品相册，其中铁质支架的图片上传时间为2015年1月3日，显示权限为“所有人可见”，并伴有网友的询价记录。潮州市某电子科技有限公司认为，涉案QQ空间中所展示的铁质支架图片构成现有设计，本专利不符合专利法第二十三条第二款的规定。<br/>　　2018年5月8日，国家知识产权局作出第35851号无效宣告请求审查决定（以下简称被诉决定），认为没有证据表明涉案QQ空间具有公开性，其中的照片不能作为本专利的现有设计，决定维持本专利有效。潮州市某电子科技有限公司不服被诉决定，向北京知识产权法院提起诉讼，请求撤销被诉决定。<br/>　　北京知识产权法院于2020年4月28日作出的（2018）京73行初7134号行政判决：一、撤销原国家知识产权局专利复审委员会作出的被诉决定；二、国家知识产权局就潮州市某电子科技有限公司所提无效宣告请求重新作出决定。刘某生提出上诉，最高人民法院于2020年11月12日作出（2020）最高法知行终422号行政判决：驳回上诉，维持原判。</p>","<p>　　法院生效裁判认为，对于QQ空间相册内容是否构成现有设计的问题，不能一概而论，而应综合考虑QQ空间的主要用途、图片的上传时间、图片的公开情况等要素，以此判断公众是否能够获得该信息，以及该信息何时处于为公众所知的状态。<br/>　　本案中，首先，关于涉案QQ空间中的信息是否处于为公众所知的状态。根据涉案专利无效程序中所使用的证据1第4291*号公证书，涉案QQ空间相册展示的全部内容均为商品展示，相册的上传时间为2015年1月3日，权限显示为对“所有人可见”，虽然涉案QQ空间需要添加为好友才能查看，但公众完全可以通过添加好友等方式获知商品照片，没有证据显示该用户会对添加好友的请求进行特定筛选，也没有证据显示其所添加的好友需要遵守保密义务。因此，涉案QQ空间的好友并非特定人，而是属于专利法意义上的公众，涉案QQ空间中相关商品照片处于为公众所知的状态，在没有相反证据的情况下，系统显示的照片上传时间即为公开时间。其次，关于涉案QQ空间的用途。潮州市某电子科技有限公司在一审中提交的第0801*号公证书系对证据1的补强证据，为查明案件事实，可以予以采纳。第0801*号公证书进一步证明了涉案QQ空间的商业用途，同时显示，涉案QQ空间相册权限的全部描述为“所有人可见/允许转载、分享、圈人/显示相机型号、拍摄时间”。相册在2015年1月3日创建并更新，该相册下有两条询问商品信息的评论，评论时间为2015年1月3日。“允许转载、分享”意味着一旦加上好友，则可以对相册内容进行再次扩散。由此，进一步证明了该相册对不特定公众是公开的，且相册的上传时间即为公开时间。因此，涉案QQ空间相册的上传时间在涉案专利申请日前，相册中相关商品照片处于为公众所知的状态，且涉案QQ空间主要用作公开推销产品的商业用途，而非秘密性的个人使用。对于以商业用途为主的QQ空间，可以推定其对所有人公开，除非有相反证据表明该空间存在未公开或仅对特定人公开的情况。涉案QQ空间相册的内容在上传后即处于对不特定公众公开的状态，具备公开性，因此，涉案相册所示的外观设计应该作为评价本专利是否符合专利法第二十三条第二款之规定的现有设计。</p>","<p>QQ空间、微信朋友圈等需授权访问的网络空间中的信息是否构成现有设计或者现有技术，应当综合分析该网络空间的主要用途、信息的上传时间及公开情况等因素，以专利申请日前该信息是否处于公众想获得就能够获得的状态为标准作出判断。需授权访问的网络空间以商业用途为主的，可以推定其对所有人公开，但有相反证据证明该网络空间未公开或者仅针对特定人公开的除外。</p>","<p>　　《中华人民共和国专利法》第23条第2款（本案适用的是2009年10月1日施行的《中华人民共和国专利法》第23条第2款）</p><br/>######<p>　　一审：北京知识产权法院（2018）京73行初7134号行政判决（2020年4月28日）<br/>　　二审：最高人民法院（2020）最高法知行终422号行政判决（2020年11月12日）</p>","\N","\N","2026-01-21 10:27:30","2026-01-21 10:27:30","017e196a5fc1e3af02cfbb7cb5a468fb","\N","20260426","","","","","","","","","","","","","","","","","","","","","","","","","","","","","",""
"2847","人民法院案例库","https://rmfyalk.court.gov.cn","行政-专利相关行政案件","2024-13-3-024-005","最高人民法院","行政,发明专利权无效,优先权,相同主题,给药特征","二审","2023.12.11","02","<p>　　日本某株式会社系专利号分别为201210399309.3、201210332271.8，名称均为“用于治疗糖尿病的二肽基肽酶抑制剂”的发明专利的专利权人。2018年9月3日，某药业公司针对该专利权提出无效宣告请求，对此国家知识产权局于2019年2月1日作出第38951、38952号无效宣告请求审查决定，认为证据4中已经披露与该专利权利要求1相同主题的发明，该专利要求享有优先权的两件在先申请均已非首次申请，权利要求1不能享有这两件在先申请的优先权，该专利权利要求1及引用权利要求1的其他权利要求相比证据4不具备新颖性。据此宣告该专利权利要求1及引用权利要求1的其他权利要求无效。日本某株式会社不服，向北京知识产权法院提起诉讼，请求撤销被诉决定，判令国家知识产权局重新作出决定。<br/>　　北京知识产权法院于2020年10月26日作出（2019）京73行初9748、9751号行政判决：驳回日本某株式会社的诉讼请求。日本某株式会社提出上诉，最高人民法院于2023年12月11日作出（2021）最高法知行终344、371号行政判决：一、撤销北京知识产权法院（2019）京73行初9748、9751号行政判决；二、撤销国家知识产权局第38951、38952号无效宣告请求审查决定；三、国家知识产权局就某药业公司针对专利号为201210399309.3、201210332271.8，名称为“用于治疗糖尿病的二肽基肽酶抑制剂”的发明专利提出的无效宣告请求重新作出审查决定。</p>","<p>　　法院生效裁判认为，专利法第二十九条第一款规定：“申请人自发明或者实用新型在外国第一次提出专利申请之日起十二个月内，或者自外观设计在外国第一次提出专利申请之日起六个月内，又在中国就相同主题提出专利申请的，依照该外国同中国签订的协议或者共同参加的国际条约，或者依照相互承认优先权的原则，可以享有优先权。”从立法目的来看，专利法第二十九条第一款规定的外国优先权制度是为了保障申请人不因其在不同国家、地区之间申请时间的差异而丧失先申请的利益。因此，获得这一权利需要满足申请时间和申请内容的要求。在时间上，主张优先权的在后申请应当自在外国第一次提出专利申请之日起十二个月内提出；在内容上，主张优先权的在后申请应当与在先申请为相同主题的专利申请。<br/>　　对于上述要求，一方面，由于不同国家、地区的审查标准不同，申请人可以在不同国家、地区的申请中概括不同的权利要求保护范围；由于不同国家、地区语言文字表达习惯的不同，申请人亦可合理地对申请文件进行文字修改或纠正明显的笔误。因此，对于在后申请的权利要求中限定的技术方案，只要已记载在符合时间要求的外国首次申请中，即可就该首次申请享有优先权，而不必要求其包含在该首次申请的权利要求书中；所谓的相同主题，也并不意味着在文字记载或者叙述方式上完全一致。否则，将使申请人无法有效获得外国优先权的利益，有违专利法第二十九条第一款的本意。另一方面，给予优先权利益的前提是申请人在优先权日已经作出了相应的技术贡献并已将其记载于在先申请文件中，如果在后申请的权利要求增加了在先申请文件中没有记载的内容，需要进一步判断该增加的内容对可专利性的影响，则申请人不应因为该在后增加的内容而享有优先权的利益，否则同样有违专利法第二十九条第一款的本意。因此，根据专利法第二十九条判断在后申请与在先申请是否为相同主题的申请，应判断在后申请的权利要求限定的内容是否能从在先申请文件中直接、毫无疑义地得出。同样，根据专利法第二十九条判断该在先申请是否系相同主题的首次申请时，对于相同主题的判断亦应遵循同样的原则。<br/>　　需要说明的是，在判断新颖性、创造性时，对权利要求中限定的某些内容视为不具有实质限定作用而不予考虑，但这一审查标准不应适用于优先权核实中，理由在于：首先，从审查实质限定作用的原因来看。之所以在新颖性、创造性审查中对权利要求限定的某些内容不予考虑，是基于这些内容与要求保护的发明创造之间的关系，或者根据法律的特别规定，权利要求不应当因限定这些内容而获得授权。换言之，审查这些内容的实质限定作用是专利层面上的考量。而优先权核实仅仅是为了确认能否以在先申请的申请日作为优先权日，从而在法律规定的情形下将该日期视为专利申请日，并不涉及可专利性的审查，故不能将可专利层面上的考量因素用于优先权核实中。其次，从优先权核实与新颖性、创造性判断的关系来看。在要求优先权的情况下，优先权日是确定现有技术的基准，故优先权核实应当是审查新颖性、创造性的前提步骤，在这一步骤中也不应引入新颖性、创造性的判断方法，而应基于优先权核实自身的标准进行。再次，从是否符合优先权制度的目的来看。前已述及，判断优先权是否成立，应判断在后申请的权利要求限定的内容是否能从在先申请文件中直接、毫无疑义地得出。如果将审查是否有实质限定作用的标准用于优先权核实中，将会导致只要专利申请人在权利要求中增加对新颖性、创造性判断不具有影响的内容，即可享受优先权的利益，这与优先权制度设置的目的不符，也会使专利申请人获得不正当的利益。最后，从《专利审查指南》的规定来看。《专利审查指南》第二部分第八章第4.6.2节亦明确了“所属领域的技术人员认为该技术方案不能从在先申请中直接和毫无疑义地得出，则该在先申请不能作为在后申请要求优先权的基础”。并且参照《专利审查指南》第二部分第三章第4.1.2节的规定，“专利法第二十九条所述相同主题的发明或者实用新型，是指技术领域、所解决的技术问题、技术方案和预期的效果相同的发明或者实用新型”。该标准不同于《专利审查指南》规定的新颖性审查的标准，即判断技术领域、所解决的技术问题、技术方案和预期的效果是否实质上相同。基于上述分析，在优先权核实中对是否属于相同主题进行判断时，需考虑该专利权利要求所限定的技术方案的全部内容，以“直接、毫无疑义地得出”作为标准。<br/>　　本案中，该专利权利要求1限定“日剂量为5毫克至250毫克”，是典型的涉及给药剂量及时间间隔的与使用有关的特征。根据上述分析，在根据专利法第二十九条进行优先权核实时，应当考虑权利要求限定的全部内容是否都能从在先申请文件中直接、毫无疑义地得出，故当然应当考虑权利要求限定的给药特征。并且，《专利审查指南》的上述规定也明确了给药特征可以构成区别特征，只是规定其不能使医药用途发明具备新颖性。各方当事人对该专利权利要求1的内容全部记载在日本某株式会社要求优先权的两件在先申请中并无异议，而判断在先申请是否系相同主题的首次申请时，对于相同主题的判断亦应遵循同样的原则。因证据4并未记载该专利权利要求1中的“日剂量为5毫克至250毫克”，该内容亦无法从证据4中直接、毫无疑义地得出，故应认定两件在先申请而非证据4为相同主题的首次申请。因此，该专利权利要求1要求的优先权成立。基于相同的理由，直接或间接引用权利要求1的权利要求2-17要求的优先权亦成立。<br/>　　由于被诉决定系基于证据4构成该专利的现有技术这一前提而作出，现已确认该专利要求的优先权成立，证据4不构成该专利的现有技术，因证据4并非专利法第二十二条第二款规定的向国务院专利行政部门提出的专利申请，故亦不构成该专利的抵触申请。因此，证据4不能用来评价该专利的新颖性、创造性。被诉决定对此认定错误，国家知识产权局应重新作出审查决定，并对被诉决定未予评述的某药业公司提出的其他无效宣告理由进行审查。</p>","<p>判断优先权是否成立，应当审查在后申请的权利要求限定的内容能否从在先申请的专利文件中直接、毫无疑义地得出。权利要求中限定的某些内容如给药特征，虽然在新颖性、创造性判断中可能因不具有实质限定作用而不予考虑，但在优先权审查中应予考虑。</p>","<p>　　《中华人民共和国专利法》第29条第1款（本案适用的是2001年7月1日施行的《中华人民共和国专利法》第29条第1款）</p><br/>######<p>　　一审：北京知识产权法院作出（2019）京73行初9748、9751号行政判决（2020年10月26日）<br/>　　二审：最高人民法院（2021）最高法知行终344、371号行政判决（2023年12月11日）</p>","\N","\N","2026-01-21 10:27:30","2026-01-21 10:27:30","01ae2cc7201e5aceca482786bc573a0f","\N","20260426","","","","","","","","","","","","","","","","","","","","","","","","","","","","","",""
"2654","人民法院案例库","https://rmfyalk.court.gov.cn","行政-植物新品种相关行政案件","2024-13-3-023-001","最高人民法院","行政,植物新品种申请驳回复审,特异性,明显区别,DUS测试,测试机构,测试地点","二审","2023.10.23","02","<p>　　某种业公司是品种权申请号为20161023.9、名称为“农麦168”的小麦植物新品种申请的申请人。针对该申请，植物新品种复审委员会于2020年12月19日作出“复审决定2020年第21号”《关于维持＜农麦168品种实质审查驳回决定＞的决定》（以下简称被诉决定），维持植物新品种保护办公室于2020年7月13日作出的驳回“农麦168”植物新品种申请的实质审查驳回决定。某种业公司不服，提起行政诉讼，主要理由包括：品种保护办公室驳回涉案申请系依据农业农村部植物新品种测试（南京）分中心（以下简称南京分中心）出具的植物品种DUS测试报告，该测试报告的测试地点在南京，南京位于长江以南，属于长江中下游冬麦品种类型区。涉案申请和其测试的近似品种“淮麦21”适宜生长生态区均为黄淮冬麦南片水地品种类型区。因此，选择南京作为测试地点是错误的，南京分中心出具的DUS测试报告不具备客观性和科学性。被诉决定回避了关于测试地点错误的问题，据此作出的实质审查驳回决定没有事实依据。<br/>　　北京知识产权法院于2022年11月15日作出（2021）京73行初835号行政判决：撤销被诉决定，植物新品种复审委员会重新作出决定。植物新品种复审委员会不服，提出上诉。最高人民法院于2023年10月23日作出（2023）最高法知行终95号行政判决：一、撤销北京知识产权法院（2021）京73行初835号行政判决；二、驳回某种业公司的诉讼请求。</p>","<p>　　法院生效裁判认为，申请品种权保护的品种类型及其生态区与测试地点的选择关系密切。在品种权申请说明书中记载的培育地、适于生长的区域、环境等，对测试地点的确定通常具有重要影响。DUS测试地点的确定应当根据申请人在说明书中对品种适于生长的区域、环境等的记载，结合品种类型及育种过程和方法综合作出认定，以能够保证品种的性状得到充分表达为标准。本案中，品种保护办公室选择南京分中心作为测试机构，测试地点的确定并无不当。主要理由如下。<br/>　　第一，申请人申请品种权向品种保护办公室提交的说明书中应当说明申请品种适于生长的区域、环境、栽培技术，以及选择的近似品种及理由，说明书的内容是确定DUS测试地点的基础。1.植物品种性状的表达受到种植区域、环境以及栽培技术的影响，在品种适于生长的区域、环境进行测试是保证测试结果客观、公正的基础。根据植物新品种保护条例第三十条的规定，审批机关主要依据申请文件和其他有关书面材料进行实质审查。条例实施细则第二十一条规定，申请人提交的说明书中应当包括申请品种适于生长的区域或者环境以及栽培技术的说明，育种过程和育种方法，包括系谱、培育过程和所使用的亲本或者其他繁殖材料来源与名称的详细说明。因此，确定申请品种适于生长的区域环境，应当以申请人在说明书中对此作出的记载，结合品种类型、育种过程和方法等作出认定。2.“农麦168”品种权申请请求书和说明书中记载的育种背景为“淮北地区为江苏省小麦主产区和高产区……选育出适合淮北地区种植的优质、高产、广适性半冬性小麦品种”，主要培育地为“江苏省盐城市建湖县”，适于生长的区域或环境为“适宜黄淮南片麦区早熟种植”。因此，综合涉案申请请求书和说明书的记载，“农麦168”适于生长的区域或环境包括江苏省淮河以北的部分地区，基于其培育地的记载，能够表达该品种特征特性的区域也不排除淮河以南的江苏省盐城市建湖县。3.某种业公司主张“黄淮南片麦区”应理解为《国家审定小麦品种同一适宜生态区》中记载的第四类型，即“黄淮冬麦南片水地品种类型区”。《国家审定小麦品种同一适宜生态区》中记载，“黄淮冬麦南片水地品种类型区”包括河南省除信阳市和南阳市南部部分地区以外的平原灌区，陕西省西安、渭南、咸阳、铜川和宝鸡市灌区，江苏和安徽两省淮河以北地区。《国家审定小麦品种同一适宜生态区》中对于小麦的审定区域划分依据不同小麦类型的生长特性，设立比较适宜种植的区域。我国农业区域划分依据自然条件和社会经济条件，包括农业资源等进行相应的区划，反映最基本的地域差异，农业生态区划的范围大于审定区域的范围，生态区域与审定区域并无绝对重合的对应关系，在同一个农业生态区可能存在多个DUS测试分中心。“农麦168”属于半冬性小麦，其正常生长发育要求低温春化阶段，对于日平均气温以及持续天数有一定要求，江苏省盐城市建湖县所在区域与南京的气候类型同为亚热带季风气候，温度、降水天数趋同，地理位置相近，均满足半冬性小麦春化发育阶段要求，长江中下游农业生态区和黄淮海农业生态区，均承担半冬性小麦品种测试任务。因此，当测试机构存在多个选择时，在保证品种性状充分表达的情况下，可综合考虑行政效率便利等因素集中、就近统筹确定测试地点。<br/>　　第二，测试地点的确定应当以保证品种的性状得到充分表达为标准。选择南京分中心作为测试机构是否保证“农麦168”的性状得到充分表达，可以通过其与近似品种的种植表现进行进一步佐证。1.“农麦168”在南京分中心进行了两个完整生长周期的测试，在两个测试周期中，“农麦168”从播种、发芽、分蘖、拔节、挑旗、抽穗、开花、颖果形成和成熟等各阶段生长生育正常，没有出现不出苗、不正常气候、病虫害、旱涝等情况。在两个生长周期36个测试的性状全部得到表达，其表现一致，性状测试记录完整。在36个性状指标能够准确观察完整记录的情况下，“农麦168”品种的性状得到了充分表达，可以认定测试地点的选择并无错误。2.“淮麦21”属于适宜在黄淮冬麦区南片的河南中北部、安徽北部、江苏北部、陕西关中地区中高肥力地块中晚茬种植的品种，属于申请人所主张的“农麦168”适于种植的“黄淮冬麦南片水地品种类型区”。近似品种“淮麦21”在南京分中心经过了两个完整生长周期的测试，各生长发育阶段正常，性状描述表显示36个基本性状均能够在合理范围进行表达，在两个生长周期测试性状的表现一致。“农麦168”与“淮麦21”生长生育过程表达的性状均未出现受测试地点影响的情况，均得到了充分表达，进一步说明确定南京分中心作为测试机构，测试地点的确定，并无不当。</p>","<p>植物新品种授权程序中特异性、一致性、稳定性（DUS）测试地点的确定，应当根据说明书中对品种适于生长的区域、环境等的记载，结合品种类型及育种过程和方法综合作出认定，以能够保证品种的性状得到充分表达为标准。</p>","<p>　　《中华人民共和国种子法》第25条、第90条第7项（本案适用的是2016年1月1日施行的《中华人民共和国种子法》第25条、第92条第7项）<br/>　　《中华人民共和国植物新品种保护条例》第30条<br/>　　《中华人民共和国植物新品种保护条例实施细则（农业部分）》第21条</p><br/>######<p>　　一审：北京知识产权法院（2021）京73行初835号行政判决（2022年11月15日）<br/>　　二审：最高人民法院（2023）最高法知行终95号行政判决（2023年10月23日）</p>","\N","\N","2026-01-21 10:27:30","2026-01-21 10:27:30","01f927de1c436bad022e21035d6c287a","\N","20260426","","","","","","","","","","","","","","","","","","","","","","","","","","","","","",""
"1611","人民法院案例库","https://rmfyalk.court.gov.cn","行政-行政确认","2024-12-3-007-008","内蒙古自治区高级人民法院","行政,行政确认,工伤保险资格认定,认定工伤,工作原因,维护单位利益,社会主义核心价值观","再审","2023.12.29","02","<p>　　2019年10月17日，内蒙古自治区西乌珠穆沁旗某车床加工部（以下简称西乌旗某车床加工部）职工李某岗在协助客户搬货装车过程中，左脚被砸致使趾骨粉碎性骨折。西乌珠穆沁旗人力资源和社会保障局（以下简称西乌旗人社局）认定李某岗受到事故伤害符合《工伤保险条例》第十四条的规定，决定认定为工伤。但西乌旗某车床加工部主张李某岗的工作职责是车床工，不包含为客户搬运货物，李某岗自愿协助客户搬货，导致受伤不符合《工伤保险条例》第十四条规定的应当认定为工伤的情形，请求撤销西乌旗人社局作出的工伤认定决定。<br/>　　内蒙古自治区西乌珠穆沁旗人民法院于2023年6月30日作出（2023）内2526行初10号行政判决：驳回西乌旗某车床加工部的诉讼请求。宣判后，西乌旗某车床加工部提出上诉，内蒙古自治区锡林郭勒盟中级人民法院于2023年8月28日作出（2023）内25行终55号行政判决：驳回上诉，维持原判。西乌旗某车床加工部申请再审，内蒙古自治区高级人民法院于2023年12月29日作出（2023）内行申871号行政裁定：驳回再审申请。</p>","<p>　　法院生效裁判认为，《工伤保险条例》第十四条规定：“职工有下列情形之一的，应当认定为工伤：（一）在工作时间和工作场所内，因工作原因受到事故伤害的……”《最高人民法院关于审理工伤保险行政案件若干问题的规定》第四条规定，“社会保险行政部门认定下列情形为工伤的，人民法院应予支持：……（四）其他与履行工作职责相关，在工作时间及合理区域内受到伤害的。”上述规定并未将职工遭受伤害的范围限定为“本职工作”。本案中，李某岗在2019年10月17日上午7时许为客户搬货装车时受伤，虽然李某岗固有工作职责是车床工，不包含协助客户搬运货物，但是李某岗作为该单位职工积极协助客户搬运行为系基于维护单位利益,与其工作职责具有一定的关联性，其爱岗敬业、维护集体利益的行为，应当予以弘扬。西乌旗某车床加工部提交《证明》，拟证明李某与客户之间形成义务帮工关系，应当由被帮工人承担赔偿责任。从证明内容上看，系客户对事故发生过程的客观描述，将该行为狭义理解义务帮工关系，不符合社会主义核心价值观要求。结合《工伤保险条例》立法宗旨来看，国家设立工伤保险制度是为了最大限度保障主观无恶意的职工权益，使其因工作原因遭受伤害或者患职业病后能得到及时的医疗救治和经济补偿。本案中，李某岗基于单位利益，在协助完成与自己职责相关的工作任务中受到伤害，西乌旗人社局认定李某岗受到事故伤害属于工伤符合工伤认定条件及立法本意，亦符合社会主义核心价值观的要求。</p>","<p>根据《工伤保险条例》相关规定，职工在工作时间和工作场所内，因工作原因受到事故伤害的，应当认定为工伤。此处的“工作原因”应当根据实际情况作出合理判断。对于职工在工作时间、工作地点为本单位利益从事非本人固定岗位（或所分配工种）的其他相关工作（例如协助他人搬运货物等）所受伤害，应当属于“工作原因”，也应当理解为“与履行工作职责相关”的工作。在符合法定情形下，社会保险行政部门根据《工伤保险条例》认定为工伤，符合最大限度保障职工权益的立法本意，人民法院应予支持。对“工作原因”和职工是否从事与本职相关的工作认定，不宜作片面理解和不合理的限定。</p>","<p>　　《工伤保险条例》（2010年修正）第14条<br/>　　《最高人民法院关于审理工伤保险行政案件若干问题的规定》（法释〔2014〕9号）第4条</p><br/>######<p>　　一审：内蒙古自治区西乌珠穆沁旗人民法院（2023）内2526行初10号行政判决（2023年6月30日）<br/>　　二审：内蒙古自治区锡林郭勒盟中级人民法院（2023）内25行终55号行政判决（2023年8月28日）<br/>　　再审审查：内蒙古自治区高级人民法院（2023）内行申871号行政裁定（2023年12月29日）</p>","\N","\N","2026-01-21 10:27:30","2026-01-21 10:27:30","02033a5fd91fe36fd2fccda5615086de","\N","20260426","","","","","","","","","","","","","","","","","","","","","","","","","","","","","",""
"888","人民法院案例库","https://rmfyalk.court.gov.cn","行政-XX（行政行为）公益诉讼","2024-18-3-022-003","长沙铁路运输法院","行政,行政公益诉讼,国有土地使用权出让收入,实现诉讼请求,撤回起诉","一审","2020.06.10","02","<p>　　2017年12月27日，某地产集团有限公司竞得五宗地块的国有建设用地使用权（编号分别为071—075号），并以其子公司湖南某辰置业有限公司（以下简称某辰置业公司）名义签订《国有建设用地使用权出让合同》5份，出让金总价为人民币42.98亿余元（币种下同），约定竞买保证金自动转作受让地块的出让金。合同签订后，保证金15.24亿余元转入湖南省宁乡市财政局非税收入汇缴结算户。2018年2月、11月，宁乡市财政局以“退保证金”名义两次将已进入非税账户的国有土地出让收入支出给某辰置业公司2.9亿余元。某辰置业公司用该笔资金缴清五宗地块契税及072号地块剩余土地价款，并办理了该地块不动产权证，申请了抵押贷款26.5亿余元。截至2019年9月4日，宁乡市财政局未追回违法支出给某辰置业公司的土地出让收入2.9亿余元。<br/>　　湖南省长沙市人民检察院以违法支出土地出让收入造成国有财产损失为由，向宁乡市财政局发出检察建议，督促其依法履行法定职责，及时追回违法支出的土地出让收入2.9亿余元。宁乡市财政局收到检察建议后，回复称已依法启动追缴程序，某辰置业公司承诺在2019年10月15日之前还款。后因被告宁乡市财政局未依法全面履职，违法支出的土地出让收入仍未追回，长沙市人民检察院指定长沙市岳麓区人民检察院于2020年4月3日依法向长沙铁路运输法院提起行政公益诉讼。<br/>　　长沙铁路运输法院在审理过程中，经与双方充分沟通、协调，督促被告宁乡市财政局积极履职追回国有财产。某辰置业公司于2020年4月30日开出商业承兑汇票，由某市城投公司于5月27日代某辰置业公司向宁乡市财政局非税账户退缴土地出让收入，并缴入国库，某辰置业公司于2020年11月1日承兑该汇票。被告宁乡市财政局将违法支出给某辰置业公司的国有土地使用权出让收入2.9亿余元全额追缴上缴国库。因公益诉讼起诉人的诉讼请求已全部实现，长沙市岳麓区人民检察院决定撤回起诉。长沙铁路运输法院于2020年6月10日作出（2020）湘8601行初454号行政裁定：准许公益诉讼起诉人长沙市岳麓区人民检察院撤回起诉。</p>","<p>　　法院生效裁判认为，被告宁乡市财政局已将违法支出给某辰置业公司的国有土地使用权出让收入2.9亿余元全额追缴上缴国库，国家利益得到有效保护，公益诉讼起诉人提出的两项诉讼请求已经全部实现，经审查认为，公益诉讼起诉人长沙市岳麓区人民检察院提出的撤诉申请符合法律规定，准予其撤回起诉。</p>","<p>检察机关为防止因土地出让收入不当滞留、坐支、挪用造成的国有财产损失依法提起行政公益诉讼的，如果行政机关主动纠错、依法履职，积极追回违法支出国有土地使用权出让收入，有效挽回国有财产损失，公益诉讼起诉人以诉讼请求已全部实现为由申请撤回起诉的，人民法院依法予以准许。</p>","<p>　　《中华人民共和国行政诉讼法》第62条<br/>　　　　《最高人民法院、最高人民检察院关于检察公益诉讼案件适用法律若干问题的解释》（法释〔2018〕6号）第24条（本案适用的是2018年3月2日起施行《最高人民法院、最高人民检察院关于检察公益诉讼案件适用法律若干问题的解释》第24条）</p><br/>######<p>　　一审：长沙铁路运输法院（2020）湘8601行初454号行政判决（2020年6月10日）</p>","\N","\N","2026-01-21 10:27:30","2026-01-21 10:27:30","027660670d6497087791cfe9ecd42063","\N","20260426","","","","","","","","","","","","","","","","","","","","","","","","","","","","","",""
"3960","人民法院案例库","https://rmfyalk.court.gov.cn","行政-行政赔偿","2023-12-3-020-009","最高人民法院","行政,行政赔偿,行政赔偿标准,全面赔偿","再审","2022.06.29","02","<p>　　本案系因桐梓县人民政府对刘某某林权证项下“羊角老”林地实施土地征收程序违法而引发的行政赔偿案件。刘某某系桐梓县燎原镇田坝村洗脚溪村民组村民，由于其2008年林改程序中颁发的林权证遗失，2017年8月15日，贵州省桐梓县人民政府向其补发桐府林证字（2017）第17030046*号林权证，证上有林地“羊角老”一幅，面积26.06亩，四至为：东至刘某乾三尖角的土界；南至刘某绪顺山的田；西至刘某余四坟田上段的林地；北至刘某余黄家凼凼的土。因X380桐梓县鞍山至太平公路改扩建工程，遵义市发改委于2016年5月12日作出遵市发改基础〔2016〕103号批复，同年8月4日，桐梓县人民政府作出桐府征决字〔2016〕16号《关于对X380桐梓县鞍山至太平公路改扩建工程建设项目规划范围内的土地和房屋进行征收与补偿的决定》（以下简称涉案征收补偿决定）。上述“羊角老”林地在征收范围内，测绘公司测绘表显示，“羊角老”有2697.03平方米（含两块，一块为2627.73平方米，一块为69.3平方米）林地涉及征收。2018年3月30日，贵州省遵义市中级人民法院作出（2018）黔03行初69号行政判决确认桐梓县人民政府征收上述林地的行为程序违法。2018年7月20日，刘某某向桐梓县人民政府邮寄国家赔偿申请书。2018年10月29日，刘某某认为桐梓县人民政府未在法定期限内作出行政赔偿决定，遂向该院提起行政赔偿诉讼。<br/>　　另查明，《X380桐梓县鞍山至太平公路改扩建工程建设项目土地房屋征收补偿安置方案》（以下简称涉案征收补偿安置方案）明确燎原镇林地补偿标准为16700元每亩，征地社保统筹资金为12000元每亩。按照上述标准，刘某某被征林地补偿标准为28700元每亩。桐梓县人民政府下属燎原镇人民政府已在2017年1月9日、2018年7月16日分两次向刘某某之子刘某松账户打款共计176597元，上述林地征收补偿款就包含在其中。刘某某与其子刘某松未分家，刘某松当庭承认收到了燎原镇人民政府分别在2017年1月9日、2018年7月16日分两次所打款项共计176597元。<br/>　　遵义市征地补偿自2017年7月1日起执行遵府函〔2017〕126号《市人民政府关于征地统一年产值标准和征地区片综合地价调整的批复》所规定的新标准（以下简称2017年征地区片综合地价标准）。根据上述批复，燎原镇林地补偿标准为24000元每亩，征地社保统筹资金为15000元每亩。按照上述标准，本案被征林地补偿标准应为39000元每亩。<br/>　　贵州省遵义市中级人民法院于2018年12月6日作出（2018）黔03行赔初129号行政赔偿判决：桐梓县人民政府在该判决生效之日起二个月内向刘某某支付赔偿金17416元。<br/>　　刘某某、桐梓县人民政府均不服，提出上诉。贵州省高级人民法院于2019年12月13日作出（2019）黔行赔终121号行政赔偿判决，驳回上诉，维持原判。<br/>　　刘某某于2020年3月15日去世，其妻与子女周某某等四人向最高人民法院申请再审。最高人民法院于2022年6月29日作出（2022）最高法行赔再1号行政赔偿判决，维持贵州省高级人民法院（2019）黔行赔终121号行政赔偿判决。</p>","<p>　　法院生效判决认为：本案审查重点为一、二审行政赔偿判决中确定的赔偿范围和标准是否正当。本案系因桐梓县人民政府对刘某某林权证项下“羊角老”林地实施土地征收程序违法而引发的行政赔偿案件。《最高人民法院关于审理行政赔偿案件若干问题的规定》第二十七条第二款规定，“违法征收征用土地、房屋，人民法院判决给予被征收人的行政赔偿，不得少于被征收人依法应当获得的安置补偿权益。”本案征收土地已被用于相关项目建设，土地及地上附着物无法返还，基于填平补齐损害原则，应参照土地征收补偿标准予以赔偿，并确保被征收人因违法行政强制行为造成损失获得的行政赔偿，不低于行政机关合法征收给予被征收人的行政补偿。<br/>　　对于依法应当获得的安置补偿权益的确定，法院认为应当考量以下因素：已经制定补偿安置方案并实施的，参照已实施补偿安置方案确定的补偿标准计算赔偿的具体数额；综合考量当地其他被征收人的补偿情况，全面考虑征收法律法规以及当地相关政策规定的贯彻实施情况，同一征收范围内的征收在同等情况下应当遵循相同的征收补偿标准，以体现征收的公平公正；赔偿应体现对违法征收行为的惩戒，在未批先征的情形下，已经制定补偿安置方案并实施的，综合考虑占地行为发生至征地批复作出期间原告不能用地的损失及征地批复作出至赔偿款支付期间的利息损失等因素，酌情上浮赔偿金额；同时，根据损益相抵原则，赔偿和补偿不应重复，对于已经通过补偿方式获得相应救济的，应予扣除，不应在赔偿中重复支持。<br/>　　（一）关于林地补偿费和安置补助费适用标准问题<br/>　　桐梓县人民政府强制征收刘某某涉案林权证项下林地“羊角老”的行为已被人民法院生效判决确认程序违法。依据《中华人民共和国国家赔偿法》第二条第一款及第四条第四项之规定，就涉案强制征收行为造成的损失，再审申请人周某某等四人有依法获得国家赔偿的权利。被征收“羊角老”涉案林地共两块，均处于涉案征收补偿决定的征收范围内。桐梓县人民政府于2016年8月4日作出涉案征收补偿安置方案，是以遵义市人民政府2009年12月30日作出的遵府函〔2009〕245号《遵义市人民政府关于征地统一年产值标准和征地区片综合地价的批复》作为补偿标准适用依据，明确涉案地块所在的桐梓县燎原镇的林地按统一年产值标准，综合补偿标准为16700元每亩，另有社保资金标准12000元每亩。按照上述标准，刘某某被征林地补偿标准为28700元每亩。桐梓县人民政府下属燎原镇人民政府已将涉案林地征收补偿款打款至刘某某之子刘某松账户。涉案征地行为发生时桐梓县人民政府未依法取得省级人民政府的土地征收批复，且至今仍未获得。2017年征地区片综合地价标准明确，涉案地块所在桐梓县燎原镇的林地按统一年产值标准，综合补偿标准为24000元每亩，征地社保资金标准15000元每亩。2016年1月19日，桐梓县人民政府印发的桐府议〔2016〕2号县长办公会议纪要，其中关于桐梓县征地补偿标准调整方案相关事宜明确：新标准低于现行标准时，按现行标准执行；新标准高于现行标准时，按新标准执行。从新标准批准执行之日起，必须将社保统筹资金统一上缴社保专户统筹，不得兑现给被征地对象。<br/>　　2017年征地区片综合地价标准（综合补偿标准为24000元每亩，另有社保资金标准15000元每亩），较本案违法征收行为发生时适用的涉案征收补偿安置方案标准（综合补偿标准为16700元每亩，另有社保资金标准12000元每亩）有所提高。但根据桐梓县人民政府县长办公会议纪要的规定以及当地执行补偿标准的实施情况看，2017年征地区片综合地价标准执行后不再将社保统筹资金支付给被征地对象。对于社保统筹资金是否应当支付给被征收对象，并无法律法规的明确规定，实践中各地做法不一致，考虑到本案的特殊情况，桐梓县人民政府作出的政策调整不能认定为违反法律规定，法院应当予以尊重。据此，桐梓县人民政府已经按照涉案补偿方案标准含社保统筹资金（16700+12000=28700元每亩）全部支付给了再审申请人。如按2017年征地区片综合地价标准，则只能支付再审申请人综合补偿24000元每亩，另15000元社保统筹资金不再支付给个人，反倒对再审申请人已获得的补偿利益有所减损。从这个角度说，符合桐梓县人民政府“新标准低于现行标准时，按现行标准执行”的要求和就高不就低合法补偿的原则。<br/>　　另外，一审法院以涉案补偿方案标准上浮15%计算赔偿数额，其实际补偿标准已达到33000元每亩，按照填平补齐损害原则看，客观上已经能够弥补刘某某户的实际损失。关于一、二审法院酌定上浮计算赔偿数额的作法，一方面考虑到填平补齐被征收人的实际损害，最大程度保障被征收人的合法权益；另一方面也体现了对政府违法征收行为的一定惩戒；同时，同一征收范围内的征收在同等情况下应当遵循相同的征收补偿标准，以体现征收的公平公正；此外，该部分判决赔偿款项17416元，桐梓县人民政府已经在判决生效后实际支付给了再审申请人，双方对此表示认可。综合考虑，一、二审法院这种处理方式相较于直接判决适用新补偿标准的做法更为合理，因此，本案对于一、二审法院该处理方式予以认可。<br/>　　（二）关于是否应当对涉案林地上林木予以赔偿问题<br/>　　根据《贵州省征收征用林地补偿费用管理办法》的规定，支付给林地权利人的补偿费用应包括林地补偿费、林木补偿费和安置补助费。本案中，桐梓县人民政府已支付再审申请人涉案征收林地补偿费和安置补助费，未支付林木补偿费。对此，再审申请人认为对其林地上林木应当予以赔偿，林地被毁系桐梓县人民政府违法行为所致，不能举证具体棵树，也是因政府强制行为所致；对政府公示情况并不知情。桐梓县人民政府则认为再审申请人的林地上林木多为灌木、杂草，不具备经济价值，不构成涉案征收补偿安置方案中零星果木补偿标准予以补偿的情形；政府已经就征地林地面积附着物情况测绘登记并进行两次公示，再审申请人并未提出异议。<br/>　　法院认为，《最高人民法院关于审理行政赔偿案件若干问题的规定》第十一条规定，行政赔偿诉讼中，原告应当对行政行为造成的损害提供证据；因被告的原因导致原告无法举证的，由被告承担举证责任。涉案征收补偿安置方案附件2对零星果木补偿标准作出规定。再审申请人称应按照涉案林地上的具体林木数量对其予以赔偿，但其就涉案林地的林木状况以及具体林木损失数额等并未提供合法有效证据予以证明。从本案桐梓县人民政府提交的材料看，与本案相关的2627.73平方米的林地补偿清册《X380桐梓县鞍山至太平公路改扩建工程建设项目燎原田坝段土地及附着物补偿清册（第六批）》中，附着物补偿一栏没有填写数据，领款人处未签字。该补偿登记桐梓县人民政府进行公示后，再审申请人并未提出异议。因此，再审申请人关于按照涉案林地上具体林木数量对其予以赔偿的理由不能成立，法院对此不予支持。<br/>　　综上所述，再审申请人周某某等四人因涉案违法征收行为导致的损害已经获得充分救济，其提出的再审赔偿请求没有事实根据和法律依据。一、二审行政赔偿判决认定事实清楚，适用法律正确，结合本案具体情况确定一定赔偿数额并无不当，依法应予维持。</p>","<p>1.《最高人民法院关于审理行政赔偿案件若干问题的规定》第二十七条第二款规定，“违法征收征用土地、房屋，人民法院判决给予被征收人的行政赔偿，不得少于被征收人依法应当获得的安置补偿权益。”征收土地已被用于相关项目建设，土地及地上附着物无法返还的情况下，基于填平补齐损害原则，应参照土地征收补偿标准予以赔偿，并确保被征收人因违法行政强制行为造成损失获得的行政赔偿，不低于行政机关合法征收给予被征收人的行政补偿。<br/>　　2.对于依法应当获得的安置补偿权益的确定，应当考量以下因素：已经制定补偿安置方案并实施的，参照已实施补偿安置方案确定的补偿标准计算赔偿的具体数额；综合考量当地其他被征收人的补偿情况，全面考虑征收法律法规以及当地相关政策规定的贯彻实施情况，同一征收范围内的征收在同等情况下应当遵循相同的征收补偿标准，以体现征收的公平公正；赔偿应体现对违法征收行为的惩戒，在未批先征的情形下，已经制定补偿安置方案并实施的，综合考虑占地行为发生至征地批复作出期间原告不能用地的损失及征地批复作出至赔偿款支付期间的利息损失等因素，酌情上浮赔偿金额；同时，根据损益相抵原则，赔偿和补偿不应重复，对于已经通过补偿方式获得相应救济的，应予扣除，不应在赔偿中重复支持。</p>","<p>　　《中华人民共和国行政诉讼法》第89条<br/>　　《中华人民共和国国家赔偿法》第2条、第4条<br/>　　《最高人民法院关于审理行政赔偿案件若干问题的规定》第11条、第27条<br/></p><br/>######<p>　　一审：贵州省遵义市中级人民法院（2018）黔03行赔初129号行政赔偿判决（2018年12月6日）<br/>　　二审：贵州省高级人民法院（2019）黔行赔终121号行政赔偿判决（2019年12月13日）<br/>　　再审：最高人民法院（2022）最高法行赔再1号行政赔偿判决（2022年6月29日）</p>","\N","\N","2026-01-21 10:27:30","2026-01-21 10:27:30","028f9bfc764652dc5c0b542484cb7806","\N","20260426","","","","","","","","","","","","","","","","","","","","","","","","","","","","","",""
"1593","人民法院案例库","https://rmfyalk.court.gov.cn","行政-XX（行政行为）公益诉讼","2024-12-3-022-001","怀宁县人民法院","行政,公益诉讼,不履行监督管理职责,电竞酒店,未成年人,上网服务,营业场所","一审","2022.09.08","02","<p>u3000u3000安徽省某县人民检察院在履行公益诉讼检察职责中发现某克斯酒店管理有限公司（以下简称某克斯电竞酒店）以提供互联网上网服务为主要招揽手段，接待未成年人在私密空间不受任何监督情况下上网，易致使未成年人沉迷网络或接触不良信息而严重影响身心健康。安徽省某县人民检察院于2021年10月18日向被告某县文化旅游体育局发出诉前检察建议，要求其依法对某克斯电竞酒店等“电竞酒店”提供互联网上网服务活动进行监督管理。某县文化旅游体育局于2021年11月16日对检察建议作出书面回复，认为文化旅游部门无权对旅馆业“宾馆酒店”进行监督管理，对某克斯电竞酒店不实施行政许可和行政管理。安徽省某县人民检察院遂向某县人民法院提起行政公益诉讼，请求判令某县文化旅游体育局依法履行对某克斯电竞酒店等“电竞酒店”提供互联网上网服务活动的监督管理职责。<br/>u3000u3000安徽省怀宁县人民法院于2022年9月8日作出（2022）皖0822行初75号行政判决：责令被告某县文化旅游体育局在本判决生效后六十日内依法履行对某克斯电竞酒店等“电竞酒店”提供互联网上网服务活动的监督管理职责。宣判后，被告某县文化旅游体育局未提出上诉。判决已生效。</p>","<p>u3000u3000法院生效裁判认为：根据《互联网上网服务营业场所管理条例》第二条“互联网上网服务营业场所，是指通过计算机等装置向公众提供互联网上网服务的网吧、电脑休闲室等营业性场所”和第四条“县级以上人民政府文化行政部门负责互联网上网服务营业场所经营单位的设立审批，并负责对依法设立的互联网上网服务营业场所经营单位经营活动的监督管理”的规定，被告某县文化旅游体育局依法具有对县内互联网上网服务营业场所经营单位经营活动的监督管理职责。<br/>u3000u3000本案中，某克斯电竞酒店以高端配置电脑、畅玩网络游戏为宣传要点，部分房间电脑配置高达4-5台，而住宿以高低床配置，虽按房间收取住宿费，但实际是以网络服务为主要营利手段，上网费隐含在住宿费中，消费者为不特定人群，系综合性上网服务场所，应属于《互联网上网服务营业场所管理条例》中的互联网上网服务营业场所的规定范畴。虽然目前没有相关法律明文规定要求电竞酒店办理《网络文化经营许可证》，但电竞酒店作为兼具住宿与上网的双重功能，就应当同时遵守酒店与互联网上网服务营业场所的经营规定，受到文化执法部门及公安部门的双重管理。《文化和旅游部关于进一步优化营商环境推动互联网上网服务行业规范发展的通知》（文旅市场发〔2020〕86号）也要求“以提供互联网上网服务为主营业务或主要招揽手段的综合性上网服务场所，应当依照《互联网上网服务营业场所管理条例》申请取得《网络文化经营许可证》，实施经营管理技术措施和未成年人保护措施”。<br/>u3000u3000《中华人民共和国未成年人保护法》第五十八条规定“营业性歌舞娱乐场所、酒吧、互联网上网服务营业场所等不适宜未成年人活动场所的经营者，不得允许未成年人进入”。上述规定均体现法律对未成年人在健康成长等方面的特殊、优先保护。作为酒店，法律并没有限制未成年人的入住，经营者在履行查验、报告等义务后，可以接纳未成年人进入。然而根据《互联网上网服务营业活动管理条例》第二十一条规定“互联网上网服务营业场所经营单位不得接纳未成年人进入营业场所”，这意味着作为上网服务营业场所，应取得《网络文化经营许可证》方可经营，同时不允许未成年人进入。<br/>u3000u3000某克斯电竞酒店具有开放性特征，在经营过程中，对不特定的消费者并不进行筛选，对未成年人上网行为予以放任，酒店入住登记簿中也证实入住人员大部分为未满十八周岁的未成年人，当权利侵害行为涉及不特定未成年人的利益时，就具备公共利益属性，需要国家和社会积极干预。因此，某克斯电竞酒店向不特定未成年人提供互联网上网服务，侵害了不特定未成年人利益，该行为属于损害社会公共利益的行为。遂判决责令被告某县文化旅游体育局在本判决生效后六十日内依法履行对某克斯电竞酒店等“电竞酒店”提供互联网上网服务活动的监督管理职责。</p>","<p>1.电竞酒店以高端配置电脑、畅玩网络游戏为宣传要点，虽按房间收取住宿费，但实际是以网络服务为主要营利手段，上网费隐含在住宿费中，消费者为不特定人群，系综合性上网服务场所，属于《互联网上网服务营业场所管理条例》所规定的互联网上网服务营业场所的范畴。电竞酒店作为兼具住宿与上网双重功能，应当同时遵守酒店与互联网上网服务营业场所的经营规定，受文化执法部门及公安部门的双重管理。<br/>u3000u30002.电竞酒店作为一种提供“电竞游戏+住宿”的新型酒店，近年来深受年轻人甚至未成年人的青睐。被网吧拒之门外的未成年人，经常在电竞酒店组团包夜、无节制上网，导致成绩下滑甚至走上犯罪道路。电竞酒店随意接纳未成年人上网行为属于损害社会公共利益行为。</p>","<p>u3000u3000《中华人民共和国行政诉讼法》第72条<br/>u3000u3000《中华人民共和国未成年人保护法》第58条<br/>u3000u3000《最高人民法院、最高人民检察院关于检察公益诉讼案件适用法律若干问题的解释》（法释〔2018〕6号，2020年修正）第25条</p><br/>","\N","\N","2026-01-21 10:27:30","2026-01-21 10:30:11","038168966b3c8f704bdb08c1bd457cf6","\N","20260426","","","","","","","","","","","","","","","","","","","","","","","","","","","","","",""
"397","人民法院案例库","https://rmfyalk.court.gov.cn","行政-行政确认","2025-12-3-007-001","广西壮族自治区百色市中级人民法院","行政,行政确认,未径直送医,48小时内抢救无效,视同工伤认定,工伤认定","二审","2024.04.25","02","原告田林县公安局诉称：请求判令撤销被告作出的田人社工不认字〔2022〕03号《认定工伤决定书》，并责令被告依法重新作出《认定工伤决定书》认定黄某某上班时间突发疾病死亡视同工伤。事实和理由：广西壮族自治区田林县公安局巡逻警察大队辅警黄某某同志受单位指派，于2022年7月8日6时前往某路段开展安保工作，期间头晕发热症状持续严重。当日15时被同事送至田林县人民医院门诊治疗，当夜因病情加重转至百色市人民医院治疗，次日（7月9日）12时许，经抢救无效死亡。死亡原因：因劳累过度，引发急性病毒性筋肌膜炎。2022年7月31日，原告向被告申请对黄某某进行工伤认定。被告受理后，于2022年9月28日作出田人社工不认字〔2022〕03号《认定工伤决定书》，决定不予认定黄某某为工伤。原告认为，黄某某是在上班期间突发疾病，48小时内经抢救无效死亡，其情形完全符合《工伤保险条例》第十五条第一款第一项“在工作时间和工作岗位，突发疾病死亡或者在48小时内经抢救无效死亡的，视同工伤”的规定。因此，被告不予认定黄某某视为工伤，实属违反法律规定。<br/>　　被告田林县人力资源和社会保障局辩称：被告的工伤认定，事实清楚，适用法律正确。《工伤保险条例》第十五条第一款第（一）项视同工伤的规定，考虑突发疾病当场死亡或者在48小时内经抢救无效死亡可能与工作劳累、紧张等因素有有关，实质上是将工伤保险的范围由工作原因造成的事故伤害扩大到了其他情形，最大限度的保障了这部分人的权益。但在工伤认定上，还应兼顾与用人单位、社会保险基金之间的利益平衡，不能无限制、无原则扩大。因此，该条款主要是针对职工在工作时间、工作岗位上突发疾病死亡，或是突发疾病、病情危重、不能坚持工作、需要紧急到医院进行抢救的情况而设定的，其中发病、抢救、死亡是一个连续完整的不间断的过程。也正是基于此，人力资源和社会保障部法规司在《关于如何理解&lt;工伤保险条例&gt;第十五条第一项的复函》中指出：“若对此不从严掌握，将造成更多的执行偏差。因此，建议对条例第十五条第（一）项视同工亡的理解与适用，应当严格按照工作时间、工作岗位、突发疾病、径直送医院抢救等四要件并重，具有同时性、连贯性来掌握，具体情形主要包括：（一）职工在工作时间和工作岗位突发疾病当场死亡；（二）职工在工作时间和工作岗位突发疾病，且情况紧急，直接送医院或者医疗机构当场抢救并在48小时内死亡等。”故除了在工作场所当场死亡情况外，工作场所突发疾病直接送往医院亦是构成“视同工伤”的必要条件。本案中，黄某某于2022年7月8日在执行任务期间发病，但是黄某某从上午11时左右回到县城并未听取同事建议马上去医院检查，而是回家4个多小时后才打电话通知同事接去医院治疗，此情况不属于在工作时间、工作岗位上突发疾病直接送医院抢救无效死亡的情形，不符合上述视同工伤的认定条件，被告作出的不予认定工伤的决定并无不当。综合而言，被告的这一行政行为不具备行政诉讼法规定的撤销情形。原告的起诉请求，缺乏法律依据，应当予以驳回。<br/>　　法院经审理查明：黄某某是原告的辅警，原告按照相关规定为黄某某缴纳了工伤保险费。2022年7月8日上午6时30分，黄某某按照原告的工作安排，到原告的交警大队短暂集中后，出发前往执勤路段，为经过该路段的某车队开展执勤护卫工作。开始出发时，黄某某对同事说身体有点不舒服。执行任务期间，黄某某出现眼睛发红、声音沙哑等症状。护卫任务结束后，黄某某和同事于当日上午11时许回到原告的交警大队下车，当时黄某某还能自行走路，同事叮嘱黄某某尽快去医院检查，黄某某表示穿警服去医院影响不好并且早上出勤太早现在肚子也饿了，打算先回家换衣服、吃点饭再去医院。后黄某某回家。回家后因病情加重，眼花、行走困难，黄某某于当日下午15时48分打电话要求同事接送去医院，同事开车将黄某某于15时53分左右送到田林县人民医院治疗。后病情进一步加重，黄某某于2022年7月9日凌晨1时13分被转送到百色市人民医院，凌晨3时进入ICU，后经医院抢救无效，于2022年7月9日下午15时38分死亡。医院的死亡诊断为：1.右下肢、右上肢坏死性筋膜炎；2.右下肢、右上肢骨筋膜室综合征；3.右肱动脉闭塞；4.脓毒症；5.脓毒性休克；6.多器官功能障碍；7.DIC；等等。死亡原因为：多器官功能障碍。<br/>　　2022年7月18日，原告就黄某某因病死亡之事向被告申请工伤认定，并提供了相关证人证言、工作会议记录、医院的病案材料、黄某某的工资查询单等等证据材料。被告于2022年7月31日受理该工伤认定申请，但未出具《工伤认定受理决定书》。被告经调查核实、提出拟办意见、汇报及审批后，于2022年9月28日作出田人社工不认字〔2022〕03号《认定工伤决定书》，后于2022年12月9日将该《认定工伤决定书》送达原告和黄某某的家属。该《认定工伤决定书》中，除了列有申请人、用人单位、职工姓名及工作岗位等基本情况之外，其余内容为：“2022年07月31日受理黄某某的工伤认定申请后，根据提交的材料调查核实情况如下：黄某某同志受到的伤害，不符合《工伤保险条例》第十四条、第十五条认定工伤或者视同工伤的情形，现决定不予认定或视同工伤。”并告知“如对本工伤认定决定不服的，可自接到本决定书之日起60日内向人民政府申请行政复议，或者6个月内直接向人民法院提起行政诉讼。”<br/>　　此外，原告作出的《关于田林县公安局辅警黄某某同志殉职前工作情况汇报（续报一）》记载：黄某某于2022年7月6日下午18时30分开始在警务站值班，晚21时至23时30分参加全县夏季酒驾醉驾集中“百日行动”夜查工作；7月7日凌晨4时15分，黄某某接到指令出警解决民事纠纷，其间黄某某表示身体不适、头晕发热，凌晨5时返回警务站，不适情况加重，仍坚持到上午8时30分完成工作交接；7月7日下午16时，黄某某参加关于某车队经过田林县辖区的安保工作部署会。黄某某的妻子证实：2022年7月8日中午吃饭时，黄某某说身体不舒服要去医院检查一下；吃完饭大概是1点多，然后换衣服、出门；黄某某的动作比平时慢了很多，动作迟缓，其妻子以为是早上执勤累导致的，那几天黄某某很忙，一直加班；黄某某换衣服时很慢，警服肩章那些取下的步骤也比较多，换衣服中途还坐下休息两次。<br/>　　广西壮族自治区田林县人民法院于2023年9月22日作出（2023）桂1029行初1号行政判决：一、撤销被告田林县人力资源和社会保障局于2022年9月28日作出的田人社工不认字〔2022〕03号《认定工伤决定书》；二、责令田林县人力资源和社会保障局在判决生效后60日内重新作出相关工伤认定的行政行为。宣判后，被告田林县人力资源和社会保障局不服，提起上诉。广西壮族自治区百色市中级人民法院于2024年4月25日作出（2023）桂10行终254号行政判决：驳回上诉，维持原判。","《工伤保险条例》第十五条第（一）项规定：“职工有下列情形之一的，视同工伤：（一）在工作时间和工作岗位，突发疾病死亡或者在48小时之内经抢救无效死亡的……”据此，视同工伤包括两种情形：一是在工作时间、工作岗位上突发疾病死亡；二是在工作时间、工作岗位上突发疾病，48小时内经抢救无效死亡。本案中，黄某某在2022年7月8日上午执行任务过程中发病，符合“在工作时间和工作岗位上突发疾病”的情形，原告和被告对此均无异议。本案属于职工在工作时间和工作岗位突发疾病、离开单位后先回家后才去医院治疗的情形，故而争议焦点在于：未径直到医院治疗是否符合上述视同工伤的认定条件。<br/>　　其一，黄某某发病具有持续性。从黄某某在执行任务过程中出现病症，到克服病痛坚持完成执行任务离开单位回家，到送医院治疗、抢救，到最终抢救无效死亡，其病情是从轻逐渐加重至最终抢救无效死亡的持续连贯发展过程，不能肯定如果径直去医院治疗即可避免死亡。而且，回家后也很快到医院治疗，在家的时间不长，从发病至抢救无效死亡未超过48小时。<br/>　　其二，黄某某回家亦有正当理由。黄某某在身着警服和饥饿的情况下，为避免身着警服去医院造成不良影响和解决饥饿问题，先回家换衣服、吃点饭及准备医保卡等一些必要钱物，然后才去医院治疗，是合理的、正当的。<br/>　　综合本案的证据，可以认定黄某某从发病至回家的症状表现、病情发展、最终死亡时间之间，在时间上具有连续性，且其从发病到死亡是基于同一病因，故本案属于因正当理由未及时送医疗机构抢救，但在48小时内死亡的情形。因此，本案情形应符合“在工作时间和工作岗位，突发疾病在48小时之内经抢救无效死亡”的视同工伤条件。被告作出“不予认定或视同工伤”的决定，事实证据不足，处理结果明显不当。","职工在工作时间和工作岗位突发疾病，未送医院抢救，发病后48小时内死亡的，要结合发病原因、未及时就医事由、救治过程等证据综合考量应否认定“视同工伤”。职工因连续工作导致身体不适，虽未径直送医，但48小时内抢救无效死亡的，应当认定为“视同工伤”。","《工伤保险条例》第5条、第15条、第17条<br/>######　　　　一审： 广西壮族自治区田林县人民法院（2023）桂1029行初1号行政判决（2023年9月22日）<br/>　　二审：广西壮族自治区百色市中级人民法院（2023）桂10行终254号行政判决（2024年4月25日）","\N","\N","2026-01-21 10:27:30","2026-01-21 10:27:30","071d26aeb055918ae836d96ba30c1ef4","\N","20260426","","","","","","","","","","","","","","","","","","","","","","","","","","","","","",""
"3982","人民法院案例库","https://rmfyalk.court.gov.cn","行政-专利相关行政案件","2023-09-3-024-005","北京市高级人民法院","行政,外观设计专利权无效行政纠纷,整体视觉效果,设计特征","二审","2018.11.28","02","<p>　　某控股公司不服第29146号无效宣告请求审查决定（以下简称被诉决定），诉称：第一，证据4的附件4-6“京NXXXXX”揽胜极光汽车外观照片的拍摄时间为2014年8月12日，在第20133052822X.X号、名称为“越野车（陆风E32车型）”的外观设计专利（以下简称本专利）的申请日之后；即便证据4的附件4-1和附件4-2能够证明“京NXXXXX”揽胜极光汽车于2013年9月25日通过销售而被公众所知，考虑到自购买时起至照片拍摄时止，该汽车始终处于第三人的保管之下，第三人存在改装该汽车的较大可能性，且第三人未提交任何证据证明附件4-6照片所显示的汽车外观与该汽车购买时的外观一致，因此，证据4的附件4-6照片所显示的汽车外观并非评价本专利的现有设计。第二，被诉决定对于本专利与对比设计是否具有明显区别的判断主体认定错误，被诉决定所归纳的一般消费者应当具有的常识性知识系以汽车设计的先后顺序和难度为依据的，已偏离了“一般消费者”的观念，而趋向于“一般设计人员”。第三，被诉决定关于汽车外观设计的设计空间比较大的认定错误，并认为汽车整体基本形状及其各个组成部件的尺寸、比例、布局和相互位置关系都是基本相同的，设计空间较小；且最高人民法院在（2010）行提字第3号案件中亦认定SUV类型汽车的外形轮廓都比较接近。第四，被诉决定先列举本专利与对比设计的相同点及不同点，再评述上述相同点及不同点对汽车整体视觉效果的影响的判断方法错误，最高人民法院已在（2012）行提字第9号案件中确定了“首先以一般消费者的角度，对外观设计专利与对比设计进行比较以确定二者之间的区别，然后通过整体观察将所述区别对于产品外观设计的整体视觉效果是否具有显著的影响进行综合判断”的判断方法；被诉决定仅侧重于车身侧面对汽车整体视觉效果的影响，而忽视了一般消费者对汽车前面和尾部的关注度；被诉决定将本专利与对比设计相应地分割成若干个部位或要素，继而就该部位或要素进行单独对比，并得出相同点和不同点的做法，违反了“整体观察、综合判断”原则，而趋向于“要素判断”。第五，除被诉决定中认定的不同点外，本专利与对比设计尚存在如下区别：（1）对比设计的车顶为悬浮式设计，而本专利车顶不存在悬浮式设计；（2）对比设计的尾部包括后车窗、中护板、尾气口三个层次，而本专利的尾部包括后车窗、上护板、标牌板、中护板、尾气口五个层次。第六，被诉决定简单地将本专利相对于对比设计的不同点认定为惯常设计或现有设计缺乏事实依据。综上，本专利相对于对比设计具有明显区别，未违反2008年修正的《中华人民共和国专利法》（以下简称2008年《专利法》）第二十三条第二款的规定。请求撤销被诉决定，并判令重新作出决定。<br/>　　专利复审委员会辩称：被诉决定认定事实清楚，适用法律正确，审查程序合法，审查结论正确。请求法院驳回某控股公司的诉讼请求。<br/>　　一审第三人某有限公司、杰某述称：被诉决定认定事实清楚，适用法律正确，审查程序合法，审查结论正确。请求法院驳回某控股公司的诉讼请求。<br/>　　法院经审理查明：<br/>　　本专利系专利号为20133052822X.X、名称为“越野车（陆风E32车型）”的外观设计专利，专利权人为某控股公司。针对本专利，某有限公司、杰某以不符合2008年《专利法》第二十三条第一款、第二款为由分别提出无效宣告请求。专利复审委员会就此作出被诉决定，以本专利与对比设计在整体视觉效果上没有明显区别，不符合2008年《专利法》第二十三条第二款的规定为由，宣告本专利权全部无效。某控股公司不服，提起行政诉讼。<br/>　　本专利由主视图、后视图、左视图、右视图、俯视图表示，依照行驶时汽车驾驶员的位置为基准确定前、后、左、右、顶面，由此可以确定左右视图表达的是汽车侧面设计，主视图表达的是汽车前面设计，后视图表达的是汽车后面设计，俯视图表达的是汽车顶面设计。<br/>　　从侧面观察，整车外轮廓为：车顶线为前高后低的倾斜线条，侧窗上沿线在A柱末端之后开始略微下沉，侧窗下沿线向后稍稍上扬，并与上沿线在车尾之后的远端相交，A柱下端与发动机罩相接，发动机罩侧面上部的肩线线条平直并与侧窗下沿线基本重合，车头部位向下的线条先是发动机罩和前车灯基本同一倾斜角度向前下方倾斜延伸到前保险杠，变为竖直线条，在雾灯处内凹，最后在围板处变为向后弯曲的弧形线条。车顶后端沿倾斜的后窗线条直线延伸至后车灯上方的车体。车尾部位向下的线条先是后车灯的竖直线条，之后经过略微向内凹转折的倾斜线条和带有略内收的竖直线条后到保险杠处底端，最后在后保险杠下方的围板处成为向前延伸的弧形线条。<br/>　　前侧窗为四边形，A柱后端的车身两侧有后视镜，后侧窗由C柱分为前后一大一小两个窗，分别是五边形和四边形，四边形的小窗后方有D柱支撑车顶。<br/>　　从前向后，发动机罩侧面下沿从前车灯（即前照灯组或前灯组）上端线条平直延伸后在翼子板上方弧形延伸再平直截止于至A柱下方的前车门铰轴或前边界线，在铰轴缝隙前方的平直线条处设计有带灯的装饰条（简称侧面装饰条）。腰线后高前低，从后车灯上沿穿过前后两个车把手下沿延伸到所述侧面装饰条的下方，与翼子板（轮拱）相接。侧面下部的裙线呈稍微后高前低的倾斜直线条，裙线上方略有内凹，前端截止于A柱下方的前车门前边界线处。腰线和裙线之间的车门稍微内凹，尤其是紧邻裙线的上方有面的过渡。前后车门下端有护板，护板上沿有两个类似L形线条相交围成的棱形内凹面。车轮轮辐为由中心向外辐射的五个梯形辐条构成的花形。此外，在车后窗上方的车顶末端安装有扰流板，在侧面车窗下边沿有金属嵌条。<br/>　　从前面观察，以发动机罩下沿以及车大灯下方前保险杠上凸出的棱线为界，可以分成上中下三个区域，上方区域包括前窗、发动机罩，中间区域包括车前灯和进气格栅，下方区域包括细长的U形进气口、前保险杠、长条形不规则贯通槽、辅助进气口、围板、护板。其中，发动机罩为贝壳形状，中间有两条车鼻线与进气格栅左右两个轮廓线相连，正中下方有“LAND WIND”字样，进气格栅呈U形并同左右两侧的前灯无间隙地相邻，格栅的栅条为菱形网格，前灯呈四边形，下边沿向后上方弧形延伸，进气格栅中间有横向金属条，同左右前灯内部的金属内罩板横向对齐，在金属条正中有椭圆形车标。U形细长进气口位于进气格栅正下方，贯通槽的两端为构成C形的L形灯条和上方横直的短装饰条，中间空腔内为不通风的装饰板，居中位置设置车牌，车牌正下方为辅助进气口，辅助进气口为正U形和倒U形相接构成的多边形形状。贯通槽与辅助进气口之间为倒U形的板。辅助进气口正下方为防擦用的护板。护板左右两侧的车身下端为围板或者称为包围。<br/>　　从后面看，以车后灯上沿所在水平线和后保险杠上紧靠行李厢盖下边的棱线为界，可以分成上中下三个区域，上方区域包括后窗（可见车顶的行李架）、车身，后窗顶部的扰流板上装有刹车灯，后窗的下边沿有金属嵌条。中间区域包括后车灯、行李厢盖、后保险杠，下方区域包括后保险杠、回复反射器或小灯、围板、包围排气筒的倒U形板（即某控股公司所述倒U形保险杠）、排气筒之间的护板等。其中，后窗上有雨刷器，后车灯的三个边为直线条，车灯之间为长方形外轮廓的行李厢盖，该部分行李厢盖同后窗和部分后车身共同构成倒凸字形可掀起的车尾后门或称后背门，行李厢盖上与车灯之间有一个带有“LAND WIND”的装饰板，装饰板左右两侧与车灯相邻并对齐，下方为正U和倒U形相接的多边形区域，用于悬挂车牌，紧邻车牌的下方有一道明显的上下不同斜面之间的过渡棱线，贯穿车尾左右并延伸到后轮拱，排气筒的口部为四边形，包围排气筒的倒U形板的上边平直。倒U形板的左上角和右上角各有一个回复反射器或小灯，正下方为防擦用护板，左右两侧为围板或包围。<br/>　　从顶面观察，车顶有行李架和全景天窗。天窗看上去无明显隔断，占据车顶的大部分面积。<br/>　　综合各视图观察车灯，前车灯外轮廓线条接近扁长的矩形，从前往后上方平滑延伸，逐渐变细，最后在侧面下边沿同翼子板的轮拱线重合，类似眯眼的形状（即某控股公司所述的“鹰眼”形状）；后车灯在后面看接近矩形，之后向前上方平滑延伸，逐渐变细，最终成为三角形状，上边沿同腰线重合，下边沿呈弧形，弧形向上延展的方向同D柱倾斜方向平行。<br/>　　对比设计给出了汽车的侧面、前面、后面、顶面的设计和前左侧以及右后侧方向的透视角度的设计。<br/>　　从侧面观察，整车外轮廓为：车顶线为前高后低的倾斜线条，侧窗上沿线在A柱末端之后开始略微下沉，侧窗下沿线向后稍稍上扬，并与上沿线在车尾之后的远端相交，A柱下端与发动机罩相接，发动机罩侧面上部的肩线线条平直并与侧窗下沿线基本重合，车头部位向下的线条先是发动机罩和前车灯基本同一倾斜角度向前下方倾斜延伸到前保险杠，变为竖直线条，最后在围板处变为向后弯曲的弧形线条。车顶后端沿倾斜的后窗线条直线延伸至后车灯上方的车体。车尾部位向下的线条先是后车灯的竖直线条，之后略微台阶过渡后，继续在保险杠处竖直向下，最后在后保险杠下方的围板成为向前延伸的弧形线条。<br/>　　前侧窗为四边形，A柱后端的车身两侧有后视镜，后侧窗由C柱分为前后一大一小两个窗，分别是五边形和四边形，四边形的小窗后方有D柱支撑车顶。<br/>　　从前向后，发动机罩侧面下沿从前车灯（即前照灯组或前灯组）上端线条平直延伸后在翼子板上方弧形延伸再平直截止于至A柱下方的前车门上，即车门铰轴或前边界线的后方，由铰轴处的缝隙分为前后两段，在最后的平直线条处设计有带灯或散热孔的装饰条（简称侧面装饰条）。腰线后高前低，从后车灯上沿穿过前后两个车把手下方延伸到侧面装饰条的下方，与翼子板相接。侧面下部的裙线呈稍微后高前低的倾斜直线条，裙线上方略有内凹，前端截止于A柱下方的前车门的前边界线处。腰线和裙线之间的车门稍微内凹，尤其是紧邻裙线的上方有面的过渡。前后车门下端有护板，护板上沿为直线线条断开的缝隙。车轮轮辐为由中心向外辐射的五个U形构成的花朵形，轮眉上有锯齿形缺口。此外，在车后窗上方的车顶末端安装有扰流板，在侧面车窗下边沿有非金属嵌条。<br/>　　从前面观察，以发动机罩下沿以及车大灯下方前保险杠凸出的棱线为界，可以分成上中下三个区域，上方区域包括前车窗、发动机罩，中间区域包括车前灯和进气格栅，下方区域包括细长的长方形进气口、前保险杠、左右两侧的长方形盲孔槽、辅助进气口、围板、护板和倒U形板。其中，发动机罩为贝壳形状，中间有两条车鼻线与进气格栅左右两个轮廓线相连，正中下方有“RANGE ROVER”字样，进气格栅呈U形并同左右两侧的前灯无间隙地相邻，进气格栅为两排由四根竖条相连的纵向断开的栅板构成，栅板由三角形网格相连构成。进气格栅表面靠左一侧有椭圆形车标。前灯呈四边形，下边沿向后上方弧形延伸。细长进气口位于进气格栅正下方，长方形盲孔槽的中间横向布置雾灯的灯条，两个盲孔左右连线的居中位置设置车牌，车牌正下方为辅助进气口，倒U形的辅助进气口被倒U形板分割出一个小倒U形。小辅助进气口下方为护板，左右两侧为围板。<br/>　　从后面观察，以车后灯上沿所在水平线和后保险杠上紧靠行李厢盖下边的棱线为界，可以分成上中下三个区域，上方区域包括后窗、车身，后窗顶部的扰流板上装有刹车灯，后窗的下边沿有非金属嵌条。车身居中有“RANGE ROVER”字样，中间区域包括后车灯、行李厢盖、后保险杠，下方区域包括后保险杠、回复反射器或小灯、围板、包围排气筒的倒U形板、排气筒之间的护板等。其中，后车窗下方的车身中间有“RANGE ROVER”字样，后车灯的三个边为直线条，车灯之间为长方形外轮廓的行李厢盖，该部分行李厢盖同后车窗和部分后车身共同构成倒凸字形可掀起的车尾后门或称后背门，行李厢盖上与车灯之间有一个细长的长方形装饰条，细长装饰条下方为斜坡下凹的梯形区域，用于悬挂车牌，车牌两侧分别有“EVOQUE”英文字母和椭圆形车标，行李厢盖车门中间偏下也就是车牌下方位置有一道棱线，棱线处有一个略有斜度的小台阶面，贯穿行李厢盖左右，排气筒的口部为四边形，包围排气筒的倒U形板的上边略有下凹。倒U形板的左上角和右上角各有一个回复反射器或小灯，正下方为防擦用护板，左右两侧为围板或包围。<br/>　　从顶面看，车顶有全景天窗，没有行李架，车顶后部居中有一个凸起。天窗看上去无明显隔断，占据车顶的大部分面积。<br/>　　综合各视图观察车灯，前车灯外轮廓线条接近扁长的矩形，从前往后上方基本平滑延伸，逐渐变细，在左前角和右前角略有一点转折，最后在侧面下边沿同翼子板的轮拱线重合，类似眯眼的形状（即某控股公司所述的“鹰眼”形状）；后车灯在后面看接近矩形，之后向前上方平滑延伸，逐渐变细，最终成为三角形状，上边沿同腰线重合，下边沿呈弧形，弧形向上延展的方向同D柱倾斜方向平行。<br/>　　北京知识产权法院于2018年3月26日作出（2016）京73行初4497号行政判决：一、撤销专利复审委员会作出的被诉决定；二、专利复审委员会针对某有限公司、杰某提出的无效宣告请求重新作出决定。宣判后，专利复审委员会、某有限公司、杰某提出上诉。北京市高级人民法院于2018年11月28日作出（2018）京行终4169号行政判决：一、撤销北京知识产权法院作出的（2016）京73行初4497号行政判决；二、驳回某控股公司的诉讼请求。</p>","<p>　　法院生效裁判认为：<br/>　　一、关于一般消费者的知识水平和认知能力的界定<br/>　　本专利与对比设计的产品均是SUV（全称为Sport Utility Vehicle）,即运动型多用途汽车，该类汽车是将轿车的舒适性与越野车的通过性相结合的一类汽车，属于在功能、用途等方面存在共性的、相对独立的汽车类型。由于汽车设计是一项复杂的整体工程，汽车外形的确定要结合汽车的功能设定和审美需求，同时涉及机械工程学、 人机工程学、空气动力学以及电子学等多个领域。作为SUV外观设计判断主体的一般消费者，基于其对申请日前申请的专利、市场上销售的汽车、汽车广告中披露的信息以及汽车类书籍中公开的在先设计等现有设计状况和对该类汽车常用设计手法的了解，一般消费者应当知晓该类汽车的产品结构组成、主要部件的功能和设计特点，以及车身三维立体形状、各组成部分的比例和位置关系以及车身表面装饰件的形状、布局等均对整体视觉效果产生不同程度的影响。<br/>　　被诉决定根据对汽车设计顺序、难易和视觉关注程度的考虑，作出了汽车各个面对整体视觉效果的影响权重由高至低顺序依次为侧面、前面、后面、顶面的认定。对此，法院认为，就汽车外观设计而言，汽车的整体造型以及前、侧、后等各个面的设计特征均对整体视觉效果产生影响，至于不同面对整体视觉效果的影响权重，应当根据涉案专利产品所属汽车类型的特点，在划分设计特征以及将涉案专利与对比设计的相应特征进行对比的基础上，结合设计空间和现有设计状况，权衡车身各个面对整体视觉效果的影响权重，而不能仅依据设计顺序、难易程度即当然地断定汽车各个面对整体视觉效果的影响权重顺序。因此，一审判决对被诉决定的上述认定结论予以纠正， 并无不当，予以确认。<br/>　　二、设计空间对于本专利与对比设计是否具有明显区别判断的影响<br/>　　一审判决及被诉决定根据某有限公司和某控股公司对现有设计的举证情况，同时考虑汽车功能性要求的限制，认定汽车的整体立体形状和各个组成部件的布局均存在较大的设计空间。上述认定具有充分的事实依据，予以确认。但一审判决在肯定SUV设计空间较大的前提下，得出在权衡本专利与对比设计的相同点和不同点对产品外观的整体视觉效果所产生的影响时，设计空间要素不会对判断本专利与对比设计是否具有明显区别产生实质影响的结论，有所不当，对此予以纠正。<br/>　　三、“整体观察、综合判断”方法如何适用<br/>　　在考虑某一项设计特征对于外观设计整体视觉效果的影响权重时，应当从外观设计的整体出发，根据各方当事人的主张、举证情况以及说理的充分程度予以确定。由于惯常设计和功能性设计特征，属于作为判断主体的一般消费者本身应当具备的知识水平。因此，惯常设计和功能性设计特征可以通过当事人提供证据予以证明，也可以在考虑一般消费者的知识水平和能力的情况下通过充分说理予以认定。<br/>　　就汽车外观设计而言，“整体观察”就是要观察汽车整体造型、各组成部分的比例位置关系以及各个面经由具体设计特征形成的视觉效果，“综合判断”就是要从一般消费者的知识水平和认知能力出发，考虑涉案专利与对比设计之间的相同点、不同点对整体视觉效果的影响权重，进而得出涉案专利与对比设计是否具有明显区别的结论。本案中，考虑到SUV的顶面和底面属于在正常使用时不容易看到或看不到的部位，原审判决认为在对本专利与对比设计进行整体观察时，应当更关注使用时容易看到的部位，即汽车的基本外形轮廓、各部分的相互比例关系以及车身的前面、侧面和后面等，在综合判断时应当根据SUV的特点，权衡各部分对汽车外观设计整体视觉效果的影响。鉴于各方当事人在二审诉讼中对一审判决的上述认定不持异议，予以确认。<br/>　　基于外观设计整体保护的原则，在适用“整体观察、综合判断”方法时，应当以一般消费者的知识水平和认知能力为基础，结合现有设计状况和相关设计特征是否受功能限制等因素，逐一判断各相同点、不同点对整体视觉效果的影响程度，在此基础上，再通过综合分析得出认定结论。本案中，对于被诉决定关于涉案汽车的整体立体形状和各个组成部件的布局存在较大的设计空间，本专利与对比设计在车身比例、侧面主要线条的位置及立柱的倾斜角度、车窗的外轮廓及分割的比例、前后面车身的外轮廓及主要部件的相互位置关系等方面均基本相同的认定，原审判决均予以认同，但在此基础上，一审判决并未对上述各相同点对整体视觉效果的影响程度进行具体分析，而仅在对不同点进行分类概括、评述后，即认为不同点组合后形成的视觉差异对整体外观产生了显著影响，足以使一般消费者将本专利与对比设计的整体视觉效果相区分，进而得出两者具有明显区别的认定结论，一审判决的上述认定系对“整体观察、综合判断”方法的不当适用，予以纠正。<br/>　　四、本专利与对比设计是否具有明显区别<br/>　　关于本专利与对比设计之间的相同点对整体视觉效果的影响。其一，两者的整体造型和三维立体轮廓基本相同。由于两者在车身比例、车身上半部分侧面外轮廓、侧面线条及主要特征线，以及前、后面外轮廓、各个部件的位置关系及主要线条的分割等方面均基本相同，使得两者呈现的三维立体形状基本相同。尽管某控股公司援引在先案例主张SUV的外形轮廓比较接近，但由于本专利的申请日与其援引的在先案例中涉案专利的申请日不同，前案的认定结论不能当然适用于本案。同时，根据某有限公司和某控股公司本案中对现有设计的举证情况，SUV的立体形状存在较大设计空间，某控股公司也未能举证证明上述设计特征在现有设计中已经大量出现，故其关于SUV的外形轮廓比较接近的主张在本案中不能成立。对于双方当事人存在较大争议的悬浮式车顶设计（即“下沉式设计”），是对比设计中车顶与车身一部分（即侧窗下沿线以上的ABCD柱构成的部分）构成的立体形状，系将车顶线前高后低直线倾斜、同时侧窗下沿线由前向后略微上扬的设计，形成视觉上车顶倾斜下降的视觉效果，尽管该设计在一定程度上牺牲了汽车后排的空间，但使得汽车外形在整体上更具运动感，属于对比设计中极为醒目的设计特征。根据双方当事人的举证情况，现有设计中并没有出现过与对比设计的线条和比例关系相同的侧窗下沿线以上部位的悬浮式车顶设计，故被诉决定认定对比设计所示悬浮式车顶构成其独特设计特征，并无不当。而本专利所采用的悬浮式车顶设计与对比设计在ABCD 柱角度、车窗分割比例等方面均相同，表明本专利采用了与对比设计相同的悬浮式车顶设计，故该设计特征更容易引起一般消费者的注意。对于双方当事人存在争议的侧面腰线及前大灯上扬的设计，某控股公司虽主张上述设计属于惯常设计，但未能提供证据予以证明或进行充分说理，故不予采信。因此，本专利与对比设计之间存在的上述相同点对整体视觉效果具有显著影响。其二，两者主要装饰件的布局及位置关系、部分装饰件外形及比例关系相同。从前面观察，车前灯、进气格栅、前保险杠、雾灯、细长进气口、辅助进气口、倒U形板的相对位置关系相同；从后面观察，后车灯、后背门、后保险杠的相对位置关系相同；并且，前面部件中的发动机罩、前车灯和进气格栅的外形和后面部件中的后车灯、后背门外形及与之相关的比例关系均相同。本案中，在无法认定上述设计特征属于惯常设计的情况下，其对于整体视觉效果均具有影响，尤其是对比设计中采取的贝壳形发动机盖、前车灯和格栅紧密相邻的一体化设计以及二者之间的结合，在从前面进行观察时，容易引起一般消费者的注意。其三，在局部细节的处理上存在多处相同。包括前翼子板上的侧面装饰条形状和位置，在发动机罩上相同位置和进气格栅表面以相同形式展示品牌标识，以及排气筒数量设置和口部形状设计相同。根据被诉决定的认定，前翼子板上的侧面装饰条系对比设计的独特设计特征，在发动机罩上设置英文字母标记并非常用设计特征，排气筒的口部形状并非属于功能性设计特征，在一定程度上亦追求排气筒的美学视觉效果。鉴于某控股公司对于被诉决定的上述认定未提出相反证据，经审查予以确认。由于上述设计特征属于产品正常使用时，能够为一般消费者观察到，故对于整体视觉效果具有一定影响。<br/>　　关于本专利与对比设计之间的不同点对整体视觉效果的影响。本案中，一审判决按照观察角度的不同将被诉决定关于本专利与对比设计之间存在的九个不同点归纳为前面、侧面、后面及其他零部件设计等四个方面。其一，本专利与对比设计从侧面观察和其他零部件设计上呈现的不同设计特征，或为惯常设计，或为一般消费者不易观察到的部位，对整体视觉效果的影响较小，原审判决和被诉决定对此认定结论相同，且各方当事人在二审诉讼中对此不存在争议，予以确认。其二，关于本专利与对比设计从前面、后面观察到的不同设计特征对整体视觉效果的影响，各方当事人存在分歧，对此分别进行评述。就从车身前面观察到的不同设计特征而言，具体包括前车灯内部构造设计、进气格栅的栅条形状以及贯穿车灯和进气格栅的金属条的有无、雾灯及设置雾灯的贯通槽的形状，以及辅助进气口、倒U形板等其他差异。其中，前车灯的内部构造通常在车灯处于启动状态且车灯被打开情况下才能为一般消费者所清楚识别，且本专利所采取的圆形灯加L形排列的LED灯并为横倒的Y形内罩所包围的设计，并不属于本专利的独特设计特征，该设计特征对于车身前面的视觉效果不当然具有显著影响；关于进气格栅的栅条形状，被诉决定认定在运动车型采用进气格栅采取网格状情况下，对于镂空形状的选择属于常见设计的范畴，原审判决则认定栅条被隐藏在进气格栅内侧，不容易为一般消费者所察觉，虽然理由有所不同，但均可得出该设计特征对整体视觉效果影响较小的结论，因各方当事人对此不持异议，本院予以确认；关于贯穿车灯和进气格栅的金属条的有无，原审判决及被诉决定均根据某有限公司和某控股公司提交的相应证据认定进气格栅上设置金属条的设计已经为现有设计所公开，故该设计对于整体设计效果亦不具有显著影响；关于雾灯及设置雾灯的贯通槽的形状，雾灯的外形属于LED灯的常见形状，且所处位置在车身前面下部区域，在车灯未打开状态下，不易引起一般消费者的注意，且某有限公司提交的补充证据4-8显示现有设计已经给出了在前脸下部设置贯通槽的设计手法，该项设计特征对于整体视觉效果的影响权重应当有所降低；关于辅助进气口、倒U形板等其他差异部件，上述部件从所处位置上不易引起一般消费者的关注，且根据某有限公司提交的相应证据，贯通槽下方设有辅助进气口和倒 U形护板也已经为现有设计所公开，故该设计对整体视觉效果不具有显著影响。一审判决未逐一考察上述各不同设计特征对整体视觉效果的影响，仅笼统地认定本专利前车灯、进气格栅中部设置的金属条与车灯Y形内罩以及其他差异部件各自形成的视觉效果组合后具有较强视觉冲击力，依据不足，缺乏足够的说服力。同理，对于从车身后面观察到的不同设计特征，根据某有限公司提交的证据，本专利中采用的车牌区域为六边形、车牌区域上方设置装饰板以及后车灯和中间装饰板左右贯通的设计均已经为现有设计所公开或在现有设计中大量出现过，在此情况下，原审判决笼统地认定本专利后车灯、中间的装饰板以及车牌区域上方和下方的设计相结合增强了汽车尾部的立体感并足以引起一般消费者的注意，亦缺乏充分的依据，故予以纠正。<br/>　　关于本专利与对比设计之间的相同点、不同点对整体视觉效果影响权重的对比分析与权衡。其一，从车身整体而言，整体造型和三维立体轮廓最易引起一般消费者的注意，在某控股公司关于SUV的外形轮廓比较接近的主张不能成立，SUV的立体形状存在较大设计空间的情况下，两者在整体造型和三维立体轮廓方面的相同点对整体视觉效果具有显著影响，且影响权重较高。其二，从车身侧面而言，对比设计侧面的悬浮式车顶设计构成其独特设计特征，加之侧面腰线等线条的设计，凸显了对比设计极为硬朗、颇具运动感的外形风格。而本专利与对比设计在侧面的不同点均属于不易为一般消费者所察觉的细微差异，二者的相同点呈现高度的相似或近乎相同，故侧面在整体视觉效果中的影响权重应明显高于前面及后面。其三，就车身前面而言，贝壳形发动机罩、前大灯上扬式线条设计、前车灯和格栅紧密相邻的一体化设计、进气格栅的外形以及车前灯、进气格栅、前保险杠、雾灯、细长进气口、辅助进气口、倒U形板等主要装饰件的相对位置关系，均属于一般消费者容易观察到的、较为显著的设计特征，考虑到车身前面的装饰件最为集中，装饰件的布局具有较大的设计空间，同时结合上述相同点和不同点相关的现有设计证据情况，上述相同点在车身前面视觉效果中所占的权重应当高于前车灯、进气格栅中部设置的金属条及其他差异部件等不同点所产生的视觉效果，上述不同点对整体视觉效果的影响难以达到较高的权重。其四，就车身后面而言，在后车灯、后背门、后保险杠的相对位置关系以及后面部件中的后车灯、后背门外形及与之相关的比例关系均相同的情况下，尽管本专利在后车灯、中间的装饰板以及车牌区域上方和下方等方面的设计与对比设计存在差别，但由于部分不同点已经为现有设计所公开或在现有设计中大量出现过，故不足以导致本专利车身后面的视觉效果明显有别于对比设计，且车身后面对整体视觉效果的影响权重明显弱于侧面和前面的影响权重，故上述不同点对整体视觉效果的影响权重明显较小。<br/>　　通过对本专利与对比设计之间的相同点、不同点对整体视觉效果影响权重的分析和对比，可以认定在涉案SUV的车身三维立体形状和主要装饰件布局存在较大设计空间的情况下，本专利与对比设计在上述两方面同时存在的相同点尤其是车身侧面和前面的相同及相似之处对整体视觉效果的影响权重最高，其他不容易为一般消费者注意到的较小区别对整体视觉效果的影响权重则明显较小。尽管本专利与对比设计在车身前面和后面存在的主要不同点使两者在视觉效果上呈现出一定的差异，但由于导致视觉效果差异的区别设计特征，多数为现有设计所公开或由现有设计给出了相同设计手法，其对整体视觉效果的影响权重显著降低，从整体上观察SUV整车的全部设计特征形成的整体视觉效果，本专利与对比设计在车身前面和后面形成的视觉效果差异在整体视觉效果中所占的权重要明显低于两者之间相同点所产生的趋同性视觉效果的权重。<br/>　　综上所述，本专利与对比设计相比，二者之间的差异未达到“具有明显区别”的程度，本专利不符合2008年《专利法》第二十三条第二款规定的授权条件，应当予以宣告无效。</p>","<p>判断涉案专利与对比设计是否具有明显区别，必须结合涉案专利产品所属的种类，将一般消费者这一抽象概念具体化为与该产品相关的消费者群体。设计空间的大小是一个相对的概念，一般受限于产品的技术功能、采用该类产品常见特征的必要性、现有设计的拥挤程度等因素，在权衡相关设计特征的设计空间时，尤其要注意考察现有设计的状况。“整体观察、综合判断”是外观设计专利确权以及侵权判断的基本方法，“整体观察”是从外观设计的整体出发，对其全部设计特征进行整体观察，而不能仅从外观设计的局部出发；“综合判断”是在考察各设计特征对外观设计整体视觉效果影响程度的基础上，对能够影响整体视觉效果的所有因素进行综合考量，而不能把外观设计的不同部分割裂开来予以判断。</p>","<p>　　《中华人民共和国专利法》第23条第2款</p><br/>######<p>　　一审：北京知识产权法院（2016）京73行初4497号行政判决（2018年3月26日）<br/>　　二审：北京市高级人民法院（2018）京行终4169号行政判决（2018年11月28日）</p>","\N","\N","2026-01-21 10:27:30","2026-01-21 10:27:30","07683b38beb02b5d757bbd29a601e314","\N","20260426","","","","","","","","","","","","","","","","","","","","","","","","","","","","","",""
"700","人民法院案例库","https://rmfyalk.court.gov.cn","行政-行政给付","2024-12-3-008-005","云阳县人民法院","行政,行政给付,工伤保险金,上浮工伤保险费,暂停给付","一审","2022.11.08","02","重庆缔某建筑劳务有限公司承包了重庆市云阳县某项目（以下简称云阳建设项目）土建及普通水电安装工程的劳务。云阳建设项目由重庆某建设集团有限公司以“建筑业按项目参加工伤保险”的方式在被告云阳县社会保险事务中心（以下简称云阳社保中心）参保缴费，保期为2020年11月3日至2022年9月27日。原告谭某华是云阳建设项目工地上的工人。2021年7月4日，谭某华在云阳建设项目工地清理渣土时受伤，经行政机关确认为工伤，经鉴定为伤残玖级，无生活自理障碍。2022年4月13日，劳动人事争议仲裁委员会裁决谭某华已参加工伤保险，赔偿项目一次性伤残补助金、一次性工伤医疗补助、住院伙食补助费、医疗费、鉴定费应属于工伤保险基金支付的范畴。2022年6月28日，谭某华向云阳社保中心提交工伤保险待遇给付申请，经审查后云阳社保中心作出《关于谭某华申请工伤待遇的复函》，认定案涉项目土建及普通水电安装工程因工伤保险费率浮动产生工伤保险欠费人民币54366.85元，至今未付，根据《重庆市人力资源和社会保障局办公室〈关于工伤保险费率浮动有关问题的政策解答（一）〉的通知》第六条“对未按时足额缴纳上浮工伤保险费的建设项目，暂停其工伤人员的待遇支付，补缴费用后的待遇按照渝府发〔2012〕22号文件有关规定执行”。故复函暂停支付工伤保险待遇。谭某华不服云阳社保中心暂停支付工伤保险待遇的行为，遂提起诉讼，请求：撤销被告云阳社保中心作出的复函，依法核定并支付谭某华工伤保险待遇。<br/>　　重庆市云阳县人民法院于2022年10月18日作出 (2022)渝0235行初56号行政判决：一、撤销被告云阳社保中心于2022年7月28日对原告谭某华作出（云社险函〔2022〕10号）《关于谭某华申请工伤待遇的复函》；二、责令被告云阳社保中心于本判决生效后30日内就原告谭某华申请的工伤保险待遇依法予以审核支付。宣判后，双方当事人均未提起上诉，判决已发生法律效力。","本案的争议焦点为：云阳社保中心暂停支付谭某华工伤保险待遇是否合法。<br/>　　    谭某华所受到的伤害已经被认定为工伤并构成伤残等级，且谭某华受伤系在项目参保期限内，根据《中华人民共和国社会保险法》第三十六条第一款的规定，谭某华应当依法享受工伤保险待遇，云阳社保中心作出暂停支付谭某华的工伤保险待遇决定不当。<br/>　　    其一，工伤保险属于国家强制性保险，谭某华受伤被认定为工伤，工程承包单位已按建筑业项目参加了工伤保险，并依法缴纳了工伤保险费，谭某华受伤后，应按工伤保险条例的规定享有各项工伤保险待遇。<br/>　　   其二，社会保险经办机构依法具有对用人单位缴纳工伤保险费的监管职责。谭某华所务工的工程是以项目为单位参加的社会保险，云阳社保中心在查明该项目中产生的支缴率已超按行业缴费的基准率后，应按浮动率收取保险费的情况下，应按照社会保险法第六十三条和第八十六条的规定作出征收社会保险费的处理决定。<br/>　　    其三，《重庆市人力资源和社会保障局办公室印发〈关于工伤保险费率浮动有关问题的政策解答〉的通知》是重庆市人力资源和社会保障局办公室针对各区县人力社保局作出的通知，该通知对外不应产生效力，且保险费的征缴系云阳社保中心的职能所在，云阳社保中心不能以未征缴到保险费或怠于履行职责而损害原告的利益。<br/>　　    综上，依法撤销云阳社保中心作出的《关于谭某华申请工伤待遇的复函》，责令云阳社保中心依法予以审核支付。","在建筑业按项目参保中，社会保险经办机构依据未公开的规范性文件，将用人单位未缴纳上浮的工伤保险费作为暂停给付职工工伤保险金的前提条件，不仅违反了行政公开原则，也违反了职权法定原则，人民法院应当按照社会保险法第三十六条第一款判决社保机构依法及时核发工伤职工的工伤保险金。","《中华人民共和国行政诉讼法》（2017年修正）第70条第2项&nbsp;<br/>　　《中华人民共和国社会保险法》（2018年修正）第36条第1款<br/>######　　　　一审：重庆市云阳县人民法院(2022)渝0235行初56号行政判决书（2022年10月18日）","\N","\N","2026-01-21 10:27:30","2026-01-21 10:27:30","07fcdab7161c3c8e47b7e85344db4b0f","\N","20260426","","","","","","","","","","","","","","","","","","","","","","","","","","","","","",""
"2843","人民法院案例库","https://rmfyalk.court.gov.cn","行政-行政确认","2024-12-3-007-001","重庆市第一中级人民法院","行政,行政确认,确认行政行为违法,利害关系,原告主体资格,债权人","二审","2018.08.07","02","<p>　　原告屈某洪诉称：2014年10月10日，黄某以重庆后某矿业有限公司（以下简称后某公司）的名义与重庆富某矿业有限公司（以下简称富某公司）签订《采矿权转让合同》，合同约定，富某公司将茶叶坡水泥配料用砂岩矿采矿权转让给后某公司，同月，被告公示采矿权转让成交结果，同意转让。后原告因与黄某民间借贷一案申请财产保全，重庆市北碚区人民法院于2016年6月14日作出执行裁定书：“查封被申请人黄某以后某公司的名义受让的富某公司茶叶坡岩矿采矿权受让合同权益、砂岩矿矿产资源采矿权及设备”。2016年8月8日，黄某向被告提交了采矿权变更申请登记书，被告将后某公司的采矿权办理到本案第三人重庆某海建筑材料有限责任公司（以下简称某海公司）名下，致使原告生效判决无法执行。原告认为被告对变更登记审查不严，行政行为违法，请求法院确认被告将采矿许可证颁发给第三人某海公司的行为违法。<br/>　　被告重庆市北碚区国土资源管理分局（以下简称北碚区国土局）辩称：2014年10月10日，富某公司与黄某拟设立的后某公司签订采矿权转让合同，将采矿权转让给后某公司。在黄某取得后某公司《名称预先核准通知书》后，被告于同月向其核发了采矿权。因后某公司超出名称保留期未完成设立，黄某另设立第三人某海公司，申请将采矿权登记在其名下，被告予以变更登记。因此，被告的行为是2014年10月采矿权变更行为的延续，不违反法律法规。请求法院驳回原告的诉讼请求。<br/>　　第三人某海公司述称，原告同意用第三人名义办理采矿权许可证，其知晓整个办证过程，并参与其中，请求驳回原告的诉讼请求。<br/>　　法院经审理查明：2014年10月10日，案外人黄某以后某公司名义与富某公司签订《采矿权转让合同》，约定富某公司将茶叶坡水泥配料用砂岩矿采矿权转让给后某公司。2015年3月24日，后某公司因超出名称保留期，而未在工商部门注册营业执照。2016年6月14日，重庆市北碚区人民法院作出执行裁定，查封黄某以后某公司名下受让的富某公司茶叶坡砂岩矿采矿权受让合同权益、砂岩矿矿产资源采矿权及设备，查封期限两年。2016年7月26日，被告向富某公司和后某公司发出限期办理采矿权登记手续的通知。2016年8月8日，原告以后某公司名义向被告代缴纳采矿权价款30 000元，采矿权使用费500元。后被告向第三人颁发了茶叶坡砂岩矿采矿许可证。<br/>　　二审法院另查明以下事实：富某公司在签订《采矿权转让合同》后，向被告申请转让采矿权给后某公司，北碚区国土局于2014年10月21日批复准予转让；被告认可在颁发被诉采矿许可证前即已收到北碚区人民法院送达的执行裁定书及协助执行通知书；富某公司原持有的采矿许可证与本案被诉采矿许可证上记载的矿区范围拐点坐标均一致；某海公司作为申请人于2016年7月向北碚区国土局提交的《采矿权变更登记申请书》上记载的变更类型为“矿山企业名称变更”，变更内容栏中记载采矿权人由后某公司变更为某海公司。<br/>　　重庆市合川区人民法院于2018年3月7日作出(2017)渝0117行初234号行政裁定：驳回原告屈某洪的起诉。<br/>　　屈某洪不服一审裁定提起上诉，重庆市第一中级人民法院于2018年8月7日作出（2018）渝01行终435号行政裁定：一、撤销重庆市合川区人民法院(2017)渝0117行初234号行政裁定；二、本案指令重庆市合川区人民法院继续审理。</p>","<p>　　法院生效裁判认为：《中华人民共和国行政诉讼法》第25条第1款规定，行政行为的相对人以及其他与行政行为有利害关系的公民、法人或者其他组织，有权提起诉讼。屈某洪并非被诉行政行为的相对人，因此，北碚区国土局向某海公司颁发涉案采矿许可证的行为是否与屈某洪之间存在利害关系，即为本案判断屈某洪是否具备原告主体资格的关键因素。<br/>　　《中华人民共和国行政诉讼法》第十二条第一款第十二项规定，公民、法人或者其他组织提起的认为行政机关侵犯其他人身权、财产权等合法权益的诉讼，属行政诉讼的受案范围。但行政诉讼法所保护的并非所有主体一般的、宽泛的合法权益，而必须是与被诉行政行为产生特定关联的、确定的合法权益。起诉人基于其合法权益受到行政行为侵犯而提起行政诉讼，前提必须是被诉行政行为与其权益受侵之间存在特定的联系，产生法律规范保护的权益，从而才能建立起行政法意义上的利害关系，取得原告的主体资格。<br/>　　本案所涉财产性权利有二：采矿权和债权。关于采矿权，《中华人民共和国物权法》在用益物权编规定了依法取得的采矿权受法律保护；《中华人民共和国矿产资源法实施细则》第六条规定，采矿权是指在依法取得的采矿许可证规定的范围内，开采矿产资源和获得所开采的矿产品的权利。因此，采矿权的权利构成具有复合性，既包括特许开采权，也包含财产性权利。关于债权，从民事法律关系而言，债权也系财产性权利的一种。<br/>　　本案虽涉及采矿权，但屈某洪并非认为自身所有的采矿权变更登记错误而提起诉讼，其起诉是基于该采矿权已由其申请人民法院采取司法执行行为进行了查封，北碚区国土局的颁证行为影响了其债权的实现。债权是一种相对权，通常而言不属公法上规范保护的权益，但在特定情形下，因法律法规的特别规定，或某一法律事实的发生，则可能要求行政机关在作出行政行为时对此予以考虑和保护。如《最高人民法院关于审理房屋登记案件若干问题的规定》第四条规定：“房屋登记机构为债务人办理房屋转移登记，债权人不服提起诉讼，符合下列情形之一的，人民法院应当依法受理：……（三）人民法院依债权人申请对房屋采取强制执行措施并已通知房屋登记机构的。”《最高人民法院关于适用〈中华人民共和国行政诉讼法〉的解释》第十三条对此进一步规范：“债权人以行政机关对债务人所作的行政行为损害债权实现为由提起行政诉讼的，人民法院应当告知其就民事争议提起民事诉讼，但行政机关作出行政行为时依法应予保护或者应予考虑的除外。”<br/>　　本案中，北碚区国土局颁发给某海公司的采矿许可证所涉采矿权，原登记在富某公司名下，黄某以后某公司的名义与富某公司签订《采矿权转让合同》将该采矿权转让给后某公司，并经北碚区国土局批复同意，但后某公司因故未能成立，未办理采矿权的变更登记手续及采矿许可证。前述《采矿权转让合同》的签订系黄某为设立后某公司而从事的民事活动，其法律后果由设立人黄某承受。<br/>　　屈某洪作为黄某的债权人，基于其对黄某享有的债权，向北碚区人民法院申请对黄某的财产进行保全，北碚区人民法院依法作出执行裁定，查封黄某以后某公司名下受让的富某公司茶叶坡砂岩矿采矿权受让合同权益、砂岩矿矿产资源采矿权及设备，查封期限为两年，并向北碚区国土局送达了相关法律文书。该司法执行行为并不直接导致屈某洪取得采矿权，其目的是保障屈某洪对黄某的债权得以实现，至此，本案所涉采矿权中的财产利益即与屈某洪债权实现间的联系特定化，继而对该采矿权进行变更的行政行为则可能对屈某洪的权利义务关系产生影响。北碚区国土局将该采矿权登记在某海公司名下，并颁发采矿许可证，某海公司作为独立法人，与黄某显然不属同一主体，该行政行为可能影响屈某洪的合法权益，北碚区国土局在作出该行政行为时，理应对此进行考虑和保护。因此，屈某洪与本案被诉行政行为之间具有利害关系，其作为本案原告提起行政诉讼符合法律规定。</p>","<p>人民法院依债权人申请查封债务人财产后，行政机关依债务人申请将该财产予以变更登记，债权人以行政行为损害债权实现为由提起行政诉讼的，人民法院应认定其具备原告主体资格。</p>","<p>　　《中华人民共和国行政诉讼法》第12条第1款第12项、第25条第1款<br/>　　《最高人民法院关于适用〈中华人民共和国行政诉讼法〉的解释》第13条</p><br/>######<p>　　一审：重庆市合川区人民法院（2017）渝0117行初234号行政裁定（2018年3月7日）<br/>　　二审：重庆市第一中级人民法院（2018）渝01行终435号行政裁定（2018年8月7日）</p>","\N","\N","2026-01-21 10:27:30","2026-01-21 10:27:30","08125d8f89876d18998fb7dfff53eab7","\N","20260426","","","","","","","","","","","","","","","","","","","","","","","","","","","","","",""
"2171","人民法院案例库","https://rmfyalk.court.gov.cn","行政-行政赔偿","2024-11-3-020-002","浙江省高级人民法院","行政,行政赔偿,土地征收,赔偿数额,酌定条件","二审","2018.08.31","02","<p>　　郑某与浙江省临海市括苍镇某村等村民签订土地承包经营权转包（出租）合同，承租近35亩土地用于种植苗木，约定种植时间6年。因杭绍台高速公路临海段括苍枢纽落地匝道延长工程项目建设的需要，郑某承租的苗木基地划为高速公路建设用地。由于有关部门与郑某就苗木基地的补偿问题未能达成一致意见，涉及的郑某苗木基地未完成清表工作，影响工程建设。2017年6月5日，杭绍台高速公路临海段建设指挥部和括苍镇人民政府向某村下发交地清表告知书。2017年6月29日，杭绍台高速公路临海段建设指挥部和括苍镇人民政府组织人员，对案涉的苗木基地强行清理。郑某因此向法院提起行政赔偿诉讼。<br/>　　另查明，经杭绍台高速公路临海段建设指挥部的委托，某房地产评估有限公司于2017年6月20日出具《估价报告》，确定郑某所属的苗木大棚在价值时点2017年6月10日用于征收的评估价值为235795元；某工造价咨询公司于2017年6月16日出具《工程造价咨询报告书》，确定郑某苗木定案造价为1615061元。<br/>　　浙江省台州市中级人民法院于2018年2月7日作出（2017）浙10行赔初10号行政判决：被告临海市人民政府、临海市括苍镇人民政府赔偿郑某人民币一百八十五万零八百五十六元，限于判决发生法律效力之日起一个月内付清。各方当事人均不服，提出上诉。浙江省高级人民法院于2018年8月31日作出（2018）浙行赔终8号行政判决：一、撤销台州市中级人民法院（2017）浙10赔初10号行政赔偿判决；二、临海市人民政府、临海市括苍镇人民政府赔偿郑某人民币二百四十万元，限于判决发生法律效力之日起一个月内付清。三、驳回郑某的其他赔偿请求。</p>","<p>　　法院生效裁判认为，郑某的举证能证明杭绍台高速公路临海段建设指挥部和括苍镇人民政府共同实施了涉案强制清理苗木的行为。临海市人民政府作为组建杭绍台高速公路临海段建设指挥部的行政机关，依法应对杭绍台高速公路临海段建设指挥部的行为承担法律责任。杭绍台高速公路临海段建设指挥部和临海市括苍镇人民政府在未进行补偿的情况下，没有按照法定程序实施案涉强制清理苗木的行为违法。临海市人民政府、临海市括苍镇人民政府依法需要承担国家赔偿责任。郑某的苗木基地因被征收用于高速公路建设，其主张恢复原状的诉讼请求不能支持，临海市人民政府、括苍镇人民政府应当给付相应的赔偿金。临海市人民政府、括苍镇人民政府提供的工程造价咨询报告书和估价报告不能作为依据。某工造价咨询公司和某源房地产评估有限公司系案涉指挥部单方委托评估的，没有证据表明两公司具有评估资质，评估前相关情况均未经郑某签字认可，相关评估报告也未送达郑某。故郑某提出的异议成立。本案强制清理苗木时苗木品种、数量和附属物等具体情况，既没有经过公证，也没有双方认可的记载，已经无法重新评估。由于各方当事人均未能进一步提供相关证据证明各自主张，法院结合各方当事人的主张、在案证据等，酌情确定临海市人民政府、括苍镇人民政府赔偿郑某240万元。原审判决适用法律有误，依法应予纠正。故法院依法作出如上裁判。<br/>　<br/>　　</p>","<p>在行政赔偿案件中，当事人的损失因客观原因无法鉴定的，人民法院应当结合当事人的主张、在案证据，遵循法官职业道德，运用逻辑推理和生活经验、生活常识等，酌情确定赔偿数额。</p>","<p>　　《中华人民共和国行政诉讼法》第38条</p><br/>######<p>　　一审：浙江省台州市中级人民法院（2017）浙10行赔初10号行政判决（2018年2月7日）<br/>　　二审：浙江省高级人民法院（2018）浙行赔终8号行政判决（2018年8月31日）</p>","\N","\N","2026-01-21 10:27:30","2026-01-21 10:27:30","0862a43981e2d2a7a442dd7f35b4aa08","\N","20260426","","","","","","","","","","","","","","","","","","","","","","","","","","","","","",""
"1422","人民法院案例库","https://rmfyalk.court.gov.cn","行政-行政登记","2024-12-3-006-006","蒙城县人民法院","行政,行政登记,工商登记,增设登记条件,住所地","一审","2021.09.01","02","<p>　　2021年4月1日，安徽某汽车销售服务有限公司（以下简称安徽某汽车销售公司）向安徽省蒙城县市场监督管理局申请设立蒙城县某机动车检测服务有限公司（以下简称蒙城某机动车检测公司），同日蒙城县市场监督管理局出具了受理通知书。该局受理后进行调查核实，认为申请材料中拟设立公司住所使用的土地不符合土地管理法的规定，于2021年4月8日向安徽某汽车销售公司送达了《行政许可申请材料补正通知书》，通知安徽某汽车销售公司补充提交拟设立登记的蒙城某机动车检测公司使用经营的土地和规划证明材料。<br/>　　2021年4月15日，蒙城县市场监督管理局认为安徽某汽车销售公司没有提供上述材料，违反《中华人民共和国公司登记管理条例》第十条的规定，遂根据该条例第五十三条第二款作出（蒙市监）登记内驳字〔2021〕第0415-01号《登记驳回通知书》，对安徽某汽车销售公司申请设立蒙城某机动车检测公司，不予登记。安徽某汽车销售公司不服，向蒙城县人民法院提起行政诉讼，请求撤销上述不予登记。<br/>　　安徽省蒙城县人民法院于2021年9月1日作出（2021）皖1622行初32号行政判决：一、撤销蒙城县市场监督管理局2021年4月15日作出的（蒙市监）登记内驳字〔2021〕第0415-01号《登记驳回通知书》；二、责令蒙城县市场监督管理局于本判决生效之日起三十个工作日内对安徽某汽车销售公司的申请重新作出决定。宣判后，原告、被告未提出上诉，判决已发生法律效力。</p>","<p>　　法院生效裁判认为：根据《中华人民共和国公司法》《中华人民共和国公司登记管理条例》的相关规定，蒙城县市场监督管理局作为工商行政管理部门，具有对本辖区内的公司设立登记申请进行审查并决定是否准予登记的法定职责。《中华人民共和国公司登记管理条例》第二十条第二款第八项规定，申请设立有限责任公司，应当向公司登记机关提交公司住所证明。本案中，安徽某汽车销售公司申请材料齐全、符合法定形式。蒙城县市场监督管理局认为该公司未提交土地和规划证明材料，不能证明拟设立公司的住所能够从事机动车检测，对该公司申请设立登记蒙城某机动车检测公司决定不予登记，没有事实和法律依据。综上，蒙城县市场监督管理局作出的（蒙市监）登记内驳字〔2021〕第0415-01号《登记驳回通知书》依法应予撤销。故法院依法作出如上裁判。</p>","<p>行政机关设定和实施行政许可，应当依照法定的权限、范围、条件和程序，不得随意增设条件。根据《中华人民共和国公司登记管理条例》的规定，申请设立公司应当提交的公司住所证明是指能够证明公司对其住所享有使用权的文件，并由公司登记机关依法对材料的真实性进行审核。至于该住所是否符合从事特定经营活动的要求，不属于公司登记机关在设立登记时应当审查的内容。公司登记机关以申请人未能提交住所符合从事特定经营活动要求的材料为由不予登记的，属于增设许可条件，依法应予撤销。</p>","<p>　　《中华人民共和国行政诉讼法》第70条第1项、第2项<br/>　　《中华人民共和国公司登记管理条例》第20条第2款</p><br/>######<p>　　一审：安徽省蒙城县人民法院（2021）皖1622行初32号行政判决（2021年9月1日）</p>","\N","\N","2026-01-21 10:27:30","2026-01-21 10:27:30","093201c80327c0fc046749aec4c58d38","\N","20260426","","","","","","","","","","","","","","","","","","","","","","","","","","","","","",""
"5662","人民法院案例库","https://rmfyalk.court.gov.cn","行政-专利相关行政案件","2025-13-3-024-016","最高人民法院","行政,专利相关行政案件,发明专利权无效,权利要求清楚,权利要求得到说明书支持,自定义产品型号","二审","2024.06.27","02","沈阳某工业有限公司系专利号为20161029****.6、名称为“一种树脂基复合材料飞机零件拉形模具的制造方法”的发明专利（以下简称本专利）的专利权人。本专利权利要求为：“1.一种树脂基复合材料飞机零件拉形模具的制造方法，其具体实现步骤如下：<br/>　　a、以基体形状为体芯制造泡沫基体模型，以质量比为2100：400的比例将环氧基树脂材料与氢氧化铝粉混合成泥状混合物，然后将所述泥状混合物沿所述泡沫基体模型腔内壁贴敷，厚度达到50mm时，贴上一层玻璃纤维布，重复上述步骤直到基体模型腔填满为止，常温下固化24小时后树脂基体固化成形；<br/>　　b、以表面形状为型芯制造泡沫表面模型；<br/>　　c、将所述泡沫表面模型套在固化后的树脂基体上，在所述泡沫表面模型上方打好浇道及多个出气孔，自所述浇道向泡沫表面模型内灌入树脂材料，使泡沫表面模型腔填满为止；<br/>　　d、常温下固化24小时，制成表面；<br/>　　e、利用数控机床加工制成飞机零件拉形模具。<br/>　　所述步骤a的环氧基树脂材料为SAM910树脂材料。<br/>　　所述步骤c的树脂材料为SAM900树脂材料。<br/>　　2.如权利要求1所述的一种树脂基复合材料飞机零件拉形模具的制造方法，其特征在于，所述步骤e制成的飞机零件拉形模具包括基体，位于基体上方的表面及位于基体一侧的吊环。”<br/>　　2020年12月1日，西安某航空科技有限公司针对本专利权提出无效宣告请求，主张本专利权利要求保护范围不清楚，不符合《中华人民共和国专利法》第二十六条第四款的规定。沈阳某工业有限公司主张权利要求中的SAM910和SAM900树脂材料为其公开销售的产品。国家知识产权局于2021年6月29日作出第50769号无效宣告请求审查决定（以下简称被诉决定），维持本专利权有效。西安某航空科技有限公司不服，向北京知识产权法院提起诉讼。<br/>　　北京知识产权法院于2022年12月26日作出（2021）京73行初12765号行政判决，驳回西安某航空科技有限公司的诉讼请求。西安某航空科技有限公司不服，提起上诉。最高人民法院于2024年6月27日作出（2023）最高法知行终269号行政判决：撤销一审判决、被诉决定，由国家知识产权局就西安某航空科技有限公司针对本专利提出的无效宣告请求重新作出审查决定。","本案的争议焦点为：本专利权利要求是否清楚。<br/>　　    《中华人民共和国专利法》（2008年修正）第二十六条第四款规定：“权利要求书应当以说明书为依据，清楚、简要地限定要求专利保护的范围。”权利要求书体现的是专利的保护范围，具有划定专利权边界的法律效力，是判断专利权是否无效的法定依据。因此，发明专利的全部技术特征必须清楚、简要地记载在权利要求书中，其中“清楚”要求主题明确、用词准确。<br/>　　    本案中，本专利权利要求中的SAM910和SAM900树脂材料系沈阳某工业有限公司自定义的产品型号，并非本领域已有固定含义的通用术语。本专利说明书既未公开SAM910和SAM900树脂材料的获得渠道，又未公开其结构、组分、性能、制造方法等信息，其所指物质不能确定。在此情况下，本领域普通技术人员阅读本专利权利要求书、说明书以及附图后，无法合理确定SAM910和SAM900树脂材料的含义，导致本专利权保护范围不清楚。<br/>　　    沈阳某工业有限公司主张SAM910和SAM900树脂材料是其在售的产品，进而主张本专利权利要求是清楚的。对此，法院认为，判断专利权利要求是否清楚，应当从本领域普通技术人员的视角出发，通过审查权利要求与说明书之间关系作出评判。至于专利权人自定义的SAM910和SAM900型号树脂材料是否属于在售产品、无效宣告请求人此前是否购买过该自定义型号产品，因上述事实在专利说明书中并未记载，亦未影响本领域普通技术人员的普遍认知，与专利权利要求是否清楚的判断缺乏关联性。","使用自定义产品型号限定权利要求，如果说明书及附图既未公开该自定义型号产品的获得渠道，又未说明其结构、组分、性能、制造方法等技术信息，本领域技术人员难以明确其具体含义，不能确定其所指物质的，应当认定该权利要求保护范围不清楚。","《中华人民共和国专利法》第26条第4款（本案适用的是2008年修正的《中华人民共和国专利法》第26条第4款）<br/>######　　　　一审：北京知识产权法院（2021）京73行初12765号行政判决（2022年12月26日）<br/>　　二审：最高人民法院（2023）最高法知行终269号行政判决（2024年6月27日）","\N","","2026-01-21 10:27:30","2026-01-21 10:27:30","093b59cdec28b82b05e40bdf33403502","\N","20260426","","","","","","","","","","","","","","","","","","","","","","","","","","","","","",""
"692","人民法院案例库","https://rmfyalk.court.gov.cn","行政-行政协议","2024-12-3-018-005","最高人民法院","行政,行政协议,行政协议,行政优益权,合同效力,税收优惠","再审","2019.05.22","02","2005年9月13日，山东省安丘市人民政府（以下简称安丘市政府）与莱芜某钢铁有限公司（以下简称某钢铁公司）签订《安丘市长安路改造及沿街房屋开发建设项目合同书》（以下简称《合同书》），以开展安丘市长安路改造及沿街房屋开发建设项目工作，《合同书》共九条，分别对规划和开发建设的基本要求、合作及投资建设方式、房屋拆迁及补偿安置工作、政策优惠、甲方（安丘市政府）的权利和义务、乙方（某钢铁公司）的权利和义务、违约责任、生效时间等事项作出了约定。根据《合同书》第二条的规定，甲方把该项目作为安丘市城市建设重点工程，并成立工程指挥部负责组织领导和协调，安排人员协助乙方，为乙方创造良好的开发建设环境；乙方依照《公司法》的要求，在安丘注册成立房地产开发公司，负责乙方承建的长安路两侧沿街商铺和住宅的开发；甲方以招拍挂方式向乙方出让开发用地的使用权，乙方在支付土地出让金后，由甲方为乙方办妥土地证；土地出让金除集体用地补偿及手续费外，甲方返还乙方用于拆迁补偿安置及道路建设。根据《合同书》第四条的规定，甲方同意给乙方提供以下优惠政策，用于道路建设补偿：1.免收基础设施配套费、人防易地建设费、综合开发费、墙改基金、散装水泥费、劳保统筹基金、抗震、防雷检测费；2.免收土地契税、土地增值税、土地使用税；3.营业税（含教育附加费、城市调节基金）、所得税地方留成部分用于项目市政设施投资补助，并于乙方交纳30日内返还乙方；4.长安路新增经营户三年内免交工商税收；5.乙方在领取《商品房销售许可证》后，可根据自己的经营模式对商品房进行预售、销售。在开发过程中，甲方协调有关部门协助乙方办理售房按揭贷款、产权手续等，免收购房人大修理基金。根据《合同书》第七条违约责任的规定，合同一经签订，双方必须严格遵守，一方违约必须赔偿给对方造成的经济损失。甲方安丘市政府、乙方某钢铁公司均在《合同书》上签字、盖章予以确认。<br/>　　2005年10月26日，某钢铁公司与涂某注册成立了原告潍坊某置业公司，经营范围为房地产开发。潍坊某置业公司按照《合同书》的要求，于2009年底完成了安丘市长安路商业街沿线的市政设施建设，并于2010年移交安丘市市政管理处运营管理。潍坊某置业公司还完成了沿街商铺和住宅的投资开发及拆迁补偿安置工作。<br/>　　在长安路项目建设过程中，潍坊某置业公司提供的税单显示其缴纳了土地增值税、土地使用税、营业税、教育附加费等多项税款。被告市政府返还了部分土地出让金，但尚未返还部分税款。2011年11月12日，潍坊某置业公司请求安丘市政府返还相应税款。安丘市政府相关领导批示请财政局、住建局按合同处理。<br/>　　另查明，2006年6月27日，安丘市政府作出批复，向潍坊某置业公司出让位于安丘市永安路以东、长安路两侧的土地55987平方米。潍坊某置业公司与安丘市国土资源局签订了国有土地使用权出让合同，工程已竣工验收合格。2010年8月2日，潍坊某置业公司的股东变更为鲁某、涂某二人。<br/>　　潍坊某置业公司认为其已按合同要求完成长安路基础设施建设和搬迁安置工作，安丘市政府拒绝履行合同义务给原告造成经济损失。潍坊某置业公司以安丘市政府拒绝履行合同义务为由，向法院提起行政诉讼，请求：1.确认涉案《合同书》有效；2.确认安丘市政府不履行《合同书》第四条第2、3项的行为违法；3.判令安丘市政府履行合同，向原告潍坊某置业公司支付人民币17435857元（币种下同）及延期支付的经济损失。诉讼中，原告变更第3项诉讼请求，改为要求安丘市政府按合同约定向其支付人民币17155718.85元，涉及的税款地方留成部分按县市级财政分享收入32%计算，延期支付经济损失自  原告潍坊某置业公司起诉之日起按照银行同期贷款利率计算利息。<br/>　　在诉讼过程中，某钢铁公司向法院出具书面证明材料，确认某钢铁公司与安丘市政府签订的《合同书》由潍坊某置业公司履行，某钢铁公司不再享有或履行《合同书》的权利和义务，也不参与本案诉讼。<br/>　　山东省潍坊市中级人民法院于2016年11月2日作出(2015) 潍行初字第35号行政判决：一、确认安丘市人民政府与莱芜某钢铁有限公司于2005年9月13日签订的《安丘市长安路改造及沿街房屋开发建设项目合同书》第四条第3项有效；二、安丘市人民政府向潍坊某置业发展有限公司返还缴纳营业税、教育附加费、所得税地方留成部分款项4556125.78元，并赔偿相应的银行同期贷款利息损失；三、驳回潍坊某置业发展有限公司的其他诉讼请求。<br/>　　一审宣判后，潍坊某置业公司不服提起上诉，山东省高级人民法院于2017年7月18日做出(2017)鲁行终495号行政判决：一、维持潍坊市中级人民法院(2015)潍行初字第35号行政判决第一项，即确认安丘市人民政府与山东莱芜某钢铁有限公司于2005年9月13日签订的《安丘市长安路改造及沿街房屋开发建设项目合同书》第四条第3项有效；第三项，即驳回潍坊某置业发展有限公司的其他诉讼请求。二、变更潍坊市中级人民法院(2015)潍行初字第35号行政判决第二项为安丘市人民政府于本判决送达之日起三十日内返还潍坊某置业发展有限公司缴纳的营业税、教育附加费、所得税地方留成部分共计11160072.08元，并按照中国人民银行同期贷款利率计算利息（利息自2015年5月18日起计算至本判决履行之日止）。<br/>　　二审宣判后，安丘市人民政府、潍坊某置业公司向最高人民法院申请再审，最高人民法院于2019年5月22日做出（2017）最高法行申7679号行政裁定，驳回再审申请人的再审申请。","本案属于行政协议纠纷，争议焦点为涉案合同书是否为无效合同或其中的部分条款无效以及履行该合同是否侵害社会公共利益。<br/>　　一、关于涉案合同书的效力问题<br/>　　行政协议具有两面性，既有作为行政管理方式“行政性”的一面，也有作为公私合意产物“合同性”的一面，故行政协议既是一种行政行为，具有行政行为的属性；又是一种合同，体现合同制度的一般特征。因此，对于行政协议无效的判断，既适用行政诉讼法关于无效行政行为的规定，同时也适用民事法律规范中关于合同无效的规定。二审法院已经从上述两个层面分别对本案被诉行政协议是否无效作出评判。再审申请人安丘市政府主张涉案合同书违反法律、行政法规的强制性规定而整体无效，其理由主要有两方面，一是安丘市政府未按照招投标的法定程序选定建设单位，二是安丘市政府选定的建设单位并不具备相应的资质等级。然而，行政协议作为一类特殊类型的行政行为，对行政协议效力的判断首先应当适用行政诉讼法关于无效行政行为的规定。即依照《中华人民共和国行政诉讼法》第七十五条以及《最高人民法院关于适用〈中华人民共和国行政诉讼法〉的解释》（法释〔2018〕1号）第九十九条规定的“重大且明显违法”标准进行严格判定。脱离行政协议的行政行为属性，单纯援用民事法律合同无效事由条款否认行政行为的效力，动辄将双方经磋商达成合意的行政协议退回原点，既阻碍行政协议功能的发挥，又悖于协议订立之初的目的实现，也不利于协议相对人信赖利益的保护。本案中，再审申请人安丘市政府的上述理由均不能从实质上否认涉案合同书的效力，法院对其主张不予支持。<br/>　　二、关于涉案合同书具体条款的效力问题<br/>　　本案合同履行争议主要围绕合同书第四条第2项和第3项展开。合同书第四条第2项是关于免收土地契税、土地增值税、土地使用税的约定，该约定是安丘市政府以税收优惠的形式为潍坊某置业公司道路建设进行的补偿，具有合同对价性质，且意思表示真实。国务院《国务院关于税收等优惠政策相关事项的通知》第三条规定：“各地与企业已签订合同中的优惠政策，继续有效；对已兑现的部分，不溯及既往。”安丘市政府的税收优惠约定条款符合上述规定，应为有效约定。一审法院认为合同书第四条第2项约定超越了安丘市政府的法定权限，违反了《中华人民共和国税收征收管理法》的强制性规定，缺乏充分依据，二审法院纠正一审错误，应予肯定。合同书第四条第3项涉及营业税、所得税地方留成在潍坊某置业公司交纳后予以返还问题，上述费用属于地方政府财政性收入，安丘市政府享有自主支配权，在此基础上订立的合同条款并不违反法律、行政法规的强制性规定，亦应为有效约定。<br/>　　三、关于涉案合同的履行问题<br/>　　行政协议是行政机关基于行政裁量权与行政相对人协商一致而形成的，在不存在无效情形时，行政主体和行政相对人必须全面遵守和履行行政协议约定的各项义务。再审申请人安丘市政府主张行政协议无效，实际上是要通过行使行政优益权单方解除行政协议。但是，行政优益权的行使必须符合法律规定，非因公共利益需要或国家法律政策发生重大调整，行政机关不得行使行政优益权单方变更、解除合同。再审申请人安丘市政府主张涉诉合同书中的优惠政策应当以长安路道路建设成本为限，但安丘市政府的该项主张已经对于合同的具体条款作出了限缩解释，减损了协议相对人的合同项下应获得的利益，属于不当行使行政优益权。另外，安丘市政府也未能提供充分的证据证明税收优惠超出道路建设成本会导致公共利益受到损害的事实。故法院对再审申请人安丘市政府的该项主张不予支持。<br/>　　再审申请人潍坊某置业公司主张返还土地增值税和土地使用税及利息，虽然双方在合同中约定免交，但本案的实际情况是，潍坊某置业公司在已经交纳上述两项税费的情况下请求返还，且潍坊某置业公司自述上述税款是通过税务机关稽查征缴方式缴纳的，该缴纳税款行为已经超出合同约定的内容，且形成了新的行政法律关系，若潍坊某置业公司对此持有异议可以另行依法主张权利，法院对于此项主张不予支持。<br/>","1.行政优益权的行使必须符合法律规定，非因公共利益需要或国家法律政策发生重大调整，行政机关不得行使行政优益权单方变更、解除合同。对合同条款作限缩解释，减损相对人合同利益，属于不当行使行政优益权。<br/>　　    2.地方政府在地方建设开发和招商引资领域的优惠政策应保持持续性和连贯性，以保护相对人的信赖利益及其他合法权益。涉及地方财政收入的税款返还条款，地方政府享有自主支配权，不违反法律规定，亦应为有效约定。<br/>","《中华人民共和国行政诉讼法》第75条<br/>　　《最高人民法院关于适用〈中华人民共和国行政诉讼法〉的解释》（法释〔2018〕1号）第99条<br/>######　　一审：山东省潍坊市中级人民法院(2015)潍行初字第35号行政判决（2016年11月2日）<br/>　　二审：山东省高级人民法院(2017)鲁行终495号行政判决（2017年7月18日）<br/>　　再审：最高人民法院(2017)最高法行申7679号行政裁定（2019年5月22日）<br/>","\N","\N","2026-01-21 10:27:30","2026-01-21 10:27:30","09d4e2ecedf8afe40a57616615198c6e","\N","20260426","","","","","","","","","","","","","","","","","","","","","","","","","","","","","",""
"5341","人民法院案例库","https://rmfyalk.court.gov.cn","行政-行政赔偿","2017-18-3-020-001","安徽省高级人民法院","行政,行政赔偿,强制拆除,举证责任,市场合理价值","二审","2015.11.24","01","<p>　　2011年12月5日，安徽省人民政府作出皖政地〔2011〕769号《关于马鞍山市2011年第35批次城市建设用地的批复》，批准征收马鞍山市花山区霍里街道范围内农民集体建设用地10.04公顷，用于城市建设。2011年12月23日，马鞍山市人民政府作出2011年37号《马鞍山市人民政府征收土地方案公告》，将安徽省人民政府的批复内容予以公告，并载明征地方案由花山区人民政府实施。苏月华名下的花山区霍里镇丰收村丰收村民组B11-3房屋在本次征收范围内。苏月华于2011年9月13日去世,其生前将该房屋处置给四原告所有。原告古宏英系苏月华的女儿，原告沙明保、沙明虎、沙明莉系苏月华的外孙。在实施征迁过程中，征地单位分别制作了《马鞍山市国家建设用地征迁费用补偿表》、《马鞍山市征迁住房货币化安置（产权调换）备案表》，对苏月华户房屋及地上附着物予以登记补偿，原告古宏英的丈夫领取了安置补偿款。2012年年初，被告组织相关部门将苏月华户房屋及地上附着物拆除。原告沙明保等四人认为马鞍山市花山区人民政府非法将上述房屋拆除,侵犯了其合法财产权，故提起诉讼,请求人民法院判令马鞍山市花山区人民政府赔偿房屋损失、装潢损失、房租损失共计282.7680万元；房屋内物品损失共计10万元，主要包括衣物、家具、家电、手机等5万元；实木雕花床5万元。<br/>　　马鞍山市中级人民法院判决驳回原告沙明保等四人的赔偿请求。沙明保等四人不服，上诉称：1.2012年初，马鞍山市花山区人民政府对案涉农民集体土地进行征收，未征求公众意见，上诉人亦不知以何种标准予以补偿；2.2012年8月1日，马鞍山市花山区人民政府对上诉人的房屋进行拆除的行为违法，事前未达成协议，未告知何时拆迁，屋内财产未搬离、未清点，所造成的财产损失应由马鞍山市花山区人民政府承担举证责任；3.2012年8月27日，上诉人沙明保、沙明虎、沙明莉的父亲沙开金受胁迫在补偿表上签字，但其父沙开金对房屋并不享有权益且该补偿表系房屋被拆后所签。综上，请求二审法院撤销一审判决，支持其赔偿请求。<br/>　　马鞍山市花山区人民政府未作书面答辩。</p>","<p>　　法院生效裁判认为：根据《中华人民共和国土地管理法实施条例》第四十五条的规定，土地行政主管部门责令限期交出土地，被征收人拒不交出的，申请人民法院强制执行。马鞍山市花山区人民政府提供的证据不能证明原告自愿交出了被征土地上的房屋，其在土地行政主管部门未作出责令交出土地决定亦未申请人民法院强制执行的情况下，对沙明保等四人的房屋组织实施拆除，行为违法。关于被拆房屋内物品损失问题，根据《中华人民共和国行政诉讼法》第三十八条第二款之规定，在行政赔偿、补偿的案件中，原告应当对行政行为造成的损害提供证据。因被告的原因导致原告无法举证的，由被告承担举证责任。马鞍山市花山区人民政府组织拆除上诉人的房屋时，未依法对屋内物品登记保全，未制作物品清单并交上诉人签字确认，致使上诉人无法对物品受损情况举证，故该损失是否存在、具体损失情况等，依法应由马鞍山市花山区人民政府承担举证责任。上诉人主张的屋内物品5万元包括衣物、家具、家电、手机等，均系日常生活必需品，符合一般家庭实际情况，且被上诉人亦未提供证据证明这些物品不存在，故对上诉人主张的屋内物品种类、数量及价值应予认定。上诉人主张实木雕花床价值为5万元，已超出市场正常价格范围，其又不能确定该床的材质、形成时间、与普通实木雕花床有何不同等，法院不予支持。但出于最大限度保护被侵权人的合法权益考虑，结合目前普通实木雕花床的市场价格，按“就高不就低”的原则，综合酌定该实木雕花床价值为3万元。综上，法院作出如上判决。</p>","<p>在房屋强制拆除引发的行政赔偿案件中，原告提供了初步证据，但因行政机关的原因导致原告无法对房屋内物品损失举证，行政机关亦因未依法进行财产登记、公证等措施无法对房屋内物品损失举证的，人民法院对原告未超出市场价值的符合生活常理的房屋内物品的赔偿请求，应当予以支持。</p>","<p>　　《中华人民共和国行政诉讼法》第38条第2款</p>","\N","\N","2026-01-21 10:27:30","2026-01-21 10:27:30","09f73fa8d7857e80b1c326e07873b7a7","\N","20260426","","","","","","","","","","","","","","","","","","","","","","","","","","","","","",""
"3940","人民法院案例库","https://rmfyalk.court.gov.cn","行政-XX（行政行为）公益诉讼","2023-12-3-022-003","景谷傣族彝族自治县人民法院","行政,行政公益诉讼,行政管理职责,传统村落保护,实现诉讼请求,撤回起诉","一审","2022.06.14","02","<p>　　景东县境内的清凉村梁家组传统村落始建于清代，南北宽约600米，东西宽约200米，内有祠堂、梁家大院、吊脚楼、古戏楼等，全组85%以上居民仍保留原有的建筑风格，属第一批列入中国传统村落名录的国家级传统村落。景东县人民检察院以梁家组古村落存在不同程度的自然损坏、消防设施缺失、村民消防安全意识淡薄等问题，文井镇人民政府作为责任主体未全面依法履行职责为由，于2021年6月16日发出检察建议，督促其完善消防、防灾避险等必要的安全设施，整治文化遗产周边公共环境。同年7月9日，景东县文井镇人民政府书面回复景东县人民检察院已落实整改。同年11月7日，景东县人民检察院联合景东县消防救援大队对清凉村梁家组传统村落进行检查时发现，该村落存在线路老化、消防器材不完备、村民消防安全意识淡薄等情形，仍然存在消防安全隐患。景东县人民检察院遂向跨行政区域集中管辖的景谷傣族彝族自治县人民法院提起行政公益诉讼。<br/>　　法院在审理过程中，经与双方充分沟通、协调，督促被告景东县文井镇人民政府对清凉村梁家组传统村落存在消防安全隐患的问题进行了整改，消除安全隐患。被告景东县文井镇人民政府针对人民法院反馈的问题进行了全面整改。<br/>　　因公益诉讼起诉人的诉讼请求已全部实现，景东县人民检察院决定撤回起诉。云南省景谷傣族彝族自治县人民法院于2022年5月31日作出（2022）云0824行初1号行政裁定：准许公益诉讼起诉人景东彝族自治县人民检察院撤回起诉。</p>","<p>　　法院生效裁判认为，被告景东县文井镇人民政府已履行法定职责，消除传统村落存在的消防安全隐患，有效维护了国家利益和社会公共利益。公益诉讼起诉人的诉讼请求已经实现，撤回对被告的起诉符合法律规定，予以准许。</p>","<p>对于诉讼请求是否全部实现的认定，需结合公益诉讼请求的类型和目的予以综合判断。本案系行政机关未全面履行传统村落管理和保护职责引发的行政公益诉讼，诉讼请求是否实现应以行政机关依法全面适当履职，有效维护社会公共利益为审查判断标准。本案中，人民法院通过审查消防管理部门出具的安全评估报告，结合实地勘查情况，传统村落存在的消防安全隐患确已消除，故依法准许撤回起诉。人民法院通过积极延伸审判职能，加强与行政机关、检察机关的协调联动，共同促进传统村落的管理维护和历史文化的传承发展。</p>","<p>　　《中华人民共和国行政诉讼法》第62条<br/>　　《最高人民法院、最高人民检察院关于检察公益诉讼案件适用法律若干问题的解释》第24条<br/></p><br/>######<p>　　一审：云南省景谷傣族彝族自治县人民法院（2022）云0824行初1号行政裁定（2022年6月14日）</p>","\N","\N","2026-01-21 10:27:30","2026-01-21 10:27:30","0a13a1577c8a347308c6276f4e7fa431","\N","20260426","","","","","","","","","","","","","","","","","","","","","","","","","","","","","",""
"4162","人民法院案例库","https://rmfyalk.court.gov.cn","行政-专利相关行政案件","2023-13-3-024-007","最高人民法院","行政,实用新型专利权无效,创造性,非形状构造类特征,技术贡献","二审","2021.12.09","02","<p>　　浙江某公司系专利名称为“一次性单剂量药用低密度聚乙烯滴眼剂瓶”、专利号为201420651984.5的实用新型专利（以下简称本专利）的专利权人。2017年5月27日，李某针对本专利权提出无效宣告请求，对此原国家知识产权局专利复审委员会于2017年12月20日作出第34330号无效宣告请求审查决定（以下简称被诉决定），认为本专利权利要求1-5不具备《专利法》第22条第3款规定的创造性，据此宣告本专利权全部无效。浙江某公司不服，向北京知识产权法院提起诉讼，请求撤销被诉决定，判令国家知识产权局重新作出决定。<br/>　　北京知识产权法院于2020年10月15日作出（2018）京73行初3105号行政判决：驳回浙江某公司的诉讼请求。浙江某公司不服，提出上诉，最高人民法院于2021年12月9日作出（2021）最高法知行终621号行政判决：驳回上诉，维持原判。</p>","<p>　　法院生效裁判认为：实用新型专利保护的是产品的形状、构造或者其结合所提出的适于实用的新的技术方案。在实用新型专利创造性的审查中，对于材料特征和方法特征，应当主要考虑其对产品的形状、构造或者其结合是否产生影响；如果其没有对产品的形状、构造或者其结合产生影响，则未对产品的形状、构造或者其结合作出技术贡献，通常不会为实用新型专利带来创造性。<br/>　　本案中，本专利权利要求1限定的滴眼剂瓶的材质与瓶内盛装的滴眼剂具体药物组合物的相容性问题，是否会为本专利带来创造性，主要取决于二者的改进是否会对本专利要求保护的滴眼剂瓶产品的形状、构造或者其结合产生影响。从本专利权利要求及说明书的记载内容来看，本领域技术人员无法确定，权利要求1限定的滴眼剂瓶的材质与瓶内盛装的滴眼剂具体药物组合物的相容性问题，将会对本专利的形状、结构或者其结合产生何种影响，故上述区别技术特征对本专利的技术方案并未产生创造性贡献。一审判决对创造性判断的最终结论正确。</p>","<p>实用新型专利权的保护对象是由形状、构造或者其结合所构成的技术方案。如果权利要求中非形状构造类特征对产品的形状、构造或者其结合不具有影响，则其通常对于该权利要求的创造性不产生贡献。</p>","<p>　　《中华人民共和国专利法》第22条第3款（本案适用的是2009年10月1日施行的《中华人民共和国专利法》第22条第3款）</p><br/>######<p>　　一审：北京知识产权法院（2018）京73行初3105号行政判决（2020年10月15日）<br/>　　二审：最高人民法院（2021）最高法知行终621号行政判决（2021年12月9日）</p>","\N","\N","2026-01-21 10:27:30","2026-01-21 10:27:30","0aa4ac9e54abeee2d86b4da1eea39448","\N","20260426","","","","","","","","","","","","","","","","","","","","","","","","","","","","","",""
"4141","人民法院案例库","https://rmfyalk.court.gov.cn","行政-专利相关行政案件","2023-13-3-024-009","最高人民法院","行政诉讼,专利其他行政行为,专利权终止通知,行政诉讼,受案范围","二审","2022.05.05","02","<p>　　吴某系专利号为200410064310.6、名称为“快速密封装置及其制造方法和新的用途以及快速密封方法”的发明专利（以下简称涉案专利）的专利权人。2018年3月15日，国家知识产权局向吴某发出专利权终止通知（以下简称被诉通知），告知吴某根据2008年修正的《专利法》第42条的规定，涉案专利权因保护期届满于2018年3月11日终止。吴某不服，向北京知识产权法院提起诉讼，请求判令撤销被诉通知。<br/>　　北京知识产权局法院于2021年4月27日作出（2018）京73行初7686号行政判决：驳回吴某的诉讼请求。吴某提出上诉，最高人民法院于2022年5月5日作出（2022）最高法知行终54号行政裁定：一、撤销北京知识产权法院（2018）京73行初7686号行政判决；二、驳回吴某的起诉。</p>","<p>　　法院生效裁判认为：基于专利权已经届满，吴某作为专利权人的权利终止已属既定的法律事实，被诉通知的作出与否对专利权人的权利义务关系未产生实际影响。被诉通知既无发生法律效果的意思表示，也未在实际上产生行政法意义上的法律效果，属于不可提起行政诉讼的行政告知行为。吴某的起诉不属于行政诉讼的受案范围，应予驳回。</p>","<p>国家知识产权局基于专利权已因权利期限届满而终止的既定法律事实作出的专利权终止通知，并未对专利权人的权利义务产生实际影响，也未实际产生行政法意义上的法律效果，一般属于不可提起行政诉讼的行政行为。</p>","<p>　　《最高人民法院关于适用〈中华人民共和国行政诉讼法〉的解释》第1条、第69条</p><br/>######<p>　　一审：北京知识产权法院（2018）京73行初7686号行政判决（2021年4月27日）<br/>　　二审：最高人民法院（2022）最高法知行终54号行政裁定（2022年5月5日）</p>","\N","\N","2026-01-21 10:27:30","2026-01-21 10:27:30","0b439aec0f0cae3eb0f958c88915c6e1","\N","20260426","","","","","","","","","","","","","","","","","","","","","","","","","","","","","",""
"5629","人民法院案例库","https://rmfyalk.court.gov.cn","行政-专利相关行政案件","2025-13-3-024-008","浙江省宁波市中级人民法院","行政,专利相关行政案件,专利行政裁决,使用环境特征,开放式权利要求","一审","2019.11.21","02","宁波市知识产权局于2018年1月16日作出[2015]甬知案字34号《专利侵权纠纷处理决定书》（以下简称被诉决定）。该决定认定，被控侵权产品的技术方案落入涉案专利的权利保护范围，宁波某工贸公司构成许诺销售侵害第三人美国某公司的9719****.X号发明专利权产品行为。依据《中华人民共和国专利法》第六十条规定、《专利行政执法办法》第十七条规定，决定如下：认定侵权行为成立，鉴于专利权已过保护期间，对请求人的其他请求不予支持。<br/>　　宁波某工贸公司不服被诉决定，向浙江省宁波市中级人民法院提起行政诉讼。宁波某工贸公司诉称：该公司的涉案产品没有落入第三人美国某公司涉案专利的专利权保护范围，请求法院依法撤销被诉决定。理由：1.涉案专利的权利要求1中具有“一根单独的柔性材料条带”，而涉案产品为两根柔性材料条带，本案适用捐献原则；2.涉案产品的使用环境特征与涉案专利权利要求1的使用环境特征不同，没有落入涉案专利权利要求1的保护范围。<br/>　　法院经审理查明，涉案发明专利的名称为“固定夹形成的链”，专利号为9719****.X，该专利的申请日为1997年5月16日，公开日为1999年8月11日，授权日为2002年12月11日。该专利的原专利权人为案外人某有限公司，2013年11月19日变更专利权人为美国某公司，该专利现已届满终止。涉案专利权利要求1为：“一种固定夹链，用于带有一个入口端和一个出口端的夹子—紧固机，该夹子—紧固机具有一个细长的成行的带有所述出口端的储存架，适于放置在与家具横杆垂直的地方，该细长的由片状金属固定夹形成的链包括一系列首尾相连地排成一行的单独的、相同的固定夹，以便通过夹子—紧固机的储存架从垂直家具横杆的方向被送入，每个夹子会被固定在所述家具的横杆上，每个夹子包括一个平面基部，一个钩形端部，一个单独的位于每个钩形端部中的非金属垫片以及一根单独的柔性材料条带，该条带不形成垫片，而是固定在每个所述夹子上，以便使所述夹子链形成一个首尾相连的夹子链，从而多个夹子紧固机可与家具的横杆垂直地设置，用以将夹子垂直地输送给横杆，以便可以将多个夹子同时固定到横杆上，从而减少将夹子固定到横杆上实际所需的时间。”庭审中，宁波某工贸公司仅对被诉决定在侵权判定中有关使用环境的认定有异议。<br/>　　浙江省宁波市中级人民法院于2019年11月21日作出（2018）浙02行初43号行政判决：驳回宁波某工贸公司的诉讼请求。宣判后，双方均未提起上诉，判决已发生法律效力。","法院生效裁判认为：在使用环境特征对保护范围的限定作用是被保护的主题对象可以用于该种使用环境的情况下，只要被诉侵权产品也可以用于权利要求记载的使用环境，就应认定被诉侵权产品具备了该项使用环境特征。涉案专利权利要求1的特征“从而多个夹子紧固机可与家具的横杆垂直地设置，用以将夹子垂直地输送给横杆，以便可以将多个夹子同时固定到横杆上，从而减少将夹子固定到横杆上实际所需的时间”，并未将保护的主题对象夹子产品限定为必须用于多个夹子紧固机，而是可以同时用于多个夹子紧固机。因此权利要求1的使用环境特征对保护范围的限定作用是被保护主题夹子产品可以使用于该使用环境特征，而非必须用于该使用环境特征。同时，被诉侵权产品可以同时用于多个夹子紧固机，也可以仅用于一个夹子紧固机。因此，被诉侵权产品具备涉案专利权利要求1的使用环境特征。<br/>　　关于“柔性材料条带数量”。涉案专利得以实现其技术功能和效果的技术方案的关键点在于通过使用柔性材料条带将各个夹子彼此首尾连接起来，形成具有柔韧性及适于缠绕的夹子链。无论是一条柔性条带还是两条柔性条带，其所实现的功能和作用均是将夹子首尾相连形成具有柔韧性及适于缠绕的夹子链。同时，结合涉案专利权利要求6中安装方式的描述，足以认定权利要求书针对“柔性材料条带数量”采取了一种开放式的表述，即并不限于“一根柔性材料条带”。因此，涉案专利权利要求1的保护范围覆盖了“两条柔性材料条带”。<br/>　　综上，宁波市知识产权局认定被诉侵权产品的技术方案落入涉案专利的权利保护范围并无不当。","使用环境特征一般应当理解为，被保护的对象可以使用于该种环境即可，不要求其必须用于该种环境。但如果本领域技术人员在阅读专利权利要求书、说明书后，可以明确而合理地确定被保护对象必须用于该使用环境，则此时使用环境特征的理解亦应当遵循本领域技术人员的认知。<br/>","《中华人民共和国专利法》第64条第1款、第65条（本案适用的是2008年修正的《中华人民共和国专利法》第59条第1款、第60条）<br/>　　《中华人民共和国行政诉讼法》第69条<br/>######　　一审：浙江省宁波市中级人民法院（2018）浙02行初43号行政判决（2019年11月21日）<br/>","\N","\N","2026-01-21 10:27:30","2026-01-21 10:27:30","0b9ceb9e5b12433865e36ea0a937044a","\N","20260426","","","","","","","","","","","","","","","","","","","","","","","","","","","","","",""
"3072","人民法院案例库","https://rmfyalk.court.gov.cn","行政-行政强制措施","2023-12-3-002-004","文山市人民法院","行政,行政强制措施,实施主体,房地产主管部门,法律、法规规定,行政权限,授权","一审","2021.07.02","02","<p>　　某房地产公司诉称：2018年7月30日，其向文山市委、市政府递交《文山某房地产公司关于请求暂缓缴纳国有建设用地使用权“外挂资金”的情况汇报》，请求暂缓缴纳国有建设用地使用权外挂资金，并自愿以某泉居一期1/2#楼第三层建筑面积为5432.53㎡的商业，作为政府外挂资金的抵押物，并承诺在1年期限内缴清外挂资金，若逾期未缴纳可由政府处置抵押物。2020年6月18日，原告公司在进入网签备案系统后发现，原告公司的某泉居一期项目的网签备案功能被冻结，原告所有预售商品房包括商铺和车位都不能正常的进行商品房的销售及备案。2020年11月29日，原告向被告提交了《解冻申请》，请求解除对原告网签系统的冻结，让原告能够正常销售商品房包括商铺和车位。2020年12月1日，被告向原告作出《文山市住房中心关于锁定文山某房地产公司网签备案系统的函》，告知原告，被告的行为是根据文山市不动产登记中心（文不动产函〔2018〕23号）《文山市不动产登记中心关于协助办理文山某房地产不动产抵押的函》对原告公司的网签系统进行冻结。政府机关建立网签备案系统是为了更好的保障房地产企业正常交易，依法履行备案义务，保护购房者的合法权益的服务平台，我方与文山市自然资源局因为外挂资金的纠纷，文山市自然资源局已通过诉讼方式提请人民法院解决。现在，被告全然不顾网签平台的服务性质，在法律法规没有授权的情况下，仅以平级性质机关的函为依据，擅用公权力冻结原告的网签系统，导致原告不能正常进行房地产交易，违法干涉原告的经营，给原告造成巨大经济损失。故请求判令：撤销文山市住房和城乡建设局（以下简称文山市住建局）对文山某房地产开发有限公司网签备案系统的冻结。<br/>　　　　被告文山市住建局辩称：一、被告在网签备案系统限制原告网签交易备案系统的行为合法。2018年9月12日，文山市不动产登记中心就原告的情况汇报作出了回复（文不动产函【2018】23号），同意原告暂缓缴纳外挂资金，原告自愿以某泉居1/2#楼第二、三层全部商铺作为对政府外挂资金的抵押物，在原告未缴清欠款前，房管中心和不动产中心冻结质押商铺一切相关出售、登记的手续，待原告全额缴清欠款后，才给予解冻。原告接收该函后并未对内容事项提出任何异议，认可了该函作出的处理方式。二、2020年，文山市住房管理中心发现，原告对某泉居1/2#楼第二、三层商铺进行销售备案，经核查，1幢2楼37套商铺已被销售备案完，已不能满足当时作出承诺的面积及评估价值，为了避免更多的产权纠纷，才对原告某泉居项目进行交易限制。因此，被告的行为不具有违法性。综上所述，被告在网签备案系统限制原告交易被告的行为合法，原告的诉讼请求不应得到支持，应当予以驳回。<br/>　　法院经审理查明，2018年7月30日，原告向文山市委、市政府递交《文山某房地产公司关于请求暂缓缴纳国有建设用地使用权“外挂资金”的情况汇报》，请求暂缓缴纳国有建设用地使用权外挂资金，并自愿以原告开发的某泉居一期1/2#楼第三层建筑面积为5432.53㎡的商业，作为政府外挂资金的抵押物，并承诺在1年期限内缴清外挂资金，若逾期未缴纳可由政府处置抵押物。2018年9月12日，经文山市政府批准，文山市不动产登记中心向文山市房管中心作出《文山市不动产登记中心关于协助办理文山某典房地产不动产抵押的函》，内容为“在该公司未缴清欠款前，房管中心和不动产中心冻结质押商铺一切相关出售、登记的手续。待该公司全额缴清欠款后，才给予解冻。如公司在承诺期限内不缴清外挂资金，将按程序拍卖后缴清。其余产权部分请贵中心协助我中心给予文山某典房地产办理相关销售、抵押事宜”。后原告继续对该楼盘的商铺予以对外出售，被告在得知原告销售行为后，将原告开发的某泉居一期楼盘在“新建商品房网上签约备案管理系统”中的网签备案予以冻结。2020年6月18日，原告发现被告对其网签备案系统予以冻结后，2020年11月29日，原告向被告提交解冻申请。2020年12月1日，被告向原告作出《文山市住房管理中心关于锁定文山某典房地产公司网签备案系统的函》，告知原告因其未按期缴纳外挂资金以及擅自出售自愿作为抵押的商铺，故对该楼盘予以锁定。原告不服被告的冻结行为，诉至法院。<br/>　　云南省文山市人民法院于2021年7月2日作出（2021）云2601行初8号行政判决：判决撤销被告文山市住房和城乡建设局对原告某房地产公司某泉居一期项目网签备案系统的冻结行政行为。宣判后，双方当事人均未提出上诉，该判决已发生法律效力。</p>","<p>　　被告冻结原告网签备案系统，该行为系被告在房地产管理过程中，为制止违法行为发生、避免国有资产流失，从而对原告财物实施暂时性控制的行为，具有行政强制措施的特征，故被告冻结原告网签备案系统应遵守《中华人民共和国行政强制法》的相关规定。本案的争议焦点为：被告是否具有冻结原告的网签备案系统的权限。<br/>　　根据《中华人民共和国行政强制法》第十条“行政强制措施由法律设定。尚未制定法律，且属于国务院行政管理职权事项的，行政法规可以设定除本法第九条第一项、第四项和应当由法律规定的行政强制措施以外的其他行政强制措施。尚未制定法律、行政法规，且属于地方性事务的，地方性法规可以设定本法第九条第二项、第三项的行政强制措施”，第十六条第一款“行政机关履行行政管理职责，依照法律、法规的规定，实施行政强制措施。”及第十七条第一款“行政强制措施由法律、法规规定的行政机关在法定职权范围内实施。行政强制措施权不得委托。”的规定，行政强制措施必须由法律、法规设定，实施行政强制措施必须依照法律、法规的规定，实施主体必须是是法律、法规规定的具有行政权限的行政机关。结合本案，按照中华人民共和国住房和城乡建设部出台的《房屋交易合同网签备案业务规范》（试行）相关规定，网签备案系统的行政管理主体为各地房产主管部门，也明确了不得进行房屋网签备案的情形，但目前现行的法律、行政法规及部门规章均未对网签备案系统冻结相关事项作出法律规定，也未就该冻结事项予以明确授权于房地产主管部门。被告依据文山市不动产中心的协助函，认定原告未缴纳外挂资金以及出售承诺抵押的商铺从而锁定原告开发的楼盘，冻结网签备案系统，该行政强制措施没有相关法律、法规的规定及授权，于法无据，属于超越职权的行政行为，该冻结行政行为违法，依法应当予以撤销，原告的诉讼请求，予以支持。</p>","<p>商品房买卖合同网签备案系统是用于管理房地产企业的商品房预售、现售过程，便于房地产企业在商品房合同签订前、后进行房屋状态的核查，对于房屋已销售、查封、抵押、冻结、已预告登记等状态予以提示，通过信息技术手段，切实保护购房人的合法权益，可以有效遏制一房多卖、违规销售等行为，维护房地产市场运营秩序和健康发展。现行的法律、法规并没有规定及授权给房地产主管部门可以行使冻结房地产企业商品房网签备案系统的权限，房地产主管部门不能因其他因素直接采取冻结措施予以冻结。</p>","<p>　　《中华人民共和国行政强制法》第10条、第16条、第17条<br/>　　《中华人民共和国行政诉讼法》第70条第4项<br/></p><br/>######<p>　　一审：云南省文山市人民法院（2021）云2601行初8号行政判决（2021年7月2日）</p>","\N","\N","2026-01-21 10:27:30","2026-01-21 10:27:30","0c14ce26245ebaa6a9267b038b062b89","\N","20260426","","","","","","","","","","","","","","","","","","","","","","","","","","","","","",""
"1433","人民法院案例库","https://rmfyalk.court.gov.cn","行政-行政强制执行","2024-12-3-003-002","北京市第二中级人民法院","行政,行政强制执行,强制拆除房屋,责令限期拆除,违法性继承,实质审查","二审","2021.11.03","02","<p>　　田某在北京市东城区某号院内有房屋5间（以下简称涉案房屋），其中北房3间，南房2间，均由田某之父田某海（已去世）于1984年之前建成。田某之姐田某香居住使用其中2间南房，田某居住使用北房西数第1间，另外2间北房自田某海去世后闲置。2020年6月12日，北京市东城区永定门外街道办事处（以下简称永定门外街道办事处）向北京市规划和自然资源委员会东城分局（以下简称规自委东城分局）致函，要求对涉案房屋是否取得规划许可予以认定。同年6月15日，规自委东城分局作出规划复函，认定涉案房屋未取得建设工程规划许可证。7月6日，永定门外街道办事处作出《限拆告知书》并张贴在涉案房屋门上，要求涉案房屋居民7月9日前自行拆除涉案房屋。田某及其他居住使用某号院内房屋的人员未自行拆除。7月10日，永定门外街道办事处对涉案房屋实施了强制拆除。拆除前，某公证处进行了现场公证，对房屋内的物品进行了清点、封存及搬运，将物品搬运至周转房保存。田某不服，提起诉讼，请求法院确认永定门外街道办事处强制拆除某号院内全部房屋的行为违法。<br/>　　　　北京市东城区人民法院于2021年7月5日作出（2021）京0101行初19号行政判决：一、确认永定门外街道办事处于2020年7月10日对田某使用的位于北京市东城区某号院内北房西数第1间（1间）房屋实施强制拆除的行为违法；二、驳回田某的其他诉讼请求。宣判后，田某提出上诉。北京市第二中级人民法院于2021年11月3日作出（2021）京02行终1224号行政判决：驳回上诉，维持原判。</p>","<p>　　法院生效裁判认为：根据田某一审诉讼期间提交的证据《城市房地产税交款书》，结合其陈述，可以认定田某主张权利的涉案房屋建于1984年前。对认定此类建成时间较早、存续期间规划等管理规范发生变化的建筑物或构建物是否属于违法建设，以及决定如何处理时，行政机关应充分考虑建筑物或构建物的形成年代、法律规范变更情况、行政管理状况、实际使用状况等因素，不能以未满足当前法定许可条件为由，一律认定为违法建设。在作出处理决定时亦应充分考虑对该建筑物或构建物是否可以要求行政管理相对人依照现行法律规范补办手续、限期改正等因素。<br/>　　本案中，永定门外街道办事处一审举证期限内提交的认定涉案房屋属于违法建设的证据，仅有规划部门出具的规划复函。永定门外街道办事处未提交证据，证明该机关在对涉案房屋实施强制拆除行为之前，对涉案房屋的形成年代、法律规范变更情况、行政管理状况、实际使用状况等因素进行了调查，对能否采取强制拆除之外的处理方式（例如要求田某依照现行法律规范补办手续、限期改正等）进行过考量。永定门外街道办事处仅以“被拆除的房屋并未依法取得建设工程规划许可证”为由，认定涉案房屋“属于违法建设”，并予以强制拆除，属于事实认定不清、法律依据不足。<br/>　　永定门外街道办事处于2020年7月10日对涉案房屋实施强制拆除前，未直接向田某或其他居住使用院内房屋的人员发送涉案建筑物被认定为违法建设的书面通知，亦没有直接向田某等相关人员送达责令改正通知书、限期拆除的行政决定或强制拆除的决定。虽然永定门外街道办事处在现场张贴了公告，但该公告并未明确拟强制拆除房屋的具体座落及间数，也没有通知田某等相关人员清理屋内有关物品，应当认定永定门外街道办事处对涉案房屋实施强制拆除的行为违反法定程序。田某居住使用的房屋已被拆除，永定门外街道办事处实施的强制拆除行为已不具备可撤销内容，应当确认其强制拆除行为违法。故法院依法作出如上裁判。</p>","<p>在对建成时间较早、存续期间规划等管理规范发生变化的建筑物或构筑物的性质进行认定时，人民法院应当充分考虑建筑物或构筑物的形成年代、法律规范变更情况、行政管理状况、实际使用状况等因素，不能简单以审批手续不全为由，一律认定为违法建筑。</p>","<p>　　《中华人民共和国行政诉讼法》（2017年修正）第6条<br/>　　《中华人民共和国行政强制法》第44条</p><br/>######<p>　　一审：北京市东城区人民法院（2021）京0101行初19号行政判决（2021年7月5日）<br/>　　二审：北京市第二中级人民法院（2021）京02行终1224号行政判决（2021年11月3日）</p>","\N","\N","2026-01-21 10:27:30","2026-01-21 10:27:30","0d8190150c47bf9b8dad4af3e9549096","\N","20260426","","","","","","","","","","","","","","","","","","","","","","","","","","","","","",""
"2504","人民法院案例库","https://rmfyalk.court.gov.cn","行政-行政处罚","2024-12-3-001-010","安康铁路运输法院","行政,行政处罚,罚款,道路旅客运输经营,社会主义核心价值观","一审","2022.05.16","02","<p>　　原告王某诉称：2021年10月，因疫情影响从陕西省旬阳市小河镇到安康市汉滨区没有直达客车，原告的亲戚和邻居委托其帮助接送孩子上下学。原告驾车来回一趟燃油费和过路费200元，每名孩子家长给付50元至80元不等费用，该费用只够燃油费和过路费，足见原告的行为并非营利。原告接送的是特定人员，没有从事接送社会上不特定人员的情形，相比较而言不具有社会危害性。被告对其作出的行政处罚决定依据错误、处罚过重、调查取证程序违法，请求法院判决予以撤销。<br/>　　被告旬阳市交通运输局辩称：案涉行政处罚决定事实清楚、程序合法、适用法律正确、处罚适当。被告对原告进行行政处罚，是因为其在没有取得道路运输证和道路运输从业资格证的情况下长期有偿从事道路旅客运输，与原告接送的人员是否特定没有任何关系。被告依照《行政处罚法》相关规定进行了法制审核、行政处罚事先告知、重大案件集体讨论等程序，根据原告行为的性质、情节，对其适用起点罚款额度，体现了过罚相当原则。综上，请求法院判决驳回原告的诉讼请求。<br/>　　法院经审理查明：自2021年10月下旬开始，王某受亲友邻里所托，每周五和周日驾驶自家车辆接送其孩子往返学校和家中，亲友邻里每次每人主动支付50元至80元不等费用，用于孩子的车费、文具、零食等支出，王某因熟人关系偶尔未收取费用。同年12月31日，旬阳市交通运输局现场检查时发现王某驾驶的面包车拉载六名学生，因其未取道路运输证和道路运输经营许可证，执法人员当场将前述人员带往当地疫情防控卡点进行调查询问。2022年1月5日，旬阳市交通运输局立案受理王某涉嫌未取得道路运输经营许可，擅自从事道路旅客运输经营一案，于1月10日作出《案件处理意见书》，拟对王某给予罚款三万元的行政处罚，1月30日制作了《违法行为通知书》，但未在作出处罚决定前依法向王某送达，3月4日向王某送达《行政处罚决定书》。<br/>　　	  安康铁路运输法院于2022年5月16日作出（2022）陕7101行初68号行政判决：撤销被告旬阳市交通运输局作出的旬交综执罚［2021］110号《行政处罚决定书》。宣判后，当事人未提出上诉，判决已发生法律效力。</p>","<p>　　法院生效裁判认为：《中华人民共和国道路运输条例》第六十三条规定，“违反本条例的规定，未取得道路运输经营许可，擅自从事道路运输经营的，县级以上地方人民政府交通运输主管部门可以责令停止经营，没收违法所得并给予罚款处罚。”对于如何界定从事道路运输经营，该条例没有明确规定。参照交通运输部制定的《道路旅客运输及客运站管理规定》第三条关于“道路客运经营是指使用客车运送旅客、为社会公众提供服务、具有商业性质的道路客运活动”的规定内容，道路运输经营具有服务性、商业性特征，在实践中一般表现为以道路运输为业或者以赚取利润为目的，通过为不特定对象提供运输服务获取相应对价的市场经营行为。因此，对于从事道路运输经营行为的认定，应综合运送目的、运送周期、费用标准、人员关系等因素予以判定。本案中，王某此前并无因擅自从事道路运输被查处的记录，并非以道路旅客运输为业或长期从事旅客运输，其运送行为发生于陕西省疫情防控形势严峻，公共交通不便的特殊时期，王某受托接送亲友邻里子女上下学，起初其并未收取费用，后亲友邻里考虑其成本支出实际，主动提出支付相应费用作为补偿，在扣除燃油、高速通行费、车辆折旧费、孩子零食、文具等支出外，几乎没有利润空间，可见王某并没有将追求物质利益作为运送行为的主要目的。同时，其运送的对象仅限于亲友邻里的未成年子女，没有向社会其他不特定对象提供运送服务，没有扰乱运输经营秩序。旬阳市交通运输局将这种不以营利为目的的运送行为定性为“擅自从事道路旅客运输”，进而予以处罚，据此作出的行政处罚决定主要证据不足、适用法律错误。另该局在行政处罚程序中未依法告知被处罚人应当享有的陈述、申辩和要求听证等权利，行政处罚程序违法。从社会公众常情常理看，王某驾车接送学生上下学的行为属邻里互助、互惠行为，其行为的正当性、合理性符合社会一般认知范围。友善既是中华民族的传统美德、也是公民个人层面的价值准则之一。旬阳市交通运输局作出的行政处罚决定有违友善的社会主义核心价值观，也不符合行政法理论的行政执法谦抑性要求，没有对符合社会主流价值的新情况给予必要的容忍，没有从力求法、理、情统一的视角去理解法律精神。</p>","<p>对于“擅自从事道路旅客运输经营”行为的认定，应综合运送目的、运送周期、费用标准、人员关系等因素予以判定：1.运送目的：行为人以运送为手段，以赚取利润、营利为目的。行为人的主观目的必须结合其客观行为进行判断，营利的目的必然以有偿交易方式实现，但收取费用的客观行为只能认定该行为是有偿的，并不能因此认定行为人主观上就具有营利目的；2.运送周期：周期性、持续性开展经营，是商业活动的必然要求。道路旅客运输行业的经营时间主要表现为一定时间范围内持续、经常性提供服务；3.费用标准：出于营利目的，行为人会在合理成本之外加价收取客观利润；4.人员关系：行为人通常为不特定社会对象提供运送服务以此获取利益。邻里互助型“有偿拼车”因不具有经营性特征，不应认定为擅自从事道路旅客运输经营。</p>","<p>　　《中华人民共和国行政诉讼法》第70条第1项、第2项、第3项<br/>　　《中华人民共和国道路运输条例》第10条、第63条</p><br/>######<p>　　一审：安康铁路运输法院（2022）陕7101行初68号行政判决（2022年5月16日）</p>","\N","\N","2026-01-21 10:27:30","2026-01-21 10:27:30","0e3a382c05712411680d911572f91442","\N","20260426","","","","","","","","","","","","","","","","","","","","","","","","","","","","","",""
"2819","人民法院案例库","https://rmfyalk.court.gov.cn","行政-行政复议","2024-12-3-016-005","贵州省高级人民法院","行政,行政复议,挂靠关系,工伤保险责任,劳动关系,劳动者倾斜保护","二审","2021.08.09","02","<p>　　项某系涉案事故被害人周某妻子。罗某聘请周某为涉案油罐车驾驶员，涉案车辆登记所有人为第三人A公司。2017年9月29日，罗某母亲作为乙方与A公司作为甲方签订货运车代管协议，约定：乙方每年向甲方交纳管理费，由甲方办理车辆的所有权年审及其他事务。案涉车辆使用公司营运资质、以甲方公司名义对外运营，驾驶员的安全责任由乙方负责。2019年11月19日，周某驾驶涉案车辆时因操作不当发生交通事故，周某当场死亡。项某于12月16日向六盘水市人社局提交周某工伤认定申请，该局于2020年1月7日作出100036号认定工伤决定，认定周某所受伤害为工伤。A公司不服，向六盘水市人民政府（以下简称六盘水市政府）提起行政复议。六盘水市政府于4月29日作出4号复议决定，撤销100036号认定工伤决定，要求六盘水市人社局重新作出行政行为。六盘水市人社局又于6月15日作出100692号认定工伤决定，认定周某所受伤害为工伤，A公司再次就该决定书提起行政复议。六盘水市政府于10月16日作出16号复议决定，撤销六盘水市人社局作出的100692号认定工伤决定，并要求六盘水市人社局重新作出行政行为。项某不服该行政复议决定，遂提起行政诉讼，要求撤销六盘水市政府作出的16号复议决定。<br/>　　贵州省六盘水市中级人民法院于2020年12月5日作出（2020）黔02行初135号行政判决:一、撤销六盘水市人民政府作出的16号复议决定；二、恢复六盘水市人社局作出的100692号认定工伤决定的法律效力。A公司不服，提起上诉。贵州省高级人民法院于2021年8月9日作出（2021）黔行终304号行政判决：驳回上诉，维持原判。</p>","<p>　　法院生效裁判认为：本案的争议焦点为：一、罗某与A公司之间是否形成挂靠关系；二、六盘水市人社局认定工伤是否需以周某与A公司具有劳动关系为前提。<br/>　　罗某与A公司之间是否形成挂靠关系。依照《中华人民共和国道路运输条例》第二十三条之规定，申请从事危险货物运输经营，应当具备有5辆以上经检测合格的危险货物运输专用车辆、设备等条件。本案中，罗某因不具备从事危险货物运输经营的资质，以其母名义与A公司签订《货物车辆代管协议》《危险货物运输车辆承包经营合同》等协议，将其实际使用的车辆落户到A公司名下，委托A公司代管经营，A公司再以承包的形式，将涉案车辆交由罗某使用。上述协议中亦明确约定，罗某需向A公司支付一定的费用，遵守并执行其规章制度，服从其管理；A公司亦需向罗某提供运输市场信息，利用公司优势积极为其联系货源、协调运输物资等。由此可见，罗某和A公司之间实际形成了挂靠关系。<br/>　　六盘水市人社局认定工伤是否需以周某与A公司之间具有劳动关系为前提。《工伤保险条例》第十八条第一款第二项规定，申请工伤认定应当提交与用人单位存在劳动关系（包括事实劳动关系）的证明材料。因此，一般而言，社会保险行政部门认定工伤，应当以劳动者和用人单位之间存在劳动关系为前提，除非法律、法规及司法解释另有规定。《最高人民法院关于审理工伤保险行政案件若干问题的规定》第三条第一款第五项明确规定，个人挂靠其他单位对外经营，其聘用的人员因工伤亡的，被挂靠单位为承担工伤保险责任的单位。该条规定遵照劳动者倾斜保护原则，对将劳动关系作为工伤认定前提的一般规定作了相应补充。只要存在个人挂靠其他单位对外经营的情形时，被挂靠单位承担工伤保险责任不以存在劳动关系为前提。工伤保险本质上是一种社会保障，国家建立工伤保险制度，是维护劳动者合法权益的重要手段，强调对工伤劳动者及其家人基本生活需求的保障。相较于用人单位而言，劳动者往往处于弱势地位。在车辆挂靠关系中，被挂靠人向挂靠人收取挂靠费，应与挂靠人共同承担经营运输的风险，仅以协议约定不能免除其同意挂靠后应承担的风险和责任。</p>","<p>在车辆挂靠关系中，对驾驶员劳动权益的保护应采取劳动者倾斜保护原则。被挂靠人向挂靠人收取挂靠费，应与挂靠人共同承担经营运输风险，仅以协议约定不能免除其作为被挂靠人应承担的风险和责任。个人挂靠其他单位对外经营，其聘用的人员因工伤亡，被挂靠单位以不存在劳动关系为由，主张不承担工伤保险责任的，人民法院不予支持。</p>","<p>　　《最高人民法院关于审理工伤保险行政案件若干问题的规定》第3条<br/>　　《中华人民共和国道路运输条例》第23条<br/>　　《工伤保险条例》第18条、第19条<br/>　　《最高人民法院关于适用&lt;中华人民共和国行政诉讼法&gt;的解释》第89条</p><br/>######<p>　　一审：贵州省六盘水市中级人民法院（2020）黔02行初135号行政判决（2020年12月5日）<br/>　　二审：贵州省高级人民法院（2021）黔行终304号行政判决（2021年8月9日）</p>","\N","\N","2026-01-21 10:27:30","2026-01-21 10:27:30","0f2a2564a040e6ffd74641d74838ad83","\N","20260426","","","","","","","","","","","","","","","","","","","","","","","","","","","","","",""
"1660","人民法院案例库","https://rmfyalk.court.gov.cn","行政-行政处罚","2023-12-3-001-005","最高人民法院","行政,行政处罚,行政复议,过罚相当,信赖保护","再审","2022.06.24","02","<p>　　法院经审理查明：某公司建设运营的文昌某污水处理厂位于海南省文昌市文城镇清群村委会地段，于2012年开始建设，2014年竣工，2017年1月1日投入使用。2012年3月5日，文昌市水务局与某公司签订《文昌市文昌某污水处理厂项目特许经营（BOT）补充合同》(以下简称《BOT合同》)。2017年4月24日，文昌市政府作出文府函〔2017〕350号《关于文昌某污水处理厂特许经营期限的批复》(以下简称350号《批复》)，同意文昌市水务局按照《BOT合同》执行，文昌某污水处理厂从2017年1月1日起试运营3个月，试运营期间污水处理出水达到规定工况，通过在线监测验收后，及时委托有资质监测单位开展环保验收监测，监测合格可向文昌市环境局申请办理环保验收。环保验收通过后，可申报正式运营。2017年11月23日，海口某公司向文昌市水务局出具《关于文昌市文昌某污水处理厂项目竣工环境保护验收说明》（以下简称《不同意验收说明》）称，文昌某污水处理厂生产负荷未达到设计能力75%以上，文昌市环境局不同意该项目进行竣工环保验收。<br/>　　2018年7月11日，文昌市环境局对文昌某污水处理厂进行现场检查，发现该厂需要配套建设的环境保护设施未经验收合格，擅自投入使用。2018年7月23日，海南省环境监测中心站对文昌某污水处理厂处理效果进行调查监测。2018年8月24日，文昌市环境局作出《关于我市文昌某污水处理厂污水处理效果调查监测情况的报告》（以下简称《文昌市环境局报告》），结论为：污水处理量远未达设计处理水量负荷；污水进水浓度远未达设计要求；污染物处理效率长期达不到设计要求；文昌某污水处理厂污水经处理后均达到排放标准要求。该报告建议：建设单位应按相关文件要求自行对项目进行验收并组织实施；加快清澜地区污水收集管网的改造与建设，解决“两低”难题。<br/>　　2018年8月20日，文昌市环境局作出文环保责改字〔2018〕38号《责令改正违法行为决定书》(以下简称38号责令改正决定)，认为文昌某污水处理厂经现场检查发现配套建设的环保设施未经验收合格，擅自投入使用，违反《建设项目环境保护管理条例》第十九条规定。依据《建设项目环境保护管理条例》第二十三条规定，责令某公司于2018年11月30日前办理环保验收手续;如未在规定时间内办理环保验收手续的，将依法依规进行处理。2018年11月17日，文昌市环境局作出文环保罚决字〔2018〕29号《行政处罚决定书》，对某公司罚款300000元。某公司缴纳了该罚款。<br/>　　2018年12月20日，某公司请求文昌市水务局牵头做好文昌某污水处理厂环境竣工验收工作。2019年1月3日，文昌市水务局作出《关于文昌市文昌某污水处理厂项目环境竣工验收的批复》，同意某公司按有关规定委托有资质的机构进行环境竣工验收。2019年1月14日，某公司与海南某公司签订《建设项目竣工环境保护验收委托协议书》，委托其对文昌某污水处理厂项目进行竣工环保验收监测工作。<br/>　　2019年3月29日，文昌市环境局再次对文昌某污水处理厂进行巡查，认为某公司仍未办理环保验收手续并继续生产、经营，于2019年4月10日立案处置。2019年4月12日，文昌市环境局经集体讨论，认为某公司违法事实清楚，拟对某公司罚款1222100元。2019年4月15日，文昌市环境局作出文环责改字〔2019〕16号《责令改正违法行为决定书》，认为某公司逾期不改正环境违法行为，也未提出逾期不改正环境违法行为情况报告，责令某公司立即改正违法行为。同日，文昌市环境局作出文环罚告字〔2019〕76号《行政处罚事先(听证)告知书》，告知拟对某公司罚款1222100元，某公司可提出陈述申辩及听证的要求。<br/>　　2019年4月14日，文昌某污水处理厂通过竣工环保验收，2019年4月16日至2019年5月14日在网上公示，公示期满无反馈意见。2019年5月9日，文昌市环境局经某公司申请举行听证会，听取了某公司的意见。2019年5月15日，文昌某污水处理厂竣工环保验收相关材料在全国建设竣工环保验收信息系统备案。2019年5月16日，某公司向文昌市环境局提交了《关于文昌市文昌某污水处理厂竣工验收环境保护验收工作情况的报告》。<br/>　　2019年9月23日，文昌市环境局作出文环罚决字〔2019〕51号《行政处罚决定书》，认为某公司建设的文昌某污水处理厂需要配套建设的环境保护设施未经验收合格，擅自投入使用。文昌市环境局已下达38号责令改正决定，责令某公司2018年11月30日前办理环保验收手续。某公司逾期不改正环境违法行为，也未向文昌市环境局提出逾期不改正环境违法行为的情况报告，上述行为违反《建设项目环境保护管理条例》第十九条“编制环境影响报告书、环境影响报告表的建设项目，其配套建设的环境保护设施经验收合格，方可投入生产或者使用；未经验收或者验收不合格，不得投入生产或者使用”的规定。依据《建设项目环境保护管理条例》第二十三条规定，决定对某公司罚款100万元。某公司不服，向文昌市政府申请行政复议。2020年1月6日，文昌市政府作出文府复决字〔2019〕44号《行政复议决定书》（以下简称44号复议决定），维持51号处罚决定。某公司遂提起本案行政诉讼，请求撤销51号处罚决定和44号复议决定。<br/>　　海南省第一中级人民法院于2020年8月27日作出（2020）琼96行初41号行政判决：驳回某公司的诉讼请求。<br/>　　一审宣判后，某公司不服提起上诉后，海南省高级人民法院于2020年12月24日作出（2020）琼行终658号行政判决，驳回上诉，维持一审判决。<br/>　　二审宣判后，某公司向最高人民法院申请再审，最高人民法院于2022年6月24日作出（2022）最高法行再329号行政判决：1.撤销海南省第一中级人民法院（2020）琼96行初41号行政判决和海南省高级人民法院（2020）琼行终658号行政判决；2.撤销海南省文昌市人民政府文府复决字（2019）44号行政复议决定；3.撤销海南省文昌市生态环境局文环罚决字（2019）51号行政处罚决定。</p>","<p>　　法院生效裁判认为：<br/>　　一、关于环境保护设施竣工验收制度目的与验收主体变革问题<br/>　　“三同时”制度是我国环境保护法律所确认的重要管理制度，其中，建设项目竣工环境保护验收制度作为监督建设项目落实环境影响评价文件要求的保障性措施，是“三同时”制度的重要组成部分。随着政府职能转变和行政审批体制改革推进，结合环境保护实践需要，相关立法对竣工验收制度不断改革完善，验收主体、验收程序、验收标准持续简化优化。1989年制定的《中华人民共和国环境保护法》第二十六条第一款规定“建设项目中防治污染的设施，必须与主体工程同时设计、同时施工、同时投产使用。防治污染的设施必须经原审批环境影响报告书的环境保护行政主管部门验收合格后，该建设项目方可投入生产或者使用”。1998年制定的《建设项目环境保护管理条例》第二十条规定“建设项目竣工后，建设单位应当向审批该建设项目环境影响报告书、环境影响报告表或者环境影响登记表的环境保护行政主管部门，申请该建设项目需要配套建设的环境保护设施竣工验收”。而2014年修订的《中华人民共和国环境保护法》明确删除了修订前该法第二十六条第一款有关“防治污染的设施必须经原审批环境影响报告书的环境保护行政主管部门验收合格后，该建设项目方可投入生产或者使用”的规定。在此基础上，2017年7月16日修订的《建设项目环境保护管理条例》取消了建设项目竣工环境保护验收行政许可，对验收主体和监督方式作了改革，将竣工验收的主体由环保部门调整为建设单位，并改环保部门事前验收许可为事中事后监管。该条例第十七条规定“编制环境影响报告书、环境影响报告表的建设项目竣工后，建设单位应当按照国务院环境保护行政主管部门规定的标准和程序，对配套建设的环境保护设施进行验收，编制验收报告。建设单位在环境保护设施验收过程中，应当如实查验、监测、记载建设项目环境保护设施的建设和调试情况，不得弄虚作假。除按照国家规定需要保密的情形外，建设单位应当依法向社会公开验收报告”。<br/>　　本案中，文昌市政府于2017年4月24日作出350号《批复》，要求某公司在试运营期间监测合格后可向文昌市环境局申请办理环保验收；海口某公司于2017年11月23日向文昌市水务局出具《不同意验收说明》称环保部门不同意竣工验收。2019年某公司第二次验收时，按新的规定自行组织验收并验收通过。可见，文昌某污水处理厂项目竣工验收恰逢新旧竣工验收制度过渡期。然而，修订后的《建设项目环境保护管理条例》已经于2017年10月1日施行，文昌市环境局之后并无组织验收的行政职权，某公司自行组织验收并如实编制验收合格报告，即可正式运营。因此，文昌市环境局在新条例施行后，本应主动进行行政指导，及时告知某公司尽快自行组织验收，但其却告知检测单位不同意竣工验收。此既有违新条例规定和改革方向，又客观上造成文昌某污水处理厂试运营期满后即面临“未验收先运营”困境。<br/>　　二、关于某公司环保设施未竣工验收的原因与验收标准变革问题<br/>　　海口某公司的《不同意验收说明》业已载明：“文昌市文昌某污水处理厂设计规模20000m³/d ，实际规模5000m³/d ，生产负荷未达到设计能力的75%以上，文昌市生态环境保护局不同意该项目进行竣工环境保护验收”。<br/>　　2000年发布的《建设项目环境保护设施竣工验收监测技术要求（试行）》第9.1.1条规定“工业生产型建设项目，验收监测应在工况稳定、生产达到设计生产能力的负荷达75%以上（国家、地方排放标准对生产负荷另有规定的按标准规定执行）的情况下进行”，因此将生产负荷达到75%以上标准（以下简称75%验收工况标准）作为环境保护设施竣工验收的技术标准，有相应的规定作为依据。然而，企业生产负荷是否达到75%验收工况标准，取决于多种因素。建设项目环境保护设施竣工验收，应当重点验收建设项目工况是否稳定、环境保护设施能否正常运行、实际工况是否如实记录监测，而不宜拘泥于75%验收工况标准。生产负荷达到75%以上始终是一个循序渐进的过程，一概要求未达75%验收工况标准的污水处理厂不得验收，进而不得投入使用，容易让建设项目陷入“两难”：投入运营构成违法面临处罚；停止运营则无法逐步提升工况，从而始终达不到75%验收工况标准，始终无法竣工验收。此境况不仅让污水处理厂无法得到有效利用，且与“三同时”制度和环境保护设施竣工验收制度的初衷相悖。“法律不应强人所难”，至少就部分建设项目而言，75%验收工况标准应当予以修订。环境保护部2016年7月13日发布的《关于废止部分环保部门规章和规范性文件的决定》，即明确废止了75%验收工况标准。2017年11月施行的《建设项目竣工环境保护验收暂行办法》第五条第一款、第二款规定“建设项目竣工后，建设单位应当如实查验、监测、记载建设项目环境保护设施的建设和调试情况，编制验收监测（调查）报告。以排放污染物为主的建设项目，参照《建设项目竣工环境保护验收技术指南 污染影响类》编制验收监测报告”；2018年5月发布的《建设项目竣工环境保护验收技术指南 污染影响类》第6.1条进一步规定“验收监测应当在确保主体工程工况稳定、环境保护设施运行正常的情况下进行，并如实记录监测时的实际工况以及决定或影响工况的关键参数，如实记录能够反映环境保护设施运行状态的主要指标。典型行业主体工程、环保工程及辅助工程在验收监测期间的工况记录推荐方法见附录3”。新的技术规范取消了验收监测期间工况应达75%以上的要求，明确了验收监测应在确保主体工程工况稳定、环境保护设施运行正常的情况下进行，如实记录监测时的实际工况即可。<br/>　　本案中，文昌市环境局在《关于废止部分环保部门规章和规范性文件的决定》于2016年7月13日施行后，即不应再沿用75%验收工况标准，并应在修订后的《建设项目环境保护管理条例》于2017年10月1日施行后，主动对文昌某污水处理厂进行行政指导，督促其尽快按新规委托竣工验收，并无需再考虑75%验收工况标准。但《不同意验收说明》已经充分证明，文昌市环境局至少在2017年4月至11月间，仍继续执行75%验收工况标准，且继续行使竣工验收权，客观上造成文昌某污水处理厂未及时竣工验收并形成“未验收先运营”困境。相应不利后果，不应全部由文昌某污水处理厂承担。<br/>　　三、关于某公司“未验收先运营”的主观过错与主动纠正问题<br/>　　根据《中华人民共和国水污染防治法》第四十九条第三款规定，县级以上地方人民政府建设主管部门应当按照城镇污水处理设施建设规划，组织建设城镇污水集中处理设施及配套管网，并加强对城镇污水集中处理设施运营的监督管理。根据文昌市水务局（甲方）与某公司（乙方）签订的《BOT合同》第8.3条约定，甲方应确保在整个特许经营期内，收集和输送污水至污水处理项目交付点，基本达到本合同第9条款规定的水量和进水水质。因此，文昌市水务局不仅负有建设配套管网和收集污水的职责，而且还要确保收集的污水达到基本水量和进水水质的要求。文昌市环境局2018年8月24日向文昌市政府作出的《文昌市环境局报告》也载明，当日进水量占设计日处理能力的51%，污水处理量远未达到设计处理水量负荷；污水进水浓度不到设计进水水质浓度的50%，进水主要污染物浓度严重偏低。该报告建议加快污水收集管网的改造与建设，实施新增管网建设等，以解决污水进水水量和进水浓度严重偏低的“两低”难题。由此可见，文昌某污水处理厂生产负荷未达设计能力75%，系因污水收集配套管网建设不到位而造成的“两低”所致，文昌某污水处理厂对此不具有主观过错。<br/>　　为尽快解决“两低”问题，通过竣工环保验收，某公司接受首次行政处罚后，即积极与文昌市水务局沟通并主动向文昌市政府提出报告。文昌市水务局于2018年4月23日作出的《研究文昌某污水处理厂项目存在的问题专题会议纪要》载明，会议研究文昌某污水处理厂项目竣工验收等问题，要求尽快解决文昌某污水处理厂“两低”问题，文昌市水务局尽快完成清澜片区污水截污并流工程（二期）施工，收集高隆大道白金路以东片区污水；加快推进清澜片区污水截污并流工程（三期）项目前期工作，争取早日开发建设。文昌市环境局2018年8月24日向文昌市政府提交的《文昌市环境局报告》也建议加快清澜地区污水收集管网的改造与建设，解决“两低”难题。<br/>　　为加快推进竣工验收，某公司于2018年12月20日还向文昌市水务局提出《关于文昌市文昌某污水处理厂项目环境竣工验收的申请》，恳请文昌市水务局支持牵头做好该项目的环境竣工验收工作。2019年1月3日，文昌市水务局向某公司作出《关于文昌市文昌某污水处理厂项目环境竣工验收的批复》，同意某公司按规定委托有资质的机构对项目进行环境竣工验收工作。2019年1月14日，某公司即与海南某公司签订《建设项目竣工环境保护验收委托协议书》，委托其进行竣工环保验收监测工作。2019年4月14日，验收工作组出具《文昌市文昌某污水处理厂项目竣工环境保护验收意见》，项目基本满足国家建设项目竣工环保验收条件，同意该项目通过竣工环境保护验收，同时将相关信息在网上进行了公示，该项目竣工环保验收材料还于2019年5月15日在全国建设竣工环境保护验收信息系统进行备案。2019年5月16日，某公司向文昌市环境局提出《关于文昌市文昌某污水处理厂竣工环境保护验收工作情况的报告》，报告已完成竣工环境保护验收工作情况。2019年5月23日，某公司向文昌市水务局作出《关于文昌市文昌某污水处理厂申请正式运营的报告》，提出正式运营的申请。<br/>　　上述表明，文昌市环境局对生产负荷长期未达到75%验收工况标准的原因是明知的，即进水量和进水浓度“两低”主要系政府污水收集配套管网建设不足。此均非某公司所能控制，也非其责任，其不具有主观过错。某公司在首次处罚决定作出后一个月即请求文昌市水务局牵头做好环境竣工验收工作，委托检测公司进行环境竣工验收，并在第二次处罚决定作出之前四个月即已完成所有验收手续，在主观上具有纠正违法状态的意愿，客观上根据行政机关指引实施了主动纠正违法的行为。某公司对“未验收先运营”状态未能及时消除并不存在主观过错，且积极进行了改正。文昌市环境局实施行政处罚时应当全面、客观、公正地调查并收集对当事人不利及有利的证据，亦应将违法行为客观原因与主观过错等因素与情节纳入考量范围，其有关不应考虑违法行为客观原因等主张，不符合2017年修正的《中华人民共和国行政处罚法》（以下简称《行政处罚法》）第三十六条规定的“必须全面、客观、公正地调查，收集有关证据”的规定。原审判决认为违法行为产生的原因，不属于行政诉讼中对行政行为合法性审查的范围的观点，于法不合，应予纠正。<br/>　　四、关于被诉处罚决定的合法性与必要性问题<br/>　　《行政处罚法》第四条第二款规定，设定和实施行政处罚必须以事实为依据，与违法行为的事实、性质、情节以及社会危害程度相当。第二十七条第二款规定，违法行为轻微并及时纠正，没有造成危害后果的，不予行政处罚。《环境行政处罚办法》第六条第一款规定，行使行政处罚自由裁量权必须符合立法目的，并综合考虑以下情节：违法行为所造成的环境污染、生态破坏程度及社会影响；当事人的过错程度；当事人改正违法行为的态度和所采取的改正措施及效果等。<br/>　　某公司建设运营的文昌某污水处理厂具有净化和处理污水、防治水污染、保护水生态、保护和改善环境、维护公众健康的公益性；此不同于产生和排放污水的企业。文昌市环境局作出的《文昌市环境局报告》亦认定文昌某污水处理厂污水经处理后均达到排放标准要求，各项污染物指标均符合《城镇污水处理厂污染物排放标准（GB18918-2002）》限值。故某公司虽存在“未验收先运营”，但不仅未造成环境污染和生态破坏的后果，反而有利于环境保护。<br/>　　某公司主张，其在接受第一次行政处罚后，曾向文昌市政府提出报告，请求暂时关停污水处理厂，但未获回应。文昌市水务局还于2018年11月16日函告某公司，同意接收当地16家餐饮单位排放污水、2018年12月12日函告某公司，要求其对海南勤富食品有限公司排放污水接入厂区进行处理。而且，将各项排放指标达标的文昌某污水处理厂关停，有可能造成当地大量生产生活污水得不到处理，从而直排入海造成环境污染。污水处理厂内滞留的废水、废液、废渣等污染物亦可能存在二次污染的风险。生态环境部2019年9月8日发布的《关于进一步深化生态环境监管服务推动经济高质量发展的意见》（环综合〔2019〕74号）规定，严禁为应付督察不分青红皂白采取紧急停工停业停产等简单粗暴措施，以及“一律关停”“先停再说”等敷衍应对做法，对相关生态环境问题整改，坚持依法依规，注重统筹推进，建立长效机制。文昌某污水处理厂之所以“未验收先运营”，系根据相关部门要求与污水处理的客观需要而实施，其自身善意无主观过错；虽形式上违反法律规定，但与法律原则和立法精神一致，且不会造成环境污染恶果。<br/>　　根据生态环境部《关于进一步规范适用环境行政处罚自由裁量权的指导意见》（环执法〔2019〕42号）第四条第十三项规定，违法行为如“未批先建”未造成环境污染后果，且企业自行实施关停或者实施停止建设、停止生产等措施的,可以免于处罚；其他违法行为轻微并及时纠正,没有造成危害后果的,可以免予处罚。文昌市环境局在调查处理时，应当参照本条精神，并综合考虑“未验收先运营”违法行为的原因、后果但未予考虑，裁量权行使不当。即便文昌市环境局对“未验收先运营”首次处罚30万元尚有一定合法性与必要性；但在某公司接受行政处罚后，及时根据《建设项目竣工环境保护验收暂行办法》规定，积极与政府部门沟通促进配套管网建设，主动请求文昌市水务局牵头做好环境竣工验收工作，并在第二次处罚决定作出之前即已完成竣工验收的情况下，文昌市环境局对全年污水处理费收入仅300-500余万元的企业，作出100万元的罚款，既不合法，也不合理，亦无必要，且易生推卸上级环保督察责任之嫌。<br/>　　综上，“法律不强人所难”。某公司虽然客观上存在“未验收先运营”违法行为，但并不存在主观过错，对其再次处罚既不符合善意文明执法理念，也不符合海南自由贸易港建设的法治要求。文昌市环境局作出被诉处罚决定时，未能全面考虑污水处理厂“未验收先运营”违法行为的特殊性，未全面考虑违法行为客观原因、危害后果、主观过错以及事后的补救完善等因素，裁量结果明显不当，应予撤销。44号复议决定错误维持应予撤销的行政处罚决定，应予撤销。</p>","<p>1.随着政府职能转变和行政审批体制改革的推进，环境保护监管制度从事前监管向事中事后监管转变，建设项目环境保护设施竣工验收制度持续简化优化。在环境保护设施竣工验收的主体由环保部门调整为建设单位，严格的75%验收工况标准被取消后，环境保护行政主管部门应立即执行新规，及时行政指导企业自行开展环保设施竣工验收，而不应继续执行旧规定、旧标准，更不能不考虑新旧规定过渡期间的特殊原因，滥用行政处罚职权。<br/>　　2.法律不应强人所难。行政机关实施行政处罚时必须全面、客观、公正地调查，收集有关证据，行政机关作出行政处罚时应将违法行为客观原因与主观过错等因素与情节纳入考量范围，衡量处罚的必要性，全面、客观、公正地进行处理，坚持过罚相当，体现善意文明执法和包容审慎监管理念，不能以罚代管。</p>","<p>　　《中华人民共和国行政处罚法》第4条、第5条<br/>　　《中华人民共和国水污染防治法》第49条</p><br/>######<p>　　一审：海南省第一中级人民法院（2020）琼96行初41号行政判决（2020年8月27日）<br/>　　二审：海南省高级人民法院（2020）琼行终658号行政判决（2020年12月24日）<br/>　　再审：最高人民法院（2022）最高法行再329号行政判决（2022年6月24日）</p>","\N","\N","2026-01-21 10:27:30","2026-01-21 10:27:30","0f4023f268969fe9671767a3eaf0750f","\N","20260426","","","","","","","","","","","","","","","","","","","","","","","","","","","","","",""
"496","人民法院案例库","https://rmfyalk.court.gov.cn","行政-专利相关行政案件","2025-13-3-024-004","最高人民法院","行政,专利相关行政案件,发明专利权无效,计算机软件,公开时间,现有技术","二审","2022.12.15","02","腾某科技公司系专利号为20091009****.1、名称为“一种支持图片输入的方法和设备”的发明专利（以下简称本专利）的专利权人，该专利的申请日为2009年9月10日。2016年12月21日，百某网讯科技公司对本专利权提出无效宣告请求。百某网讯科技公司提交了证据1（涉及对比技术1）公证书，该公证书通过互联网档案馆（Archive网站）浏览了腾某科技公司官网的历史网页，并记录了某拼音输入法2.2版软件下载及其功能演示。国家知识产权局于2017年6月16日作出第32548号无效宣告请求审查决定（以下简称被诉决定），认为证据1中涉及的对比技术1，即由腾某科技公司官网下载的某拼音软件本身，结合其他证据，可以证实其公开日期在本专利的申请日之前；并在将证据1作为本专利现有技术的基础上作出本专利不具备创造性的认定，宣告本专利权利要求全部无效。腾某科技公司不服，向北京知识产权法院提起诉讼，请求撤销被诉决定。<br/>　　北京知识产权法院于2019年12月6日作出（2017）京73行初7256号行政判决：驳回腾某科技公司的诉讼请求。腾某科技公司不服，提起上诉。最高人民法院于2022年12月15日作出（2020）最高法知行终205号行政判决：驳回上诉，维持原判。","本案的争议焦点为证据1所涉下载软件能否作为腾某科技公司使用公开的现有技术以及如何确定其所公开的技术内容。<br/>　　    现有技术是指专利申请日前在国内外出版物上公开发表、在国内公开使用或者以其他方式为公众所知的技术。现有技术的时间界限是申请日，申请日以前公开的技术内容都属于现有技术，但申请日当天公开的技术内容不包括在现有技术范围内。本案中，被诉决定认为证据1中涉及对比技术1，即由腾某科技公司官网下载的某拼音软件本身，结合本案其他证据，可以证实其公开日期在本专利的申请日之前，因此可以作为本专利的现有技术。而专利权人腾某科技公司则对证据1中公证下载的软件安装包的公开时间及所公开的技术内容提出异议，认为证据1所涉拼音软件不能作为现有技术。对此，分析如下：<br/>　　    根据本案百某网讯科技公司提交的证据可知，腾某科技公司在2009年8月20日公开了一款拼音输入法软件，各种文章、报道信息能够体现该输入法软件运行的结果，且部分内容能够与程序具体运行的机制或逻辑相对应，并确定由此反映出的计算机程序的方法步骤。进一步的，根据如下文所述确定的证据规则，可佐证内容基本相同的证据1所涉对比技术1的具体公开时间。<br/>　　    关于由计算机程序实现的方法专利可否在特定的情况下证明使用公开的问题。经由Archive网站公证取证的证明内容仅涉及网页快照内容、不能直接指向Archive网站所涉链接下载软件内容的，一般情况下，只能证明该下载软件的上传、下载时的具体时点，而不能证明该软件的公开时间；但在特定情况下，若一方当事人能够结合其他证据，对所下载软件本身认为可以根据高度盖然性标准来确定其公开时间的，而另一方实际控制证据的当事人有能力且应当据此予以反证却未提交相反证据的，应视为该证据的内容不利于控制人，人民法院可以适用推定的方式确认对待证事实负有举证责任的当事人的主张，即该当事人关于下载软件本身公开时间的主张成立，并可将该下载软件的技术内容作为已公开的现有技术，用以评价相关专利的新颖性和创造性。<br/>　　    就本案而言，一方面，第一，百某网讯科技公司通过公证从Archive网站所涉链接保藏下载的软件安装包所涉软件名称、大小、所实现的功能均与2009年8月20日腾某科技公司官网公开并可被公众下载安装试用的软件安装包版本的软件信息一致。第二，此次公证从Archive网站所涉链接下载的软件安装包属性中，软件的数字签名时间为2009年8月19日19:26:55，签名人为腾某科技公司，可以证明该软件来源的真实性，以及在该签名时间点软件所具备的完整性，即并未被篡改。第三，结合该软件安装包运行后的界面内容，均能与腾某科技公司官网及其他多个知名互联网网站发布的该软件博客、新闻、下载链接等公开的信息相对应，能够进一步证实证据1所涉软件即为2009年8月20日腾某科技公司在先使用公开的软件。综上所述，可予支持百某网讯科技公司关于证据1中所涉下载软件与腾某科技公司于2009年8月20日在先使用公开的软件一致的主张，即该下载软件的公开日期在本专利申请日之前。<br/>　　    另一方面，关于腾某科技公司质疑不能通过推定的方式认定证据1中所下载的软件安装包公开日期为2009年8月20日的意见：第一，腾某科技公司作为2009年8月20日已公开的软件的开发方，在直接掌握该日发布的软件证据的情况下，并未提供相反证据以证明该日公开的软件与证据1中所下载的软件存在实质性区别，应当自行承担举证不能的不利后果。第二，因存在多个官方下载地址较为常见，同时提供其他官方下载地址并不能否认可以通过腾某科技公司某拼音官方网站渠道下载证据1所涉软件，该对比技术1的真实性和关联性应予以确认。第三，百某网讯科技公司提供的多方面证据，能够推定通过Archive.org网站所抓取获得的软件事实上在2009年8月20日已经处于社会公众可多渠道、多方式下载的状态。此外，上述软件的数字签名时间是2009年8月19日，能够保证软件来源的真实性，并防止软件在发行后被篡改而确保其完整性，腾某科技公司认为该软件为后续更新的版本意见并不合理。第四，在腾某科技公司没有进一步解释Archive.org网站对网页快照的收录次数会对快照实质内容产生影响的情况下，其主张并无事实依据。第五，就本案而言，根据证据1所涉对比技术1公开的内容，其所载PicFace文件、Images文件夹等内容与本专利说明书中记载的索引文件和图片文件的具体实现方式完全相同。根据已查明的证据1所涉软件运行结果相关界面内容，该下载软件安装后的PicFace文件的修改时间2009年8月7日、Images文件夹下07图片的修改时间2009年8月3日，均能证明实现该计算机程序图片输入方法的两个相关文件均生成于2009年8月20日之前，具有极高的概率可证明该软件在2009年8月20日发布后至被抓取时并未作出修改。故，即便腾某科技公司在2009年9月28日有发布新的版本，对相关软件进行了修改，但其修改的内容是否涉及与图片输入法相关的内容，并不能确定，且该修改也是在2009年9月12日之后，对证据1的相关认定并不存在影响。<br/>　　    综上，证据1所涉对比技术1可作为评判本专利是否具备创造性的现有技术。本专利权利要求相对于现有技术与公知常识的结合均不具备创造性。","专利无效宣告请求人既提交了通过网络数据抓取技术获得的当前在互联网上公开的特定软件下载链接公开时点的证据，也提交了专利权人在上述时点之前公开该软件安装包的证据，且上述两安装包的软件信息一致，而研发和发布两安装包的专利权人仅予否认而未提交反驳证据的，可以认定该软件的公开时点系上述较早的时点，进而确定其是否可以作为评价相关专利新颖性和创造性的现有技术。","《中华人民共和国专利法》第22条第5款（本案适用的是2009年10月1日施行的《中华人民共和国专利法》第22条第5款）<br/>######　　　　一审：北京知识产权法院（2017）京73行初7256号行政判决（2019年12月6日）<br/>　　二审：最高人民法院（2020）最高法知行终205号行政判决（2022年12月15日）","\N","\N","2026-01-21 10:27:30","2026-01-21 10:27:30","0f4d6aa923d2dedae19e199be48f7a0d","\N","20260426","","","","","","","","","","","","","","","","","","","","","","","","","","","","","",""
"3966","人民法院案例库","https://rmfyalk.court.gov.cn","行政-不履行XX职责","2023-12-3-021-006","最高人民法院","行政,不履行法定职责,行政补偿,房屋征收补偿,承租人,原告资格","再审","2020.08.31","02","<p>　　法院经审理查明：2014年12月31日，广东省开平市赤坎某图书馆作为甲方与乙方某茶馆经营者厉某签订《房屋租赁协议书》一份，约定：甲方自愿将坐落在开平市赤坎镇上埠堤西路15号（雨亭小筑）铺一、二两卡共三层（建筑主体为三卡，第三卡甲方未租给乙方）出租给乙方；租期为十年，从2014年1月1日至2024年1月1日；第八条第四项约定，如政府确有政策行为的，甲方必须在第一时间内通知乙方，并有责任和义务共同协商解决办法，同时共同协商补偿协议。甲方不可擅自单方签订任何协议与合同。2017年3月31日，广东省开平市政府因赤坎镇文物保护与整体改建项目建设需要，作出开府征决字[2017]1号《开平市人民政府房屋征收决定书》，决定征收赤坎镇圩镇，包括上埠、下埠、河南洲范围内国有土地上的3981户房屋。房屋征收部门为开平市赤坎古镇文化旅游开发建设管理委员会，房屋征收实施单位为开平市赤坎镇人民政府。某茶馆租用某图书馆的房屋位于上述房屋征收决定的范围内。2017年8月30日，某图书馆与开平市赤坎镇人民政府针对堤西路15号建筑达成了产权置换补偿协议。<br/>　　2017年10月18日，某茶馆提起本案诉讼，请求判决开平市政府依法履行向某茶馆进行补偿和赔偿的法定职责。包括以下项目：1.某茶馆与某图书馆签订合同约定的违约责任赔偿金937280元；2.某茶馆建设费用2253023元；3.经营赔偿与补偿金1764000元；4.《赤坎一座绝无仅有的小镇》著作未完成及文化调研、勘察费300000元；5.某茶馆创意费250000元；6.某茶馆知识产权文化品牌赔偿金650000元；7.3个月的精神抚慰金60000元。庭审中，某茶馆经营者厉某确认其对开平市政府征收涉案房屋没有异议，而是对开平市政府没有对其进行补偿有异议。经二审法院释明后，将其起诉请求归纳为，请求开平市政府依法履行向某茶馆进行补偿和赔偿的法定职责。<br/>　　广东省江门市中级人民法院于2018年1月29日作出（2017）粤07行初44号行政裁定：驳回某茶馆的起诉。<br/>　　一审宣判后，某茶馆不服，提起上诉，广东省高级人民法院于2018年10月18日作出（2018）粤行终641号行政裁定：驳回上诉，维持一审裁定。<br/>　　二审宣判后，某茶馆向最高人民法院申请再审，最高人民法院于2020年8月31日作出（2020）最高法行再110号行政裁定，1.撤销广东省江门市中级人民法院（2017）粤07行初44号行政裁定和广东省高级人民法院（2018）粤行终641号行政裁定；2.指令广东省江门市中级人民法院继续审理本案。<br/>　　再审宣判后，广东省江门市中级人民法院于2022年4月12日作出（2021）粤07行初49号行政调解书，以调解方式结案。</p>","<p>　　法院生效裁判认为：《中华人民共和国行政诉讼法》第二十五条第一款规定，行政行为的相对人以及其他与行政行为有利害关系的公民、法人或者其他组织，有权提起诉讼。所谓“有利害关系”，可以理解为被诉行政行为有可能对起诉人的权利义务造成区别于其他人的特别损害或者不利影响，且起诉人无法通过其他有效方式寻求救济。在房屋征收补偿案件中，一般而言，只有房屋所有权人才与征收行为和补偿行为有利害关系，可以针对征收行为或者补偿行为提起行政诉讼。房屋的市场化承租人通常并不与补偿行为有利害关系，其可以通过民事诉讼解决其与房屋所有权人之间的房屋租赁合同纠纷，并按照法律规定和租赁合同的约定来解决所租赁房屋上的添附以及因征收而造成的停产停业损失的补偿或赔偿问题。但是，补偿义务主体在知道或者应当知道存在房屋承租人且承租人具有独立的补偿利益后，既不在其与房屋所有权人签订的安置补偿协议或者作出的补偿决定中给付上述独立的补偿利益，也不另行与承租人签订安置补偿协议或者作出补偿决定解决上述独立的补偿利益问题，则房屋承租人有权以自己名义主张上述独立的补偿利益。本案中，开平市政府曾与厉某协商解决相关独立于房屋所有权人的补偿事宜，已经明知承租人厉某在被征收房屋上具有不可忽略的添附并且依法经营某茶馆，也明知厉某在本次征收补偿中存在着独立于房屋所有权人的、根据《国有土地上房屋征收与补偿条例》有关规定应当享有的添附补偿和停产停业损失补偿等重大补偿利益。但是，开平市政府在与厉某协商未能达成协议后，径行与房屋所有权人签订安置补偿协议；且该安置补偿协议也未约定有关某茶馆停产停业损失、装修费用等的补偿，其后又未就上述补偿问题另行对某茶馆作出补偿决定，明显存在侵犯某茶馆补偿利益的可能性。在开平市政府既未通过补偿决定也未通过安置补偿协议解决某茶馆独立的补偿利益的情况下，一审法院以某茶馆不具有直接向征收人提出补偿请求的权利而认定其不具有原告主体资格，二审法院以某茶馆未通过涉案房屋所有权人、被征收人向房屋征收机构提出相关的补偿要求等为由，分别驳回某茶馆的起诉、上诉，属于错误理解《中华人民共和国行政诉讼法》第二十五条第一款的规定，应予纠正。</p>","<p>在房屋征收补偿案件中，一般而言，只有房屋所有权人才与征收行为和补偿行为有利害关系，可以针对征收行为或者补偿行为提起行政诉讼。房屋的市场化承租人通常并不与补偿行为有利害关系，其可以通过民事诉讼解决其与房屋所有权人之间的房屋租赁合同纠纷，并按照法律规定和租赁合同的约定来解决所租赁房屋上的添附以及因征收而造成的停产停业损失的补偿或赔偿问题。但是，补偿义务主体在知道或者应当知道存在房屋承租人且承租人具有独立的补偿利益后，既不在其与房屋所有权人签订的安置补偿协议或者作出的补偿决定中给付上述独立的补偿利益，也不另行与承租人签订安置补偿协议或者作出补偿决定解决上述独立的补偿利益问题，则房屋承租人有权以自己名义主张上述独立的补偿利益。</p>","<p>　　《中华人民共和国行政诉讼法》第25条第1款<br/></p><br/>######<p>　　一审：广东省江门市中级人民法院（2017）粤07行初44号行政裁定（2018年1月29日）<br/>　　二审：广东省高级人民法院（2018）粤行终641号行政裁定（2018年10月18日）<br/>　　再审：最高人民法院（2020）最高法行再110号行政裁定（2020年8月31日）</p>","\N","\N","2026-01-21 10:27:30","2026-01-21 10:27:30","0fd00cea4a58b52936355507077a3004","\N","20260426","","","","","","","","","","","","","","","","","","","","","","","","","","","","","",""
"3169","人民法院案例库","https://rmfyalk.court.gov.cn","行政-不履行XX职责","2023-12-3-021-011","获嘉县人民法院","行政诉讼,不履行法定职责,出具出生医学证明,血缘关系,受案范围","一审","2021.11.15","02","<p>　　原告程某的委托代理人诉称, 原告母亲卜某静与原告父亲程某鸣婚前同居，2019年9月29日原告母亲卜某静在某妇幼保健计划生育服务中心产下一女即原告程某。原告母亲在生下原告十几天后就离家出走，原告程某出生以后，原告父亲多次要求被告某妇幼保健计划生育服务中心出具出生医学证明，并按其要求分别提供了获嘉县大新庄乡某村民委员会证明、程某鸣与程某之间存在亲生血缘关系的司法鉴定意见书，但被告某妇幼保健计划生育服务中心仍以种种理由拒绝出具出生医学证明。作为卫生行政部门的被告某卫生健康委员会主管全县母婴保健工作，对原告父亲向政府机关进行投诉不予解决。程某由于没有出生医学证明，没有办法进行落户，不能享受中华人民共和国公民的基本待遇，给原告及家人生活带来了极大的不便。综上，被告没有履行其所应负的责任，根据《中华人民共和国行政诉讼法》和《中华人民共和国母婴保健法》的有关规定，特诉至法院，请求：1、依法判令二被告履行法定职责给原告程某出具《出生医学证明》； 2、本案诉讼费用由二被告承担。<br/>　　被告某卫生健康委员会辩称，一、出具《出生医学证明》的行为不属于行政诉讼受案范围。二、原告诉状中所提被告某妇幼保健计划生育服务中心拒绝为原告程某出具《出生医学证明》，向答辩人投诉不予解决的说辞与事实不符。经核实，因程某鸣提交申请的材料不符合出具《出生医学证明》相关规定所致。三、出具《出生医学证明》不属于答辩人行政职权事项。根据《中华人民共和国母婴保健法》第二十三条和《中华人民共和国母婴保健法实施办法》第三十一条之规定，出具《出生医学证明》的主体是法律直接授权的医疗保健机构，不是答辩人。四、原告诉请答辩人作为本案的共同被告，没有事实和法律依据。综上，答辩人认为应驳回原告对答辩人的诉请。<br/>　　被告某妇幼保健计划生育服务中心辩称，一、出具《出生医学证明》的行为不属于行政诉讼受案范围。二、第三人卜某静系非婚生育，自生育后至今，未在答辩人处办理新生儿《出生医学证明》首次签发登记，答辩人无法确认原告程某就是卜某静非婚生育的子女，故不能为原告程某签发《出生医学证明》。三、原告程某没有证据证明其就是第三人卜某静非婚生育子女。四、根据卫妇社发（2009）96号《卫生部关于进一步加强出生医学证明管理的通知》附件二首次签发要求，及《国家卫生计生委、公安部关于启用和规范管理新版&lt;出生医学证明&gt;的通知》（国卫妇幼发（2013）52号）附件二第二条规定，答辩人在未收到卜某静签字的委托书前，除卜某静之外的其他人无权在首次签发登记表上签字领取卜某静生育子女的《出生医学证明》。五、根据国家卫生和计划生育委员会关于《出生医学证明》签发指导意见（2016年2月29日）要求，如果领证人为新生儿父亲，不需提供母亲签字的委托书，但在本案中答辩人并未登记到卜某静指认的生育子女姓名和其生父姓名、身份证号信息，程某鸣也没有证据证明程某就是卜某静与其共同生育的非婚子女。六、根据豫卫妇幼（2017）9号《河南省卫生和计划生育委员会关于进一步加强出生医学证明管理的通知》文件要求，非婚生育的，而出生证上需要填写父亲信息者，需提供新生儿父母的非婚生育说明及父子鉴定证明，而在本案中答辩人并未见到卜某静的非婚生育说明。综上，答辩人认为原告程某的诉请，应予裁定不予受理或判决驳回其诉求。<br/>　　法院经审理查明，卜某静与程某鸣未婚同居，并于2019年9月29日在某妇幼保健计划生育服务中心生育一女，取名程某。程某出生后十余天，卜某静出走，下落不明。2019年10月17日，程某鸣委托河南某司法鉴定所验证程某鸣与程某之间是否存在亲生血缘关系，2019年10月28日，该机构出具鉴定意见为：依据现有资料和DNA分析结果，支持程某鸣与程某之间存在亲生血缘关系。之后，程某鸣持河南某司法鉴定所鉴定意见书、卜某静临时身份证复印件、获嘉县大某乡某村民委员会证明、卜某静签字的信息不完整的首次签发登记表、卜某静诊断证明书、出院证等相关材料向某妇幼保健计划生育服务中心申领程某《出生医学证明》，某妇幼保健计划生育服务中心以程某鸣未能提供卜某静的身份证原件、非婚生育说明以及卜某静签字的首次签发登记表不完善不能确认程某系卜某静与程某鸣的非婚生女为由，不予出具《出生医学证明》。<br/>　　程某遂诉至法院，请求依法判令某妇幼保健计划生育服务中心履行法定职责，出具《出生医学证明》。<br/>　　河南省获嘉县人民法院于2021年11月15日作出（2021）豫0724行初6号行政判决：某妇幼保健计划生育服务中心应自本判决生效之日起30日内为程某办理《出生医学证明》；驳回程某要求某卫生健康委员会出具《出生医学证明》的诉讼请求。宣判后，当事人未提出上诉，判决已发生法律效力。</p>","<p>　　法院生效裁判认为：某妇幼保健计划生育服务中心以程某鸣未能提供卜某静的身份证原件、非婚生育说明以及卜某静签字的首次签发登记表不完善不能确认程某系卜某静与程某鸣的非婚生女为由，而不履行该法定职责，其行为不仅仅侵犯了程某个人的私权，更重要的是侵犯了《出生医学证明》申领、签发和管理的行政管理制度，影响了程某取得中国国籍、户籍登记、血亲关系认定和母婴保健服务，其符合行政主体资格。根据《中华人民共和国母婴保健法》第二十三条的规定“医疗保健机构和从事家庭接生的人员按照国务院卫生行政部门的规定，出具统一制发的新生儿《出生医学证明》”，医疗保健机构出具《出生医学证明》的行为，属于法律授权的行政确认行为，属于行政诉讼的受案范围。卜某静生育女儿后出走下落不明，且未主动履行办理《出生医学证明》的义务，程某鸣向某妇幼保健计划生育服务中心申请办理《出生医学证明》的过程中无法提供卜某静的身份证原件等相关材料，致使程某出生后两年多时间仍未办理《出生医学证明》，直接影响到程某的基本权益。关于某妇幼保健计划生育服务中心不能确认程某系卜某静与程某鸣的非婚生女，程某鸣未提供卜某静的身份证原件及非婚生育说明，而不予办证的辩解，根据申领方提供的获嘉县大新庄乡某村民委员会的证明、卜某静出院证等相关住院材料及程某与程某鸣的亲子关系鉴定报告等证据，可以认定程某系卜某静与程某鸣的非婚生女；虽然，其未提供卜某静的身份证原件，但根据其已提供与卜某静住院病历档案一致的身份证复印件，以此能够证明程某生母卜某静的身份信息，故某妇幼保健计划生育服务中心的该辩解理由不能成立。综上，程某鸣作为新生儿的父亲向某妇幼保健计划生育服务中心申请办理《出生医学证明》，其提供的申领材料，符合医疗保健机构签发《出生医学证明》的实质条件要求，某妇幼保健计划生育服务中心应当予以办理。</p>","<p>医疗保健机构出具《出生医学证明》的行为，是法律授权实施的行政确认行为，属于行政诉讼的受案范围。医疗保健机构未依法出具《出生医学证明》不仅仅侵犯公民个人合法权益，同时还侵犯《出生医学证明》申领、签发和管理的行政管理制度，影响公民取得中国国籍、户籍登记、血亲关系认定和母婴保健服务等相关权益。本案新生儿的父亲向某妇幼保健计划生育服务中心申请办理《出生医学证明》，提供的申领材料符合医疗保健机构出具《出生医学证明》的法定条件要求，某妇幼保健计划生育服务中心应当予以办理。</p>","<p>　　《中华人民共和国行政诉讼法》第72条<br/>　　《中华人民共和国母婴保健法》第23条<br/></p><br/>######<p>　　一审：河南省获嘉县人民法院（2021）豫0724行初6号行政判决（2021年11月15日）</p>","\N","\N","2026-01-21 10:27:30","2026-01-21 10:27:30","10014916a768506bca25d616e1c2df4d","\N","20260426","","","","","","","","","","","","","","","","","","","","","","","","","","","","","",""
"4017","人民法院案例库","https://rmfyalk.court.gov.cn","行政-行政赔偿","2023-12-3-020-004","最高人民法院","行政诉讼,行政赔偿,强制拆除房屋,起诉条件,适格被告","再审","2018.06.13","02","<p>　　法院经审理查明：徐某等4人居住的杭州市上城区南兴加儿巷X号房屋被列入杭州地铁5号线一期工程侯潮路站二期项目征收红线范围内。2015年12月29日，实施单位拆除涉案房屋部分屋顶、东墙、西墙、东墙的公共进出门。徐某等4人以杭州市上城区人民政府为被告提起行政诉讼，请求：1.确认2015年12月29日上城区政府强行拆除杭州地铁5号线一期工程侯潮路站二期项目征收红线范围内南兴加儿巷X号房屋的行为违法；2.判令上城区政府赔偿南兴加儿巷X室之2陆某娣户因2015年12月29日上述强拆行为导致陆某娣个人财物灭失经济损失人民币50万元，居住损失人民币50万元，精神损害费人民币100万元；3.判令上城区政府赔偿南兴加儿巷X号204室之1姚某程户因上城区政府上述强拆行为导致姚某程、徐某、徐某个人财物灭失经济损失人民币100万元，居住损失人民币100万元，精神损害费人民币300万元；4.判令上城区政府赔偿徐某人民币219.73万元；5.判令上城区政府赔偿徐某因上述强拆行为导致工作财物灭失，致使徐某至今无法从事母婴类电商微商工作的经济损失人民币500万元。<br/>　　浙江省杭州市中级人民法院于2017年10月11日作出（2017）浙01行初260号行政裁定，驳回徐某等4人的起诉。<br/>　　一审宣判后，徐某等4人不服提起上诉，浙江省高级人民法院于2017年12月27日作出（2017）浙行终1470号行政裁定，驳回上诉，维持一审裁定。<br/>　　二审宣判后，徐某等4人向最高人民法院申请再审，最高人民法院于2018年6月13日作出（2018）最高法行申1954号行政裁定，驳回再审申请人徐某等4人的再审申请。</p>","<p>　　法院生效裁判认为：本案中，各方对街道办事处以拆除危房的名义实施拆除的事实，并无异议，分歧仅在于谁是最终的责任主体并以此确定适格被告。<br/>　　首先，街道办事处作为派出机关可以自己名义独立作出行政行为并承担责任。《中华人民共和国地方各级人民代表大会和地方各级人民政府组织法》第六十八条规定，省、自治区人民政府可以设立行署，县、自治县的人民政府可以设立区公所，市辖区、不设区的市的人民政府可以设立街道办事处，分别作为同级人民政府的派出机关。与行政机关设立的行使该行政机关部分行政职权的派出机构不同，地方人民政府设立的派出机关是独立的行政主体，能够以自己名义独立作出行政行为并独立承担相应的责任。因此，街道办事处在有关人民政府未进行委托的情况下，其以自己的名义单独作出相应的行政行为，对由此产生的诉讼，街道办事处是适格被告并独立承担法律责任，而不宜以派出机关即相应的人民政府为被告。因此，否定街道办事处的被告主体资格，而主张一律以设立的人民政府为被告的观点，不符合上述规定精神，也导致《中华人民共和国行政诉讼法》第二十六条第一款的规范目的落空，也违反《最高人民法院关于适用〈中华人民共和国行政诉讼法〉的解释》第二十条第一款之规定。<br/>　　其次，即使认定街道办事处实施的强制拆除，系以房屋征收部门委托的房屋征收实施单位名义而实施，对相应的法律后果也应由房屋征收部门承担，而不应由作为征收主体的市、县级人民政府承担。《国有土地上房屋征收与补偿条例》（以下简称《征补条例》）第四条规定，市、县级人民政府负责本行政区域的房屋征收与补偿工作。市、县级人民政府确定的房屋征收部门组织实施本行政区域的房屋征收与补偿工作。第五条规定，房屋征收部门可以委托房屋征收实施单位，承担房屋征收与补偿的具体工作。房屋征收部门对房屋征收实施单位在委托范围内实施的房屋征收与补偿行为负责监督，并对其行为后果承担法律责任。《最高人民法院关于适用〈中华人民共和国行政诉讼法〉的解释》第二十五条进一步规定，市、县级人民政府确定的房屋征收部门组织实施房屋征收与补偿工作过程中作出行政行为，被征收人不服提起诉讼的，以房屋征收部门为被告。征收实施单位受房屋征收部门委托，在委托范围内从事的行为，被征收人不服提起诉讼的，应当以房屋征收部门为被告。据此，街道办事处既非征收主体，也非组织实施房屋征收与补偿工作的房屋征收部门，而只可能是按照本级人民政府规定的职责分工，接受房屋征收部门的委托，承担房屋征收与补偿具体工作的被委托单位。因此，街道办事处作为房屋征收实施单位在委托范围内所从事的行为，由委托人房屋征收部门承担其后果，由此引发的诉讼，亦由房屋征收部门作为适格被告并承担相应责任。再审申请人坚持以上城区政府为被告，亦不符合上述规定情形。<br/>　　最后，街道办事处超出房屋征收部门委托范围，违法以拆除危房名义实施的房屋拆除行为，应当由其自己承担法律责任。本案更为特殊之处在于，强制拆除行为虽然形成于国有土地上房屋征收过程中，本应受《征补条例》调整，并应当以《征补条例》有关征收补偿具体职权规定确定适格被告。但是，由于涉案房屋被拆除并非因征收而进行，而是以拆除危房的名义而实施。在此情形下并不宜仅依《征补条例》规定的相应行政主体的行政职权，判断行为主体、诉讼主体和责任主体，也不能仅以涉案房屋征收与补偿方案确定的房屋征收实施单位为适格被告。就本案而言，房屋征收部门虽委托紫阳街道办事处承担房屋征收与补偿具体工作，但紫阳街道办事处以自己名义实施的危房拆除行为，并非适用《征补条例》的规定对国有土地上的合法房屋所具体实施的征收补偿，而是适用《城市危险房屋管理规定》以自己的名义实施的危房拆除行为，而现有证据也不能证明紫阳街道办事处系受房屋征收部门的委托实施的危房拆除行为。因此，对紫阳街道办事处明显超出房屋征收部门委托范围而自己独立实施的行为，应当由其自己承担相应的法律责任。《最高人民法院关于适用〈中华人民共和国行政诉讼法〉的解释》第二十条第二款有关法律、法规或者规章授权行使行政职权的行政机关内设机构、派出机构或者其他组织，超出法定授权范围实施行政行为，当事人不服提起诉讼的，应当以实施该行为的机构或者组织为被告的规定，亦体现了“谁行为，谁负责，谁为被告”的基本理念。再审申请人如对涉案强制拆除行为不服，应以紫阳街道办事处为被告提起诉讼，而不应以人民政府为被告。再审申请人在一审法院释明变更被告后，拒绝变更，仍坚持以人民政府为被告，无法律依据。<br/>　　需要强调的是，否定涉案房屋系因征收而拆除，是基于本案的证据和事实，并非认可市、县级人民政府、以及市、县级人民政府确定的房屋征收部门、甚至房屋征收部门委托的房屋征收实施单位，可以违法以拆除危房的名义进行合法的征收搬迁。行政主体在征收拆迁过程中，违反《城市危险房屋管理规定》的立法目的和法定条件，采取违法拆危的方式进行征收拆迁，人民法院不应予以支持；造成物权损失的，应当依法赔偿。</p>","<p>街道办事处在有关人民政府未进行委托的情况下，其以自己的名义单独作出相应的行政行为，街道办事处是适格被告并独立承担法律责任，而不宜以相应的人民政府为被告。街道办事处作为房屋征收实施单位在委托范围内所从事的行为，由委托人房屋征收部门承担其后果，由此引发的诉讼，亦由房屋征收部门作为适格被告并承担相应责任。街道办事处超出房屋征收部门委托范围，违法以拆除危房名义实施的房屋拆除行为，应当由其自己承担法律责任。</p>","<p>　　《中华人民共和国行政诉讼法》第26条第1款、第5款<br/>　　《最高人民法院关于适用〈中华人民共和国行政诉讼法〉的解释》第20条<br/></p><br/>######<p>　　一审：浙江省杭州市中级人民法院（2017）浙01行初260号行政裁定（2017年10月11日）<br/>　　二审：浙江省高级人民法院（2017）浙行终1470号行政裁定（2017年12月27日）<br/>　　再审：最高人民法院（2018）最高法行申1954号行政裁定（2018年6月13日）</p>","\N","\N","2026-01-21 10:27:30","2026-01-21 10:27:30","110f567eea43b081f6874bf18292c276","\N","20260426","","","","","","","","","","","","","","","","","","","","","","","","","","","","","",""
