"id","web_name","web_url","case_type","storage_no","court_name","key_words","trial_procedure","trial_year","case_level","basic_facts","judgment_reason","judgment_essence","related_info","related_law","related_judgment_body","create_time","update_time","md5_value","judgment_mean","dt"
"6379","多元解纷案例库","https://dyjfalk.court.gov.cn/site/case/2a0b8503-f748-4ebc-8a96-bb5138cb3a28","民事-相邻关系纠纷","D2025-161-1-053-677","鹤岗市工农区人民法院","民事,相邻关系纠纷,违规搭建阳台,“住建+法院+社区”联动化解","","2025-10-16","\N","刘某与郑某为同栋楼相邻单元住户，郑某违规搭建保温阳台，阻断楼外排水管道，致使雨水流入刘某家中，还影响其采光与隐私。刘某多次与郑某沟通无果后，向住建部门举报。住建部门经调查，拟对郑某进行行政处罚，但考虑到行政处罚难以实质消除双方矛盾，且可能进一步激化邻里矛盾、不利于社区和谐稳定，遂请求法院联合化解纠纷。","法院收到相关请求后，选派经验丰富的法官与住建部门取得联系，详细了解纠纷具体情况，在住建部门统筹主导下，联合刘某和郑某所在社区的工作人员，共同组建调解小组，合力开展以下工作： 一是进行“背对背”沟通，全面了解双方诉求。调解小组分别与刘某、郑某进行深入交流，了解双方主要诉求：刘某反映郑某家违建保温阳台超出正常尺寸20cm，不仅阻断了楼外排水管道，还紧邻其卧室，导致雨水倒灌、采光严重受阻，多次沟通无果后才选择举报；郑某则称房子系购买所得，违建并非自己所为，虽愿意将保温阳台回缩20cm，但拒绝承担相关费用。 二是开展实地调查，精准明晰争议焦点。调解小组多次前往郑某家中，实地勘查违建保温阳台现状，并联系专业工人现场评估改建施工价格。社区工作人员利用熟悉社区的工作优势，详细了解案涉小区楼栋情况，了解到该楼建成已近30年，属于物业弃管楼，近一半住户存在改建、扩建保温阳台的情况。通过沟通了解和实地调查，调解小组明确双方争议焦点主要为：郑某是否应承担阳台回缩的费用。 三是注重释法析理，积极引导双方让步。指导法官与住建部门工作人员凭借专业素养，向郑某逐条阐释相邻权相关法律规定，并结合典型案例和实地调查情况，向郑某说明其违建保温阳台已对相邻建筑通风、采光和日照造成妨碍，属于侵权行为，需承担法律责任，促使郑某认识到问题的严重性。社区工作人员从邻里情谊和实际生活角度出发，提醒郑某雨季即将来临，若不解决违建问题，刘某房屋可能再次受损，届时矛盾会加深，劝其换位思考，促推尽快解决问题。经过多轮耐心细致的沟通，刘某与郑某同意各让一步，并就阳台拆除和相关费用等达成一致意见，郑某承诺在一周内将违建保温阳台拆除，刘某主动表示愿意承担40%的费用。 四是促推完善机制，从源头上减少纠纷。为从源头上有效预防化解此类纠纷，法院建议住建部门，将该案作为典型案例，在今后处理类似邻里违建投诉时，秉持审慎与善意理念，优先通过调解等方式实质解决纠纷，推动行政执法既有力度又显温度。","本案系因违法建筑引发的相邻关系纠纷。在城市化快速推进的背景下，未经城市规划部门批准而擅自新建、扩建和改建建筑物的情形十分常见，因违法建筑侵害相邻权引发的纠纷亦时有发生。本案中，住建部门收到投诉后，依托“住建+法院+社区”联动化解机制，通过“背对背沟通+实地勘查+释法明理+源头治理”全链条解纷路径，促推实现“化解一案、治理一片”。调解过程中，调解小组各成员单位充分发挥自身职能优势，住建部门凭借行政主管部门的权威性与专业性，为纠纷调处提供权威的专业意见；法院做实法律指导，结合法律规定和典型案例释法明理，确保纠纷化解在法理框架内进行；社区充分发挥贴近居民、熟悉民情的优势，积极开展沟通疏导工作，为调解工作注入人文关怀。期间，调解小组巧妙运用“背对背沟通”、“面对面疏导”等方式，采用“现场勘查—成本核算—责任划分—方案定制”四步调解法，引导双方对整改责任和费用分担达成共识，实现纠纷高效妥善化解，既修复了受损的邻里关系、消弭邻里间的矛盾，还通过以案释法，促推行政主管部门在处理此类纠纷时更加注重发挥多元解纷机制作用，实现“违建整改+邻里和睦+社区治理”的多赢效果。","《中华人民共和国民法典》第288条、第293条 《中华人民共和国城乡规划法》（2019年修正）第64条","\N","","2026-01-27 09:49:10","2026-02-03 09:46:53","0006e4250f4a7774b727e0bd6637baf7","\N","20260426"
"2626","人民法院案例库","https://rmfyalk.court.gov.cn","民事-专利权权属、侵权纠纷","2024-13-2-160-011","最高人民法院","民事,侵害发明专利权,可组合使用产品,被诉侵权产品,侵权技术比对","二审","2023.04.11","02","<p>　　北京仁某医药科技有限公司诉称：湖南慈某医疗科技有限公司未经许可制造、销售的外耳矫形器与骨科定位片的组合产品，具有专利号为200880108740.X、名称为“畸形耳朵的矫正”的发明专利相关权利要求记载的全部技术特征，落入涉案专利权的保护范围。杭州欣某贸易有限公司、宁波四某大药房有限责任公司实施了销售被诉侵权产品的行为，宁波市某医院实施了使用被诉侵权产品的行为。故请求判令四被告立即停止侵害涉案专利权的行为，判令湖南慈某医疗科技有限公司、杭州欣某贸易有限公司各赔偿经济损失100万元，宁波四某大药房有限责任公司赔偿经济损失20万元，宁波市某医院赔偿经济损失40万元并对宁波四某大药房公司的赔偿承担连带责任；四被告共同赔偿为制止侵权所支付合理开支58765元。<br/>　　湖南慈某医疗科技有限公司、杭州欣某贸易有限公司、宁波四某大药房有限责任公司、宁波市某医院辩称：被诉侵权的骨科定位片与外耳矫形器系两个相互独立的产品，二者并非配套出售，也并非必须固定搭配使用，故不应将二者组合进行侵权比对。<br/>　　法院经审理查明：涉案专利权利要求1记载：“1.一种用于人类耳朵的塑形装置，包括：形成开口的基部，所述开口尺寸做成适合让所述耳朵通过所述开口，其中，所述耳朵包括对耳轮、三角窝的上翼、耳轮、耳轮边缘、根部、外耳和耳舟区域，而所述基部包括后表面和前表面；顶部，所述顶部与所述基部可释放地接合而在其间形成隔间；以及布置在所述前表面上的第一夹片，所述第一夹片适于保持所述耳朵在所述对耳轮和所述三角窝的上翼的区域内所想要的解剖学形状。”<br/>　　被诉侵权外耳矫形器及骨科定位片均系湖南慈某医疗科技有限公司生产，外耳矫形器标注医疗器械注册证编号为湘械注准20182190XXX，骨科定位片标注产品备案号为湘长械备20190XXX号，骨科定位片包括I型、Ⅱ型、Ⅲ型。前述被诉侵权的外耳矫形器、骨科定位片均作为不同的产品各自独立包装、销售，且销售者分别开具发票，二者销售的数量也并不完全对应。另，涉案专利说明书具体实施方式公开了后夹片（对应涉案专利权利要求1中第一夹片）应视患儿病患情况选择单独使用或与其他外耳矫形装置配合使用于畸形耳朵的矫正及治疗。北京仁某医药科技有限公司明确其主张外耳矫形器与骨科定位片（含I型、Ⅱ型）应组合进行技术比对。<br/>　　浙江省杭州市中级人民法院于2021年8月27日作出（2020）浙01知民初277号民事判决：驳回北京仁某医药科技有限公司的全部诉讼请求。北京仁某医药科技有限公司以被诉侵权外耳矫形器与骨科定位片的组合，落入涉案专利权的保护范围为由，提出上诉。<br/>　　最高人民法院于2023年4月11日作出（2021）最高法知民终2270号民事判决：一、撤销浙江省杭州市中级人民法院（2020）浙01知民初277号民事判决；二、湖南慈某医疗科技有限公司立即停止制造、销售Ⅱ型骨科定位片，销毁Ⅱ型骨科定位片的专用生产模具；三、湖南慈某医疗科技有限公司于本判决生效之日起十日内赔偿北京仁某医药科技有限公司经济损失25万元以及为制止侵权产生的合理开支5万元，合计30万元；四、驳回北京仁某医药科技有限公司的其他诉讼请求。</p>","<p>　　法院生效裁判认为，首先，北京仁某医药科技有限公司以公证方式取得的被诉侵权的骨科定位片除I型骨科定位片外，还包括Ⅱ型骨科定位片，其中左耳Ⅱ型、右耳Ⅱ型骨科定位片的一端分别标注了“L”或“R”，其两端带有用于卡接固定的安装脚。其次，因婴幼儿耳朵畸形形态各有差异，矫形所需要使用的部件及手段也各不相同，结合涉案专利说明书关于可视情况选择后夹片（对应于涉案专利权利要求1中的第一夹片，相当于被诉侵权的骨科定位片）用于畸形耳朵的矫正及治疗的记载可知，I型骨科定位片可以单独使用，消费者购买Ⅰ型骨科定位片后单独使用即可正常发挥其功能。同时，消费者根据自己的消费需求亦可将Ⅰ型骨科定位片与外耳矫形器组合使用，是否组合取决于消费者自己。基于Ⅰ型骨科定位片与外耳矫形器不存在安装组合关系，二者均有单独批号，均为单独包装、单独销售，且均可根据患者耳部畸形情况独立使用，故不应将Ⅰ型骨科定位片与外耳矫形器组合作为侵害涉案专利权产品。但是，Ⅱ型骨科定位片的两端设置有与外耳矫形器卡接固定的安装脚，这不仅是提高了生产成本，而且构成消费者单独使用Ⅱ型骨科定位片的技术上的障碍，因为在单独使用的情况下，该安装脚会压迫婴幼儿的耳朵，严重影响矫正效果。因此，通常情况下，消费者不会单独购买、使用Ⅱ型骨科定位片，消费者如果购买Ⅱ型骨科定位片，其目的在于将Ⅱ型骨科定位片与其购买的外耳矫形器组合使用。可见，是否将Ⅱ型骨科定位片与外耳矫形器组合使用，不是消费者自己所能决定，而是由Ⅱ型骨科定位片的特定结构所决定，故组合后的技术方案实际上是由Ⅱ型骨科定位片与外耳矫形器的制造者所决定，应将Ⅱ型骨科定位片与外耳矫形器的组合作为本案的被诉侵权产品。单独的外耳矫形器缺少涉案专利权利要求1中的“第一夹片”的技术特征，而将Ⅱ型骨科定位片与外耳矫形器的组合则具备涉案专利相关权利要求记载的全部技术特征，落入涉案专利权的保护范围。</p>","<p>同一主体制造的不同产品可以组合使用，且组合使用才落入专利权保护范围的，应当依据使用时实际形成的技术方案，重点考虑该技术方案的形成系由消费者还是制造者决定，来确定侵权责任人。如果有关产品原本可以分别使用，但消费者根据自身需求，将其组合到一起使用，则一般可以认定该组合后产品的技术方案系由消费者决定，不应将制造者作为侵权责任人。如果有关产品无法分别使用而必须相互配合，消费者根据产品的特定结构、功能、使用说明等将其组合到一起使用，则一般可以认定该组合后产品的技术方案系由制造者决定，应将该制造者作为侵权责任人。</p>","<p>　　《中华人民共和国专利法》第11条第1款、第64条第1款（本案适用的2009年10月1日施行的《中华人民共和国专利法》第11条第1款、第59条第1款）<br/>　　《最高人民法院关于审理侵犯专利权纠纷案件应用法律若干问题的解释》第7条</p><br/>######<p>　　一审：浙江省杭州市中级人民法院（2020）浙01知民初277号民事判决（2021年8月27日）<br/>　　二审：最高人民法院（2021）最高法知民终2270号民事判决（2023年4月11日）</p>","\N","\N","2026-01-21 10:27:30","2026-01-21 10:27:30","000a0be459875a9f5815fb3f011ff09c","\N","20260426"
"714","人民法院案例库","https://rmfyalk.court.gov.cn","民事-损害股东利益责任纠纷","2024-08-2-275-001","上海市高级人民法院","民事,损害股东利益,承诺履行,解除限售,损害赔偿","二审","2022.07.25","02","<p>　　原告东某证券股份有限公司（以下简称某证券公司）诉称：2018年9月3日，因某证券公司与案外人李某之间的公证债权文书强制执行一案，北京市第二中级人民法院（以下简称北京二中院）依法裁定将李某持有的58410000股“皇某集团股份有限公司（以下简称某集团公司）”（证券代码：002XXX）股票作价人民币300694680元交付某证券公司抵偿债务，案涉股票的所有权及其他权利自裁定送达某证券公司时起转移。某证券公司于2018年9月12日完成了案涉股票的过户手续。根据被告某集团公司披露的公告，案涉股票由某集团公司于2014年向李某发行，用于购买李某持有的某影视集团有限公司（以下简称某影视公司）100%股权；李某对案涉股票设定有业绩承诺，承诺期为2014年至2017年；若李某完成约定的业绩承诺，则限售解除，案涉股票可自由转让。2018年4月26日，某集团公司发布公告，确认李某已完成2014年至2017年约定的业绩承诺，故案涉股票已满足解除限售条件。根据相关解除限售规则，上市公司及其董事会负有向交易所及证券登记结算公司出具文件、配合办理股票解除限售的义务。而在某证券公司多次提出申请要求办理解除限售的情况下，某集团公司一直未履行办理解除限售手续。某证券公司认为，上市公司股东所持股票符合解除限售条件的，上市公司应及时办理解除限售。某集团公司拒不办理解除限售手续的行为，已严重侵害了某证券公司的股东权利，并导致某证券公司未能在股价较高时处置案涉股票，造成某证券公司重大经济损失。根据公司法等规定，某集团公司应当承担停止侵害、赔偿损失等责任。故诉至法院，请求判令：1.被告某集团公司停止对原告某证券公司股东权利的侵害，并立即为某证券公司所持有的全部某集团公司（证券代码：002XXX）共计58410000股限售股办理解除限售手续；2.被告某集团公司赔偿因延迟解除限售而给原告某证券公司造成的损失人民币5000万元（币种下同）；3.被告某集团公司承担本案某证券公司律师费合计30万元等。<br/>　　被告某集团公司辩称：1.某集团公司不存在侵权行为或怠于拒绝办理解禁手续的行为，李某曾于2018年3月20日向某集团公司出具《解除股份限售之自律承诺函》，自愿对本案争议股份（包括上述股份实施的送红股，资本公积金转增股份等原因新增的股份）增加解除股份限售之多项自律条件。某证券公司作为受让方应当受到李某所有限售承诺的约束。根据李某的承诺和深圳证券交易所的规则，相关解禁条件未得到满足，故无法解除限售。2.某证券公司知道或应当知道解除限售所需要的条件，某证券公司与李某的质押式回购交易是某证券公司与李某在限售期内违反法律规定提前套现，逃避限售承诺。3.某集团公司没有过错，不存在侵害某证券公司股东权利的行为。某集团公司并没有报告解除限售条件的义务，某证券公司2020年7月第一次发函要求解除限售时，某集团公司及时回函告知了李某2018年3月20日承诺函的内容。4.限售流通股是否解除限售是公司自治范畴，某集团公司已经对此事通过了董事会、股东大会决议，某证券公司应先满足相关前提条件，某集团公司才能解除限售。5.某证券公司主张的损失没有实际发生，股市有涨跌，股票的交易无法预测，某证券公司事后审视当时的行为，并以此计算5000万元的损失，缺乏客观和合理性。某证券公司主张的律师费，不属于必然发生费用，金额不合理，且尚未足额支付，故不应支持。<br/>　　法院经审理查明：2014年11月25日，某集团公司发布《广西某乳业股份有限公司发行股份及支付现金购买资产并募集配套资金暨关联交易实施情况及新增股份上市报告书》（广西某乳业股份有限公司为某集团公司原名），载明：（1）某集团公司以发行公司股份35520446股和支付现金人民币20475万元（以下币种相同）相结合的方式，购买李某持有的某影视公司100%股权；（2）李某以资产认购的某集团公司股份在业绩承诺期内（2014年至2017年）不得转让，即在2017年审计报告出具后、《发行股份及支付现金购买资产协议》约定的盈利承诺与补偿责任履行完毕后，方可转让其在本次发行中取得的股份。在上述锁定期限届满后，其转让和交易依照届时有效的法律和深交所的规则办理。<br/>　　某证券公司因与案外人李某之间质押回购交易，引发公证债权文书强制执行案，由北京二中院执行。2017年10月12日，北京二中院出具执行裁定书，明确某证券公司有权将人李某出质的58410000股某集团公司股票以折价或拍卖、变卖所得价款优先受偿。2018年1月，该院向某集团公司出具《协助执行通知书》要求其协助法院查明上述质押股份是否达到解除限售条件。某集团公司答复北京二中院称：上述股票尚属限售状态，并提出某集团公司2017年度审计报告尚未出具，某影视公司2017年度业绩完成情况仍有待审计机构的审定，尚未具备办理股票解除限售手续的相关条件。<br/>　　针对某影视公司盈利与业绩承诺情况，某集团公司2015-2018年发布多份关于某影视集团有限公司盈利情况报告、承诺完成情况说明。上述报告确认某影视公司2014年至2017年业绩承诺完成率均超100%。除此之外，2018年4月28日，某集团公司发布的《某集团股份有限公司2018年第一季度报告》中，载明了多名股东持有的限售股情况，包括李某、徐某等。同时，在“三、公司实际控制人、股东、关联方、收购人以及公司等承诺相关方在报告期内超期未履行完毕的承诺事项”中，专门载明原股东徐某未完成2016年与2017年的业绩承诺。但该报告未载明李某超期未履行完毕的承诺事项。<br/>　　后法院对上述股票进行拍卖。2018年7月31日某集团公司发布《关于公司持股5%以上股东股权将被司法拍卖的提示性公告》，告知了上述法院准备拍卖股票的情况，并载明“本次司法拍卖对公司的正常生产经营不产生影响，公司将持续关注此次拍卖的进展，并根据相关法律法规的规定及时履行信息披露义务。”后因拍卖无法成交，2018年9月北京二中院出具裁定书将李某的限售流通股作价30069.47万元交付某证券公司抵债，办理了过户手续，并随后向某集团公司出具《协助执行通知书》，要求某集团公司协助办理的解除限售手续。2018年9月7日，某证券公司作为信息披露义务人，发布了《某集团股份有限公司简式权益变动报告书》，披露了上述股票抵债情况，并提到李某所持股份对应的所有业绩承诺已完成。<br/>　　2020年3月起，某证券公司工作人员王某通过微信向某集团公司工作人员王某芳了解解禁流程及所需材料。在微信沟通记录中，王某表示准备申请解禁，但应该不会减持，并多次向王某芳了解解禁时需要准备的材料清单。王某芳回复称：看了一下相关的材料，基本都是上市公司填，因为规则上都是对于非公开、定增对象的解除限售，对于司法划转的情况没有提及，故要求王某把某证券公司相关案件的判决书等划转文件扫描发给她。但某集团公司后续并未办理。2020年7月24日某证券公司正式向某集团公司发送一封《要求办理股票解禁手续的公函》，要求某集团公司收函后三日内办理解禁手续，随后又于8月5日发出《律师函》，但某集团公司仍未配合解禁，故某证券公司提起诉讼。<br/>　　在案件诉讼过程中，某集团公司提出还存在一份载明日期为2018年3月20日、由李某向某集团公司出具的《解除股份限售之自律承诺函》（以下简称《承诺函》），该《承诺函》载明李某自愿增加以下解除股份限售之自律条件：（1）2018年3月20日某影视公司及其子公司产生的应收账款、预付账款、存货及其他应收款，李某已完成全部保值收回。（2）李某因本次交易所取得的现金已完税（包括因后期国家税务政策变化和调整新增的应缴所得税）。（3）就拟申请解除限售部分的股份在未来转让时涉及的个人所得税税金（以申请解除限售时国家相关税务法律政策为准）已足额缴纳至某集团公司。2020年8月13日，某集团公司将上述增加限售条件事宜向深圳证券交易所进行报告。此后，某集团公司先后召开董事会、股东会，通过决议认定李某的新增条件未完成，并同时提出，对于某证券公司因抵债取得股票，应由某证券公司缴纳李某应承担的账款清收和税费责任11110.70万元，然后才可以解除限售。<br/>　　上海金融法院于2021年7月29日作出（2020）沪74民初3479号民事判决：一、被告某集团公司应于本判决生效之日起十日内为原告某证券公司所持的某集团公司共计58410000股限售股办理解除限售手续；二、被告某集团公司应于本判决生效之日起十日内赔偿原告某证券公司因延迟解除限售造成的损失人民币500万元；三、被告某集团公司应于本判决生效之日起十日内支付原告某证券公司律师费人民币18万元；四、驳回原告某证券公司的其余诉讼请求。宣判后，某集团公司不服，提起上诉。上海市高级人民法院于2022年7月25日作出（2021）沪民终514号民事判决：驳回上诉，维持原判。</p>","<p>　　本案争议的焦点问题是：（一）李某向某集团公司出具的《承诺函》的真实性以及该函对某证券公司要求某集团公司解除限售是否具有约束力；（二）某集团公司通过的股东大会决议是否可以限制某证券公司请求解除限售条件；（三）若某集团公司应配合而不配合某证券公司解除限售，某集团公司应赔偿的某证券公司损失如何确定。<br/>　　一、李某向某集团公司出具的《承诺函》的真实性以及该函对某证券公司要求某集团公司解除限售是否具有约束力<br/>　　1.直至2020年8月，某集团公司才向某证券公司以及深圳证券交易所提及该份《承诺函》。此前某集团公司发布的多个公告中，不仅未曾提及该《承诺函》，而且明确披露解禁条件已成就。作为上市公司，如存在这样一份《承诺函》并新增了许多解禁条件，会影响原来已经符合条件的股票解禁，却不去对投资者提及，并不符合企业经营常理。在司法拍卖系争股票、某证券公司联系解除限售过程中，多次与某集团公司联系，但某集团公司从未提及存在《承诺函》，故该《承诺函》真实性存疑。2.即便《承诺函》签署日期确系2018年3月20日，但其内容有别于原先的限售承诺，对市场、对投资者、对某证券公司均有重大影响，故应按中国证监会制定的《上市公司信息披露管理办法》《深圳证券交易所中小企业板上市公司规范运作指引（2015年修订）》进行披露。某集团公司直至2020年10月28日才披露，现有的或者潜在的投资者此前无从知晓系争股票又增加了限制条件。3.某证券公司作为司法执行程序的当事人，对执行过程中的公告信息有充分的信赖，根据当时公开信息及拍卖公告，案涉股票上并不存在承诺函、不存在除业绩承诺之外的承诺，原有业绩承诺已经完成，在此基础上，才形成了以司法拍卖的保留价作为抵债价格。如果存在《承诺函》，自然会对抵债价格产生重大影响。基于对某证券公司信赖利益的保护，股票抵债过户之后方才披露的《承诺函》对某证券公司并无约束力。<br/>　　二、某集团公司通过的股东大会决议是否可以限制某证券公司请求解除限售条件<br/>　　《中华人民共和国公司法》第一百三十七条规定：股东持有的股份可以依法转让。第一百四十四条规定：上市公司的股票，依照有关法律、行政法规及证券交易所交易规则上市交易。根据上述规定，股东有权转让自己所持有的股票，这是股东最基本的权利之一。除非事先存在特别的约定，否则股东大会并不能通过事后的决议程序来限制某位股东转让自己所持有的股票。对于上市公司而言，股东之间的人合性更弱，这种自由转让股票的权利应得到更好的保障。在司法执行程序中，某证券公司基于对系争股票满足自由流通条件这一公开信息的信赖，接受了以股抵债。某集团公司事后通过的股东大会决议，不能约束某证券公司。加之，某集团公司在某证券公司解除限售的申请中，并非一个审批主体，亦无权自行施加其他限制。《深圳证券交易所中小企业板上市公司规范运作指引（2015年修订）》第4.3.6条规定：股东申请限售股份上市流通的，应当委托公司董事会办理相关手续。有鉴于此，某集团公司董事会对此类事项系受托办理手续的角色，其无权通过董事会决议或进一步形成股东大会决议来限制某证券公司的权利。如果施加无理限制，则构成侵权，给某证券公司造成损失的，应予赔偿。<br/>　　三、若某集团公司应配合而不配合某证券公司解除限售，某集团公司应赔偿的某证券公司损失如何确定<br/>　　《中华人民共和国民法典》第一千一百六十五条规定：侵害民事权益应当承担侵权责任。本案中，某证券公司系某集团公司股东，在某证券公司所持限售股符合解除限售条件的情况下，某集团公司应依据规则予以配合办理，因为解除限售是某证券公司对合法财产行使占有、使用、收益的合法权利。如果某集团公司未履行或怠于履行则构成侵权，应该赔偿某证券公司相应损失。至于损失的计算，民法典第一千一百八十四条规定：侵害他人财产的，财产损失按照损失发生时的市场价格或者其他合理方式计算。某证券公司提出了两种损失计算方式，一是在股价较高时卖出，二是一经解禁便着手卖出，两种计算方式得出的损失均不低于5000万元，故某证券公司认为其主张某集团公司赔偿5000万元损失。某集团公司则对某证券公司的计算方式不认可，提出股票有涨有跌，而且某证券公司未必能够预料到最高点并且在最高点减持。由于股价有涨有跌，在未完成实际减持的情况下，某证券公司的差额损失具有较大的不确定性。某集团公司拒绝配合解禁的行为，有其过错，不仅极有可能造成差价损失，还剥夺了某证券公司的自由选择与交易机会。某集团公司作为一家上市公司，在证券市场融资多年，应该明白这种交易机会的丧失对于作为券商的某证券公司所产生的不利影响。纠纷一次性解决和“一事不再理”是民事诉讼的重要原则，降低当事人诉讼成本，彻底化解纷争也是民事诉讼法应有之意，综合考量了涉诉股票数量、历史成交价、近期股价趋势、某集团公司过错程度以及侵权持续时间等诸多因素后，酌定某证券公司全部损失金额为500万元作为终局赔偿金额，不再保留某证券公司诉权。</p>","<p>上市公司股票限制出售存在种种原因，其中之一是为了防止相关持股主体利用信息不对称等获取短期利益，损害上市公司及其他股东利益，冲击股票市场稳定。在限售股相关承诺已完成的情况下，受让人针对其在司法执行程序中取得的股票，要求上市公司配合办理解除限售手续，上市公司举示未曾公开的隐藏承诺进行对抗的，应当判令上市公司配合办理解禁并赔偿损失。</p>","<p>　　《中华人民共和国民法典》第1165条、第1184条<br/>　　《中华人民共和国公司法》（2018年修正）第22条、第137条、第144条</p><br/>######<p>　　一审：上海金融法院（2020）沪74民初3479号民事判决（2021年7月29日）<br/>　　二审：上海市高级人民法院（2021）沪民终514号民事判决（2022年7月25日）</p>","\N","\N","2026-01-21 10:27:30","2026-01-21 10:27:30","0010ac89265b6edaca46dc67539ea5f7","\N","20260426"
"34846","多元解纷案例库","https://dyjfalk.court.gov.cn/site/case/bfc1da5a-c0cd-43fd-9117-63936ad814e3","民事-劳务合同纠纷","D2026-161-1-139-241","沭阳县人民法院","民事,劳务合同纠纷,集体欠薪,镇庭联动,乡贤参与,“嚓呱小马扎”流动调解平台","","2026-04-22","\N","2024年8月至9月，某工程公司承接农业基地配套工程项目期间，雇佣姜某等18人提供沥青铺设劳务。工程竣工后，某工程公司未及时足额支付劳务报酬，向姜某等18人出具书面欠款凭证，明确于2024年12月31日前清偿欠款。还款期限届满后，经姜某等18人多次催要，某工程公司仍拒不履行付款义务。姜某等18人诉至法院，请求某工程公司支付拖欠的劳务费用。","基层人民法庭收到起诉材料后，考虑到案涉工人多且为辖区居民，为高效保障劳动者合法权益、维护辖区社会稳定，征得双方当事人同意后，联合辖区镇政府，指派具备丰富调解经验的法官、在本地享有较高威望的乡贤调解员以及熟悉企业经营管理的镇政府工作人员组成调解团队，依托当地“嚓呱小马扎”流动调解平台，开展先行调解工作。 一、创新解纷场景，情理法融合纾解对抗情绪。调解团队秉持“因地制宜、就近解纷”原则，主动邀请双方当事人齐聚姜某家中。院落里，几张“小马扎”围坐成圈，无严肃的陈设，无生硬的程序要求，调解团队以“拉家常”式的“嚓呱”开场，从农事劳作、邻里相处等生活化话题切入，逐步拉近与当事人的心理距离。起初，姜某等人因款项拖欠问题言辞激烈，某工程公司负责人则以资金周转困难为由辩解，双方各执一词、互不相让。随着沟通深入，乡贤调解员凭借地缘、人缘、事缘优势，结合“以和为贵”的民俗传统，既充分肯定姜某等人的辛勤付出与合法诉求，也客观说明某工程公司面临的履约困境；指导法官同步穿插释明按约支付劳务报酬的法定义务、违约责任等法律规定，引导某工程公司认识到拖欠劳务报酬的法律风险。在情理法交织的沟通中，双方逐渐放下戒备与对抗，从“各执一词”转向“换位思考”。某工程公司就未按约支付劳务报酬的行为向姜某等人致歉，并如实说明其因发包公司未结算支付工程款导致资金周转困难的实际情况；姜某等人也逐步理解工程公司的履约障碍。双方对立情绪得到有效纾解，为后续纠纷化解奠定坚实基础。 二、延伸调解触角，多方联动破解支付梗阻。为避免程序空转、实现纠纷实质性化解，调解团队在厘清矛盾症结后，主动延伸调解链条，将发包公司追加为调解参与方，指导法官依法约谈发包公司，核实工程验收、结算及款项支付情况；镇政府工作人员结合辖区企业监管职责，协助调取工程验收报告、结算进度等关键证据材料，推动案件事实核查工作；乡贤调解员向发包公司释明涉众劳务纠纷可能不利于企业形象，引导其积极配合调解。经核查，案涉工程已验收合格，但发包公司以未完成最终结算为由拒绝支付工程款，导致某工程公司无法向劳动者支付劳务报酬，形成支付梗阻。针对该症结，调解团队精准施策，开展靶向调解：指导法官向发包公司释明劳动者生存权益保障的法律优先级，镇政府工作人员协调发包公司与某工程公司的结算争议，乡贤调解员从中斡旋沟通，缓和双方对立情绪。最终，发包公司同意先行支付部分工程款，并明确该款项在后续与工程公司的最终结算中予以抵扣，成功打通劳务报酬支付的关键梗阻，为纠纷化解扫清核心障碍。 三、推动调解协议履行，案结事了实现定分止争。在指导法官全程监督、镇政府工作人员行政协助、乡贤调解员现场见证下，姜某等18人与某工程公司达成调解协议。发包公司按约向某工程公司先行支付部分工程款，某工程公司结合自有资金，按照调解协议足额向姜某等18人支付劳务报酬。调解团队并未止步于协议履行，持续跟进后续工作，针对发包公司与某工程公司的剩余工程结算争议，镇政府工作人员继续提供协调支持，指导法官提供必要法律指引，最终发包公司与某工程公司完成剩余结算，结清工程款项，纠纷得以一揽子全面化解。","本案系因拖欠劳务报酬引发的劳务合同纠纷，涉及劳动者较多，关系建筑领域上下游支付链条。本案中，调解团队依托基层人民法庭与镇政府联合打造的“嚓呱小马扎”流动调解平台，以辖区“嚓呱”民俗协商传统与“小马扎”便携特性为核心，打破调解空间限制，将调解场景延伸至村居院落等群众熟悉环境，通过“拉家常”式温情沟通与“以和为贵”民俗理念，有效纾解双方对立情绪，搭建起接地气、有温度的民俗化解纷载体。同时，以该平台为联动枢纽，凝聚司法、行政、乡贤三方合力，一方面通过专业释法明确劳务报酬支付的法定义务与法律风险，以行政协助调取工程验收、结算等关键证据；另一方面将发包公司纳入调解，打通支付链条，精准破解劳务报酬支付链条梗阻问题，最终不仅实现18名农民工足额领薪的即时诉求，更通过持续跟进，推动发包公司与某工程公司完成剩余工程款结算，实现纠纷全链条“一揽子”实质化解，既高效保障劳动者合法权益，又妥善化解企业履约困境，实现法律效果与社会效果的统一。本案成功化解，得益于“嚓呱小马扎”流动调解平台，这是当地基层人民法庭与辖区镇政府深入挖掘当地民俗文化内核，推进民俗习惯与调解制度有机融合，创新打造的调解载体。“嚓呱”源于辖区居民日常闲暇相聚，遇事协商的生活习俗，是一种有别于会议、座谈等的非正式聊天方式，具有轻松、灵活、方便的特点；“小马扎”则是分合便利、坚固耐用的小型坐具，适配流动调解的场景需求，二者结合形成的解纷模式，既彰显对辖区群众生活习惯的认同，又打破固定调解场所的限制，将调解工作延伸至村居院落、农家小院、田间地头，让群众在熟悉的环境中放下顾虑，在轻松平和的氛围中表达诉求，促使“小事不出村、大事不出镇、矛盾不上交”。","《中华人民共和国民法典》第509条、第577条、第579条","\N","","2026-04-23 17:03:48","2026-04-23 17:03:48","0025a400152b47c6d5afe61fe1989196","\N","20260426"
"3916","人民法院案例库","https://rmfyalk.court.gov.cn","民事-环境污染责任纠纷","2023-11-2-377-008","上海市松江区人民法院","民事,环境污染责任,危险废物,连带赔偿责任,分担责任","一审","2012.06.28","02","<p>　　上海市松江区某人民政府诉称：2011年2月，原告发现某红先河周边水质、土壤、植被受严重污染，红先河河水有异味、水质变黄、河道旁小动物无故死亡，生态环境受到破坏。2011年3月27日晚某派出所发现被告董某正将其驾驶的号牌为豫XX槽罐车中的工业废酸排放至红先河南侧100米处的雨水井中，并将董某抓获。经公安机关侦查查明，2011年2月至3月期间，被告蒋某指派其驾驶员董某将从被告某公司、某公司、某公司收集的六车废酸倾倒在某红先河内，造成红先河严重污染。为此，被告蒋某、董某分别被判处有期徒刑二年和一年三个月。被告某化学公司、某车料公司、某镀锌公司分别被上海市环境保护局罚款人民币46万元（以下币种同）、16万元、16万元。本次污染事故发生后，原告为及时妥善处置各类污染物，避免造成二次污染，恢复河道原有的功能和生态，原告拨款并委托某水务管理部门负责对污染河道进行了治理。治理工程完毕后，经审价确认治理河道污染原告共实际共支出887,266元。综上，原告认为被告蒋某、董某违法将工业废酸倾倒至红先河内，造成本次污染事故，应当对原告由此而遭受的经济损失承担赔偿责任。被告某化学公司、某车料公司、某镀锌公司违反相关法律规定将危险废物提供或委托无经营许可证的被告蒋某处置，依法应当承担连带赔偿责任。故要求判令被告蒋某、董某、某化学公司、某车料公司、某镀锌公司连带赔偿原告为治理红先河污染而产生的经济损失887,266元、律师费74,981元，合计962,247元。<br/>　　蒋某辩称：被告董某系其雇佣的驾驶员，董某是根据其指定的地点倾倒废酸，对本起污染事故其负有一定的责任，对原告为此产生的损失理应承担赔偿责任，但其实际无经济赔偿能力。<br/>　　董某辩称：其系被告蒋某雇佣的驾驶员，从被告某公司、某公司、某公司收集的六车废酸是按照蒋某的要求倾倒在红先河南侧100米处的雨水井中。对于本案纠纷希望法院依法处理。<br/>　　上海某化工有限公司辩称：其与被告蒋某间存有盐酸买卖关系，蒋某称有单位需要废酸，故将其公司的废酸委托蒋某处理。对于蒋某实际将废酸随意倾倒的行为，其既不知情也无法掌控，其未直接参与倾倒废酸，故不应承担赔偿责任。<br/>　　某车料（上海）有限公司辩称：从诉讼主体上看，河道的管理者应当是水务部门，上海市松江区某人民政府作为原告起诉不当；同时刑事判决书已经明确污染者是被告蒋某、董某，故其他人也不应作为被告。从实体上看，其与被告某化学公司系盐酸买卖关系，某化学公司同时承诺负责处理废酸，当时某化学公司还向其提供了上海浦东解放化工厂的危险物经营许可证，故其同意将废酸交付某化学公司处理并无不当；被告某化学公司实际将废酸交付被告蒋某处理与其无关，故其不应承担赔偿责任。<br/>　　上海某镀锌有限公司辩称：其与被告蒋某、董某之间无直接关系，其与某化学公司间存有盐酸买卖关系，某化学公司同时回购其生产而产生的废酸，某化学公司如何处理废酸与其无关，故其不应承担赔偿责任。<br/>　　法院经审理查明：被告某化学公司与被告某车料公司、某镀锌公司存有盐酸买卖关系，同时被告某车料公司、某镀锌公司委托被告某化学公司处理生产后产生的废酸，被告某化学公司委托没有取得危险废物经营许可证的被告蒋某从上述被告公司运输和处理废酸，被告蒋某从上述被告公司获得给予每车每吨一定金额的费用。<br/>　　2011年2月至3月期间，被告蒋某多次指派其雇佣的驾驶员被告董某将从某公司收集的1车、从某公司收集的4车、从某公司收集的1车，共计六车废酸倾倒至某叶兴路红先河桥南侧100米处西侧的雨水井中，导致废酸经雨水井流入红先河，造成红先河严重污染。<br/>　　本次污染事故发生后，原告为治理污染，拨款并委托松江区叶榭水务管理站对污染河道进行治理。<br/>　　治理完毕后又委托了上海市云某建设工程咨询有限公司对治理污染的费用进行了审计，经审计确认红先河河道污染治理工程款为714,066元、清理管道污染淤泥工程款为25,000元、土地征用及迁移补偿费为75,800元、勘察设计费为35,000元、合同公证及工程质量监理费为27,700元、审计费9,700元，合计887,266元。<br/>　　其中勘察设计费为35,000元系由上海市松江区水务局垫付，但该局明确该费用应由原告承担，对此原告不持异议。<br/>　　另查明，因本次污染事故，上海市环境保护局对被告某公司处以行政罚款46万元、对某公司、某公司各处以行政罚款16万元。<br/>　　上海市松江区人民法院于2012年6月28日作出（2012）松民一（民）初字第4022号民事判决：一、被告蒋某于本判决生效之日起十日内赔偿原告上海市松江区某人民政府各项经济损失887,266元；二、被告董某对上述判决中被告蒋某应当赔偿的款项承担连带赔偿责任；三、被告上海某化工有限公司对上述第一项判决中被告蒋某应当赔偿的款项承担20％的连带赔偿责任；四、被告某车料（上海）有限公司对上述第一项判决中被告蒋某应当赔偿的款项承担65％的连带赔偿责任；五、被告上海某镀锌有限公司对上述第一项判决中被告蒋某应当赔偿的款项承担15％的连带赔偿责任。六、驳回原告上海市松江区某人民政府要求五被告赔偿律师费74,981元的诉讼请求。宣判后，双方当事人裁判均未提起上诉，一审判决已发生法律效力。</p>","<p>　　法院生效裁判认为，本案的争议焦点为:一、原告的主体是否适格；二、被告蒋某、董某应承担的责任；三、被告某公司、某公司、某公司是否应就本案发生的污染事故所产生的损失承担相应连带赔偿责任。<br/>　　一、关于原告的主体适格问题<br/>　　根据《上海市河道管理条列》第五条第三款的规定:“乡（镇）人民政府和乡（镇）水利机构按照职责权限，负责乡（镇）管河道的管理；……。”，故本案中原告作为被污染镇管河道的主管单位，有权对污染河道进行治理，也有权作为原告主体进行诉讼，故原告的主体资格是适格的。<br/>　　二、关于被告蒋某、董某应承担的责任问题<br/>　　根据本院确认的事实，本案系环境污染侵权纠纷，审理中被告蒋某、董某对他们的违法行为不持异议，在民事赔偿方面希望法院依法处理。<br/>　　被告蒋某以营利为目的，在没有取得危险废物经营许可证的情况下，指派其雇佣的驾驶员被告董某将废酸倾倒至原告境内通向红先河的雨水井中，造成红先河严重污染，其行为已构成违法，在其承担了刑事责任的同时，还应当承担民事赔偿责任，故被告蒋某应当赔偿原告因治理污染而产生的经济损失887,266元。<br/>　　被告董某虽为蒋某雇佣的驾驶员，但其对未经处理的废酸倾倒至雨水井可能造成的危害后果应当具有明显的预见能力，然其并未能对此不法行为及时予以提醒或制止，而是盲目的听从被告蒋某的指派，故意将废酸倒入雨水井中导致红先河严重污染，因此，董某对于损害后果的发生具有重大过错，应当与其雇主蒋某承担连带赔偿责任。<br/>　　三、关于被告某化学公司、某车料公司、某镀锌公司应承担的责任<br/>　　本院认为，被告某化学公司、某车料公司、某镀锌公司在生产过程中所产生的废酸属于危险废物，上述三公司在处理该危险废物时，应当依照《中华人民共和国固体废物污染环境防治法》相关规定，向当地的环保主管部门申报上述危险废物的种类、产生量、流向、贮存以及处置等的资料，同时应按照国家规定填写危险废物转移联单并经有权审批的环保主管部门批准同意转移的情况下，交由有相应处理危险废物资质的单位进行处理。<br/>　　而上述三公司均没有如实向当地环保主管部门申报危险废物的具体情况，亦未按照国家规定填写危险废物转移联单并取得有权审批的环保主管部门批准转移的同意，擅自处理生产过程中产生的废酸。<br/>　　其中被告某车料公司、某镀锌公司明知被告某化学公司不具备处理危险废物的经营资格而委托其处理废酸，某化学公司未审查被告蒋某是否具备运输、排放以及处理危险废物的经营资格，擅自将其公司以及被告某车料公司、某镀锌公司的废酸委托被告蒋某个人处理的行为，使国家对上述三公司生产过程中产生的危险废物失去监管和控制，与此后被告蒋某指派董某将未经处理的废酸倒入雨水井而导致红先河严重污染的行为之间有直接的因果关系，故被告某化学公司、某车料公司、某镀锌公司对本次污染事故具有重大过错，理应与被告蒋某承担连带赔偿责任。<br/>　　同时本院综合上述三公司运出倾倒在原告境内的废酸数量及被告某化学公司在本次事故中所起的作用等因素酌情确定对损害后果由被告某化学公司承担65％的连带赔偿责任，被告某车料公司承担20％的连带赔偿责任、某镀锌公司承担15％的连带赔偿责任。<br/>　　另对于原告要求五被告承担律师费的诉讼请求，缺乏依据，本院不予支持。</p>","<p>1.政府作为水污染责任纠纷案件原告的主体适格问题。以水污染责任纠纷为代表的环境污染责任纠纷中，污染行为影响的不仅仅是污染范围内特定人员的民事权利，更多的是对具有公益属性的环境资源的危害。作为被污染河道的主管单位，政府有权对河道进行治理，基于该主管责任，政府出资对于被污染河道进行了治理，支出了案涉费用，故有权作为原告主体进行诉讼。<br/>　　2.危险废物生产者的责任认定。我国对危险废物污染环境防治实行污染者依法负责的原则。产品的生产者、销售者、进口者、使用者对其产生的危险废物依法承担污染防治责任，应向环保主管部门申报危险废物的种类、产生量、流向、贮存以及处置等资料，同时应按照国家规定交由有相应处理危险废物资质的单位进行处理。危险废物产生者未依法申报危险废物的具体情况，擅自委托不具备处理危险废物资质的单位或者个人处理危险废物的，属于违反污染防治责任的行为。因上述违法行为造成环境污染事故的，危险废物的产生者对于相关损害结果的发生具有放任的故意，不能以其并非直接的环境污染侵权人为由免除法律责任，又由于危险废物产生者的擅自委托行为系环境污染事故的必要条件，故应与危险废物的实际处理者承担连带责任。存在多个生产者的，可结合各自违法处理危险废物的数量以及对事故发生所起的作用等因素分担责任。</p>","<p>　　《中华人民共和国民法典》第1229条、第1230条、1231条（本案适用的是2010年7月1日施行的《中华人民共和国侵权责任法》第65条、第66条、第67条）</p><br/>######<p>　　一审：上海市松江区人民法院（2012）松民一（民）初字第4022号民事判决（2012年6月28日）</p>","\N","\N","2026-01-21 10:27:30","2026-01-21 10:27:30","00418a7c36f31b3aaf8489a27ccde2f6","\N","20260426"
"3612","人民法院案例库","https://rmfyalk.court.gov.cn","民事-合伙合同纠纷","2023-07-2-127-001","最高人民法院","民事,合伙合同,草签,正式合同,合同履行,合同效力审查","再审","2019.03.09","02","<p>　　2008年7月26日，雷某与李某、喻某、郑某、倪某为共同以某建设公司的名义承接某海外分公司分包的“某机场、机场路及其其他项目的路基、涵洞和运输工程”，签订联合投资协议一份，主要内容为：（1）联合方式为共同出资、共同管理、风险共担、利润共享。（2）联合投资人出资及联合比例分配为倪某、李某、喻某、郑某各出资200万元，雷某出资100万元，均分别占工程比例总额的20%。全体合伙人均同意雷某实际出资100万元，盈亏比例按出资额200万元计算，但在结算退股时只能退还实际出资100万元，其余投资人退还实际出资200万元。（3）全体投资人一致推选李某作为本投资事务的负责人，统一组织和落实对投资事务完全推行公司管理模式，投资人李某对外身份为某建设公司董事长。<br/>　　此后，因倪某未出资而退出合伙，喻某因身体原因要求退股，经全体投资人同意，喻某名下的25%的股份转让给李某，该项目投资人及股份分配比例变更为李某占投资的55%，郑某占投资25%，雷某占投资20%。其间经各方投资人共同确认，郑某作为受余某委托的联合投资协议约定项目名义持有人，以代持股权人的名义行使股东权利，但不享有该股权的收益权或处置权等。<br/>　　2012年7月28日，雷某（乙方）与李某、余某（甲方）签订一份退伙结算协议（草签）。该协议载明，现因多方原因，双方同意雷某退出合伙。经结算，双方达成协议如下：（1）即日起乙方与甲方所签订的所有合伙协议及文件废止，乙方不再享有分红、资产处置等所有权利。双方确认甲方支付乙方应分配合伙盈余款项700万元（含所得税），由甲方分40个月付清，每月付款金额17.5万元，自2012年7月开始支付，直至付清为止。（2）乙方同意按此前合伙协议结清所有财务手续，结算后所欠款项在2012年8月应支付款中扣除。（3）乙方应督促其在涉案项目工作的亲属周某、胡某等人在2012年8月30日前完成劳务合同结算手续，并保证上述人员结算时不得主张合同条款以外的要求，不得起诉甲方及某建设公司（“永远不得起诉甲方及某建设公司”），否则乙方自愿承担由此给甲方造成的一切经济损失。（4）日后如需补交合伙期间相关税款，或在审计中被审减工程计量，乙方按合伙比例承担，从盈余款项700万元中扣除，如有不足部分乙方以现金方式向甲方或税务部门支付。（5）违约责任。甲方应按时向乙方支付约定款项，如有延误，须按当月违约金额每日支付3‰的迟延履约金；逾期10日以上，乙方有权要求甲方下月提前双倍支付等额款项；如因乙方原因，2012年8月30日前未签订正式退伙协议，甲方暂停本协议的支付义务，待正式退伙协议签订以后，按正式协议履行。（6）本草签协议在双方签字后生效，在正式退伙协议签字生效后失效。<br/>　　2012年8月30日，合伙各方就雷某在合伙期间的各种款项进行了对账确认。当日，雷某出具一份承诺书，称如其在涉案项目工作亲属周某、胡某等人的工资结算及离职手续办理等事宜未在2012年10月底前解决完，其同意暂停支付退伙协议中约定应得的款项，直到此事解决后支付。另外，2013年9月12日，周某、胡某分别对某建设公司提起诉讼，要求依法确认其与某建设公司间的劳动关系，并解除双方的劳动合同，补办社会保险，支付相应工资、社保费用及住房公积金等。上述两案经历一审、二审，于2014年5月12日结案。<br/>　　案件审理过程中，雷某、李某、余某均确认在2012年7月28日退伙结算协议（草签）达成后，李某、余某依约向雷某支付了第一期的合伙盈余款17.5万元，其余款项未予支付。<br/>　　湖北省武汉市中级人民法院于2014年9月15日作出（2013）鄂武汉中民商初字第00411号民事判决：退伙结算协议（草签）的内容在剔除涉及他人权利的约定（雷某的亲属周某、胡某“永远不得起诉李某、余某及某建设公司”）后均有效，李某、余某于判决生效后15日内向雷某支付自2014年5月13日起至8月31日止的合伙盈余款70万元。李某、余某不服提起上诉。湖北省高级人民法院于2015年12月31日作出（2015）鄂民一终字第00079号民事判决：驳回上诉，维持原判。李某、余某、某建设公司遂向最高人民法院申请再审。最高人民法院于2019年3月9日作出（2019）最高法民申829号民事裁定：驳回李某、余某、某建设公司再审申请。</p>","<p>　　法院生效裁判认为：涉案退伙结算协议（草签）名称中虽含有草签字样，但从内容上看该协议并不存在履行上的法律或事实障碍，应视为可以履行的正式合同，剔除其中因涉及他人权益而无效的条款，其他内容仍对各方当事人具有法律约束力。</p>","<p>合伙协议中带有“草签”字样，但各方在协议中对合伙项目的盈余分配、支付方式、债务承担、合伙终止等事项及各方的权利、义务和违约责任，均作出了实质性的约定；对合同履行过程中可能出现的不确定情况均作了相应的处理约定，且未附生效条件，从内容上看并不存在履行上的法律或事实障碍时，无论合同名称如何，均应视为可以履行的正式合同。</p>","<p>　　《中华人民共和国民法典》第156条、第470条、第490条（本案适用的是1999年10月1日施行的《中华人民共和国合同法》第56条、第12条、第32条）</p><br/>######<p>　　一审：湖北省武汉市中级人民法院（2013）鄂武汉中民商初字第00411号民事判决（2014年9月15日）<br/>　　二审：湖北省高级人民法院（2015）鄂民一终字第00079号民事判决（2015年12月31日）<br/>　　再审审查：最高人民法院（2019）最高法民申829号民事裁定（2019年3月9日）</p>","\N","\N","2026-01-21 10:27:30","2026-01-21 10:27:30","0081b2d4f5f8f6c9b6982fd1263455fc","\N","20260426"
"4483","人民法院案例库","https://rmfyalk.court.gov.cn","民事-侵害商业秘密纠纷","2023-13-2-176-007","最高人民法院","民事,侵害商业秘密,技术秘密,侵权,计算机软件,源代码,流程,逻辑关系,算法","二审","2021.12.20","02","<p>　　在北京某科技公司与北京某智慧公司、刘某等侵害商业秘密纠纷案中，北京某科技公司认为，刘某等曾于2004年至2013年9月期间在北京某科技公司任职，均在任职期间参与了部分关键软件技术的研发，接触到了北京某科技公司的核心技术秘密和经营秘密。后上述员工陆续从北京某科技公司处离职，加入北京某智慧公司。北京某科技公司注意到北京某智慧公司在一些软件招投标项目中利用了上述员工从北京某科技公司处获取的技术秘密和经营秘密，致使北京某科技公司遭受了重大的经济损失和名誉损失，故向北京知识产权法院提起诉讼，请求判令被诉侵权人停止侵害、消除影响、赔偿损失100万元。<br/>　　北京知识产权法院于2020年6月28日作出（2017）京73民初1259号民事判决：驳回北京某科技公司的诉讼请求。北京某科技公司不服，提出上诉，主张北京知识产权法院遗漏北京某科技公司请求鉴定的第三至二十二项秘密点的流程、逻辑关系、算法等比对内容，比对方法有误，请求撤销原判，支持北京某科技公司的全部诉讼请求或者发回重审。最高人民法院于2021年12月20日作出（2020）最高法知民终1472号民事判决：驳回上诉，维持原判。</p>","<p>　　法院生效裁判认为:从技术秘密角度而言，计算机软件的流程、逻辑关系、算法和计算机软件源代码存在如下关系：首先，计算机软件的流程、逻辑关系、算法是计算机软件源代码的基础，软件源代码是对流程、逻辑关系、算法内容的具体实现和表达。同一流程、逻辑关系、算法可通过不同的编程语言的源代码甚至同一编程语言的不同源代码进行表达。正因为如此，对源代码本身采取保密措施并不一定意味着该源代码所包含的流程、逻辑关系、算法信息必然也被采取了保密措施；在计算机技术领域中，大量经典算法对技术人员而言是一般常识，源代码具有秘密性也不必然推知其承载的“流程、逻辑关系、算法”信息一定不为公众所知。其次，一段软件源代码所包含的流程、逻辑关系可能是纷繁复杂的，也可能涉及多个逻辑关系、多个算法，甚至可能是多流程、多逻辑相互嵌套的，加之流程、逻辑关系、算法本身是高度抽象的，故即使一段软件源代码承载了特定流程、逻辑关系、算法信息，该源代码本身也并不一定能直观地体现该流程、逻辑关系、算法信息。总之，技术秘密的本质是技术信息，在计算机软件中，虽然流程、逻辑关系、算法等内容与软件源代码本身在一定程度上存在相互表征的关系，但从技术角度而言，二者依旧是互为独立的技术信息。<br/>　　作为商业秘密的技术信息必须具有商业价值，能够为权利人带来竞争优势。对计算机软件的“流程、逻辑关系、算法信息”技术秘密而言，这些信息虽不能像源代码一样直接复制、使用，但能够用来指导软件开发工作。精心设计的“流程、逻辑关系、算法信息”能够降低软件中的运算量，占用更少计算机系统资源，有效提高软件系统稳定性及运行维护效率。正因为“流程、逻辑关系、算法”信息的价值体现在它作为具体软件开发的基础和指导，故商业秘密侵权纠纷案件中，对此类信息具体内容的说明需要达到对所属技术领域的人或者说对软件设计和开发人员而言足够清楚，能够依据其设计开发对应软件功能的程度，否则无法知晓权利人主张的具体权利对象。同时，权利人还应当对相关信息的来源承担举证责任。就计算机软件的“流程、逻辑关系、算法”信息而言，权利人可以提供直观的证据，如己方工作中形成开发设计文档、软件设计说明书等。权利人也可以提供软件源代码作为信息载体证据，但由于源代码本身并不一定能直观地体现该“流程、逻辑关系、算法”信息，此时则需要权利人具体说明“流程、逻辑关系、算法”信息如何从源代码中得以体现，以完成其举证责任，否则无法证明相关信息的来源和权属。本案中，北京某科技公司始终未对其所称秘密点三至二十二所涉及的流程、逻辑关系、算法进行过明确、具体的说明，未明确其主张的权利对象；更未对相关技术信息的来源进行初步举证，故相关鉴定结论及一审判决未涉及上述流程、逻辑关系、算法并无不当。</p>","<p>计算机软件的源代码与流程、逻辑关系、算法等内容一般构成相对独立的技术信息。当事人主张计算机软件的源代码和与源代码对应的流程、逻辑关系、算法均构成技术秘密的，应当分别明确请求保护的具体技术信息并分别证明其符合法律保护条件。</p>","<p>　　《中华人民共和国反不正当竞争法》第九条第三款（本案适用的是1993年12月1日施行的《中华人民共和国反不正当竞争法》第十条第三款）</p><br/>######<p>　　一审：北京知识产权法院（2017）京73民初1259号民事判决（2020年6月28日）<br/>　　二审：最高人民法院（2020）最高法知民终1472号民事判决（2021年12月20日）</p>","\N","\N","2026-01-21 10:27:30","2026-01-21 10:27:30","00adb3e1b422db54cf9db35e1b59fd1a","\N","20260426"
"5368","人民法院案例库","https://rmfyalk.court.gov.cn","民事-服务合同纠纷","2016-18-2-137-001","徐州市泉山区人民法院","民事,电信服务合同,告知义务,有效期限,违约","二审","2011.06.16","01","<p>　　2009年11月24日，原告刘超捷在被告中国移动通信集团江苏有限公司徐州分公司（以下简称移动徐州分公司）营业厅申请办理“神州行标准卡”，手机号码为1590520xxxx，付费方式为预付费。原告当场预付话费50元，并参与移动徐州分公司充50元送50元的活动。在业务受理单所附《中国移动通信客户入网服务协议》中，双方对各自的权利和义务进行了约定，其中第四项特殊情况的承担中的第1条为：在下列情况下，乙方有权暂停或限制甲方的移动通信服务，由此给甲方造成的损失，乙方不承担责任：（1）甲方银行账户被查封、冻结或余额不足等非乙方原因造成的结算时扣划不成功的；（2）甲方预付费使用完毕而未及时补交款项（包括预付费账户余额不足以扣划下一笔预付费用）的。<br/>　　2010年7月5日，原告在中国移动官方网站网上营业厅通过银联卡网上充值50元。2010年11月7日，原告在使用该手机号码时发现该手机号码已被停机，原告到被告的营业厅查询，得知被告于2010年10月23日因话费有效期到期而暂停移动通信服务，此时账户余额为11.70元。原告认为被告单方终止服务构成合同违约，遂诉至法院。</p>","<p>　　法院生效裁判认为：电信用户的知情权是电信用户在接受电信服务时的一项基本权利，用户在办理电信业务时，电信业务的经营者必须向其明确说明该电信业务的内容，包括业务功能、费用收取办法及交费时间、障碍申告等。如果用户在不知悉该电信业务的真实情况下进行消费，就会剥夺用户对电信业务的选择权，达不到真正追求的电信消费目的。<br/>　　依据《中华人民共和国合同法》第三十九条的规定，采用格式条款订立合同的，提供格式条款的一方应当遵循公平原则确定当事人之间的权利和义务，并采取合理的方式提请对方注意免除或者限制其责任的条款，按照对方的要求，对该条款予以说明。电信业务的经营者作为提供电信服务合同格式条款的一方，应当遵循公平原则确定与电信用户的权利义务内容，权利义务的内容必须符合维护电信用户和电信业务经营者的合法权益、促进电信业的健康发展的立法目的，并有效告知对方注意免除或者限制其责任的条款并向其释明。业务受理单、入网服务协议是电信服务合同的主要内容，确定了原被告双方的权利义务内容，入网服务协议第四项约定有权暂停或限制移动通信服务的情形，第五项约定有权解除协议、收回号码、终止提供服务的情形，均没有因有效期到期而中止、解除、终止合同的约定。而话费有效期限制直接影响到原告手机号码的正常使用，一旦有效期到期，将导致停机、号码被收回的后果，因此被告对此负有明确如实告知的义务，且在订立电信服务合同之前就应如实告知原告。如果在订立合同之前未告知，即使在缴费阶段告知，亦剥夺了当事人的选择权，有违公平和诚实信用原则。被告主张“通过单联发票、宣传册和短信的方式向原告告知了有效期”，但未能提供有效的证据予以证明。综上，本案被告既未在电信服务合同中约定有效期内容，亦未提供有效证据证实已将有效期限制明确告知原告，被告暂停服务、收回号码的行为构成违约，应当承担继续履行等违约责任，故对原告主张“取消被告对原告的话费有效期的限制，继续履行合同”的诉讼请求依法予以支持。</p>","<p>1.经营者在格式合同中未明确规定对某项商品或服务的限制条件，且未能证明在订立合同时已将该限制条件明确告知消费者并获得消费者同意的，该限制条件对消费者不产生效力。<br/>　　2.电信服务企业在订立合同时未向消费者告知某项服务设定了有效期限限制，在合同履行中又以该项服务超过有效期限为由限制或停止对消费者服务的，构成违约，应当承担违约责任。</p>","<p>　　《中华人民共和国合同法》第39条</p>","\N","\N","2026-01-21 10:27:30","2026-01-21 10:27:30","00ae5a597e72d3d2e303cbf843ea413b","\N","20260426"
"14654","多元解纷案例库","https://dyjfalk.court.gov.cn/site/case/fb44d7b8-3d54-4456-b319-8567452bed37","民事-建设工程合同纠纷","D2026-161-1-115-113","北京市海淀区人民法院","民事,建设工程合同纠纷,工程质量,专家评估,“总对总”在线诉调对接机制,住建领域行业调解","","2026-03-04","\N","某机关服务中心发现其管理的住宅楼外墙空调罩半年内三次脱落，其中一次砸损车辆。该中心认为施工方某建设集团未按投标方案施工，监理方某监理公司未履行监督职责，故诉至法院，要求施工方和监理方在90日内对涉案工程完成整改、赔偿因空调罩脱落造成的财产损失等。","法院收到起诉材料后，发现某机关服务中心在诉状中提出对涉案设备及整改方案的鉴定申请，要求全面拆除重装。法院经初步研究认为，若通过鉴定解决专门性问题周期较长，费用较高，且涉案现场排险需求紧迫，故征得当事人同意后，依托最高人民法院与住建部建立的“总对总”在线诉调对接机制，委托行业调解组织进行先行调解，并指派法官指导调解。 一是反复沟通协商，明确争议焦点。调解组织立即组织调解员、建工专家在法官指导下开展调解工作，召开线上、线下会议，同步案件材料并固定争议点。某机关服务中心主张施工方某建设集团未按原招投标文件标准进行施工，导致工程质量不合格，故应进行全面拆改。某建设集团主张实际施工中双方进行了洽商变更，施工标准已进行了调整并验收合格，如对工程进行整改则应是局部调整和加固。 二是多方实地踏勘，出具专业意见。法院、调解组织、各方代表现场共同研究，建工墙体外施工领域专家现场踏勘，实体测量数据，抽检空调罩。双方对于工程质量存在的问题没有异议，仅对整改方案存在分歧。建工专家根据实际踏勘结果，结合双方主张和提交的材料出具两种解决方案：方案一，高标准版，按招投标文件，全面拆改，费用约100万元；方案二，按双方洽商变更，进行局部维修加固，费用约10万元。 三是释明规则边界，促推达成一致。经与建工专家沟通，指导法官了解到此类建设工程的利润一般约为工程总标的额的10%，具体到本案总标的200万元，利润约20万元。建工专家表示局部维修加固的方案是符合国家标准的维修方案。结合行业惯例、成本收益、公平原则、洽商变更情形，指导法官认为对工程整改不应发生远超成本的维修且项目已竣工交付，故施工方仅承担保修责任而非重做义务。某机关服务中心起初并不认可局部维修的方案，但表示若建工专家出具的整改方案符合国家标准则可接受。基于此，指导法官与调解员共同释明，引导某机关服务中心接受局部维修加固的整改方案，并告知该方案符合国家标准，打消了当事人对整改方案的顾虑。在双方就整改方案达成一致后，法院、调解组织、建工专家共同督促某建设集团尽快施工。整改施工后，及时消除了雨季安全隐患。","本案是建设工程质量缺陷引发的建设工程合同纠纷，具有技术性强、风险紧迫性高的特点。双方聚焦于专门性问题易陷入责任扯皮，而安全风险升级又要求高效、低成本的解决方案。本案中，依托最高人民法院与住建部建立的“总对总”在线诉调对接机制，法院邀请住建领域行业调解组织参与调解，并引入专家评估机制代替启动鉴定程序，以技术理性替代法律对抗，将争议焦点从“谁的责任”转向“如何解决”，有效化解了标准争议与成本矛盾，解决了专业技术难题，快速弥合分歧。调解过程中，组建“建工专家＋行业调解员”团队，现场踏勘出具专家意见，既解决专门性问题又提供可执行的整改方案；法官则发挥指导调解作用，释明权利义务边界，引导调解走向，并就整改方案中标准适用、费用分担、履行期限等关键问题进行充分释明，打消各方顾虑，最终促使各方达成一致意见，并推动整改方案即时落地实施，从源头上解除了安全隐患，实现双赢多赢共赢。","《中华人民共和国民法典》第801条 《最高人民法院办公厅 住房城乡建设部办公厅关于建立住房城乡建设领域民事纠纷“总对总”在线诉调对接机制的通知》（法办〔2023〕358号）","\N","","2026-03-04 17:01:17","2026-03-06 17:01:14","00bd311249755fed4238c4f1a1dd5823","\N","20260426"
"4070","人民法院案例库","https://rmfyalk.court.gov.cn","民事-名誉权纠纷","2023-10-2-006-001","上海市浦东新区人民法院","民事,名誉权,涉外,法人名誉权,产品评价","一审","2017.04.20","02","<p>　　原告麦某伦酒厂（英国）、原告某洋酒（上海）有限公司诉称：被告某报社作为被告某杂志社有限公司（以下简称某杂志社）的主办单位，某杂志刊登的《威士忌 会喝也要会收藏》一文中发表了被告杨某某关于“麦某伦18年威士忌”的不实言论，对麦某伦威士忌的爱好者、收藏者及消费者产生了严重的误导，使得广大爱好者、收藏者及消费者对原告生产、销售的“麦某伦18年威士忌”及麦某伦其他年份的威士忌系列产品的质量产生了重大的误解，造成对两原告的社会评价严重降低，在业界已经对两原告造成了极坏的影响，三被告依法应承担法律责任。故原告提起诉讼，请求法院判令：1、被告某报社、某杂志社立即停止侵害两原告名誉侵权，不得再以任何形式（包括但不限于纸质期刊、电子期刊形式）复制、销售、发行2015年第10期《中国收藏》杂志(国内统一刊号：CN11-4502/GO)，不得再以任何形式发表任何诋毁、侵害两原告名誉权的言论；2、被告杨某某立即停止侵害两原告的名誉权，不得再以任何形式发表任何诋毁、侵害两原告名誉权的言论；3、三被告恢复两原告名誉、消除影响，并且分别在《法制日报》等全国公开发行的报纸、《中国收藏》杂志纸质期刊显著位置及某杂志社官方网站(http://www.zgsc2001.com)和官方微博（http://weibo.com.zgsc2001）首页的显著位置连续一个月刊登、发布经法院审查认可的道歉信向两原告公开赔礼道歉；4、三被告赔偿两原告为制止三被告侵权行为所支付的调查、取证、公证、委托律师、翻译费用等在内费用，合计人民币17.04万元，三被告承担连带责任；5、三被告连带赔偿原告的财产损失，计人民币50万元；6、本案全部诉讼费由三被告承担。<br/>　　被告某报社、被告某杂志社、被告杨某某辩称：被告杨某某是普通消费者，非威士忌从业人员，其对威士忌有爱好作一定研究不代表其作为官方机构发言人。被告某报社、被告某杂志社如实转载了被告杨某某的发言，三被告都非两原告的竞争对手，系争文章仅为评论，并非对两原告经销产品的恶意诽谤诋毁。作为消费者有权对产品生产者、经销者提供的产品质量进行评价，被告杨某某未对麦某伦威士忌的质量妄加评价，仅推测了麦某伦威士忌的年份，并非侵犯两原告名誉权的行为，且两原告并未提供证据反驳被告杨某某对洋酒的年龄的观点，亦没有证据证明由于系争文章的发表对麦某伦威士忌造成不良的影响。麦某伦威士忌作为百年品牌不可能仅仅因为系争文章就产生不良影响。消费者的评论有正面也有负面的。对消费者的评论，不能有负面评论，就予以否定及认定构成侵权。<br/>　　法院经审理查明：原告麦某伦酒厂系“麦某伦”威士忌系列产品的生产商，原告某洋酒（上海）有限公司系该产品在中国的经销商。被告某报社系《中国收藏》杂志的主办单位，被告某杂志社承办《中国收藏》的出版、发行。被告杨某某的职业为画家，是威士忌的爱好者，进行威士忌的收藏。<br/>　　2015年第10期的《中国收藏》杂志刊登《威士忌 会喝也要会收藏》一文。文章内容有：“杨某某……苏格兰威士忌协会会员，是北京地区第一个成为该协会会员的人。” “《中国收藏》：我们常从机场免税店或进口超市看到很多威士忌，这些算是收藏级吗？杨某某：其实在进口商品超市或者是机场免税店看到的威士忌大多数是量产的，就是我们俗称的贸易酒。例如一瓶从免税店买的麦某伦18年威士忌，并非指这瓶酒在桶中呆了18年，它只是相当于18年，是调香师根据麦某伦18年这个经典口味去调和的，或许这瓶酒只在酒桶里储存了5年。……这种量产酒由于产量太多，不具有收藏价值。”<br/>　　该文章系2015年9月10日由时任某杂志社的记者王某某在被告杨某某住处采访后编写，采访时进行了相应的录音与记录。采访是应北京东正拍卖有限公司工作人员邵某某的邀请进行。2015年9月18日至9月21日，王某某将文章发送给邵某某，并询问邵某某关于文章的修改意见，邵某某表示“文章杨老师看了说挺好呢，不用修改”。2015年10月24日，被告杨某某在其新浪微博刊登一篇题为《致》的短文，内容为：“近日，在本人杨某某接受中国收藏的采访文章中，因杂志方并无专业烈酒专门类采访人员，以致沟通上产生误会，使文章内容并未完整、正确的表述我的本意，因此对企业麦某伦、广大威士忌爱好者及读者产生了一定影响，对此本人向大家表示诚挚的歉意。同时，本人将向杂志社提出更正申请，尽可能降低此事对大家的影响，谢谢！”<br/>　　苏格兰威士忌管理条例第10.1条规定：“SWR就年份标注规定了长期规则，即某苏格兰威士忌标签、包装或广告中唯一可标注的年份为该产品中苏格兰威士忌年份最短的年份。换言之，如果某苏格兰威士忌由8年、12年和15年的苏格兰威士忌调制而成，则此产品可标注的唯一年份为“酒龄8年”。<br/>　　上海市浦东新区人民法院于2017年4月20日作出（2016）沪0115民初36264号民事判决：1.被告杨某某于本判决生效之日起三十日内在《中国收藏》杂志的显著位置刊登道歉信（内容须经本院审查），为原告麦某伦酒厂、某洋酒（上海）有限公司恢复名誉、消除影响；2.被告杨某某于本判决生效之日起十日内赔偿原告麦某伦酒厂、某洋酒（上海）有限公司损失3万元;3.被告杨某某于本判决生效之日起十日内赔偿原告麦某伦酒厂、某洋酒（上海）有限公司公证费、翻译费、调查取证费、律师费36,400元;4.驳回原告麦某伦酒厂、某洋酒（上海）有限公司的其余诉讼请求。宣判后，原、被告均未提起上诉。</p>","<p>　　法院生效判决认为，本案为涉外民事案件，依据《中华人民共和国涉外民事关系法律适用法》第44条规定，应适用侵权行为地法律即我国法律处理。依据《中华人民共和国民法通则》第一百零一条和《最高人民法院关于审理名誉权案件若干问题的解答》第七条，公民、法人享有名誉权，禁止用侮辱、诽谤等方式损害公民、法人的名誉，是否构成侵害名誉权的责任，应该根据受害人确有名誉被损害的事实、违法行为与损害后果之间有因果关系、行为人主观上有过错等因素来认定。本案中，当事人的主要争议焦点在于两原告的名誉权是否受有损害、三被告是否有过错、三被告各自是否应承担责任。<br/>　　一、关于两原告名誉权是否受有损害。法人的名誉一般表现为社会对法人的资产实力、生产能力、产品质量、经营作风的公正评价。评价法人的产品应当以客观事实为基础，不恰当的贬低法人的产品质量，可以构成对于法人名誉权的侵犯。本案中，涉案文章引发争议的主要内容为，“例如一瓶从免税店买的麦某伦18年威士忌，并非指这瓶酒在桶中呆了18年，它只是相当于18年，是调香师根据麦某伦18年这个经典口味去调和的，或许这瓶酒只在酒桶里储存了5年。”该内容属于对于两原告产品的评价，对于年份酒而言，对酒龄的评价可以被认为是关乎产品品质的核心因素，能够直接影响法人的名誉。涉案文章的上述表述极易被公众理解为麦某伦18年威士忌酒龄不足18年，而是由低龄酒调和制成。对此，除非被告能证实其所述符合客观事实，否则即构成对于两原告产品的贬低。在被告未能提供任何证据证实其评论内容具有事实基础的情况下，该评价显然不当，足以构成对两原告名誉权的损害。<br/>　　二、关于三被告是否存在过错，各自是否应承担侵权责任。三被告均辩称其与两原告不存在任何竞争关系，没有任何侵犯两原告名誉权的恶意。本院认为，过错的样态包括故意和过失，过错的本质是行为人对其应尽的注意义务的违反。本案中，三被告称其均无侵犯原告名誉权的恶意，对此本院予以认同，从文章整体看，文章的主要内容是为了正面宣传威士忌收藏，并无直接侵犯原告名誉权的故意。但本案还需衡量三被告是否违反了其应尽的注意义务，即是否存在过失。被告某报社、被告某杂志社作为报刊杂志社，在采访时进行了相应录音与记录，文章内容与记录内容基本相符，发表前也经过了被告杨某某的同意，因此应当认定被告某报社、被告某杂志社尽到了相应的审查义务。被告杨某某，一方面其为威士忌消费者，另一方面，本案中，其更是收藏威士忌的权威，对于威士忌收藏的专业知识具有较高的认知，因此被告杨某某在对该类产品进行评价时，负有高于普通消费者的注意义务，在刊载其言论的文章发表前，被告杨某某理应积极审查核对稿件。现由于被告杨某某未能在文章发表刊出前进行审慎的审查，导致文章引用了其与客观事实存在出入的表述，且容易导致普通消费者产生误解，故本院认定被告杨某某存在过失。<br/>　　三、关于被告应承担何种责任。依据《最高人民法院&lt;关于审理名誉权案件若干问题的解答&gt;》第十条，侵害名誉权的责任承担形式，人民法院依照《中华人民共和国民法通则》第一百二十条和第一百三十四条的规定，可以责令侵权人停止侵害、恢复名誉，消除影响，赔礼道歉、赔偿损失。恢复名誉、消除影响、赔礼道歉可以书面或口头的方式进行，内容须事先经人民法院审查。恢复名誉、消除影响的范围，一般应与侵权所造成不良影响的范围相当。公民、法人因名誉权受到侵害要求赔偿的，侵权人应赔偿侵权行为造成的经济损失。由于本院认定被告某报社、被告某杂志社尽到了其审查义务，故两原告对于被告某报社、被告某杂志社的诉讼请求本院均不予支持。关于两原告提出的针对被告杨某某的诉讼请求部分，法院判决：一、被告杨某某在《中国收藏》杂志的显著位置刊登道歉信（内容须经法院审查），为原告恢复名誉、消除影响；二、被告杨某某赔偿原告经济损失3万元；三、被告杨某某赔偿原告公证费、翻译费、调查取证费、律师费36,400元；四、驳回原告的其余诉讼请求。</p>","<p>法人的名誉表现为社会对法人的资产实力、生产能力、产品质量、经营作风的公正评价。评价法人的产品应当以客观事实为基础，不恰当贬低法人的产品质量，可构成对法人名誉权的侵犯。期刊杂志社刊发关于法人产品质量的评价文章，如尽到合理注意义务，履行了审查职责，应认定没有过错。作为有专门知识的权威人士，在发表关于产品质量的评价文章时，负有高于普通消费者的注意义务，违反此义务导致法人名誉权遭受损害的，应承担侵权责任。</p>","<p>　　《中华人民共和国民法典》第1024条、1025条、1026条（本案适用的是1987年1月1日施行的《中华人民共和国民法通则》第101条、1993年8月7日施行的《最高人民法院&lt;关于审理名誉权案件若干问题的解答&gt;》第7条、第10条）<br/>　　</p><br/>######<p>　　一审：上海市浦东新区人民法院（2016）沪0115民初36264号民事判决（2017年4月20日）</p>","\N","\N","2026-01-21 10:27:30","2026-01-21 10:27:30","00c96359e174bf20df40e6aa587a7f09","\N","20260426"
"831","人民法院案例库","https://rmfyalk.court.gov.cn","民事-抵押权纠纷","2024-08-2-067-001","上海市第一中级人民法院","民事,抵押合同,反担保,追偿权,诉讼时效","二审","2020.10.23","02","<p>　　原告钟某丽诉称：被告福建某融资担保有限公司（以下简称福建某担保公司）为钟某丽和案外人某银行股份有限公司宁德分行（以下简称某银行宁德分行）的贷款提供了保证担保。据此，钟某丽与福建某担保公司签署了《抵押反担保合同》并就系争房屋办理了抵押担保登记。现该反担保已超过抵押期间并已过诉讼保护时效。钟某丽与某银行宁德分行签署的贷款协议所涉主债务至今没发生或者已经灭失。担保物权属于主债权的从权利，现该主债权没发生或已灭失，从权利自然不受法律支持。故诉至法院，请求判令：确认福建某担保公司在系争房屋上设立的抵押权失效。<br/>　　被告福建某担保公司辩称：除备案的反担保合同外，双方还签署了反担保函、说明和另一份反担保合同，上述合同和函件表明担保期限并未届满。在钟某丽未履行还款义务时，福建某担保公司履行了部分保证责任，后某银行宁德分行起诉钟某丽、福建某担保公司在内的一系列债务人和保证人，2019年10月15日应某银行宁德分行要求福建某担保公司还代钟某丽偿还了部分费用。因此钟某丽与某银行宁德分行的债权债务关系当时仍未履行完毕，福建某担保公司实际需要承担的保证责任没有最终确定，直到2020年5月8日，法院才出具前案的执行结案证明，故福建某担保公司与钟某丽之间的债权债务关系并未过诉讼时效。福建某担保公司不同意钟某丽诉请。<br/>　　法院经审理查明：2011年9月15日，钟某丽与某银行宁德分行签订《某银行宁德分行个人投资经营贷款借款合同》，约定钟某丽向某银行宁德分行借款295万元，借款期限12个月，借款利率为月息5.47‰。本合同所称债务是指借款人应向贷款人偿还、支付的全部款项，包括贷款本金、利息、罚息、费用、违约金、赔偿金及债权人实现债务的所有费用。本合同项下的贷款由福建某担保公司提供全程连带责任保证担保。<br/>　　同日，某银行宁德分行与福建某担保公司签订《某银行宁德分行个人投资经营贷款保证合同》，约定主合同项下的债务构成合同之主债务，包括本金、利息（包括法定利息、约定利息、复利、罚息）、违约金、赔偿金、实现债权的费用（包括但不限于诉讼费用、公证费用、执行费用等）、因借款人违约而给债权人造成的损失和其他所有应付费用，保证方式均为全程连带责任保证。<br/>　　2011年10月25日，某银行宁德分行向钟某丽发放贷款295万元。2012年10月25日贷款到期后，钟某丽未依约还款、付息。<br/>　　2012年10月25日，钟某丽、福建某担保公司签订《抵押反担保合同》。后钟某丽向福建某担保公司出具《抵押反担保函》载明：“2011年9月，本人向某银行宁德分行贷款295万元，贵方向某银行宁德分行提供连带担保责任，本人自愿以本人名下系争房屋就上述借款合同向贵方提供抵押反担保。抵押反担保范围：主合同债务人的债务本金、利息、违约金、损害赔偿金以及贵方实现债权（含担保权利）的费用。”同时，钟某丽还出具说明：“双方至交易中心办理抵押手续时签订的有关协议仅供交易中心备案使用，对双方不具有约束力，就该抵押反担保的权利义务以抵押反担保函的内容为准。”<br/>　　2012年10月30日，钟某丽、福建某担保公司办理了系争房屋的抵押权登记手续，登记载明的债权金额为295万元，债务履行期限为2012年10月25日至2014年10月25日。<br/>　　2013年9月29日，福建某担保公司代钟某丽归还某银行宁德分行借款本息169467.7元。2013年10月29日，福建某担保公司为钟某丽代偿借款本息2886125.93元。<br/>　　2014年9月15日，福建省宁德市蕉城区人民法院依法受理某银行宁德分行起诉钟某丽、福建某担保公司等民间借贷合同纠纷案（以下简称民间借贷纠纷案）。该案于2015年1月26日判决钟某丽偿还某银行宁德分行借款罚息17199.71元；福建某担保公司等在前述确认的债务范围内向某银行宁德分行承担连带保证责任，并在承担保证责任后，有权向钟某丽追偿。该判决已经生效。<br/>　　2019年11月15日，福建某担保公司代钟某丽向某银行宁德分行支付了520元、230元、1000元，上述款项分别系代钟某丽偿还公告费、诉讼费、还贷款。<br/>　　2020年3月13日，某银行宁德分行向福建某担保公司发函称：福建某担保公司担保的钟某丽名下一笔经营性贷款金额为295万元，于2011年10月已实现放款，截止2020年3月12日该笔贷款欠款金额16199.71元。<br/>　　福建省宁德市蕉城区人民法院于2020年5月8日出具结案证明，证明民间借贷纠纷案民事判决所确定的义务已经全部履行，该执行案件已结案。<br/>　　另，系争房屋上曾存在福建某担保公司以外的多项房屋抵押和司法查封措施。现该房屋已经被依法裁定拍卖，并已过户至案外人名下。该房屋经司法拍卖所得的价款用于清偿该案债务后，尚有剩余款项由法院代管。<br/>　　上海市松江区人民法院于2020年5月11日作出（2020）沪0117民初2466号民事判决：确认福建某担保公司在系争房屋上设立的抵押权失效。宣判后，福建某担保公司提起上诉。上海市第一中级人民法院于2020年10月23日作出（2020）沪01民终7084号民事判决：一、撤销上海市松江区人民法院（2020）沪0117民初2466号民事判决；二、驳回钟某丽的诉讼请求。</p>","<p>　　本案争议焦点为：案涉反担保的主债权性质如何认定及反担保主债权的诉讼时效期间是否已届满。<br/>　　本案反担保的主债权系福建某担保公司对钟某丽的未来债权，而该债权是福建某担保公司实际承担保证责任后所产生的向钟某丽进行追偿的权利。追偿权在反担保合意达成时并未确定发生，且具体金额需根据担保人的实际清偿范围最终确定，系争抵押权并非用于担保福建某担保公司履行对某银行宁德分行的保证债务。本案中，福建某担保公司向某银行宁德分行实际承担保证责任共分三期：2013年9月29日支付借款本息169467.7元；2013年10月29日支付借款本息2886125.93元；2019年11月15日支付公告费、诉讼费、罚息共计1750元。福建某担保公司对钟某丽的追偿权系在三期清偿时分别产生，在最后一期追偿权产生前，债务人不存在对偿还义务履行期已经完全届满的善意信赖，而担保人却存在就追偿权未来整体主张的正常预期，故从最后一期追偿权产生之日整体起算诉讼时效期间。本案中，某银行宁德分行系分期向福建某担保公司主张权利，福建某担保公司的最后一期追偿权系在2019年11月15日产生，且属于钟某丽的反担保范围。因此，福建某担保公司对钟某丽的追偿权均应自2019年11月15日起算诉讼时效期间。福建某担保公司即使在本案诉讼前没有向钟某丽主张追偿，系争抵押权担保的主债权至提起本案诉讼也并未超出诉讼时效期间，没有丧失司法救济效力，故系争抵押权人在法定顺位基础上依然就剩余款项享有优先受偿权。</p>","<p>反担保对应的主债权系担保人对债务人的追偿权。担保人向债务人行使追偿权的诉讼时效期间，应当从担保人向债权人实际承担责任之日起计算；分期承担担保责任的，类推适用分期履行债务的诉讼时效认定规则，从最后一期追偿权产生之日整体起算。</p>","<p>　　《中华人民共和国民法典》第419条（本案适用的是2007年10月1日施行的《中华人民共和国物权法》第202条）<br/>　　《中华人民共和国民法典》第689条、第700条（本案适用的是1995年10月1日施行的《中华人民共和国担保法》第4条、第31条）<br/>　　《最高人民法院关于审理民事案件适用诉讼时效制度若干问题的规定》（2020年修正）第5条</p><br/>######<p>　　一审：上海市松江区人民法院（2020）沪0117民初2466号民事判决（2020年5月11日）<br/>　　二审：上海市第一中级人民法院（2020）沪01民终7084号民事判决（2020年10月23日）</p>","\N","\N","2026-01-21 10:27:30","2026-01-21 10:27:30","00d0a96b5a7dec80ab776737efe77ff6","\N","20260426"
"2478","人民法院案例库","https://rmfyalk.court.gov.cn","民事-网络侵权责任纠纷","2024-18-2-369-002","广东省广州市中级人民法院","民事,网络侵权责任,名誉权,直播,跟帖评论","二审","2022.11.18","02","<p>　　原告宋某诉称，宋某系某网络游戏玩家，在游戏内与其他玩家就游戏道具分配问题产生矛盾。2022年4月，网络游戏主播叶某开设专场直播公开评述宋某与他人的游戏纠纷，吸引网络用户观看，导致网络用户在直播间内发表大量侮辱宋某的言论。宋某认为叶某的行为侵害其名誉权，且多次要求网络游戏直播平台删除前述直播回放未果，遂起诉要求叶某与网络游戏直播平台共同承担停止侵害、赔礼道歉、赔偿损失等侵权责任。<br/>　　被告叶某辩称，其作为案涉游戏主播，发布直播目的是为了调和游戏玩家矛盾，未使用侮辱、贬损性语言，未侵害宋某名誉权。网络用户的评论未涉及宋某真实身份信息，游戏角色是虚拟身份，对虚拟人物的评价不会导致现实生活中宋某社会评价的降低。<br/>　　被告广州某计算机系统有限公司辩称，宋某起诉前对平台直播回放的投诉不符合《平台直播侵权投诉指引》要求，不构成有效通知，被告亦无法判断案涉直播是否侵权，未实施侵权行为，无侵害宋某名誉的主观故意，不应承担侵权责任。<br/>　　法院经审理查明：宋某是某网络游戏玩家，叶某是该网络游戏主播，粉丝数逾30万。广州某计算机系统有限公司是游戏直播平台运营者。2022年4月某日晚，叶某以“全网爆料”“全服吃瓜”方式发布直播，吸引不特定网络用户观看及讨论宋某与游戏玩家间的纠纷。在叶某的引导下，直播间内出现大量侮辱、谩骂宋某的弹幕评论，叶某对此未加以提醒和制止。宋某多次就上述直播回放向平台致电举报，2022年5月，平台删除被诉直播回放。宋某起诉后，叶某还将载有宋某身份信息的诉讼文书违法向他人提供，致使宋某持续遭受人身攻击。<br/>　　广州互联网法院于2022年8月19日作出（2022）粤0192民初9098号民事判决：一、叶某于判决发生法律效力之日起十五日内，使用某直播平台主播账号以直播的方式向宋某公开赔礼道歉，致歉内容须事先经法院审查，直播回放保留天数不少于15日；二、叶某于判决发生法律效力之日起十五日内向宋某赔偿精神损害抚慰金2万元；三、驳回宋某的其他诉讼请求。宣判后，宋某向广东省广州市中级人民法院提起上诉。广东省广州市中级人民法院于2022年11月18日作出（2022）粤01民终21935号民事判决：驳回上诉，维持原判。</p>","<p>　　法院生效裁判认为：游戏直播平台内容向不特定网络用户提供，属于网络公共空间。案涉直播明确指向特定游戏玩家的游戏行为，结合直播公开的游戏角色形象、游戏画面和游戏账号注册使用情况，能够确定宋某即是案涉直播评述的游戏玩家。主播叶某未了解纠纷全貌，仍利用自身热度，擅自开设专场直播，使用煽动、夸张言辞为直播间引流，违反直播平台严禁主播“引导用户拉踩引战、造谣攻击，实施网络暴力”的要求，制造宋某与其他游戏玩家的对立情绪，引导、放任网络用户对宋某进行侮辱、谩骂，该行为具有违法性，客观上造成宋某社会评价降低。叶某将载有宋某身份信息的诉讼文书违法向他人提供，亦加重了侵权行为的损害后果，叶某具有主观过错，应当依法承担侵害宋某名誉权的责任。<br/>　　游戏直播平台运营者并非案涉网络游戏运营方，不知晓游戏用户真实身份，亦难以实时监控直播弹幕跟帖情况，故不足以认定存在“知道或应当知道”侵权行为发生的情形。宋某向直播平台客服电话投诉时未提供构成侵权的初步证据及权利人的真实身份信息，且直播平台在宋某起诉后提供了侵权用户身份信息，并删除被诉直播回放，未违反平台的法定义务，依法不承担侵权责任。</p>","<p>网络主播在提供网络表演及视听节目服务过程中，引导、放任众多网络用户在直播间内谩骂、侮辱他人，致使他人名誉权遭受侵害的，网络主播应当依法承担侵权责任。</p>","<p>　　《中华人民共和国民法典》第1024条、第1194条</p><br/>######<p>　　一审：广州互联网法院（2022）粤0192民初9098号民事判决（2022年8月19日）<br/>　　二审：广东省广州市中级人民法院（2022）粤01民终21935号民事判决（2022年11月18日）</p>","\N","\N","2026-01-21 10:27:30","2026-01-21 10:27:30","00d4cbda67ac99608b640ff01697bbe5","\N","20260426"
"2058","人民法院案例库","https://rmfyalk.court.gov.cn","民事-建设工程合同纠纷","2023-16-2-115-001","青海省高级人民法院","民事,建设工程施工合同,实际施工人,证据规则,证明力大小","再审","2020.06.17","02","<p>　　张某诉称：2016年4月，河南省某建设有限公司（以下简称某建设公司）将其承包的第三人某置业有限公司（以下简称某置业公司）某公馆项目的景观绿化及安装工程二标段以包工包料形式分包给张某施工，工程总价款10050000元，双方商定某建设公司扣除管理费及应缴纳税费后向张某支付工程款。张某组织工人进行施工，于2016年12月25日竣工，后张某就部分工程进行了维修，某建设公司支付部分款项后对剩余工程款2142000元及设计变更签证单增加工程款592400元未支付。请求判令支付工程款2142000元及设计变更签证单增加费用592400元。<br/>　　某建设公司辩称：该工程第一阶段由某建设公司与杨某签订施工合同，杨某在2017年7月撤场，完成工程量为78%，工程款已全部支付完毕。第二阶段施工，张某虽与我公司签订了合同，但实际未履行任何合同义务，签证部分工程是我公司项目主管唐某某办理实施，并无张某签名，存在缺陷的工程维修及后续工程均由我公司自行完成，我公司与第三人某置业公司结算时对该部分工程款没有主张。工程的实际施工人是杨某，张某要求支付工程款无事实和法律依据，应当驳回。<br/>　　某置业公司述称：我公司仅和某建设公司存在承包关系，与张某没有直接的承包关系，且工程款已经支付完毕，不应承担责任。<br/>　　杨某述称：2016年4月，我与某建设公司签订合同，承包案涉工程，2016年年底已经施工完毕。工程的实际施工人是杨某，后期的签证变更工程亦由杨某施工并履行完毕，与张某没有任何关系，张某的诉讼请求不能成立。<br/>　　法院经审理查明：2016年3月，某建设公司与某置业公司签订《工程施工合同书》，某置业公司将其开发的某公馆项目7、8号高层及10、11、13、14、16、17、19号洋房周边室外景观绿化及安装工程（二标段）以包工包料方式承包给某建设公司进行施工，工期自某置业公司书面通知为准90日，合同金额为10057211.09元。2016年8月27日，某建设公司与杨某签订《协议书》，约定杨某按照某建设公司与某置业公司签订的《工程施工合同书》约定的工程款1.2%支付某建设公司承包费，在施工中变更增加工程量的支付承包费，多退少补，此工程项目所产生的所有税收，由杨某交付。合同签订后张某组织人员进行施工，并于2016年12月交付使用，使用期间因工程质量及变更签证等问题，张某继续进行维护施工。2017年5月27日，某建设公司出具《关于某公馆项目负责人更换的声明》，该声明记载，某公馆项目高层及周边洋房室外景观绿化工程及安装工程（二标段）原项目负责人杨某因工作需要现更换为张某，并加盖该公司公章及项目负责人杨某翔签名。2018年1月19日，张某与某建设公司就张某所干工程补签《项目合作协议书》，约定的工程名称为某置业某公馆景观绿化项目二标段，工程造价10050000元，张某向某建设公司支付工程总价款1.2%的管理费，并按照现行国家税务规定足额缴纳所涉及产生的所有税费，同时约定该项目2016年签订的原协议同时废止。后张某施工完毕后双方就工程款结算产生争议，致使纠纷产生。另查明，2017年5月12日，杨某出具转款委托后，某建设公司将人工费264287.71元转入杨某个人银行账户，苗木款800000元转入汪某1个人银行账户。在此之前，某建设公司均按杨某出具的转款委托，将案涉工程款转入张某妻子梁某及张某与汪某1、张某与汪某2的联名账户中，张某提交的中国工商银行凭证显示，张某在联名账户中占99%的资产份额。2018年12月18日，某置业公司与某建设公司对工程款进行结算，结算金额为10003865.07元。张某、某建设公司就签证变更增加工程款592400元均予以认可。再查明，本案在审理期间，就该工程的具体施工情况，依法对施工人唐某某进行了询问，唐某某表示，该工程实际由张某承包，其承包后具体由唐某某组织工人施工，唐某某与某建设公司无直接关系，杨某是张某招来负责签合同等事宜的工作人员，并未参与工程施工，杨某于2017年领取1060000元后离开该工程项目。<br/>　　青海省西宁市城西区人民法院于2019年4月2日作出（2019）青0104民初228号民事判决：某建设公司于本判决生效后十日内支付张某工程款2105184.41元及设计变更签证单增加工程款592400元。宣判后，某建设公司、杨某不服，提起上诉。青海省西宁市中级人民法院于2019 年7月25日作出（2019）青01民终1006号民事判决，驳回上诉，维持原判。某建设公司申请再审，青海省高级人民法院作出(2020)青民再13号民事判决：一、撤销青海省西宁市中级人民法院（2019）青01民终1006号民事判决；二、变更青海省西宁市城西区人民法院（2019）青0104民初228号民事判决为：某建设公司于本判决送达之日起十日内支付张某工程款1756153.41元及设计变更签证单增加工程款585291.2元。</p>","<p>　　法院生效裁判认为，本案的争议焦点有四个。包括：一是一审法院审理程序是否违法；二是案涉工程的实际施工人的认定；三是某建设公司应否向张某支付工程款2142000元及设计变更签证单增加工程款592400元；四是对于某建设公司认为原审认定某置业公司在扣除质保金后支付相关工程款，某建设公司就变更增加部分工程款予以放弃错误的问题。<br/>　　一、关于一审法院审理程序是否违法的问题<br/>　　经查，一审庭审中，已告知各方当事人本案由审判员独任审理，某建设公司对此未提出异议；二审庭审中，某建设公司明确表示对该程序问题听从合议庭的意见，二审法院经审理对其主张的该程序问题未予支持。某建设公司在一审未提出异议，二审中已明确表示对该程序问题听从合议庭意见的情形下，再审中又主张一审法院适用简易程序违法的理由不能成立，且一审法院对本案适用简易程序进行审理，并不影响当事人答辩、质证、上诉等诉讼权利的实现。对某建设公司的此项主张，再审不予支持。关于某建设公司主张张某仅将某置业公司列为第三人，未对其提出明确的诉求，导致人民法院无法判决某置业公司承担付款责任，张某的起诉程序违法的问题。《最高人民法院关于审理建设工程施工合同纠纷案件适用法律问题的解释》第二十六条规定：“实际施工人以转包人、违法分包人为被告起诉的，人民法院应当依法受理。实际施工人以发包人为被告主张权利的，人民法院可以追加转包人或者违法分包人为本案当事人。发包人只在欠付工程价款范围内对实际施工人承担责任。”《最高人民法院关于审理建设工程施工合同纠纷案件适用法律问题的解释（二）》第二十四条规定：“实际施工人以发包人为被告主张权利的，人民法院应当追加转包人或者违法分包人为本案第三人，在查明发包人欠付转包人或者违法分包人建设工程价款的数额后，判决发包人在欠付建设工程价款范围内对实际施工人承担责任。”根据上述规定，实际施工人以转包人、违法分包人为被告提起诉讼，还是以发包人为被告主张权利，是实际施工人的权利，不是实际施工人的义务。故对某建设公司的此项主张，再审不予支持。<br/>　　二、关于案涉工程的实际施工人认定问题<br/>　　经查，2016年3月，某置业公司与某建设公司签订《工程施工合同书》，约定某置业公司将案涉工程以包工包料方式承包给某建设公司进行施工，工程价款为10057211.09元。2016年8月27日，杨某翔代表某建设公司与杨某签订《协议书》，约定杨某承包某公馆项目招投标工程建设，杨某按照某建设公司与某置业公司签订合同约定的工程款1.2%向某建设公司支付承包费。2017年5月27日，某建设公司出具《关于某公馆项目负责人更换的声明》载明：“案涉工程原项目负责人杨某因工作需要更换为张某”。2018年1月19日，杨某翔代表某建设公司与张某签订《项目合作协议书》，约定某建设公司将案涉工程分包给张某，合同造价10050000元，某建设公司向张某收取工程总价1.2%的管理费。根据某建设公司、某置业公司提交的《工程竣工报告》《分项工程竣工验收单》《工程竣工移交单》《结算通知书》《工程结算申请承诺书》《工程结算书》《工程结算确认协议书》及张某提交的《设计变更通知单》《现场工程签证单》等证据，可以证明案涉合同内工程于2016年10月25日竣工验收合格，某建设公司、某置业公司于2018年12月18日进行结算，结算金额为10003865.07元，结算中未包括设计变更签证单增加费用。结合上述事实，从本案当事人提交的证据分析：1.虽然案涉工程投标文件与某建设公司出具的《授权委托书》载明由某建设公司委托杨某投标，之后双方也签订了《协议书》，但《项目合作协议书》与《工程施工合同书》载明的工程项目相同、工程价款基本相同，且《项目合作协议书》第八条约定“该项目2016年签订的原协议同时废止”。一审庭审中，某建设公司认可废止的是某建设公司与杨某签订的《协议书》。某建设公司作为法人，应当对其签订的合同预见到相应后果，其在合同内工程竣工验收后发表声明更换项目负责人并与张某签订合同，现又主张仅是为了让张某完成后期工作才签订《项目合作协议书》，张某未参与实际施工，该主张与其和张某签订合同的事实相矛盾。2.2016年3月3日，杨某翔代表某建设公司与张某签订《劳动合同书》，约定由某建设公司安排张某在某公馆项目室外景观绿化及安装项目全面负责，合同期限自某公馆项目景观绿化二标段竣工直至质保期结束时间为止。某建设公司对《劳动合同书》的真实性认可。该证据证明的事实与张某的主张可以相互印证，某建设公司主张张某对外仅代表杨某翔个人与合同约定不符。3. 2016年6月23日，某建设公司向西宁市城西区国税局出具的《介绍信》载明：兹有本公司苗木供应商张某前往贵局办理票务一事，合同金额为6354565元，此次开票金额为人民币2220000元。再审中，张某提交经营地涉税事项反馈表及缴税凭证，某建设公司对真实性无异议。上述证据与《项目合作协议书》中“张某按照现行国家税务规定足额缴纳所涉及产生的所有税费，如遇国家税率调整，按国家税收变更收取。张某向某建设公司提供相应比例成本发票交予某建设公司”的约定相互印证，可以证明张某缴纳案涉工程税费的事实。某建设公司主张张某未实际施工，为何由张某交纳相应税费，某建设公司无法作出充分合理的解释。4.一审法院对唐某某进行调查制作的谈话笔录中，唐某某陈述张某是案涉工程的承包人，杨某是张某找来负责签订合同，杨某实际上未参与工程施工，2017年杨某领取1060000元后离开工程项目。张某、某建设公司对该笔录均质证没有异议。再审中，唐某某出庭作证，认可谈话笔录的内容。某建设公司在原审已明确质证无异议的情形下，再审又主张对唐某某的证言不认可，也未提交充分的反驳证据。5. 2017年5月12日，杨某出具转款委托后，某建设公司将人工费264287.71元转入杨某个人银行账户，苗木款800000元转入汪某1个人银行账户。该证据与唐某某陈述2017年杨某领取1060000元后离开工程项目的事实可以相互印证。在此之前，某建设公司按杨某出具的转款委托，将案涉工程款转入张某妻子梁某及张某与汪某1、张某与汪某2的联名账户中，根据张某提交的中国工商银行凭证，张某在联名账户中占99%的资产份额。杨某虽主张其为案涉工程实际施工人，但对工程款为何由某建设公司支付给张某未能提供相应的反驳证据，其辩称因杨某长期不在工地，故工程款转入张某妻子梁某、张某联名账户中的意见，不符合一般承包关系中相关费用的支付方式习惯且有悖常理。6.张某提交的《设计变更通知单》《现场工程签证单》《事业部内部签证索赔审批单》显示，案涉工程存在设计变更签证单增加工程量的情况。某建设公司、某置业公司、杨某对上述证据的真实性均无异议。张某提交的短信聊天记录显示，2018年9月6日至12月19日期间，张某与杨某翔联系，要求杨某翔将设计变更签证单内容加入结算，杨某翔回复“决算已经上报改不了了”。一审庭审中，某建设公司对该短信聊天记录的真实性无异议。该证据与张某提交的证据相互印证，可以证明张某要求结算中加入设计变更签证单增加工程款，杨某翔对张某施工未否认的事实。某建设公司、杨某虽主张张某未对设计变更签证单增加工程进行施工，但未提交充分的反驳证据。7.张某提交的其向唐某某、汪某、赵某某等人支付人工工资、材料款等的收条，某建设公司质证对真实性无异议。该证据与唐某某陈述张某支付了赵某某、汪某等人工资的事实可以相互印证。某建设公司、杨某主张杨某是实际施工人，并提交了投标文件、授权委托书、投标保证金凭证、退还保证金凭证、《协议书》等证据，虽可以证明杨某参与投标并交纳投标保证金后签订了《协议书》，不能证明杨某实际施工的事实，且某建设公司明确表示该《协议书》已废止；对于转款委托，可以证明某建设公司按杨某要求支付工程款的事实，但对于为何向张某支付，杨某无法作出充分合理的解释；对于工程竣工报告、分项工程竣工验收单、工程竣工移交单，可以证明案涉工程竣工验收移交的事实，不能证明杨某为实际施工人；对于成都市公安局高新区分局对夏某某、杨某、唐某某的询问笔录、夏某某的民事起诉状、杨某欠条，经查，询问笔录中，唐某某陈述与夏某某、杨某因某内装项目产生争议；杨某陈述，夏某某拿出某项目500000元的欠条让杨某签字，杨某认为无法核实欠条拒绝签字，唐某某也拒绝按手印，夏某某拿出汽油泼了唐某某、杨某，杨某就在欠条上签字了，在当时的情况下，不得不在欠条上签字按手印。上述证据可以证明夏某某、唐某某、杨某因案涉工程产生争议后夏某某提起诉讼的事实，不能证明杨某为实际施工人；对于杨某的银行转账凭证、律师函，结合唐某某“案涉工程实际由张某承包，杨某是张某招来负责签合同等事宜的工作人员，未参与工程施工。杨某于2017年领取1060000元后离开工程。申请款项都是我办理，我从某建设公司申请了一百多万元开销，但是没有看到钱，张某带我去银行查没钱，张某说被杨某拿走了，说可以告杨某卷款潜逃，所以杨某给我转钱了”的陈述及本案当事人提交的其他证据，该证据不足以证明杨某为案涉工程的实际施工人。综合上述证据分析，张某提交的证据形成完整的证据链，可以证明虽然张某与某建设公司在案涉工程竣工验收之后补签《项目合作协议书》，但张某实际施工、收取工程款、对外支付人工工资、材料费的事实。某建设公司、杨某提交的证据，不足以证明张某未实际施工。根据《最高人民法院关于适用&lt;中华人民共和国民事诉讼法&gt;的解释》第一百零五条“人民法院应当按照法定程序，全面、客观地审核证据，依照法律规定，运用逻辑推理和日常生活经验法则，对证据有无证明力和证明力大小进行判断，并公开判断的理由和结果”的规定，结合本案查明的事实，某建设公司、杨某提交证据的证明力明显小于证明张某为实际施工人的证据，应认定张某为案涉工程的实际施工人。原审法院基于查明的事实和当事人提交的证据，认定张某与某建设公司就张某所干工程补签《项目合作协议书》，张某组织人员进行施工并施工完毕，张某为案涉工程的实际施工人并无不当。某建设公司、杨某主张张某不是案涉工程实际施工人，张某不具有诉讼主体资格的理由不能成立。对于张某与杨某之间的关系，如双方仍有争议，可依据相关证据另行解决。<br/>　　三、关于某建设公司应否向张某支付工程款2142000元及设计变更签证单增加工程款592400元的问题<br/>　　（一）关于工程款2142000元。根据《最高人民法院关于审理建设工程施工合同纠纷案件适用法律问题的解释》第一条“建设工程施工合同具有下列情形之一的，应当根据合同法第五十二条第（五）项的规定，认定无效：（二）没有资质的实际施工人借用有资质的建筑施工企业名义的”和第二条“建设工程施工合同无效，但建设工程经竣工验收合格，承包人请求参照合同约定支付工程价款的，应予支持”的规定，原审法院认定某建设公司与张某签订的《项目合作协议书》无效，张某主张支付工程款符合法律规定并无不当。本案中，虽然《项目合作协议书》约定的工程款为10050000元，但某建设公司承包给张某的工程，实际以某置业公司的工程款为基础，仅收取管理费后全额支付，同时按照常理，转包的工程款不可能高于发包人所支付的工程款，故双方合同内工程款应确定为某建设公司与某置业公司结算的工程款10003865.07元。根据某建设公司提交的付款凭证及再审中某建设公司、张某认可的数额，某建设公司已支付工程款7777994.66元，再扣除双方均认可的管理费120686元，某建设公司应支付工程款2105184.41元。<br/>　　（二）关于设计变更签证单增加工程款592400元。《最高人民法院关于审理建设工程施工合同纠纷案件适用法律问题的解释》第十六条第二款规定：“因设计变更导致建设工程的工程量或者质量标准发生变化，当事人对该部分工程价款不能协商一致的，可以参照签订建设工程施工合同时当地建设行政主管部门发布的计价方法或者计价标准结算工程价款。”虽然张某与某建设公司签订的《项目合作协议书》未约定增加部分工程如何处理，但张某提交的《现场工程签证单》均由某置业公司、监理单位上海某工程监理有限公司、施工单位某建设公司某公馆项目室外景观绿化及安装工程（二标段）项目部的盖章签字予以确认，结合唐某某的证言以及张某、杨某翔的短信聊天记录，可以证明张某对增加部分工程实际施工的事实。一审庭审中，某建设公司明确陈述对592400元的数额没有异议。因此，张某基于其与某建设公司之间的合同关系主张设计变更签证单增加工程款592400元符合法律规定。根据张某提交的短信聊天记录，张某已经要求杨某翔将设计变更签证单增加部分工程款计入结算。某建设公司未在结算时将增加部分工程纳入结算范围，现又以增加部分工程不在合同约定范围之内，延期申报的责任在实际施工人张某，应由张某向绿地西宁公司主张权利的理由不能成立。对其在再审中提交的相应证据的证明效力，再审不予确认。按《项目合作协议书》约定扣除管理费7108.8元，某建设公司应向张某支付设计变更签证单增加工程款585291.2元。<br/>　　（三）关于某建设公司再审主张垫付另案执行款157031元，垫付后期养护材料费、人工劳务费、杂项开支等952142.76元，张某个人借款50000元，共计1159173.76元，应从工程款中扣除的问题。虽然张某与某建设公司签订的《项目合作协议书》对案涉工程保修养护期及费用未作约定，但张某、某建设公司均认可以《工程施工合同书》约定为准。根据《工程施工合同书》“自工程完工且某置业公司代表及监理公司在竣工报告签字之日起某建设公司提供二年免费保修期及养护期”的约定，张某应承担2016年10月25日竣工报告签字之日至2018年10月24日期间案涉工程的保修养护义务。再审庭审中，唐某某明确表示其代表张某对2018年5月底之前的工程进行保修养护，之后撤场未继续进行保修养护，可以证明张某未完全履行保修养护义务的事实。故对某建设公司在保修养护期内因案涉工程保修养护实际垫付的必要费用，应从本案工程款中扣除。1.对于某建设公司主张扣除的另案执行款157031元、张某个人借款50000元。张某明确表示认可，该两项费用共计207031元，应从工程款中扣除。张某主张该两项费用在起诉主张工程款时已扣除与事实不符，再审不予支持。2.对于某建设公司主张扣除的党某某人工工资236000元。某建设公司提交的《工资收据单》显示，党某某在2018年11月至2019年4月期间因绿地公馆小区养护除雪、补植移植、垃圾清理产生费用236000元，已收到140000元；提交的转账凭证显示，杨某翔于2018年9月18日和2019年1月28日分别向党某某付款105000元、6000元。某建设公司主张应扣除党某某人工工资236000元，但《工资收据单》显示该笔费用产生于案涉工程保修养护期满之后，转账凭证无法确定是因案涉工程保修养护产生的必要费用，某建设公司也未提交其他证据证明，对其此项主张，再审不予支持。3.对于某建设公司主张扣除的李某人工工资21000元。某建设公司提交2018年9月12日李某出具的《收条》载明，绿地公馆7号8号10号11号楼进户门口维修费共计21000元整，现收到转账10000元，剩余11000元完工之后付清。某建设公司提交的付款凭证显示，2018年8月22日和2018年10月21日杨某翔分别向李某转账付款10000元、8000元。上述证据可以相互印证，故该21000元应从本案工程款中扣除。4.对于某建设公司主张扣除的李某某人工工资120000元。某建设公司提交了2019年2月4日李某某出具“今收到某建设公司杨某翔绿地公馆项目维修人工工资120000元”的收条及2019年1月31日、2019年2月2日杨某翔转账支付81000元的凭证，但出具收条、转款的时间均在案涉工程保修养护期满之后，是否属于工程保修养护期间产生的费用无法确定，某建设公司亦未提交其他证据证明，对某建设公司的此项主张，再审不予支持。5.对于某建设公司主张扣除的张某某人工工资106000元。某建设公司提交2018年11月26日杨某翔书写的《工资认定单》载明，张某某于2018年8月底至11月底，于绿地公馆二标施工管理人员工资及2018年之前欠80000元整，共计106000元，于绿地公馆洋房区二标结算完成，工程款到账之日结清。张某对《工资认定单》的真实性无异议。某建设公司提交的中国建设银行电子回单、中国建设银行卡客户交易明细清单显示，杨某翔于2019年1月31日、2019年2月1日分别向张某某转账支付60000元、46000元。上述证据相互印证，可以证明该106000元应属于案涉工程保修养护期间产生的费用，应从本案工程款中扣除。6.对于某建设公司主张扣除的马某某围网栏铁艺费用20000元、樊某某机械费18000元。某建设公司提交的中国建设银行卡客户交易明细清单显示付款时间分别是2019年2月2日、2018年1月24日，该款项是否属于案涉工程保修养护期间内产生的必要费用无法确定，某建设公司亦未提交其他证据印证，再审不予支持。7.对于某建设公司主张扣除的水电费15000元。某建设公司提交某物业分公司万某出具的两份《收条》分别载明，“今收到河南某建设施工水电费5000元整”，同时加盖绿地公馆管理处发文、通知、告示专用章；提交某物业分公司出具的水电费收据两份，显示2018年10月收取水费5000元。结合上述证据的内容及本案查明的事实，该15000元应属于某建设公司在案涉工程保修养护期间内因工程维护产生的费用，应从本案工程款中扣除。8.对于某建设公司主张扣除的购买苗木、材料、维修、李雯雯等人工资及其他杂项费用，其针对各项费用分别在再审提交的收据、销货清单、车票等证据，其中包括了租房、洗车、购买饮料、吃饭等产生的费用，无法确定是因案涉工程保修养护期间产生的必要费用，某建设公司也未提交其他证据印证，应由其承担举证不能的法律后果。对其提交的相应证据的证明效力，再审不予确认。上述应扣除费用合计349031元，从欠付工程款2105184.41元中扣除后，某建设公司应向张某支付工程款1756153.41元，应支付设计变更签证单增加工程款585291.2元，总计2341444.61元。<br/>　　四、对于某建设公司认为原审认定某置业公司在扣除质保金后支付相关工程款，某建设公司就变更增加部分工程款予以放弃错误的问题<br/>　　2018年12月18日，双方经结算工程价款为10003865.07元，按合同约定应扣留质保金1000386.51元。2019年1月30日，双方形成《委托支付函》两份，约定以房屋抵顶工程款1151386元、以车位抵顶工程款115000元，共计抵顶工程款1266386元。2019年5月22日，某建设公司向某置业公司出具承诺书，载明“兹有工抵房款共计1266386元，现由贵公司预先支付50%款项（633193元），我公司将该50%款项转入贵司账户，用于冲抵房款，剩余50%依次类推，共计周转两次，完成全部房款冲抵。”。2019年5月29日，某置业公司付款230000元。根据某置业公司提交的付款凭证及双方认可的已支付工程款数额，2019年5月29日之前已付款7914287.71元，2019年5月29日付款230000元，双方同意以房屋、停车位抵顶工程款1266386元，上述金额共计9410673.71元。本案二审庭审中，某建设公司认可某置业公司已付款9410673.71元。因本案张某依据其与某建设公司签订的《项目合作协议书》要求某建设公司支付工程款，并未起诉要求某置业公司承担付款责任，且二公司之间是否付清工程款，并不能免除某建设公司向实际施工人支付工程款的义务，故某置业公司与某建设公司之间的《委托支付函》是否履行、工程款、质保金是否付清，应由双方另行解决，与本案张某主张支付工程款的争议无关，本院再审不予审查认定。对双方针对此项问题提交的相关证据，再审亦不予认定。</p>","<p>建设工程施工合同纠纷中，实际施工人签订的《建设工程施工合同》无效，实际施工人请求参照合同约定支付工程价款的，应予支持。承包人与不同施工主体分别签订施工合同，各方当事人对实际施工人的身份产生争议，虽均无法提供签证、工程进度表等证据直接证明对工程实际进行施工，但提供了施工合同、工程款支付凭证、缴纳税费凭证等其他证据的，应根据合同内容、工程款支付情况、税费缴纳情况等证据，运用证据规则，对证据有无证明力和证明力大小进行判断，合理作出认定。一要准确查明案件事实，确定当事人之间的法律关系；二要根据案件事实和当事人主张，合理公平地确定举证责任，由当事人对自己的主张分别提供相应的证据；三要运用逻辑推理和日常生活经验法则，对当事人提供证据的证明力有无和大小独立地、自主地进行判断，确定待证事实是否具有高度可能性，使认定的法律事实尽可能接近客观事实。</p>","<p>　　《最高人民法院关于适用&lt;中华人民共和国民事诉讼法&gt;的解释》第90条、105条、108条<br/>　　</p><br/>######<p>　　一审：青海省西宁市城西区人民法院（2019）青0104民初228号民事判决（2019年4月2日）<br/>　　二审：青海省西宁市中级人民法院（2019）青01民终1006号民事判决（2019年7月25日）<br/>　　再审：青海省高级人民法院（2020）青民再13号民事判决（2020年6月17日）</p>","\N","\N","2026-01-21 10:27:30","2026-01-21 10:27:30","00f763a98aec081f407f740598894056","\N","20260426"
"3772","人民法院案例库","https://rmfyalk.court.gov.cn","民事-著作权权属、侵权纠纷","2023-09-2-158-037","最高人民法院","民事,著作权权属、侵权,侵害作品信息网络传播权,著作权,侵权,赔偿数额,消除影响","再审","2021.06.08","02","<p>　　再审申请人某陶瓷公司与被申请人某文化公司侵害作品信息网络传播权纠纷中，某陶瓷公司诉称，某文化公司未经其许可，擅自上传某陶瓷的涉案美术作品至旗下网站供其网站会员浏览、购买、下载使用进行盈利已构成侵权，请求判令某文化公司在其旗下网站首页、泉州晚报刊登侵权声明、消除影响、赔偿损失和合理开支。某文化公司辩称，其作为网络服务提供者已尽到注意、审慎义务，依法不应承担赔偿责任，要求其赔偿10万元并在网站首页、报纸上刊登侵权声明、消除影响，缺乏依据。福建省泉州市中级人民法院于2019年12月26日作出（2020）闽05民初1290号民事判决，驳回某陶瓷公司的诉讼请求。某陶瓷公司不服一审判决，提起上诉。福建省高级人民法院于2021年4月19日作出（2021）闽民终690号民事判决，驳回上诉，维持原判。某陶瓷公司不服二审判决申请再审。<br/>　　最高人民法院认为，某陶瓷公司未提交证据证明某文化公司所属网站登载涉案图片的行为对某陶瓷公司的商誉造成贬损。最高人民法院于2021年6月8日作出（2021）最高法民申5767号民事裁定，驳回某陶瓷公司的再审申请。</p>","<p>　　法院生效裁判认为，本案的争议焦点为：1.一审、二审判决所确定的赔偿数额是否正确；2.一审、二审判决对某陶瓷公司关于刊登侵权声明、消除影响的诉讼请求未予支持是否正确。<br/>　　一、关于一审、二审判决所确定的赔偿数额是否正确的问题<br/>　　2010年修正的《中华人民共和国著作权法》第四十九条规定：“侵犯著作权或者与著作权有关的权利的，侵权人应当按照权利人的实际损失给予赔偿；实际损失难以计算的，可以按照侵权人的违法所得给予赔偿。赔偿数额还应当包括权利人为制止侵权行为所支付的合理开支。权利人的实际损失或者侵权人的违法所得不能确定的，由人民法院根据侵权行为的情节，判决给予五十万元以下的赔偿。”<br/>　　《最高人民法院关于审理著作权民事纠纷案件适用法律若干问题的解释》第二十五条第一、二款规定：“权利人的实际损失或者侵权人的违法所得无法确定的，人民法院根据当事人的请求或者依职权适用著作权法第四十九条第二款的规定确定赔偿数额。人民法院在确定赔偿数额时，应当考虑作品类型、合理使用费、侵权行为性质、后果等情节综合确定。”<br/>　　本案中，某文化公司未经某陶瓷公司的许可，在其经营的网站上使用某陶瓷公司享有著作权的涉案图片，其行为已经侵害了某陶瓷公司就涉案图片享有的信息网络传播权，应当承担停止侵权、赔偿损失的民事责任。<br/>　　某陶瓷公司未能提供证据证明其实际损失或某文化公司的违法所得达到10万元，在损失及获利均无法查明的情况下，一审、二审法院综合考虑涉案作品的知名度、侵权行为性质、侵权行为持续时间、某文化公司主观过错以及某陶瓷公司为制止侵权行为所支出的合理费用，并考虑本案属系列案件等因素，依法适用法定赔偿，判决某文化公司向某陶瓷公司赔偿经济损失4000元（含合理费用）并无不当。<br/>　　二、关于一审、二审判决对某陶瓷公司刊登侵权声明、清除影响的诉讼请求未予支持是否正确的问题<br/>　　本案中，某陶瓷公司未提交证据证明某文化公司所属网站登载的涉案图片的行为对某陶瓷公司的商誉造成贬损。在此情形下，一审、二审判决对某陶瓷公司要求某文化公司刊登侵权声明、消除影响的诉请不予支持，亦无不当。某陶瓷公司的相关再审申请理由不能成立，人民法院不予支持。</p>","<p>原告未提交证据证明其商誉受到贬损的情形下，对其要求刊登侵权声明、消除影响的诉请不予支持。</p>","<p>　　《中华人民共和国著作权法》第54条（本案适用的是2010年4月1日施行的《中华人民共和国著作权法》第49条）<br/></p><br/>######<p>　　一审：福建省泉州市中级人民法院（2020）闽05民初1290号民事判决（2019年12月26日）<br/>　　二审：福建省高级人民法院（2021）闽民终690号民事判决（2021年4月19日）<br/>　　再审审查：最高人民法院（2021）最高法民申5767号民事裁定（2021年6月8日）</p>","\N","\N","2026-01-21 10:27:30","2026-01-21 10:27:30","00f8a5eb950df20847434950ec807811","\N","20260426"
"5973","多元解纷案例库","https://dyjfalk.court.gov.cn/site/case/1a4e301f-a6d8-4ba8-b713-ee0e4347359b","民事-合同纠纷","D2025-161-6-483-027","最高人民法院","民事,合同纠纷,进出口代理合同,ICA规则,结价条款","","2025-12-30","\N","2019年5月，申请人某进出口公司与被申请人某国际贸易公司签订《代理合同》，约定由某进出口公司代理某国际贸易公司进口澳大利亚棉花，并由某进出口公司代理某国际贸易公司与某外商签订《进口合同》。该《进口合同》中明确约定适用《国际棉花协会章程与规则》（2018年版，下称“ICA规则”）。在后续交易过程中，该外商援引ICA规则中的结价条款，对其与某进出口公司签订的《进口合同》进行结价，并告知某进出口公司应向其支付结价金额1115000美元。某进出口公司向该外商支付后，要求某国际贸易公司向其支付该结价损失，并就该主张于2020年12月依据《代理合同》中的仲裁条款向仲裁委员会提出仲裁申请。某国际贸易公司主要提出如下抗辩意见：1.ICA规则不应理解为合同双方均有权单方结价；2.即使能够结价，该结价价格过高，某进出口公司并未与外商对结价价格进行协商而是直接接受了结价价格，某国际贸易公司没有理由承担相应损失。","仲裁委受理后，经认真研判后认为，本案争议焦点为：在ICA规则下合同双方是否均有权进行单方结价，及某进出口公司是否有义务就结价价格与外商进行协商。 仲裁庭注意到，对于ICA规则下合同双方是否均有权单方结价的问题，ICA规则第237条及238条明确合同结价的条件为因任何原因某一合同的全部或部分未履行，或将不再履行。同时，ICA规则明确合同结价的前提并非相关合同一方当事人违约，相关结价款项的支付也不受一方当事人是否违约的影响。对于某进出口公司是否应当就结价价格与外商进行协商而非直接接受过高结价价格的问题，ICA规则允许双方对结价价格进行协商；若对结价价格存在异议，亦可根据ICA规则提起相应仲裁。然而，根据《代理合同》,某进出口公司的权利义务限于代理某国际贸易公司与外商签订《进口合同》并代为办理货物到港后的报关、报检等进口手续，其并无代理某国际贸易公司对相关结价问题直接进行协商决定的权利。在此情况下，根据某进出口公司提交的相关邮件记录，某进出口公司已于收到结价通知后当日即向某国际贸易公司发函告知结价一事，然而某国际贸易公司在确认该邮件真实性的情况下并未举证证明其曾向某进出口公司提出相关结价补偿款过高并要求某进出口公司与外商就结价款金额进行协商或依据ICA规则提出仲裁。据此，仲裁庭认为某进出口公司并无代理某国际贸易公司与外商协商案涉结价款具体金额的权限和义务。","本案系当事人在履行进出口代理合同过程中对ICA规则结价条款的适用产生争议引发的合同纠纷。ICA规则第237条即著名的结价机制，其明确表明在ICA规则下，终止合同的唯一方式为结价。结价即通过卖方回购案涉货物，并根据ICA规则确定的结价时间以及结价时间相应的国际棉价与合同价格的差价，由一方向另一方补偿后终止相关棉花买卖合同。国际棉花交易惯例中，当结价价格高于合同价格时，卖方在回购案涉货物后，因棉花价格走高，其理论上能够通过再次出售获取更高的利润；而买方在卖方回购案涉货物后，若另行购买原材料，则需承担更高的购买成本。因此，为在国际棉价波动较大的情况下避免违约率增长并保持良好的运行秩序，相关结价规则即要求卖方在此情况下将未履行部分的货物的价差补偿予买方。同理，当结价价格低于合同价格时，卖方在回购案涉货物后，因棉花价格走低，其理论上通过再次出售所获取的利润亦将较之前降低；而买方在卖方回购案涉货物后，若另行购买原材料，其购买成本将降低，预期利润将增加。在此情况下，相关棉花买卖合同在结价时即应由买方向卖方补偿未履行部分的货物的价差。ICA规则第238条明确了结价金额的确认途径（通过仲裁），并明确结价金额并不取决于合同双方是否存在违约行为。 本案中的棉花交易较为典型，其适用国际棉花协会规则，而在其规则下，“结价”这一机制直接影响了相关合同的履行及终止。在国际货物买卖语境下，对于特定货物可能会适用特定的交易规则。在订立国际货物买卖或进出口代理合同中，当事人有必要对交易的货物及适用的交易规则进行详细的了解，避免后续在出现纠纷时造成争议的不及时或不恰当处理。","《国际棉花协会章程与规则》（2018年版）第237条、第238条","\N","","2026-01-27 09:48:14","2026-02-03 09:38:38","00ff0c4e4e793c8dbc5d5297678d3bd6","\N","20260426"
"3365","人民法院案例库","https://rmfyalk.court.gov.cn","民事-商标权权属、侵权纠纷","2023-09-2-159-047","安徽省阜阳市中级人民法院","民事,商标权权属、侵权,侵害商标权,公开赔礼道歉","一审","2010.08.09","02","<p>　　某醋业协会诉称：2009年初，某醋业协会发现某食品有限公司生产的醋类商品上使用了“镇江陈醋”字样，于2009年9月向安徽省阜南县工商行政管理机关进行了举报。2009年11月，安徽省阜南县工商行政管理局依据《中华人民共和国商标法》第五十三条和《中华人民共和国商标法实施条例》第五十二条的规定，作出南工商火处字（2009）第286号行政处罚决定书，责令某食品有限公司立即停止侵权，并予以没收封存侵权商品4件、包装箱2800个和罚款30000元的行政处罚。上述行政处罚决定书现已经生效。要求某食品有限公司立即停止侵权，在媒体公开道歉，保证今后不再实施商标侵权行为，并赔偿某醋业协会经济损失60000元。<br/>　　某食品有限公司辩称：某食品有限公司使用镇江陈醋商标在先，对某醋业协会注册商标不知情，没有侵犯其商标专用权的故意，在知悉侵权后没有再进行侵权生产，某醋业协会主张赔偿损失60000元没有依据。请求驳回某醋业协会的诉讼请求。<br/>　　法院经审理查明：镇江陈醋在社会上具有较高声誉。2004年镇江市民政局批准设立社会团体法人某醋业协会，该协会于2007年取得“镇江陈醋”集体商标注册证，核定使用商品为第30类醋类商品，注册有效期自2007年5月14日至2017年5月13日止。后某醋业协会许可其会员单位在醋类商品上使用镇江陈醋集体商标。<br/>　　2009年初，某醋业协会发现某食品有限公司生产的醋类商品上使用了“镇江陈醋”字样，于2009年9月向安徽省阜南县工商行政管理机关进行了举报。安徽省阜南县工商行政管理局查明2004年3月1日镇江市润州区恒运酱醋厂与某食品有限公司订立“恒运”商标使用许可合同，许可某食品有限公司从事“恒运”牌酱醋生产经营活动。依据某食品有限公司委托人的口头陈述，安徽省阜南县工商行政管理局认定某食品有限公司从2004年3月1日起开始生产“恒运”草菇老抽、镇江陈醋产品，至2007年5月14日，共生产“恒运”镇江陈醋2400件；从2007年5月14日至2009年9月22日，某食品有限公司共生产“恒运”镇江陈醋2000件，其中规格为500mlx12瓶/件的1000件，成本价为9元/件，规格为500mlx20瓶/件的1000件，成本价15元/件；自2007年5月14日至2009年9月工商机关立案查处时，某食品有限公司以18元/件的价格销售500mlx20瓶/件的“恒运”镇江陈醋996件，以12元/件的价格销售500mlx12瓶/件的“恒运”镇江陈醋1000件，非法经营额30000元，非法所得5988元。安徽省阜南县工商行政管理局认为镇江市润州区恒运酱醋厂未取得某醋业协会授权使用“镇江陈醋”商标，镇江市润州区恒运酱醋厂及依商标使用许可合同生产“恒运”醋类产品的某食品有限公司均不得在产品外包装上使用“镇江陈醋”标志。2009年11月，安徽省阜南县工商行政管理局依据《中华人民共和国商标法》第五十三条和《中华人民共和国商标法实施条例》第五十二条的规定，作出南工商火处字（2009）第286号行政处罚决定书，责令某食品有限公司立即停止侵权，并予以没收封存侵权商品4件、包装箱2800个和罚款30000元的行政处罚。本案双方当事人对安徽省阜南县工商行政管理局查明的上述事实均无异议，但镇江醋业协会认为行政处罚决定书认定的销售数额仅是该次行政处罚查明的数额，某食品有限公司没有提出其销售数量的有效证据，也未提供财务资料账册，其销售侵权商品的具体数量难以统计，请求法院适用法定赔偿。<br/>　　上述行政处罚决定书现已经生效。安徽省阜阳市中级人民法院于2010年8月9日作出（2010）阜民三初字第00022号民事判决：一、某食品有限公司于判决生效后立即停止对“镇江陈醋”注册商标的侵权行为；二、某食品有限公司于判决生效后十日内支付某醋业协会赔偿金40000元；三、驳回某醋业协会的其他诉讼请求。<br/>　　宣判后，双方当事人均未提起上诉，现一审判决已发生法律效力。</p>","<p>　　法院生效裁判认为：安徽省阜南县工商行政管理局虽然查明镇江市润州区恒运酱醋厂许可某食品有限公司在酱醋产品上使用“恒运”商标，但某食品有限公司未能举证证明其有权在醋类产品上使用“镇江陈醋”的合法理由，其未经允许在同种类商品上的使用行为损害了“镇江陈醋”注册商标权人某醋业协会的利益，依法应予赔偿。因某醋业协会未能举证其因侵权所受损失，某食品有限公司亦未能举证证明其因侵权所获利益，且安徽省阜南县工商行政管理局是依据某食品有限公司委托人的口头陈述认定的该公司侵权生产数额，该单方陈述在没有其他证据佐证的情况下不能作为认定某食品有限公司生产销售侵权商品数额的依据。综合“镇江陈醋”的商誉、某食品有限公司的侵权性质、期间、后果等，依法酌定某食品有限公司侵权赔偿数额为40000元。由于某醋业协会未能举证证明某食品有限公司的侵权行为给其商标商誉造成了显著的不良影响，结合某食品有限公司的侵权性质，对镇江醋业协会要求某食品有限公司在媒体公开赔礼道歉的请求不予支持。案经多次调解无果，依照《中华人民共和国商标法》第五十二条第（一）项、第五十六条第二款、《最高人民法院关于审理商标民事纠纷案件适用法律若干问题的解释》第十六条的规定，判决：一、某食品有限公司于判决生效后立即停止对“镇江陈醋”注册商标的侵权行为；二、某食品有限公司于判决生效后十日内支付某醋业协会赔偿金40000元；三、驳回某醋业协会的其他诉讼请求。<br/>　　宣判后，双方当事人均未提起上诉，现一审判决已发生法律效力。</p>","<p>未经允许在同种类商品上的使用他人注册商标的行为损害了注册商标权人的合法利益，构成侵犯商标专用权；公开赔礼道歉的民事责任应根据权利人的商标知名程度、被诉侵权人的主观故意及侵权影响范围等在合理限度内采用。</p>","<p>　　《中华人民共和国商标法》第57条第1项、63条第3款（本案适用的是2001年修正的《中华人民共和国商标法》第52条第1项、第56条第2款）<br/>　　《最高人民法院关于审理商标民事纠纷案件适用法律若干问题的解释》第16条</p><br/>######<p>　　一审：安徽省阜阳市中级人民法院（2010）阜民三初字第00022号民事判决（2010年8月9日）</p>","\N","\N","2026-01-21 10:27:30","2026-01-21 10:27:30","0130da461a4e3a72943f3f70e10890e2","\N","20260426"
"6413","多元解纷案例库","https://rmfyalk.court.gov.cn","民事-继承纠纷","D2025-161-1-476-643","上海市徐汇区人民法院","民事,继承纠纷,涉台纠纷,遗产分割,涉老纠纷司法服务绿色通道,“总对总”在线诉调对接机制,台胞调解员","","2025-09-28","\N","被继承人萧某夫妇婚后育有三女，即肖某甲、肖某乙、肖某丙。肖某乙先于父母去世，且生前离异无子女。在萧某夫妇遗产分割完成前，肖某丙亦不幸去世。肖某丙生前与戴某（我国台湾地区居民）系夫妻，双方未育子女。被继承人萧某夫妇生前留有房产一套及其他财产待继承。戴某诉至法院，要求分割上述遗产。","法院收到起诉材料后，发现当事人一方系我国台湾地区居民，且双方当事人年事已高，肖某甲身体状况较差，双方调解意愿较强，故迅速启动涉老纠纷司法服务绿色通道，并在征得当事人同意情况下，依托最高人民法院与中央台办建立的“总对总”在线诉调对接机制，将该起纠纷通过人民法院调解平台委托至涉台纠纷专业调解组织，由具备涉台调解经验的调解员先行调解，同时邀请台胞调解员协助沟通与调解。调解员在法官指导下开展了以下工作： 首先，梳理财产线索，明确遗产价值。调解员在与当事人先期沟通过程中了解到，双方对于遗产的具体价值不清，导致无法进一步协商。为此，调解员在法官指导下梳理了当事人提供的财产线索，罗列需要补充的证据材料清单，并由戴某依法向有关部门了解调查被继承人所涉遗产的明细。之后，调解员通过在线方式将财产的证据材料送交给双方，使各方清楚具体的遗产范围以及价值，为后续调解奠定基础。 其次，乡音沟通拉进距离，弥合情感。调解员了解到，双方对于不动产的继承基本达成一致，但对于部分被继承人名下的存款、证券等存在争议。肖某甲认为该部分遗产系其给父母的生活费转化而来，或以父母的名义购买，应归其所有；戴某则认为应当按照法律规定继承。对于该争议焦点，台胞调解员充分发挥更加熟悉我国台湾地区观念，用乡音拉进与戴某之间距离的优势，以肖某丙为纽带，唤起双方对逝者的共同情感追忆，促进双方相互包容理解。经过释法明理，戴某认可了肖某甲的说法,同意放弃继承存款、证券等遗产，双方最终就遗产处置方案达成一致意见。 最后，在线调解，实现“云端”化解。由于戴某身处我国台湾地区，肖某甲身处美国，双方无法至现场确认调解方案。为此，调解全程采用电子材料交互、跨境视频会议，在各方达成一致意见后，法院通过调解平台完成方案的确定。最终，该起纠纷得以高效、实质性化解。","本案系因继承人对遗产分配分歧引发的法定继承纠纷，兼具涉老与涉台继承双重属性，妥善化解该案有利于维护老年人合法权益。本案中，法院针对案件特点，精准施策，同时适用涉老司法服务工作机制以及最高人民法院与中央台办建立的“总对总”在线诉调对接机制，促推纠纷高效化解。一是启动绿色通道，优先办理，保障老年人合法权益；二是依托涉台纠纷“总对总”在线诉调对接机制，发挥台胞调解员身份优势，搭建沟通平台，有效促进理解和信任，加快消解分歧；同时，法院发挥指导调解职能，针对分歧点做好释法明理工作，确保法律适用和调解方向正确，让台胞了解并信任大陆相关法律规定，依法表达诉求。调解过程中，针对双方分别身处美国及我国台湾地区的情况，借助人民法院调解平台，实现全程线上解纷，不仅显著降低当事人解纷成本，平等保护台胞合法权益，也通过不伤和气的方式，解开当事人“心结”，实质化解纠纷，维护了和谐家庭关系。","《中华人民共和国民法典》第1127条、第1152条 《最高人民法院办公厅、中共中央台湾工作办公室秘书局关于建立“总对总”涉台纠纷在线诉调对接机制的通知》（法办〔2021〕427号）","\N","","2026-01-27 09:49:14","2026-01-27 09:49:14","013bfb3099578f7c341b2849b8fd0550","\N","20260426"
"7148","多元解纷案例库","https://dyjfalk.court.gov.cn/site/case/340f207f-d07d-40f4-9b13-aa563cc53317","民事-买卖合同纠纷","D2026-161-1-084-046","合肥市蜀山区人民法院","民事,买卖合同纠纷,拖欠货款,“总对总”在线诉调对接机制,“法院+商会”联合化解","","2026-01-29","\N","2023年9月至12月，某电线电缆公司与某智能装备公司签订多份《产品购销合同》，约定由某电线电缆公司向某智能装备公司提供电线电缆产品，并将货物送至某智能装备公司指定地点。后经双方结算，某电线电缆公司已向某智能装备公司开具了全部发票，某智能装备公司尚欠某电线电缆公司267260元。某电线电缆公司多次向某智能装备公司索款未果，遂诉至法院。","法院收到起诉材料后,考虑到通过调解的方式化解纠纷更有利于节省时间成本、经济成本，故在征得双方当事人同意后,依托“总对总”在线诉调对接机制，通过人民法院调解平台委托商会调解组织开展先行调解。商会调解员分步开展以下调解工作： 一是总结争议焦点，锚定调解方向。调解员通过在线阅卷及电话、微信多次与当事人沟通,了解到双方当事人对案件事实基本无较大争议,主要是对欠付货款的支付期限存在分歧。某电线电缆公司因某智能装备公司长期未能足额支付货款，且多次违背付款承诺，认为其在本案中再次要求推迟支付时间的调解意见只是为了拖延时间，缺乏调解诚意。某智能装备公司则表示，确实资金困难，暂时无法支付货款。调解员分析后认为，敦促某智能装备公司拿出切实可行的调解方案，重建双方信任，是促成和解的关键。 二是深入了解企业经营现状，引导当事人互谅互让。调解员深入企业一线，向某智能装备公司了解企业经营状况和即时履行能力。经了解得知，因近两年公司其他业务回款不畅，导致某智能装备公司资金周转存在困难，故而对外支付款项存在障碍，无法一次性向某电线电缆公司支付货款。根据了解到的情况，调解员在法官指导下，一方面向某智能装备公司释明某电线电缆公司已就该纠纷提起诉讼，不予支付会造成双方损失的扩大，且如果调解不成进入审理执行程序，可能给企业信誉带来损失，对公司经营不利；另一方面，也客观地向某电线电缆公司分析某智能装备公司的现实资金困境，从快速解决问题，避免损失扩大的角度，建议某电线电缆公司考虑接受分期付款。 三是回应当事人利益关切，平衡双方利益。了解当事人的顾虑和现实困境后，为确保调解方案合理、可实现，调解员持续居中沟通协调，多次劝说某电线电缆公司给予某智能装备公司资金周转期，同时敦促某智能装备公司给出具体的付款方案。最终，经过反复沟通、推进，某智能装备公司向某电线电缆公司支付部分货款，并就剩余未付货款的金额和付款期限达成一致，同时约定了逾期未支付的违约责任。双方在线签订调解协议，该纠纷得以高效化解。","本案系高新技术小微企业间因未及时支付合同货款引发的买卖合同纠纷，涉及双方生产经营活动，小微企业的抗风险能力较弱，若不能及时化解，不利于企业持续健康发展。本案中，法院依托“总对总”在线诉调对接机制，联动商会形成解纷合力。调解过程中，商会调解员发挥懂行业形势的优势，深入了解企业的经营现状和资金运转状况，精准把握当事人心态，通过耐心细致沟通缓解当事人情绪，抓住争议焦点精准施策，通过梳理双方对货款兑现期限的分歧，为后续开展调解工作奠定基础。法院发挥指导调解职能，通过释明法律责任和可能产生的法律后果，促使当事人从法律责任和经济成本角度权衡，积极协商化解纠纷。此外，依托人民法院调解平台开展全流程在线调解，大大减轻企业解纷成本，最终促成纠纷得以高效、实质性化解，降低了高新技术小微企业的经营风险，保障经营活动的正常开展，助力营造良好法治化营商环境。","《中华人民共和国民法典》第577条、第595条、第596条 《最高人民法院、全国工商联<关于发挥商会调解优势推进民营经济领域纠纷多元化解机制建设的意见>》（法〔2019〕11号）","\N","","2026-02-01 17:00:19","2026-02-03 09:49:45","01514eeff5f47d5d016260b0f0e4305b","\N","20260426"
"412","人民法院案例库","https://rmfyalk.court.gov.cn","民事-产品责任纠纷","2025-07-2-373-002","贵州省黔东南苗族侗族自治州中级人民法院","民事,产品责任,质量缺陷,非直接购买人,赔偿责任","二审","2021.12.16","02","2021年1月，奶某云的亲戚伍某光从某烟花爆竹专营店处购买了一批烟花爆竹。燃放过程中，其中一箱爆竹出现侧面喷射及倾倒现象，导致奶某云以及在场多人受伤。奶某云右脚被炸伤，送至医院住院治疗，住院49天。因赔偿事宜协商未果，奶某云遂起诉要求某烟花爆竹专营店赔偿其医疗费、护理费、营养费、伙食补助费、交通费等共计人民币14万余元（币种下同）。<br/>　　    贵州省从江县人民法院于2021年8月26日作出（2021）黔2633民初395号民事判决：一、被告某烟花爆竹专营店、梁某于判决生效之日起十日内赔偿原告奶某云医疗费、住院伙食补助费、护理费、营养费、交通费共计139036.44元；二、驳回原告奶某云的其余诉讼请求。某烟花爆竹专营店、奶某云均不服，提起上诉。贵州省黔东南苗族侗族自治州中级人民法院于2021年12月16日作出（2021）黔26民终3092号民事判决：驳回上诉，维持原判。","本案争议的焦点在于非直接购买缺陷产品的受害人是否有权请求生产者、销售者承担赔偿责任。<br/>　　      其一，案涉烟花不符合国家标准，具有质量缺陷。《中华人民共和国产品质量法》第十三条规定：“可能危及人体健康和人身、财产安全的工业产品，必须符合保障人体健康和人身、财产安全的国家标准、行业标准；未制定国家标准、行业标准的，必须符合保障人体健康和人身、财产安全的要求。禁止生产、销售不符合保障人体健康和人身、财产安全的标准和要求的工业产品。具体管理办法由国务院规定。”国家标准《烟花爆竹安全与质量》（GB10631-2013）明确规定烟花爆竹在燃放时不应产生倾倒，应符合发射偏斜角的要求。本案中，案涉烟花在燃放时存在侧面喷射和倾倒现象，不符合国家标准，具有质量缺陷。<br/>　　        其二，非直接购买缺陷产品的受害人有权依法请求生产者、销售者承担赔偿责任。《中华人民共和国民法典》第一千二百零三条规定：“因产品存在缺陷造成他人损害的，被侵权人可以向产品的生产者请求赔偿，也可以向产品的销售者请求赔偿。”据此，缺陷产品造成人身、财产损害时，受害人有权请求生产者和销售者承担责任。“被侵权人”既包括直接购买并使用缺陷产品的人，也包括非直接购买使用缺陷产品但受到缺陷产品损害的其他人。奶某云虽非直接购买人，但属于因产品缺陷受到损害的人，其就人身损害请求赔偿具有事实和法律依据。<br/>　　       综上，法院依法判令某烟花爆竹专营店向奶某云支付医疗费、护理费、营养费、伙食补助费、交通费等各项损失共计13万余元。","缺陷产品侵权纠纷中的受害人既可能是产品的购买者，也可能是购买者之外的其他人。非直接购买使用缺陷产品但受到缺陷产品损害的受害人向产品生产者、销售者请求赔偿的，人民法院依法予以支持。<br/>","《中华人民共和国民法典》第1203条<br/>　　《最高人民法院关于审理人身损害赔偿案件适用法律若干问题的解释》（法释[2003]20号，2020年修正）第6条、第8条、第9条、第10条、第11条<br/>######　　一审： 贵州省从江县人民法院（2021）黔2633民初395号民事判决民事判决（2021年8月26日）<br/>　　二审：贵州省黔东南苗族侗族自治州中级人民法院（2021）黔26民终3092号民事判决（2021年12月16日）<br/>","\N","\N","2026-01-21 10:27:30","2026-01-21 10:27:30","015d33f4e7e23fc015d61b8edfd0c3dc","\N","20260426"
"7100","多元解纷案例库","https://rmfyalk.court.gov.cn","民事-机动车交通事故责任纠纷","D2024-161-1-374-024","长治市上党区人民法院","民事,机动车交通事故责任纠纷,赔付金额,机动车交强险赔付,人民调解","","2024-12-27","\N","2023年4月，王某驾驶机动车与骑电动自行车的郭某发生交通事故，造成郭某受伤，住院期间花费35000余元。后经鉴定机构鉴定，郭某构成十级伤残。经交警部门出具事故认定书，王某应对本次事故负全责，郭某无责。但王某支付部分医疗费用后便态度消极，不愿再配合处理后续事宜，故郭某向法院提起诉讼，要求王某及其投保的保险公司承担赔偿责任。","经征得双方当事人同意，对本案开展先行调解。调解员首先与双方当事人沟通，了解到本案的争议焦点主要在于赔偿金额无法达成一致。王某认为郭某的赔偿请求过高，自己所驾驶的车辆只投保了交强险，并没有购买商业险，因此无力承担对方索要的赔偿。对此，调解员和指导法官从法律规定角度向王某进行释明：机动车交强险的赔付方式为不按责任比例全额赔偿，尽管郭某伤情构成十级伤残，索赔高达十几万元，但实际上经初核，王某所投保的交强险能够覆盖大部分费用，王某仅需赔偿医疗费不足部分。随后，指导法官和调解员又向王某释明，若纠纷进入诉讼程序，其不仅要按照同样标准支付相关费用，还需额外支付诉讼费用。最终王某同意配合保险公司赔付并赔偿医疗费不足部分。","本案是一起机动车交通事故责任纠纷，此类纠纷具有专业性强、赔偿项目固定、保险理赔率高的特点，双方对于责任划分往往无争议，解决难点主要在于赔偿金额的统一。由于部分当事人对相关法律规定了解不够，在调解过程中存在抵触和害怕心理，致使双方对损害赔付金额难以达成一致意见，从而形成纠纷。本案指导法官和调解员首先向当事人释明法律规定，明确赔偿责任和金额，又从诉讼成本角度出发做通当事人工作，及时和保险公司取得联系，多方协商实现矛盾纠纷实质化解，对于化解类似机动车交通事故纠纷具有指导意义。","《中华人民共和国民法典》第1213条 《最高人民法院关于审理人身损害赔偿案件适用法律若干问题的解释》（2022修正）法释〔2022〕14号","\N","","2026-01-27 09:51:09","2026-01-27 09:51:09","017a7a67c9f0c487a3984a0818e99170","\N","20260426"
"6887","多元解纷案例库","https://rmfyalk.court.gov.cn","民事-房屋买卖合同纠纷","D2025-161-1-091-180","辽宁省抚顺市中级人民法院","民事,房屋买卖合同纠纷,逾期交付房屋,申请执行仲裁裁决,执行前和解","","2025-03-12","\N","某小区120户业主与某房地产公司签订《商品房买卖合同》及《补充协议》。业主依约支付了全部购房款，某房地产公司根据约定应当在2019年6月30日前将案涉房屋交付业主。但由于未完成竣工验收，房地产公司实际于2019年12月6日完成房屋交付。120户业主申请仲裁后，仲裁机构裁决某房地产公司应向业主支付逾期交付违约金。由于某房地产公司未按期支付违约金，部分业主向法院申请强制执行。同时，某房地产公司也以仲裁程序违法申请撤销该批仲裁裁决。","法院收到起诉材料后，发现某房地产公司已被多家法院轮侯查封，无可执行财产，如果本系列案件直接进入执行程序，会让房地产公司经营更加困难，业主胜诉权益亦将难以实现。为此，在征得当事人同意后，法官指导特邀调解员组成调解团队，推动执行前和解工作： 一是坚持“以点带面”。通过信息筛查了解到，上述案件是因业主购买的商品房延迟交付引发的违约金纠纷，小区还有100余户业主也准备申请执行。此外，法院通过网络查控及线下与住建委了解涉案小区建设、项目保证金等情况后，发现某房地产公司在其他法院尚有十余件被执行案件，该公司目前经营困难，无符合执行条件的财产。为实质化解纠纷，法院确定“重点调解几个，积极带动一批”的调解思路，研究制定了“以物业费抵顶违约金”的调解方案。 二是坚持“法理融合”。调解过程中，调解团队一方面多次释法说理，向某房地产公司普及法律知识、阐明利害关系、敦促其尽快履行给付义务，某房地产公司从不配合逐渐转变思想，明白了执行前和解有利于帮助公司渡过难关。另一方面，调解团队逐户与小区业主沟通，晓之以理、动之以情，向业主阐明某房地产公司的经营困境，引导业主选择更有利于权益保障的纠纷化解方式。最终，双方对“以物业费抵顶违约金”的调解方案达成共识。 三是坚持“多方联动”。调解过程中，调解团队邀请街道、社区相关工作人员共同开展化解工作。通过“面对面”主动引导，向某房地产公司、业主认真分析其事实行为与法律后果之间的关系，坚持留有余地、张弛适度、细致耐心地做好调解工作，从一户调解成功为突破口，乘胜追击，而后约谈三户、五户、几十户直至上百户，历时三个多月，最终成功在执行前实质化解120户业主与某房地产公司之间的纠纷。","随着商品房交易市场日益繁荣，因商品房延迟交付产生的纠纷也逐渐增多。该类纠纷一般具有涉及业主众多、矛盾冲突较为激烈、示范效应明显等特点，如不能妥善化解，易激化矛盾。本案中，仲裁机构对某房地产公司支付逾期违约金已经作出仲裁裁决，部分业主向法院申请执行该仲裁裁决，法院对此类纠纷先行核查关联案件情况，在发现该公司已无可执行财产的情况下，及时调整化解策略，提出替代性解决方案，同时邀请特邀调解员及街道、社区等解纷力量，充分发挥各自优势，共同推动执行前和解，达到“调解一个案件、推动解决一类问题”的效果，不仅最大限度保障业主胜诉权益，也减轻房地产公司诉累，实现双赢共赢的效果。","《中华人民共和国民法典》第509条、第577条、第585条","\N","","2026-01-27 09:50:33","2026-01-27 09:50:33","0186a28011d50b6a0f048895ae4f427c","\N","20260426"
"6477","多元解纷案例库","https://rmfyalk.court.gov.cn","民事-提供劳务者受害责任纠纷","D2025-161-1-368-579","新县人民法院","民事,提供劳务者受害责任纠纷,“三期”认定,赔偿金额认定,人民调解,先行鉴定","","2025-09-02","\N","杨某受杨某甲雇请，在杨某甲经营的某木材厂从事木料加工工作。2023年8月18日，杨某在木材厂加工木板时，因操作不慎受伤，被机器锯掉左手5根手指。杨某先后三次进行手术治疗，共住院60天，花费医疗费5万余元，但左手功能已基本丧失，因手指缺失造成终身残疾。杨某甲和某木材厂仅支付了杨某住院期间的医疗费。杨某诉至法院，要求某木材厂、杨某甲支付医疗费、住院伙食补助费、误工费、护理费、营养费、残疾赔偿金、精神损害抚慰金、交通费等费用。","法院收到起诉材料后，为高效化解纠纷，征得当事人同意后，委托人民调解员进行先行调解。 一是深入沟通，确定争议焦点。调解员收到案件材料后，立即联系双方当事人。经过多次沟通，调解员初步了解了双方当事人对纠纷成因、主要的争议焦点以及对纠纷解决的预期等，发现双方当事人对赔偿范围（主要指误工期、护理期、营养期“三期”标准）以及赔偿金额标准均存在较大争议。为推进调解工作，引导当事人先行鉴定，根据鉴定机构出具的专业鉴定报告明确伤情，进而确定赔偿金额。 二是先行鉴定，确定赔偿标准。经双方当事人同意，调解员协助开展先行鉴定工作。经鉴定机构鉴定，杨某构成七级伤残，损伤后误工期120天，护理期90天，营养期60天。双方当事人对鉴定结果均无异议，但对赔偿金额仍争议较大。杨某认为目前家庭经济拮据，自己作为家里的顶梁柱，年纪轻轻就丧失了部分劳动能力，对整个家庭而言无异于天塌地陷，希望根据伤情结果赔偿25万元。杨某甲则认为发生意外事件是双方都不愿意看到的，自己愿意配合解决问题，但是木材厂效益一般，运转也困难，希望杨某可以适当减免部分赔偿款。 三是耐心沟通，促成和解。面对情绪激动的双方当事人，调解员立即进行情绪安抚，同时采取“背对背”方式与双方当事人分别谈话沟通，充分了解各自的预期。在结合人身损害相关法律规定及杨某甲实际赔偿能力的基础上，再次对赔偿金额进行计算和细化，既考虑杨某继续用钱的需求，又把杨某甲的经济能力摆开来讲。经过多轮劝导及释法明理，最终促成双方就赔偿金额达成一致意见。","提供劳务者受害责任纠纷直接关系劳动者生命健康权保障，属于典型的民生案。该类纠纷对当事人一方的劳动能力、日常生活影响较大，如果通过审理程序解决，将耗费当事人大量的经济、时间和精力成本。对此类纠纷，适宜通过调解方式高效、低成本、不伤和气地解决。本案中，调解员发挥善做群众工作的优势，安抚当事人情绪，搭建沟通桥梁，找准争议焦点。调解过程中，鉴于双方对赔偿范围和赔偿金额争议较大，积极引导当事人先行鉴定，依据鉴定结果就“三期”认定等争议点达成共识，进而帮助双方当事人对解纷结果形成合理预期，理性确定诉求，同时发挥“以鉴促调”作用，促使双方当事人积极协商解决，最终实现纠纷高效化解，不仅减轻当事人解纷成本，也帮助劳动者尽快拿到赔偿，做到实质解纷。","《中华人民共和国民法典》第1179条、第1192条 《最高人民法院关于审理人身损害赔偿案件适用法律若干问题的解释（2022修正）》第6条、第7条、第8条、第9条、第10条、第11条、第12条","\N","","2026-01-27 09:49:35","2026-01-27 09:49:35","018e9eba9267b9d907b9deb028e708b3","\N","20260426"
"3815","人民法院案例库","https://rmfyalk.court.gov.cn","民事-商标权权属、侵权纠纷","2023-09-2-159-024","广东省高级人民法院","民事,侵害商标权,不正当竞争,本商品通用名称,正当使用","二审","2019.11.07","02","<p>　　广东某集团公司诉称：新兴县某凉果公司未经许可擅自使用其“九制陈皮”注册商标并仿冒其产品名称包装装潢。请求判令：新兴县某凉果公司停止侵犯其商标权及不正当竞争行为，赔偿经济损失及合理维权费用共计20万元等。<br/>　　新兴县某凉果公司辩称：其不构成侵权。<br/>　　法院经审理查明：一、广东某集团公司的“九制陈皮”产品系创始人杨某林于1985年研制的化果皮类凉果。广东某集团公司于2012年1月28日经核准取得第896552X号“九制”文字商标的注册，核定使用商品为第29类，包括果皮；陈皮梅等。该商标的申请日为2010年12月17日。二、2017年-2018年，广东某集团公司两次公证购买新兴县某凉果公司生产的 “鲜仙乐九制陈皮”。百度百科的“九制陈皮”词条称：九制陈皮是潮汕地区的传统名吃之一，属于凉果食品，全称广式九制陈皮，有别于苏州的苏式陈皮。九制陈皮……因工艺繁杂严谨，故称之“九制”。……制造商为广东某集团公司。三、新兴县某凉果公司于2007年9月3日申请注册“鲜仙乐”图案与文字组合商标，2010年3月7日该商标获得授权公告。被诉侵权产品正反面上半部的白色长方框中均标注 “九制陈皮”文字，呈纵向排列，字体较大，颜色为黑色，比较醒目。被诉侵权产品上还使用了“仙鲜乐”图文组合商标。<br/>　　广东省潮州市中级人民法院于2019年5月23日作出(2018)粤51民初21号民事判决：一、新兴县某凉果公司立即停止侵害广东某集团公司 “九制”注册商标专用权及不正当竞争行为，立即停止在其产品上使用“九制”文字标识；二、新兴县某凉果公司于判决生效之日起十日内赔偿广东某集团公司经济损失及维权合理费用合计6万元；三、驳回广东某集团公司的其他诉讼请求。宣判后，新兴县某凉果公司提起上诉。广东省高级人民法院于2019年11月7日作出(2019)粤民终1861号民事判决：一、撤销一审判决第三判项；二、变更一审判决第一判项为：仙鲜乐公司立即停止使用与广东某集团公司“佳宝”牌“九制陈皮”包装、装潢相近似的包装、装潢；三、变更一审判决第二判项为：仙鲜乐公司自本判决生效之日起十日内赔偿广东某集团公司经济损失及维权费用合计4万元；四、驳回广东某集团公司其他诉讼请求。</p>","<p>　　法院生效裁判认为：（一）关于“九制陈皮”是否为商品通用名称的问题。1.“九制陈皮”早在2006年已被国家标准规定为某类商品的通用名称。2.在当地政府机构、新闻媒体以及相关公众的普遍认知中，“九制陈皮”已成为某类商品的通用名称。3.广东某集团公司在大量场合将“九制陈皮”作为商品通用名称而非商标进行使用。4.虽然广东某集团公司对于“九制陈皮”的研制有突出贡献，但 “九制陈皮”并非其所始创，消费者不容易将“九制陈皮”与特定的生产商画等号。（二）关于新兴县某凉果公司是否属于正当使用的问题。1.新兴县某凉果公司是描述性使用“九制陈皮”，其不是通过“九制陈皮”来指示商品来源。新兴县某凉果公司在其商品左上方的显著位置完整标注了自己注册的“鲜仙乐”图文商标，并且特地附加了“®”的标识。商标下方还加印了非常醒目的“鲜仙乐”的文字和拼音。而诉争的“九制陈皮”位于包装袋的右上方，其上并无注册商标的标识“®”。2.被诉侵权产品上的“九制陈皮”与广东某集团公司注册的“九制”商标所使用的字体明显不同。3.“九制”作为一种制造工艺，在诸多商品上被使用，相关公众不会轻易通过“九制陈皮”识别商品来源。4.广东某集团公司在“九制”商标注册之后，仍将其另一注册商标“佳宝”与“九制陈皮”并用。综上，虽然“九制”已被广东某集团公司注册为商标，但是“九制陈皮”本身是经过复杂工艺腌制而成的陈皮类商品的通用名称。即便广东某集团公司对“九制陈皮”的研发有着突出的贡献，其亦不能垄断该词语的使用。新兴县某凉果公司在商品通用名称的含义上使用“九制陈皮”字样，并且同时规范使用自己的“鲜仙乐”注册商标，不会造成消费者对商品来源的混淆误认。新兴县某凉果公司的使用没有超出正当、合理的限度，故不宜认定其构成商标侵权。但因新兴县某凉果公司还构成不正当竞争，故其仍需承担相应的民事责任。</p>","<p>商标侵权案件中，被诉侵权人对本商品通用名称的使用未超出介绍、描述商品类别的必要限度，亦未导致权利人商标合法利益受到损害的，可以认定被诉侵权人的使用行为构成“正当使用”。</p>","<p>　　《中华人民共和国商标法》第59条<br/></p><br/>######<p>　　一审：广东省潮州市中级人民法院（2018）粤51民初21号民事判决（2019年5月23日）<br/>　　二审：广东省高级人民法院（2019）粤民终1861号民事判决（2019年11月7日）</p>","\N","\N","2026-01-21 10:27:30","2026-01-21 10:27:30","01932562c32b274c43ba5b1e88d3ff69","\N","20260426"
"5065","人民法院案例库","https://rmfyalk.court.gov.cn","民事-专利权权属、侵权纠纷","2023-13-2-160-005","最高人民法院","民事,侵害发明专利权,主题名称,保护范围,限定作用","二审","2021.04.08","02","<p>　　北京某公司是专利号为201810557067.*、名称为“货架命中方法、装置、服务器和介质”发明专利（以下简称涉案专利）的专利权人。其主张深圳市某公司擅自制造、销售、许诺销售库宝系统，并与某公司佛山分公司擅自使用库宝系统，侵害了涉案专利权，并造成其重大经济损失，据此请求广州知识产权法院（以下简称一审法院）判令：（1）深圳市某公司立即停止制造、销售、许诺销售侵害北京某公司涉案专利权的库宝系统；（2）深圳市某公司、某公司佛山分公司立即停止使用侵害北京某公司涉案专利权的库宝系统；（3）深圳市某公司、某公司佛山分公司连带赔偿北京某公司经济损失250万元；（4）深圳市某公司、某公司佛山分公司连带赔偿北京某公司为制止侵权所支付的合理开支30万元；（5）深圳市某公司、某公司佛山分公司连带支付从北京某公司涉案专利公布日至授权公告日期间的合理使用费50万元；（6）深圳市某公司、某公司佛山分公司连带承担本案诉讼费。<br/>　　深圳市某公司辩称：（1）其在上海展会许诺销售的是第四代库宝系统，而销售给某公司佛山分公司在佛山里水仓库使用的是第三代库宝系统，两代产品在结构和功能上均存在很大差异，属于不同诉讼标的，不应作为必要共同诉讼进行合并审理。（2）佛山里水仓库使用的库宝系统在涉案专利申请日前已做好制造准备，在公布日前已完成制造并销售，深圳市某公司享有先用权，不构成侵权。（3）库宝系统未落入涉案专利权的保护范围。（4）北京某公司的索赔依据不足。综上，请求驳回北京某公司的诉讼请求。<br/>　　某公司佛山分公司辩称：（1）深圳市某公司在上海展会实施的许诺销售行为与其无关，不应在本案中合并审理。（2）某公司佛山分公司使用的库宝系统是从深圳市某公司处购入，且在涉案专利公布日前已购入，故无须承担任何责任。（3）库宝系统未落入涉案专利权的保护范围。综上，请求驳回北京某公司的诉讼请求。<br/>　　法院经审理查明：北京某公司在本案主张保护其涉案专利权利要求1-16，其中权利要求1、8、15、16是独立权利要求，其余是从属权利要求。权利要求1是一种货架命中方法，权利要求8、15、16分别是实现权利要求1货架命中方法的货架命中装置、服务器和计算机可读存储介质。现场勘验显示，库宝机器人收到一批订单（41个订单、84个货号、102件商品）指令后，数台机器人开始工作，在不同货架取得不同料箱，一个料箱存有一种商品，然后行进至工作站排队，站内工作人员根据订单依次进行拣选，拣选中有在同一料箱中取出3件商品分别放入播种墙不同槽位，也有在不同料箱分别取出1件商品放入播种墙相同槽位的情形。北京某公司根据第一次勘验情况并结合深圳市某公司网页关于“IWMS将仓库作业任务下发到设备调度管理系统ESS，ESS在算法平台的支持和决策下，实现高效、智能的任务分配，统一调度管理多种物流设备，包括库宝机器人、播种墙PTL、输送线PLC、机械臂等……机器人调度系统RCS负责对多种仓储机器人进行路径规划……RCS保证库宝机器人和其他物流机器人以最优路径和最佳状态完成拣选和搬运工作。另一方面，RCS协调仓库内的所有机器设备，保证机器人的有序、高效运行”的介绍，认为料箱与货架构成相同或等同，库宝系统落入其涉案专利全部权利要求的范围。深圳市某公司和某公司佛山分公司则认为，料箱与货架不相同也不等同，且料箱一旦被选中就不能用于其他订单，故库宝系统未落入涉案专利权保护范围。2020年7月30日，为验证涉案料箱是否一旦选中就被禁用，一审法院组织各方到原址进行第二次勘验。勘验当天，深圳市某公司、某公司佛山分公司首先表示没有合适的实际订单，建议用虚拟订单勘验。对此，北京某公司不接受，一审法院亦未采纳。深圳市某公司、某公司佛山分公司之后表示因有新的订单进来，可以用实际订单进行勘验，但在准备勘验订单列表时擅自删除了两个订单。经北京某公司指出和一审法院要求后，深圳市某公司、某公司佛山分公司重新加入该两个订单。经各方确认用于勘验的实际订单共19个，其中第18号订单和第19号订单中都包括“英针衣裤套”的商品。经各方协商并由一审法院确定的勘验方法为：第1-18号订单依次逐个下发，当18号订单下发后，听从一审法院命令再下发第19号订单。勘验过程中，第1-18号订单下发顺利，在一审法院要求下发第19号订单后，深圳市某公司、某公司佛山分公司迟延22分钟未见行动。对此，深圳市某公司、某公司佛山分公司解释称是因为有两个机器人发生了故障。在一审法院一再催促下，深圳市某公司、某公司佛山分公司才答应下发第19号订单，但操控屏幕显示第19号订单直至第18号订单拣选完毕后才发出。经查，第19号订单与第18号订单命中的料箱编号相同。深圳市某公司、某公司佛山分公司解释是因为一个工作站只能占用6个机器人，第1-18号订单已占用6个机器人，故第19号订单才出现迟延下发的问题。北京某公司以订单真实性难以保证，深圳市某公司、某公司佛山分公司故意拖延下发订单改变真实的料箱命中方法为由，不同意重新勘验，并要求一审法院根据现有证据作出裁判。<br/>　　广州知识产权法院于2020年8月11日作出（2019）粤73知民初1587号民事判决：驳回北京某公司的诉讼请求。北京某公司不服提起上诉，最高人民法院于2021年4月8日作出(2020)最高法知民终1469号民事判决：驳回上诉，维持原判。</p>","<p>　　法院生效裁判认为，北京某公司在本案二审中明确主张以涉案专利权利要求1作为保护范围。主题名称作为独立权利要求的前序部分的有机组成部分，对于独立权利要求的保护范围具有限定作用，该限定作用体现如下。<br/>　　首先，如果主题名称被用于区分现有技术，则意味着该主题名称具有类似权利要求特征部分的地位或功能。根据涉案专利说明书“背景技术”部分第[0003]段至第[0005]段所记载的内容，仓储物流技术服务领域经历了从“人到货”到“货到人”的发展过程。进入“货到人”的发展阶段后，又经历了从“穿梭小车等传统分拣设备到人”演进至“机器人到人”的发展历程。针对作为现有技术之“穿梭小车到人”的拣货技术方案，涉案专利说明书认为该种拣货模式相对于“人到货”的拣货模式在效率上有所提升，但仍然存在“穿梭小车每次只能搬运一个货位，而且每个货位通常只存放一种商品，故穿梭小车只能按照订单所需商品，逐一选取离工作站最近的货位，导致每次穿梭小车搬运货位到工作站，等候于工作站的拣选人员只能相应的拣取一种商品，拣货效率仍是非常有限”的弊端。针对“机器人到人”这种“货到人”的拣货技术方案，根据涉案专利说明书记载的相关内容，“货到人”机器人系统所对应的仓库中可以做到商品分散存储，例如同一商品分布于多个货架上，机器人以货架为搬运单位，相比于之前的“穿梭小车等传统分拣设备到人”该种“货到人”的拣货技术方案，商品搬运次数得以减少，拣货效率得以进一步提高。但是，仍待解决的技术问题在于：当订单任务批量下发时，面对非常多的可选择货架，如何高效地进行货架组合，快速拣选出订单中的全部商品。按照同一文本中的相同术语应作相同解释、不同术语应作区别解释的解释规则，由上述说明书记载的背景技术内容可知，“货位”与“货架”分别被赋予不同的含义，“货位搬运”和“货架搬运”分别属于两种不同技术构思的拣货方案。涉案专利说明书将“货位”特指“通常只存放一种商品的储物装置”，而“货架”则被允许理解为可存放多个货位、多种商品的货位集合。涉案专利说明书第[0004]段关于“……在‘货到人’机器人系统中，对应的仓库中可以做到商品的分散存储，例如，同一商品分布于多个货架上，机器人以货架为搬运单位……”的内容，可以理解为由于引入“货到人”的机器人系统，从而使得仓库中的商品能够被分散存储。商品分散存储，既包括涉案专利说明书中明确写明的“同一商品分布于多个货架”的情形，也隐含包括“不同种类商品分布于同一个货架”的情形。涉案专利正是以“‘货到人’机器人系统搬运货架”的技术方案作为基础，进一步构思如何解决“当面对数量众多的可选择货架时高效组合货架，进而快速拣选出订单所需全部商品”这一技术问题。因此，涉案专利权利要求1提出的拣货方案，是对“‘货到人’机器人系统搬运货架”这一拣货方案的改进和优化，这种改进、优化方案显然有别于涉案专利说明书背景技术所描述的原先更为原始的“利用穿梭小车等传统自动化分拣设备搬运通常仅存放一种商品的货位”的拣货方案。鉴此，应认为涉案专利权利要求1主题名称中“货架”的含义不同于“货位”的含义，“‘货到人’机器人系统搬运货架”的技术方案亦明显有别于“穿梭小车等传统自动化分拣设备搬运货位”的技术方案。相应地，作为“利用‘货到人’机器人系统搬运货架”技术方案有机组成部分的“货架命中方法”，与作为“利用穿梭小车等传统自动化分拣设备搬运货位”技术方案有机组成部分的“货位命中方法”自然亦不相同。因涉案专利权利要求1的主题名称呈现出区分现有技术的特点，故该主题名称对于涉案专利权利要求1的保护范围具有限定作用。<br/>　　其次，如果同一技术术语在主题名称和技术特征中重复出现，使得彼此从语义解释角度而言难以区分，则应认为主题名称对权利要求的保护范围具有限定作用。涉案专利权利要求1除了在主题名称中出现“货架”一词外，在特征部分的多处地方亦出现“货架池”“货架”等技术术语，如“……在当前工作站的货架池中命中……所在的货架”，又比如“如果在所述当前工作站的货架池中命中的货架……，则根据……的信息，继续在除所述当前工作站的货架池之外的货架中命中……的货架。”鉴于“货架”这一技术术语在涉案专利权利要求1的主题名称和特征部分重复出现，使得彼此从语义解释角度而言难以区分，故应认为涉案专利权利要求1的主题名称对于该项权利要求的保护范围具有限定作用。<br/>　　最后，根据一审法院于2020年4月2日前往佛山里水仓库勘验查明的事实，深圳市某公司的库宝机器人收到一批订单（41个订单、84个货号、102件商品）指令后，数台机器人开始工作，在不同货架取得不同料箱，一个料箱存放有一种商品，然后行进至工作站排队，站内工作人员根据订单依次进行拣选。由此可知，深圳市某公司的库宝机器人系统根据批量接收到的订单任务拣出商品的命中过程，指的是对于仅存放一种商品之料箱的命中过程，而非对于承载料箱的货架的命中过程。前已述及，涉案专利权利要求1的主题名称对于该项权利要求的保护范围具有限定作用，该限定作用主要体现在对涉案专利权利要求1的技术方案所具体应用领域的限定，即权利要求1限定保护的是“命中货架”的方法。根据涉案专利说明书“背景技术”部分记载的内容，货位通常只存放一种商品，货架属于货位的集合。因此，“命中货架”与“命中货位”不属于同义互换。深圳市某公司库宝系统的料箱存放的是一种商品，故深圳市某公司库宝系统中的“料箱”相当于涉案专利说明书“背景技术”中描述的“货位”。深圳市某公司的拣选方法是精准命中仅盛放一种商品的料箱，故“命中料箱”相当于“命中货位”。因此，在涉案专利权利要求1的主题名称已经将该项权利要求所保护的技术方案的应用领域限定于“命中货架”的情况下，深圳市某公司被诉侵权的“命中料箱”的方法未落入涉案专利权利要求1的保护范围。</p>","<p>专利主题名称本身构成或隐含了具体技术特征，或者系权利要求所限定的技术方案与现有技术的区别所在的，其对于权利要求的保护范围具有实质限定作用。</p>","<p>　　《中华人民共和国专利法》第64条第1款（本案适用的是2009年10月1日施行的《中华人民共和国专利法》第59条第1款）<br/>　　《中华人民共和国专利法实施细则》第24条第1款（本案适用的是2010年2月1日施行的《中华人民共和国专利法实施细则》第21条第1款）<br/>　　《最高人民法院关于审理专利纠纷案件适用法律问题的若干规定》第13条<br/>　　《最高人民法院关于审理侵犯专利权纠纷案件应用法律若干问题的解释》第2条、第7条<br/>　　《最高人民法院关于审理侵犯专利权纠纷案件应用法律若干问题的解释（二）》第5条<br/></p><br/>######<p>　　一审：广州知识产权法院（2019）粤73知民初1587号民事判决（2020年8月11日）<br/>　　二审：最高人民法院（2020）最高法知民终1469号民事判决（2021年4月8日）</p>","\N","\N","2026-01-21 10:27:30","2026-01-21 10:27:30","01a81cecf1d4a3ddf4a88f12cda92b64","\N","20260426"
"4164","人民法院案例库","https://rmfyalk.court.gov.cn","民事-侵害集体经济组织成员权益纠纷","2023-11-2-044-001","山东省滨州市中级人民法院","民事,侵害集体经济组织成员权益,农村集体经济组织,成员权益,离异,土地补偿款,村规民约","二审","2021.04.26","02","<p>　　李某甲诉称，李某甲与某村村民李某乙于2000年结婚，2001年从该村分得土地。2010年李某甲与李某乙离婚，但户口未迁出，一直为该村集体经济组织成员，也未在其他地方分配土地。后因村内土地被占，自2011年至2014年，某村委会一直向原告发放土地补偿款，但2014年村委会成员换届后，新任村主任拒不为原告发放土地补偿款，经责任管区及镇政府协调，为原告发放了截至2018年度的土地补偿款。现2019年度、2020年度土地补偿款，被告某村委会一直未给原告发放，其行为严重侵犯了原告的合法权益。请求人民法院依法判令被告向原告支付2019年度、2020年度土地补偿款共计7 700元。<br/>　　某村委会辩称，李某甲系该村空挂户口，不属于该村集体经济组织成员。2000年李某甲与李某乙登记结婚并生育一女孩，2010年李某甲与李某乙离婚，夫妻婚姻关系解除，家庭户口关系改变，李某甲离婚后长期不在该村居住，大约2012年李某甲与他人再婚，并生有儿子，户口继续挂在该村。李某乙再婚并把妻子户口落于该村，一个未迁出，一个新进入的户口问题，给全体村民集体经济利益带来重大侵害，让蒙受利益损害的大部分村民提出抗议，并多次要求村委会必须公平公正，保护村民的经济财产，不应被他人占有集体经济利益。故经村委会慎重考虑，按照有关程序多次召开党员代表大会，经多次会议决定表决，李某甲在该村是悬挂户口，再婚后不及时迁出户口，不符合村集体经济组织成员身份，不再享受本村村民任何集体待遇。李某甲再婚后，已经有了新的家庭和固定住所，并离婚多年，原则上应把户口迁出，李某甲出于个人目的，长期把户口悬挂在该村，享受该村集体经济组织成员待遇，造成了很多群众矛盾。村委会主任与李某甲并无个人恩怨，他个人也无权力随意表态，按村民自治委员会章程，关于村民反映的重大事项决策，村两委按程序必须提交村民代表议事会来解决通过，2018年7月5日、2020年11月5日该村两次党员代表大会一致表决，2019年后李某甲不再享受村集体经济组织成员及任何待遇。因此，请人民法院依法驳回原告的诉讼请求。<br/>　　法院经审理查明，2000年李某甲与某村村民李某乙结婚后，户口迁入某村，并于2001年从该村分得土地，成为该村集体经济组织成员。2010年李某甲与李某乙离婚，后李某甲再婚改嫁。李某乙再婚后，李某甲的户口从李某乙家的户口本上迁出，但仍然单独落户在某村。因该村的土地包括李某甲从该村分得的土地被占用，被告某村委会每年向该村被占地的村民发放土地补偿款，2011年至2014年间向李某甲发放了相应数额的土地补偿款，但2014年年底被告某村委会换届选举后，不再向李某甲发放土地补偿款，经镇政府和管区领导协调某村委会未果，镇党委政府经研究决定从某村委会的占地补偿款中扣留应当发放给李某甲的占地补偿款，由镇政府代为发放，并已按年度发放至2018年，但2019年度、2020年度的占地补偿款未向李某甲发放。某村委会已向该村集体经济组织成员发放了2019年度土地补偿款3 850元、2020年度土地补偿款3 850元，但未向原告李某甲发放2019年度、2020年度的土地补偿款。某村委会在2018年7月5日召开的党员及村民会议上曾通过一项决议，有24名代表签字表决不同意李某甲继续在某村享受土地补偿款，2020年11月25日某村委会再次召开村两委会议，5名参会人员通过决议决定原告李某甲自2019年之后不再享受该村的土地补偿款。李某甲因未能分配到2019年度、2020年度的土地补偿款，诉至法院。<br/>　　山东省邹平市人民法院于2020年12月7日作出（2020）鲁1626民初5279号民事判决：某村委会于判决生效之日起5日内给付李某甲2019年度、2020年度土地补偿款共计7700元。宣判后，某村委会提出上诉。山东省滨州市中级人民法院于2021年4月26日作出（2021）鲁16民终1155号民事判决：驳回上诉，维持原判。</p>","<p>　　法院生效裁判认为，2000年李某甲因结婚将户口迁入某村并从某村分得土地，取得了某村集体经济组织成员资格。虽然李某甲与李某乙离婚后均各自再婚，但李某甲户口始终在某村。而李某甲自其所分土地被占用后已经连续数年分得土地补偿款，故即使李某甲离婚后因无居所并未在某村生活，也并不因此而失去集体经济组织成员资格。根据2018年修正的《农村土地承包法》第三十一条“承包期内，妇女结婚，在新居住地未取得承包地的，发包方不得收回其原承包地；妇女离婚或者丧偶，仍在原居住地生活或者不在原居住地生活但在新居住地未取得承包地的，发包方不得收回其原承包地”及《妇女权益保障法》（2018年修正）第三十三条第一款“任何组织和个人不得以妇女未婚、结婚、离婚、丧偶等为由，侵害妇女在农村集体经济组织中的各项权益”之规定，虽然村民会议决议是某村村民自治的表现，但其决议亦不可违反法律规定否认李某甲的集体组织成员资格。一审法院认定李某甲有权分得土地补偿款正确。综上所述，某村委会的上诉请求不能成立，应予驳回；一审判决认定事实清楚，适用法律正确，应予维持。</p>","<p>农村集体经济组织不得以任何形式，例如以村民会议或者村民代表会议的形式限制或剥夺成员的合法权益，人为造成成员权的不平等。虽然村民会议决议是村民自治的表现，但是村民会议决议无权剥夺农村集体经济组织成员的资格，也无权剥夺村民应当享有的农村集体经济组织成员权益，村民会议或者村民代表会议讨论决定的事项不得与宪法、法律、法规和国家政策相抵触，不得有侵犯村民人身权利、民主权利和合法财产权利的内容。否则，即使经过民主程序议定、以村民会议的形式作出决议，亦因违反基本国策和法律规定而应为无效决议。</p>","<p>　　《中华人民共和国农村土地承包法》第31条<br/>　　《中华人民共和国妇女权益保障法》第55条第1款、第56条第1款、第72条、第75条<br/>　　《最高人民法院关于审理涉及农村土地承包纠纷案件适用法律问题的解释》第21条、第22条</p><br/>######<p>　　一审：山东省邹平市人民法院（2020）鲁1626民初第5279号民事判决（2020年10月28日）<br/>　　二审：山东省滨州市中级人民法院（2021）鲁16民终1155号民事判决（2021年4月26日）</p>","\N","\N","2026-01-21 10:27:30","2026-01-21 10:27:30","01ad34431234c6c4d33a833e75751445","\N","20260426"
"5127","人民法院案例库","https://rmfyalk.court.gov.cn","民事-海上、通海水域保险合同纠纷","2023-10-2-230-002","上海市高级人民法院","民事,海上保险合同,船舶适航,安全管理体系,ISM规则","二审","2022.06.10","02","<p>　　原告某有限公司诉称：2017年2月11日“某S”轮于当地时间0600时（北京时间为0500时）左右在日本诹访之濑岛西南岸搁浅。作为“某S”轮的船舶所有人向某财产保险股份有限公司投保船舶定期保险，“某S”轮途中突遇机损和恶劣天气，导致该轮在日本鹿儿岛附近海域搁浅。在船舶遇险和施救的过程中，始终将相关情况及时通报给两被告，但两被告回避参与施救，并拒绝负担施救费用和赔偿船舶损失。请求判令：一、两被告连带支付某财产保险股份有限公司及其航运保险运营中心某有限公司船舶全损赔偿金人民币30648960元及其利息；二、两被告连带赔偿船舶施救费3559866.49美元及其利息；三、两被告赔付上海海事法院（2018）沪72民初3821号案（以下简称3821号案）的案件受理费人民币166395元、司法评估费人民币75000元；四、本案案件受理费由两被告承担。<br/>　　被告某财产保险股份有限公司及其航运保险运营中心共同辩称：涉案船舶搁浅毁损并非保险条款列明的承保风险所致。涉案航程中并无不能预见、不能避免的恶劣天气。涉案船舶搁浅全损不属于机损所致损失，某财产保险股份有限公司及其航运保险运营中心某有限公司自行管理船舶，但没有船舶管理的资质，涉案船舶没有必备的安全管理体系文件，某财产保险股份有限公司及其航运保险运营中心某有限公司明知涉案船舶在开航前不适航，且在涉案船舶失去动力情况下不及时有效地采取防止或减少损失的措施，因此船舶搁浅受损并非意外而是必然会发生的结果，或者是扩大的损失，保险人无需承担赔偿责任。<br/>　　法院经审理查明：2017年2月1日1000时左右（当地时间），“某S”轮空载状态自中国台湾地区高雄港出发驶往韩国昂山（Onsan）港，随船携带一组4个活塞环备件。开航后约31个小时即2月2日1700时开始，至2月6日0850期间，主机扫气箱至少7次起火，此后主机彻底无法启动、船舶失去动力开始漂航。船长于2月5日询问某财产保险股份有限公司及其航运保险运营中心某有限公司的指示，某财产保险股份有限公司及其航运保险运营中心某有限公司要求继续航程。“某S”轮在2月6日0831时向某财产保险股份有限公司及其航运保险运营中心某有限公司报告“主机无法启动”，同日1146时向某财产保险股份有限公司及其航运保险运营中心某有限公司报告主机的6组气缸中仅有1组气缸的活塞环状况良好。某财产保险股份有限公司及其航运保险运营中心某有限公司在2月8日下午联系韩国拖轮，当日2151时得知5000马力的拖轮因4米高的涌浪被迫返港，预计2月11日上午天气好转才能出航。2月9日2342时，“某S”轮向某财产保险股份有限公司及其航运保险运营中心某有限公司报告“某S”轮正在向日本岛屿漂航，要求迅速派遣拖轮，并告知如果拖轮有延迟，船舶可能搁浅。2月10日某财产保险股份有限公司及其航运保险运营中心某有限公司联系了日本的5000马力拖轮，同日1802时得知该拖轮预计到2月13日出发对“某S”轮执行拖航。最终，漂航约5天的“某S”轮于当地时间2月11日0600时（北京时间为0500时）左右在日本诹访之濑岛西南岸搁浅。0635时，日本海上保安厅收到“某S”轮发出的求救信号。1754时，某财产保险股份有限公司及其航运保险运营中心某有限公司向某保险运营中心报告出险。<br/>　　2017年2月11日，某财产保险股份有限公司及其航运保险运营中心某有限公司与日本某救助签订服务性质为“清除燃油”的《国际残骸移除及海事服务契约（按日计酬）2010》【WRECKHIRE 2010 INTERNATIONAL WRECK REMOVAL AND MARINE SERVICES AGREEMENT（DAILY HIRE）】。“某S”轮船东互保协会/保险人Lodester Marine与日本某救助就清污费用达成和解协议，Lodester Marine于2017年8月28日向某财产保险股份有限公司及其航运保险运营中心某有限公司支付了清污费190万美元。<br/>　　2017年2月13日，某财产保险股份有限公司及其航运保险运营中心某有限公司与日本某救助签订服务性质为“起浮作业（Refloating Operation）”的《国际残骸移除及海事服务契约（按日计酬）2010》，3821号案生效判决认定“‘某S’轮脱浅作业协议于2017年3月15日终止，后续作业应可以理解为残骸清除作业”，并判令某财产保险股份有限公司及其航运保险运营中心某有限公司向日本某救助支付救助报酬3559866.49美元及该款自2018年7月23日起按照中国银行同期美元活期存款利率计算至实际支付之日止产生的利息。<br/>　　2018年1月5日，“某S”轮注销登记。2018年2月5日，某财产保险股份有限公司及其航运保险运营中心某有限公司与日本某救助签订作业性质为“残骸清除和处理作业”的《国际残骸移除及海事服务契约（固定价格）2010》，约定固定费用180万美元。2018年8月4日，新钢商事有限会社交接了“某S”轮的船舶残骸（包括残油）。<br/>　　涉案远洋船舶保险单签发于2016年7月17日，以某财产保险股份有限公司为抬头，盖有某保险运营中心的承保专用章。该保险单对被保险人的记载有笔误，各方共同确认被保险人应为船舶管理人某船舶管理顾问公司和船舶所有人即某财产保险股份有限公司及其航运保险运营中心某有限公司。保险单载明“某S”轮船舶保险金额为480万美元，保险条件为“协会定期船舶保险条款全损险（1/10/83），附加共同海损、救助、施救和碰撞、触碰责任”等；保险期限自2016年7月18日0时起至2017年7月17日24时止；免赔额约定为全损或推定全损绝对免赔率10%，共同海损、救助、施救责任，每次事故绝对免赔额2万美元或损失金额的10%，两者以高者为准；在“特别约定”中载明“在本保单中，若中文措词与英文措词存在歧义，以中文为准。”“协会定期船舶保险条款（1/10/83），全损、共同海损及四分之三碰撞责任（包括救助、救助费和施救费）【INSTITUTE TIME CLAUSES-HULLS,TOTAL LOSS,GENERAL AVERAGE AND 3/4THS COLLISION LIABILITY(Including Salvage ,Salvage Charges And Sue And Labour)】”的英文版中，在标题下方载明“This insurance is subject to English law and practice（本保险适用英国法律和惯例）”。<br/>　　上海海事法院于2021年3月9日作出（2019）沪72民初463号民事判决：驳回某有限公司的诉讼请求。宣判后，某有限公司不服，提起上诉。上海市高级人民法院于2022年6月10日作出（2021）沪民终359号民事判决：驳回上诉，维持原判。</p>","<p>　　法院生效裁判认为，因某财产保险股份有限公司及其航运保险运营中心某有限公司注册于英属维尔京群岛，涉案船舶“某S”轮为巴拿马籍，且最终于日本海域发生搁浅全损事故，故依照《最高人民法院关于适用〈中华人民共和国民法典〉时间效力的若干规定》第一条第二款以及2012年《最高人民法院关于适用〈中华人民共和国涉外民事关系法律适用法〉若干问题的解释(一)》（以下简称涉外民事关系法律适用法司法解释）第一条第（一）项和第（四）项之规定，本案具有涉外因素。<br/>　　一、关于法律适用<br/>　　涉案协会定期船舶保险条款标题下方载明“This insurance is subject to English law and practice”（本保险适用英国法律和惯例），说明对保险条款的解释应遵循英国法律和惯例。本案中并无其他证据证明双方就保险合同项下纠纷适用的准据法达成过一致，故应当适用与合同有最密切联系的国家的法律。鉴于涉案保险人为中国公司且涉案保险合同在中国签订，因此中国法是与涉案保险合同有最密切联系的国家的法律，本案的准据法应当为中华人民共和国法律。<br/>　　二、关于事故原因<br/>　　造成“某S”轮全损的直接原因是搁浅。涉案保险条款中并无“搁浅”这项列明风险，因此需要具体分析“搁浅”是否构成保险条款第6条第1款列明风险中的“海上危险”。根据英国《1906年海上保险法》附件1《保险单解释规则》第7条对“海上危险”的界定，该术语仅涉及海上意外事故或灾难，不包括风浪的通常作用。因此，并非所有的搁浅事故都当然地属于“海上危险”，需要看具体的搁浅事故是否达到与“意外事故或灾难”相同性质的意外性和灾难性。<br/>　　根据查明的事实，主机活塞环的过度磨损导致活塞和气缸套的不气密，从而引起主机着火和因此无法启动。而导致活塞环过度磨损和扫气箱着火的可能原因有很多，比如活塞顶、气缸套等问题，也不排除使用了低品质的燃油和活塞环的问题，但上述原因均不构成经谨慎处理无法发现的“潜在缺陷”，没有证据证明系由保险条款第6.2.2条中“机器、船体的任何潜在缺陷”引起。“某S”轮在涉案航次前刚刚经过主机维修和试航，据此可以合理推定修船人和船员存在疏忽，未经谨慎处理发现和纠正主机存在的问题或未正确保养和维护主机，可能涉及第6.2.3条中的“船长、高级船员、船员的疏忽”和第6.2.4条中的“被保险人以外的修船人的疏忽”这两类列明风险，这是保险条款第6条第2款列明的保险人承保的第二类风险，保险人对此类风险的承保存在“但书”的例外规定，即以保险标的的全损损失非起因于被保险人、船东或管理人缺乏谨慎处理为条件。<br/>　　在案证据表明，“某S”轮与某财产保险股份有限公司及其航运保险运营中心某有限公司之间的实时通讯畅通。2月4日“某S”轮报告活塞环备件严重不足，需要24个活塞环的紧急备件，2月5日“某S”轮报告6组气缸中有3组气缸的活塞环损坏，说明船上备件严重不足，如果其他气缸的活塞环继续出现问题，主机随时可能无法再启动。某财产保险股份有限公司及其航运保险运营中心某有限公司在有条件纠正船舶不适航状态的情况下不采取合理措施，未安排解决紧急备件，也未根据当时的船位，趁船舶主机尚可以启动时就近挂靠附近港口进行维修，未给予船舶足够的岸基支持。当船长两次询问某财产保险股份有限公司及其航运保险运营中心某有限公司是否继续航程时，某财产保险股份有限公司及其航运保险运营中心某有限公司指示“某S”轮冒险继续航程，缺乏合理和必要的谨慎。船长在2月6日上午已向某财产保险股份有限公司及其航运保险运营中心某有限公司报告主机无法启动，某财产保险股份有限公司及其航运保险运营中心某有限公司在当日也获悉“某S”轮的6组气缸中仅有1组气缸的活塞环状况良好且无足够配件更换，因此已明知不可能靠船员的修理使主机恢复正常。船舶处于完全失去动力的漂航状态，面临碰撞和搁浅的现实危险。证据表明，“某S”轮在2月6日晚间已经与渔船发生碰撞。此时，某财产保险股份有限公司及其航运保险运营中心某有限公司还应当注意到未来几天海况将会恶化的天气预报，应当尽早安排拖轮对船舶进行施救。但是某财产保险股份有限公司及其航运保险运营中心某有限公司直到2月8日下午才开始联系韩国拖轮。并且，当天被告知拖轮遇到高涌浪被迫返回，预计到2月11日上午才能出发拖航后，未立刻寻求更大马力的拖轮施救。2月9日午夜船长明确告知如果拖轮有延迟，“某S”轮有搁浅危险，2月10日上午，某财产保险股份有限公司及其航运保险运营中心某有限公司已获报船舶距离附近的岛屿仅有60至70海里的距离，当天被告知另行联系的同样马力的日本拖轮预计到2月13日才能出发时，再无其他应急举措，也不指令船舶发布求救信号，放任“某S”轮身处险境。综上所述，在“某S”轮主机故障演变为搁浅全损的过程中，某财产保险股份有限公司及其航运保险运营中心某有限公司缺乏谨慎处理。即使“某S”轮主机故障可能系由第二类风险所引起，但由于全损损失是被保险人缺乏谨慎处理所致，因此属于保险人在此类列明风险下不承担赔偿责任的例外情形。<br/>　　“某S”轮在2月9日开始遇到的海况为6级风和5-6级的浪，好于开航次日的海况，不属于灾害性的异常海况，其对“某S”轮的影响是“风浪的通常作用”，对于动力正常时的“某S”轮难以构成威胁，不构成协会定期船舶保险条款第6条第1款列明的第一类风险中的“海上危险”。<br/>　　综上，“某S”轮搁浅全损的事故系由多种原因共同作用所造成的结果，但该多种原因或不属于保险人承保的列明风险，或属于列明不予赔偿的情形，因此保险人无需赔偿。<br/>　　三、关于船舶不适航<br/>　　“某S”轮于2016年7月在港口国监督检查（PSC，即PORT STATE CONTROL）中被滞留，被发现设备老旧，建议对船况进行全面检查，在开航前因主机点火故障进厂维修，厂修结束后未经过船级社的检验认证，因此，“某S”轮事发时虽持有全套有效的船舶证书，但并不足以证明其船体、轮机和装备等适航。“某S”轮的主机在开航次日就接连发生多次扫气箱着火事故，最终失去动力不能完成既定航程，这一事实本身足以证明“某S”轮在开航当时主机状态并不适航。“某S”轮在2月4日就报告需要24个活塞环备件，说明开航时携带4个备用活塞环可能符合最低的要求，但是针对老龄船和主机曾经发生故障的“某S”轮而言远远不够。因此，“某S”轮在开航时船况不佳且备件不足，技术状态上不适航。<br/>　　“某S”轮在2016年4月和7月的PSC检查中连续两次被滞留，先后被列为标准风险与高风险船舶，主机故障后缺乏有效应急措施，深层次原因是船舶未有效建立或落实安全管理体系，安全管理方面不适航。国际海事组织制定的《国际船舶安全营运和防止污染管理规则》（ISM规则）是《1974年国际海上人命安全公约》（SOLAS公约）的组成部分，是适用于国际航行船舶的强制性国际标准。虽然“某S”轮持有安全管理证书（SMC证书），船舶管理人明进公司某船舶管理顾问公司持有符合证书（DOC证书），但这只是“某S”轮的安全管理体系符合ISM规则的初步证据。从涉案船岸沟通情况看，“某S”轮由没有船舶管理资质的某财产保险股份有限公司及其航运保险运营中心某有限公司船东直接运营管理，船舶备件、船舶修理、船舶货运安全等都在某财产保险股份有限公司及其航运保险运营中心某有限公司的控制之下，作为船舶管理人的明进公司某船舶管理顾问公司从未出面，船舶安全管理体系和实际的管理情况脱节，导致船舶在发生主机故障时，某财产保险股份有限公司及其航运保险运营中心某有限公司无力按照ISM规则的要求，向船舶提供足够的资源和岸基支持，不能在任何时候对船舶所面临的危险、事故和紧急情况做出正确的反应，使机损事故一步步演变为搁浅全损事故。<br/>　　综上，“某S”轮在涉案航次开航时在技术方面和安全管理体系方面均不适航，且船舶不适航是导致其搁浅的原因。某财产保险股份有限公司及其航运保险运营中心某有限公司作为船舶所有人，对“某S”轮直接运营管理，对以上适航性方面存在的问题显然是明知的，依据《中华人民共和国海商法》第二百四十四条的规定，保险人不负赔偿责任。</p>","<p>《国际船舶安全营运及防止污染管理规则》（ISM规则）是适用于国际航行船舶的强制性国际标准。被保险船舶在船舶安全管理体系实施方面违反ISM规则，严重影响船舶航行安全，可构成船舶不适航。若此种不适航与船舶搁浅全损具有直接的因果关系，保险人依法不负赔偿责任。</p>","<p>　　《中华人民共和国海商法》第244条第1款第1项<br/>　　</p><br/>######<p>　　一审：上海海事法院（2019）沪72民初463号民事判决（2021年3月9日）<br/>　　二审：上海市高级人民法院（2021）沪民终359号民事判决（2022年6月10日）</p>","\N","\N","2026-01-21 10:27:30","2026-01-21 10:27:30","01ce7c1ac30ec940b19e62f1a4614ce8","\N","20260426"
"3298","人民法院案例库","https://rmfyalk.court.gov.cn","民事-专利权权属、侵权纠纷","2023-09-2-160-007","广东省高级人民法院","民事,侵害外观设计专利权,在先申请,现有设计抗辩,比对文件","二审","2012.11.26","02","<p>　　李某诉称：李某于2009年7月3日申请了名称为“脚架”的外观设计专利（简称涉案专利），并于2010年5月12日获国家知识产权局授权，专利号为ZL20093008169X.1至今有效。被告黄某在未经专利权人的许可的情况下，以营利为目的，擅自大量制作及发布被控侵权产品的宣传资料和广告，擅自大量生产、销售被控侵权产品，其生产的被控侵权产品与涉案专利产品极为近似，已严重侵犯了原告拥有专利的合法权益。为此李某于2011年9月19日向法院提起诉讼，请求：1.责令被告立即停止生产、销售侵犯涉案专利的侵权产品，销毁库存的侵权产品，并销毁生产、制造侵权产品的专用模具和相关的宣传资料；2.责令被告赔偿原告因专利被侵权而造成的经济损失人民币5万元；3.由被告承担本案的全部诉讼费；4.由被告承担本案的购买侵权产品费用和公证处收取的公证费等合理费用868.00元。<br/>　　黄某辩称：一、原告取证所指向的侵权人是江门市新会区m某五金加工厂，与被告经营的江门市新会区大泽某五金制品加工场不是同一主体。二、即使认定被告侵权人，但由于被诉侵权设计是现有设计，其与被告所提供的三份专利公告没有实质上的差异，根据专利法第六十二条的规定，被诉侵权设计属于现有设计是不构成侵犯专利权，因此被告不侵害原告专利权。<br/>　　法院经审理查明：2009年7月3日，李某向中华人民共和国国家知识产权局申请一款名称为“脚架”外观设计专利。2010年5月12日，中华人民共和国国家知识产权局授予其专利权并于同日授权公告，专利号为ZL20093008169X.1。该专利获准授权后，李某按规定缴纳年费，该专利现处于授权有效状态。<br/>　　2011年9月1日，在广东省江门市某公证处公证员见证下，李某的委托代理人某加工场，提取一批预订好的样板货（脚架），并缴款交纳了购买产品的款项，后索取到《送货单》和宣传资料六份，某公证处对所购买的产品进行封存，对上述《送货单》一份及宣传资料一份进行公证，拍摄的照片十张。李某为购买上述产品花费138元，为上述公证保全花费500元公证费，为上述公证保全办理了公证委托，花费230元公证费。<br/>　　一审庭审当中，李某指控上述产品为侵权产品。李某主张其专利的设计要点是：本专利是由两组类似“八字”的支脚枢接而成，每组支脚下部都固定有连杆，其中一组支脚的上部连接有U型手柄，手柄上端都连接安装块。李某经比对，认为被诉侵权产品与其专利完全一致。黄某则认为被诉侵权产品外观设计是三个支架组成，其中H型支架与短的H型支架是可以旋转活动，另一个U型支架与短的H型支架是可以旋转式连接，在打开的状态下两个H型支架是交叉状；并认为被诉侵权产品与李某专利外形相似。<br/>　　广东省江门市中级人民法院于2012年3月16日作出（2011）江中法知初字第64号一审民事判决，判决：一、黄某在判决发生法律效力之日起立即停止生产、销售侵害李某的专利号为ZL20093008169X.1、专利名称为“脚架”的外观设计专利权的产品的行为，并销毁库存的侵权产品、与侵权产品相关的宣传资料；二、黄某在判决发生法律效力之日起十日内赔偿李某经济损失及制止侵权所支付的合理费用共30000元；三、驳回李某的其他诉讼请求。宣判后，黄某提出上诉。广东省高级人民法院于2012年11月26日作出（2012）粤高法民三终字第298号二审民事判决，撤销一审判决、驳回李某的全部诉讼请求。</p>","<p>　　法院生效裁判认为：上诉人黄某提出其使用的是在先设计，未侵害涉案外观设计专利权，并提供了三份对比文件，证明其行为不构成侵权。经查明：黄某提交的作为现有设计抗辩的三份对比文件分别是：1、对比文件一：折叠桌椅，ZL0030089X.4，申请日为2000年2月2日，公开日为2000年8月2日；2、对比文件二：麻将桌，ZL0030011X.2，申请日为2000年1月17日，公开日为2000年11月22日；3、对比文件三：网板折叠圆桌，ZL20083018785X.6，申请日为2008年12月5日，公开日为2010年1月27日。以上三份对比文件中的外观设计专利均处于有效状态。关于上诉人不侵权抗辩是否成立的问题。首先，上诉人黄某提交的对比文件一和二，其外观设计专利公开日在涉案专利申请日之前，因此，可以作为本案现有设计抗辩的证据。将被诉侵权产品与对比文件一相比较，对比文件一的脚架在整体上使用的是方形钢管，与被诉侵权产品的圆形钢管不同；将本案被诉侵权产品与对比文件二相比，对比文件二因缺少立体图、使用状态和折叠状态参考图，不能看清其结构，因此不能确定其与被诉侵权产品外观设计是否相同或相近似。上诉人黄某以上述证据作现有设计抗辩不侵权，本院不予支持。其次，上诉人黄某提交的对比文件三为网板折叠圆桌，该外观设计专利的申请日在涉案专利申请日之前，上诉人可以援引该证据比照现有设计抗辩制度进行不侵权抗辩。将被诉侵权产品与对比文件三相比对，被诉侵权产品为脚架，对比文件三为网板折叠圆桌，被诉侵权产品为产品零部件，在此情况下，应当将对比文件中与被诉侵权产品相对应的零部件部分作为判断对象，其余部分不予考虑。将对比文件三与被诉侵权产品相对应的零部件部分作为判断对象，与被诉侵权产品相比较，两者均为整体上以圆形钢管组成的脚架，均由一长一短两组H形支架连接而成，打开状态下呈近似X形，较短的H形支架上以旋转式连接一U形支架，两者不存在实质差异，属于同样的外观设计。本案中，被诉侵权产品使用了申请在先的设计方案，并未侵害李某的专利权，应当认定其不侵权抗辩成立，无需承担侵权责任。<br/>　　综上，依照《中华人民共和国专利法》第六十二条、参照《最高人民法院关于审理侵犯专利权纠纷案件应用法律若干问题的解释》第十四条第二款、依照《中华人民共和国民事诉讼法》第一百五十三条第一款第（二）、（三）项之规定，判决：一、撤销广东省江门市中级人民法院（2011）江中法知初字第64号民事判决；二、驳回李某的全部诉讼请求。</p>","<p>本案是以在先申请比照现有设计抗辩制度作不侵权抗辩并予以认定的专利侵权案件。被诉侵权人以实施抵触申请中的技术方案主张其不构成专利侵权的，可以参照现有技术抗辩的审查判断标准予以评判。</p>","<p>　　《中华人民共和国专利法》第26条<br/>　　《最高人民法院关于审理侵犯专利权纠纷案件应用法律若干问题的解释》第14条第2款</p><br/>######<p>　　一审：广东省江门市中级人民法院（2011）江中法知初字第64号民事判决（2012年3月16日）<br/>　　二审：广东省高级人民法院（2012）粤高法民三终字第298号民事判决（2012年11月26日）</p>","\N","\N","2026-01-21 10:27:30","2026-01-21 10:27:30","0206b95bad56c911f913f76cecf65aa1","\N","20260426"
"1733","人民法院案例库","https://rmfyalk.court.gov.cn","民事-中介合同纠纷","2023-10-2-123-003","最高人民法院","民事,中介合同,责任承担,免责条款","二审","2021.09.18","02","<p>　　某公司诉称：2013年7月，其与山西某公司在广州市签订了《投资咨询公司的成功费用协议》（以下简称《成功费用协议》），协议确认某公司己向山西某公司介绍了澳大利亚某公司的收购机会，并致力于协助山西某公司以获得最理想的收购结果。协议约定山西某公司同意在收购项目完成后，收购价格控制在0.25澳元之内的，低于收购价格0.25澳元节约部分的50％作为奖励给予某公司。2013年11月15日，澳大利亚证交所发布公告，公告山西某公司以每股0.22澳元的价格成功地完成对澳大利亚某公司的收购。2013年11月22日，山西某公司在布里斯班河畔中心普某会计师事务所（P*C）总部举行了收购成功的交接仪式。由于某公司提供尽职尽责的中介服务，山西某公司成功收购澳大利亚某公司后，按协议的约定向某公司支付了总交易额5％的现金报酬。基于某公司出色的工作，山西某公司此次收购价格每股节约了0.03澳元，按照《成功费用协议》的约定，山西某公司应给付某公司奖励款项11005566.69澳元。某公司催要此款，山西某公司原董事长张某某也多次承诺此款会支付，但截止到现在仍未支付该笔款项，山西某公司的行为已经违反了双方约定，侵害了某公司应享有的合法权益。故请求判令：1.山西某公司支付某公司奖励款项人民币61961340.46元（按2013年11月26日中国人民银行澳元对人民币汇率5.63计算，11005566.69澳元折算成人民币61961340.46元；以下币种未特别注明均为人民币）；2.山西某公司支付某公司逾期支付奖励款项的违约金1858840.2l元（以61961340.46元为本金，以中国人民银行同期贷款利息为准，暂计6个月，实际从2014年5月16日起至判决生效之日止）；3.本案诉讼费用、财产保全费用由山西某公司承担。<br/>　　山西某公司辩称：（一）案涉《成功费用协议》所约定的股权收购工作虽已完成，但因某公司的故意及重大过错，山西某公司实际遭受了巨大经济损失，收购并未成功。因此某公司要求给付成功费用的诉求应依法驳回。某公司未尽尽职调查的义务，且故意隐瞒资源储量变化的重大事项，从而导致山西某公司做出价值不符的决策。《成功费用协议》中某公司职责包括“索取和分析所有必要的信息”以及“利用某公司和P*C在澳州政府、矿业界和金融界的关系，收集资料，为其提供最好、最新的建议”。该协议服务内容条款亦约定：“某公司为山西某公司争取最好的结果，确定尽职调查方案，协助做出最佳决定，达到获取最佳投资效果”，但某公司并未履行上述尽职调查并及时提供最新资料的义务，反而故意隐瞒资源储量变化的重大事项，从而导致山西某公司做出价值不符的决策。某公司2013年7月7日提供的《关于收购澳大利亚某公司51%股权的立项请示》（以下简称《立项请示》）及视频资料中显示澳大利亚某公司矿山的铜金属资源量为350万吨。2013年8月下旬至2013年11月期间，山西某公司报各级发改委、商务部门的审批资料中，仍以铜金属资源量350万吨作为收购股权项目的关键基础数据。但澳大利亚某公司早在2013年8月12日已在澳大利亚证券交易市场网站公开披露了新的《资源储量报告》，其最主要的矿床奥特山/天鹅山的总资源量由原先公告的250万吨铜和470万盎司黄金，减少到162.95万吨铜和309.7万盎司黄金。9月27日，针对山西某公司的收购要约，澳大利亚某公司再次披露《资源储量报告》，澳大利亚某公司矿山铜的总资源储量由350万吨调减为196,2110吨，仅为350万吨的56.06%；黄金总资源量由2012年底620万盎司减少到382.2万盎司（61.65%）。需要说明的是，8月12日矿产储量报告特指埃利奥特山/天鹅两个矿的资源量减少, 资源量调减的关键原因为边界品位由0.3调整为0.5，这是澳大利亚某公司自己聘请的独立专业的地质和矿业技术公司科学评估的结果，具有高度的市场可信度。9月27日公告的资源量报告，其本意是澳大利亚某公司要准确地把公司整个的资源状况（系其作为一个矿业公司的价值依据）报告给公司的全体股东。这次澳大利亚某公司报告了全部的资源量，包括埃利奥特山、天鹅、奥斯本和斯坦四个矿山的铜和黄金资源量。多山矿床的资源未出现在9月27日的储量报告中，原因只能是澳大利亚某公司自己认为多山矿已不具备资源价值，因此9月27日矿产储量报告不再将多山矿列入。对上述澳大利亚某公司公开披露的市场信息，某公司作为专业的顾问公司，依照《成功费用协议》和《投资咨询公司工作费用协议》（以下简称《工作费用协议》）所约定，本应尽职收集并及时告知山西某公司。因上述公开信息公布于场外要约签订前，且上述公开信息的内容是被收购企业资源储量大幅调减，该信息对资源项目收购的决策至关重要，某公司故意隐瞒如此重要信息，作为专业顾问公司是不可容忍的重大过错。<br/>　　（二）某公司虚报澳大利亚某公司股价，并隐瞒澳大利亚某公司对股价的市场披露信息，牟取不当利益。某公司2013年7月7日提供的《立项请示》对澳大利亚某公司股价的描述为：“澳大利亚某公司当前股价远低于独立券商估值。建议以0.36澳元价格收购，将大大低于平均交易价”。这也就是案涉《成功费用协议》中0.25澳元衡量成功标准的来源和要约收购出价的来源。但澳大利亚某公司9月27日针对山西某公司的收购要约再次披露的信息中明示：“目标声明：山西某公司这个报价比最近爱诺华的交易要高，0.22澳元的出价意味着溢价，2013年8月20日的股票盘价为0.17澳元。溢价29%。在2013年8月20日的之前的一个月内的加权平均股价为0.1796澳元，溢价23%。”某公司将澳大利亚某公司市场交易股价虚报2.12倍，诱使山西某公司将已溢价后的股权收购价作为成功的标准，并依此给付某公司奖励费用。某公司以虚报股价、隐瞒澳大利亚某公司股价公开披露市场信息为手段、以给山西某公司造成损失为前提，从而达到牟取不当得利之目的。《中华人民共和国合同法》（以下简称《合同法》）第四百零六条规定，有偿的委托合同，因受托人的过错给委托人造成损失的，委托人可以要求赔偿损失。该法第四百二十五条规定，居间人应当就有关订立合同的事项向委托人如实报告。居间人故意隐瞒与订立合同有关的重要事实或者提供虚假情况，损害委托人利益的，不得要求支付报酬并应当承担损害赔偿责任。据此某公司无权要求山西某公司支付报酬并应承担损害赔偿责任。<br/>　　（三）案涉协议中某公司免责条款的约定应依法确认无效。案涉《成功费用协议》《工作费用协议》，均有某公司对工作、服务质量不做保证，不承担责任的免责条款的约定。但案涉股权收购事宜给山西某公司造成巨大经济损失的原因为，山西某公司虚报股价，故意隐瞒资源量变化等与订立合同有关的重要事实，并造成损害委托人利益的严重后果。依《合同法》第五十三条有关“合同中的下列免责条款无效……（二）因故意或者重大过失造成对方财产损失的”的规定，案涉《成功费用协议》《工作费用协议》中的免责条款无效。<br/>　　一审法院查明事实如下：山西某公司与某公司于2013年7月签订《工作费用协议》和《成功费用协议》。《成功费用协议》约定的内容包括某公司的职责、现金方式的成功费及奖励、无责条款等。其后，某公司协助指定会计师事务所和律师事务所进行了相关工作，2013年11月15日，澳大利亚证券交易所发布山西某公司收购完成公告。山西某公司于2013年12月13日支付了总交易额5%的成功费用8070748.91澳元。山西某公司收购澳大利亚某公司后，委托某研究公司对矿产资源储量进行勘测，并发现澳大利亚某公司在收购完成之前即在澳大利亚证券交易所发布了两份关于储量调减的公告，得知收购矿山储量有重大变化，而某公司并未告知。山西某公司不再支付剩余费用，某公司提起本案诉讼。<br/>　　关于案涉合同的性质，某公司请求山西某公司依《成功费用协议》的合同约定继续履行剩余付款义务，山西某公司辩称某公司并未依约履行其自身义务，且其未如实报告储量的重大变化，损害委托人利益，因其过错给委托人造成损失，根据《合同法》第四百二十五条及第四百零六条规定，不得要求支付报酬并应当承担损害赔偿责任。法院认为，双方订立的《成功费用协议》是某公司向山西某公司介绍订立合同机会的居间合同，也是山西某公司委托某公司办理收购事宜的委托合同。<br/>　　山西省高级人民法院于2018年7月2日作出（2015）晋民初字第5号民事判决：驳回某公司的诉讼请求。某公司以其已经充分履行了全部合同义务,并且山西某公司已经成功完成收购为由提出上诉。<br/>　　最高人民法院二审另查明事实如下：案涉《成功费用协议》首部约定，某公司向山西某公司介绍了澳大利亚某公司铜金、钼、铼矿项目的收购机会，并根据约定已为山西某公司开始工作；某公司致力于协助山西某公司以获得最理想的收购结果，某公司将尽职尽力为山西某公司在此收购交易中提供专业的、全方位服务。该协议“某公司的职责”部分约定，某公司将专业地、认真地参与和管理整个收购过程，某公司将严格管理协调所有其他顾问公司所提供的服务；某公司……是山西某公司在此项收购交易中最佳的项目经理；某公司的职责包括以下10项：1.管理协调整个收购过程……3.协调控制和管理所有顾问公司，以确保顾问公司能按时、保质地完成所有布置的工作；4.审查由其他顾问公司所提供的工作，协助山西某公司作出最佳的决定……6.索取和分析所有必要的信息……8.……向山西某公司提供战略性建议，以期达到山西某公司获取最理想的目的；提供所需资讯，确保山西某公司对收购进程中方方面面工作的满意；9.……利用某公司和P*C在澳洲政府、矿业界和金融界的关系，收集资料为山西某公司提供最好、最新的建议……协议“现金方式的成功费及奖励”部分约定，在山西某公司成功完成该收购后，某公司将得到交易总额5%的现金报酬；收购价格应控制在0.25澳元以内，低于收购价格0.25澳元的节约部分按50%提取奖励。协议“无责条款”部分约定，某公司将对为山西某公司提供的建议或工作不承担责任……<br/>　　2013年8月12日，澳大利亚某公司发布的公告载明：“从0.31%ECu到0.5%ECu的边界品位的变化被认为对浮选处理更现实，并且对资源陈述产生重大影响”“矿物资源……大部分吨位的变化是由于所改变的铜当量边界品位……底层原生资源没有明显变化”。<br/>　　2013年9月27日，澳大利亚某公司发布的公告载明：“公司的矿产资源和储量估值是按照JORC和CIM定义标准作出的。这些估值在作出时是适当的,但当获得新的资料时可能会发生重大的变化”。<br/>　　2021年9月18日，最高人民法院作出（2019）最高法民终402号民事判决：驳回上诉，维持原判。</p>","<p>　　法院生效裁判，本案争议焦点为：1.某公司是否依约履行了《成功费用协议》项下合同义务；2.某公司能否根据免责条款主张奖励费。<br/>　　一、关于某公司是否依约履行了《成功费用协议》项下合同义务的问题<br/>　　根据《合同法》的规定，中介合同是指当事人双方约定，一方接受他方委托并按照指示要求，为他方报告订立合同的机会，或者为订约提供媒介服务，委托人给付报酬的合同。本案中，双方签订案涉《成功费用协议》的目的旨在明确，某公司在已经报告案涉收购交易机会的基础上，进一步促成山西某公司与案外人签订收购协议。故一审判决认定本案系中介合同纠纷正确。居间系基于当事人之间的信任而发生的法律关系，居间人提供的相关信息对委托人决定是否与他人签订合同具有重要意义，故居间人的如实报告义务亦系其在中介合同中承担的主要义务。《合同法》第四百二十五条第一款就此明确规定：“居间人应当就有关订立合同的事项向委托人如实报告。”据此，居间人当秉持诚实信用原则履行如实报告义务。一方面，居间人应当将与委托人拟订立的合同具有关联性并可能影响合同订立及履行的重要事项，甚至于订约不利的信息，都尽可能全面而无遗漏地向委托人报告；另一方面，居间人亦当确保其提供的信息客观真实，这就要求其尽可能了解更多的情况。居间人的报告义务虽系一项法定义务，但并不影响当事人就报告义务作出特别约定，即要求居间人报告特别之事项。<br/>　　本案中，当事人签订案涉《成功费用协议》的目的旨在促成山西某公司收购澳大利亚某公司的股权。由于案涉股权收购系跨境交易，在充分获取信息的基础上作出商业判断，对于山西某公司而言具有重要意义，为此案涉《成功费用协议》专门约定了某公司10项职责。澳大利亚某公司股权价格变化情况固然系案涉股权收购的重要事项，但同时澳大利亚某公司的主要资产即案涉埃利奥特山/天鹅山等矿山储量的信息，亦与山西某公司收购案涉股权之目的密切相关。该10项职责虽未明确指向澳大利亚某公司矿山储量等内容，但协议有关“介绍澳洲澳大利亚某公司铜金、钼、铼矿项目收购机会”、“管理协调整个收购过程”、“索取和分析所有必要的信息”、“利用某公司和P*C在澳洲政府、矿业界和金融界的关系，收集资料为山西某公司提供最好、最新的建议”等涉及某公司职责的内容，均要求作为商事居间人的某公司在合同履行中尽到与案涉跨境交易相匹配的如实报告等义务。鉴于案涉山西某公司收购交易实系通过股权交易的方式取得澳大利亚某公司名下矿山，上述协议中有关“索取和分析所有必要的信息”等要求当然应包含有关矿山储量的信息。据此，基于《合同法》的规定或当事人的约定，有关该矿山储量增减等影响股权收购及其价格确定的信息，均系居间人某公司履行如实报告义务的范围。基于以下分析，本院认为某公司未全面履行如实报告等合同义务。<br/>　　首先，在2013年11月15日澳大利亚证券交易所发布山西某公司收购完成公告之前，澳大利亚某公司于2013年8月12日、2013年9月27日，在澳大利亚证券交易所官方网站发布了两份公告，其内容均涉及澳大利亚某公司名下矿山储量。8月12日的公告载明：“埃利奥特山/天鹅山项目的矿产资源更新修改了先前发布的2010矿产资源声明，并包括最近在2012/13年度的Inova资源钻探结果，以及对矿床和周围地区的地质和矿化解释的实质性修订”“从0.31%ECu到0.5%ECu的边界品位的变化被认为对浮选处理更现实，而且对资源陈述产生重大影响”。9月27日的公告载明：“公司的矿产资源和储量估值是按照JORC和CIM定义标准作出的。这些估值在作出时是适当的,但当获得新的资料时可能会发生重大的变化”。由此可见，由于调整了案涉矿山铜当量边界品位值，澳大利亚某公司的矿产资源和储量亦发生了“重大的变化”，即相应的资源和储量均有所下调。虽然该公告亦载明，矿物资源……大部分吨位的变化是由于所改变的铜当量边界品位……底层原生资源没有明显变化，但公告同时根据调整后的边界品位值下调了相应矿物资源的“吨位”数值，并且公告中有关“边界品位的变化被认为对浮选处理更现实”的内容表明该调整亦关涉矿山的生产经营，故可认定上述两份公告与案涉跨境股权交易密切相关，属于某公司履行如实报告义务的内容。某公司有关任何人通过官网都可以查询该两份公告以及山西某公司在收购过程中是直接向澳大利亚某公司了解相关信息和收集资料的主张，实质上忽略了其作为居间人应当履行的合同义务，本院不予支持。另，某公司虽主张一审判决错误认定该公司未告知两份公告的事实，但其不仅未举证证明已向山西某公司提供过该两份公告，而且否认山西某公司在一审中提交的该两份公告的形式合法性，同时在上诉状中仅推测性地表述“也会汇报可能引起股价变动的公告”，鉴此本院难以认定某公司已履行如实报告义务，将该两份公告告知山西某公司。<br/>　　其次，普某会计师事务所在收购前对澳大利亚某公司进行了尽职调查，并将尽职调查报告发送某公司。该报告依据澳大利亚某公司2012年年报就案涉矿山储量作出简略说明，同时明确建议对目标公司进行独立的地质和运营评价，或者聘请外部专家对储量和资源量进行评估。某公司主张其已通过电子邮件将该报告电子版转发山西某公司工作人员，邮件内容为：“附件为普某的财务和税务尽责调查报告。”就此本院认为，根据《成功费用协议》的约定，某公司亦负有“管理协调整个收购过程”“审查由其他顾问公司所提供的工作”的职责，以“协助山西某公司作出最佳的决定”。据此，对于普某会计师事务作出并提交给某公司的报告，该公司应当履行相应的审查义务，对于报告提出的“进行独立的地质和运营评价”“对储量和资源量进行评估”等意见，亦当采取合理的方式提醒山西某公司予以充分注意并提出相应建议。故即使如某公司所述其已将报告转发山西某公司，亦不足以认定其履行了合同项下的义务。综上，原判决认定某公司未依约全面履行合同义务并无不当，本院予以维持。<br/>　　二、关于某公司能否根据免责条款主张奖励费的问题<br/>　　为实现中介合同之目的，居间人需向委托人如实报告与订约有关的事实甚至会提出相关建议，委托人则在此基础上独立地作出交易与否的商业判断。故未全面履行如实报告义务的居间人当承担相应的违约责任；而居间人提出的相关建议则仅系其自身的主观认识，在不构成欺诈或恶意串通的情况下，通常而言居间人的建议不应认定为委托人作出独立商业判断的基础，否则在委托人交易失败的情况下即追究居间人的责任，着实有违自主决定、自负其责的商事交易理念。案涉《成功费用协议》“无责条款”部分约定：“某公司将对为山西某公司提供的建议或工作不承担责任……”其中，某公司对其“建议”不承担责任的约定符合中介合同的性质。某公司对其“工作”不承担责任的约定，根据中介合同之目的、交易习惯及诚实信用原则，自不宜解释为某公司对履行包括如实报告义务在内的各项约定及法定义务均不承担责任。否则，不仅案涉中介合同的履行没有任何保障，合同目的难以实现；而且违背了如实报告义务系法定义务的属性；同时亦与本案当事人在报酬之外另行约定高额奖励费的事实不符。故，在某公司未全面履行合同约定及法定义务的情况下，其根据上述免责条款主张奖励费，没有事实和法律依据。山西某公司不予支付奖励费的主张，实系对某公司不完全履行的减价抗辩。综合考虑案涉收购已经完成、山西某公司支付了总交易额5%现金报酬以及某公司未依约全面履行义务等事实，一审判决未支持某公司本案的诉讼请求并无不当，本院予以维持。</p>","<p>中介合同约定中介人“对其提供的建议或工作不承担责任”。中介人提出的相关建议仅系其自身的主观认识，在不构成欺诈或恶意串通的情况下，该建议不应认定为委托人作出独立商业判断的基础，中介人对“建议”不承担责任的约定符合中介合同的性质。鉴于中介人的如实报告义务系其主要义务，有关其对“工作”不承担责任的约定，根据中介合同之目的、交易习惯及诚信原则，应解释为对中介服务所针对的交易结果不承担责任，而不宜认定中介人对履行包括如实报告义务在内的各项约定及法定义务均不承担责任。</p>","<p>　　《中华人民共和国民法典》第506条、第509条、第526条、第962条（本案适用的是1999年10月1日实施的《中华人民共和国合同法》第53条、第60条、第67条、第425条）</p><br/>######<p>　　一审：山西省高级人民法院（2015）晋民初字第5号民事判决（2018年7月2日）<br/>　　二审：最高人民法院（2019）最高法民终402号民事判决（2021年9月18日）</p>","\N","\N","2026-01-21 10:27:30","2026-01-21 10:27:30","021ca9ae3230fd9384d932eda05b79c7","\N","20260426"
"4356","人民法院案例库","https://rmfyalk.court.gov.cn","民事-滥用市场支配地位纠纷","2023-13-2-184-001","最高人民法院","民事,滥用市场支配地位,联赛,经营权授予","二审","2022.06.23","02","<p>　　在某（北京）文化传媒股份有限公司（以下简称传媒公司）与某联赛有限责任公司（以下简称联赛公司）、上海某文化传播有限公司（以下简称传播公司）滥用市场支配地位纠纷案中，经中国足协授权，联赛公司取得某（足球）联赛资源代理开发经营权；联赛公司于2016年网上公开招标2017-2019年某联赛官方图片合作机构，传播公司以相应报价中标，由此取得独家经营某联赛图片资源的权利，而传媒公司未中标。但传媒公司仍于2017年、2018年派人进入某联赛现场拍摄图片并销售传播，期间中国足协出面发布声明予以制止以维护传播公司的独家经营权。传媒公司故以联赛公司、传播公司滥用市场支配地位限定交易相对人只能与传播公司进行交易为由，向上海知识产权法院起诉，请求判令联赛公司、传播公司停止垄断行为、消除影响、赔偿经济损失及维权合理开支。<br/>　　上海知识产权法院认为，现有证据不能证明联赛公司、传播公司具有市场支配地位，且两公司从事被诉行为具有正当理由。上海知识产权法院于2021年4月23日作出（2020）沪73知民初736号民事判决：驳回传媒公司全部诉讼请求。传媒公司不服，提出上诉，主张联赛公司与传播公司存在滥用市场支配地位的行为。最高人民法院于2022年6月23日（2021）最高法知民终1790号民事判决：驳回上诉，维持原判。</p>","<p>　　最高人民法院二审认为，中国足球协会根据《中华人民共和国体育法》（2016年修正）第三十一条、第三十九条规定的授权和政府的委托管理全国足球事务，其享有的赛事商业权利主要是基于其组织赛事而产生的以财产利益为主要内容的民事权益。该类赛事商业权利的取得符合本案赛事发生当时（2017-2019年）所施行的《中华人民共和国民法总则》第一百二十九条（现《中华人民共和国民法典》同条）关于“民事权利可以依据民事法律行为、事实行为、法律规定的事件或者法律规定的其他方式取得”的规定。由于赛事商业权利属于一种民事权利，也是一种独家排他性权利，其原始权利人可以选择由本人自己行使、授权他人行使、与他人合作行使。中国足球协会独家授权联赛公司行使足球赛事商业权利，联赛公司又部分转授权传播公司独家行使其中赛事图片经营权，均是中国足球协会和联赛公司行使民事权利的体现。中国足球协会对足球赛事商业权利的独家排他性属于财产权的排他性，是其组织赛事并依法取得的一种垄断权利，反垄断法预防和制止垄断行为，但不预防和制止垄断状态和垄断权利，预防和制止的是利用垄断状态和垄断权利进行某些作为或者不作为以排除、限制竞争的行为，即滥用行为。权利的排他属性与滥用行为属于不同概念，权利的排他性或者排他性权利本身并不是反垄断法预防和制止的对象，排他性权利的行使可能成为反垄断法预防和制止的对象。<br/>　　在特定地域内独家授权经营是商业实践中一种常见的授权经营模式。经营权独家授予是经营者独立行使民事权利的体现，在经济效果上被授权的经营者只不过是授权经营者具体经营的替代，一般不会对外额外产生反竞争效果，故原则上不为反垄断法所禁止，除非存在经营者通谋损害消费者利益等特殊情形。联赛公司、传播公司在某联赛图片经营市场具有市场支配地位，但联赛公司通过公开招标方式选择授权传播公司独家经营2017-2019年某联赛图片资源，在程序上体现了竞争；该经营权独家授予是竞争的应然结果，且有其合理理由，不具有反竞争效果。同时，某联赛图片用户（需求方）只能向传播公司购买该赛事图片，系基于原始经营权人中国足协依法享有的经营权并通过授权形成的结果，符合法律规定且有合理性，该限定交易情形有正当理由。</p>","<p>体育赛事组织者基于其组织赛事、依据法律法规规定取得的独家经营赛事资源的民事权利所呈现的独家性和排他性属于权利自身的内在属性。由该权利内在的排他属性所形成的“垄断状态”本身，并非反垄断法预防和制止的对象。体育赛事组织者行使其独家经营赛事资源的权利时进行公开招标投标，其他经营者据此取得该独家经营的授权，实质上是公平竞争的结果，原则上不宜认定该经营权的独家授予属于滥用市场支配地位的行为。</p>","<p>　　《中华人民共和国民法总则》第129条（对应现《中华人民共和国民法典》同条）<br/>　　　　《中华人民共和国反垄断法》（2007年颁布）第12条、第17条、第18条、第19条（分别对应2022年修改的《中华人民共和国反垄断法》第15条、第22条、第23条、第24条）</p><br/>######<p>　　一审：上海知识产权法院（2020）沪73知民初736号民事判决（2021年4月23日）<br/>　　二审：最高人民法院（2021）最高法知民终1790号民事判决（2022年6月23日）</p>","\N","\N","2026-01-21 10:27:30","2026-01-21 10:27:30","022ee59a7b94aab94d80c88c3c36f0d6","\N","20260426"
"6014","多元解纷案例库","https://dyjfalk.court.gov.cn/site/case/4cc09140-8d6c-4e6b-a76e-c9541a9d504f","民事-租赁合同纠纷","D2025-161-1-111-1009","江口县人民法院","民事,租赁合同纠纷,支付租金,连带担保责任,府院联动,综治中心","","2025-12-25","\N","2019年，杨某等59户业主分别与某房地产开发公司签订《商品房买卖合同》，购置案涉商品房后，同步与该房地产开发公司及甲酒店管理公司签订《委托经营协议书》。协议明确约定：业主将案涉房屋委托给甲酒店管理公司开展酒店经营活动，每年按房屋总价款的8%收取收益金；某房地产开发公司对该收益金的支付承担连带保证责任。此后，甲酒店管理公司与乙酒店管理公司签订《酒店承包经营合同书》，将案涉酒店整体承包给乙公司运营。初期，酒店方按协议约定足额支付收益金，但自2022年起，以受市场环境影响、经营陷入困境为由停止支付，双方矛盾逐步升级。2024年9月21日，业主因长期索偿无果，采取锁闭酒店房门等行为，导致酒店无法正常营业，酒店随即报警，双方冲突进一步激化。经相关部门多次组织协调未果后，2024年10月上旬，杨某等59户业主共同诉至法院，要求某房地产开发公司、甲酒店管理公司连带支付拖欠租金，涉案金额近400万元，业主均面临房屋贷款偿还压力，民生保障诉求迫切。","法院收到起诉材料后，考虑到案件涉及面广、涉案金额大、矛盾冲突激烈，且直接关乎群众基本生活与企业生存发展，故在征得当事人同意后，在综治中心统筹协调下，依托“府院联动”平台，邀请社会工作部、信访局、工商联等单位组建调解工作组，分步推进纠纷化解工作： 一是全域摸排实情，精准锁定纠纷症结。调解工作组坚持“事实为先、精准画像”原则，开展为期一个多月的全面调查核实工作。法院选派资深法官牵头，系统梳理《商品房买卖合同》《委托经营协议书》《酒店承包经营合同书》等核心证据，明确合同各方权利义务、连带担保责任边界及租金支付约定，为后续法律研判奠定基础；街道办发挥地缘优势，逐户接待59户业主，详细记录每户租金拖欠金额、家庭还贷压力等具体诉求，同步走访酒店周边商户及同类型酒店，全面掌握行业经营现状；工商联依托企业服务职能，深入案涉两家酒店管理公司及房地产开发公司，核查财务账目、住宿登记薄等经营资料，摸清企业资金流状况、经营困境及实际履约能力；信访局汇总前期协调记录，梳理双方争议焦点，建立“业主诉求清单”与“企业困难台账”，为后续调解工作提供精准靶向。 二是分层释法疏导，多维搭建协商平台。调解工作组秉持“法理相融、利益平衡”理念，先后6次组织双方开展集中调解，各单位分工协作、精准发力。法官聚焦法律适用，向双方当事人释明《民法典》中关于租赁合同履行、连带担保责任、违约责任等相关规定，结合类似裁判案例，向某房地产开发公司明确其连带保证责任的法律后果，向业主说明非理性维权可能承担的法律责任，引导双方回归理性协商轨道；社会工作部发挥情绪疏导专业优势，采用“背靠背”沟通方式，一方面安抚业主焦虑情绪，讲解企业经营困境的客观性，避免矛盾进一步激化；另一方面向企业强调民生保障的重要性，督促其正视履约义务，积极寻求解决方案；工商联立足行业发展视角，为企业分析当前市场环境下的经营优化路径，建议通过调整租金标准、分期支付等方式缓解资金压力，同时向业主说明“保企业经营即保租金来源”的逻辑，引导双方树立“双赢”思维；街道办与信访局协同搭建沟通平台，组织“面对面”协商，及时传递双方诉求，逐步消除信息壁垒与对立情绪，为达成共识创造有利条件。最终，在多部门协同推动下，双方摒弃极端诉求，形成初步共识：1.欠付租金分四期支付，缓解企业即时资金压力；2.调整租金计算标准，由原房屋总价款的8%降至3.4%，平衡双方利益；3.明确违约责任条款，保障调解协议履行效力。 三是跟踪督促履约，闭环巩固化解成效。为确保纠纷实质化解，调解工作组建立“跟踪+督促+回访”闭环机制。法院牵头建立督促履行台账，明确每期租金支付时间、金额及责任主体，定期向企业发送履行提醒，同时及时向业主反馈企业履约进展；工商联持续跟进企业经营状况，协助对接相关扶持政策，助力企业改善经营、增强履约能力；街道办与信访局联合开展定期回访，实时掌握业主收款情况及企业经营动态，及时协调解决协议履行过程中的细微分歧；调解工作组针对59户业主的个体差异，逐户确认调解协议内容，确保每位业主的合法权益得到保障，实现“一案全结、事心双解”。最终，该纠纷得以圆满化解。","本案系经营酒店企业未按约支付租金引发的租赁合同纠纷，既关乎59户业主的民生保障，又涉及多家企业的生存发展，若简单通过裁判方式处理，难以实现“案结事了人和”，甚至可能引发新的矛盾。本案中，综治中心发挥调解资源集成优势，统筹各职能单位参与纠纷化解。各单位依托“府院联动”机制协同优势，立足职能定位、互补发力，形成高效化解合力。调解过程中，法院发挥专业引领作用，以法律释明定分止争，明确各方权利义务边界，为调解工作提供坚实法律支撑；同时通过建立督促履行机制，保障调解协议落地见效；社会工作部聚焦情绪疏导，有效化解双方对立情绪，为协商沟通扫清障碍；信访局与街道办依托基层治理优势，精准掌握双方诉求与实际情况，搭建高效沟通桥梁，实现纠纷源头把控与前端化解，避免矛盾升级；工商联立足行业服务职能，深入分析企业经营困境，为利益平衡提供专业视角，助力实现“保民生、稳企业”的双重目标。通过“府院联动+多元协同”方式，实现批量纠纷妥善化解，既破解了业主“索租还贷”的民生难题，又为企业争取了恢复经营的时间与空间，避免了“企业倒闭、业主无获”的双输局面，实现了政治效果、法律效果和社会效果的有机统一。","《中华人民共和国民法典》第465条、第502条、第509条、第579条、第703条、第721条、第722条","\N","","2026-01-27 09:48:19","2026-02-03 09:39:57","024894b8b9413a65ba7c5ded71d208fc","\N","20260426"
"6155","多元解纷案例库","https://dyjfalk.court.gov.cn/site/case/06b983e2-79e9-4e5c-ad50-f4a6906a6f85","民事-物业服务合同纠纷","D2025-161-1-121-884","洛阳市洛龙区人民法院","民事,物业服务合同纠纷,物业服务质量瑕疵,物业服务合同到期未续签,人大代表参与化解,示范调解","","2025-12-04","\N","2007年，某小区与某物业公司签订了前期物业服务合同，约定服务期限为2007年12月30日至2010年12月30日。服务期限届满后双方未续签，但物业公司仍未退出该小区。近年来，因小区环境卫生、公共管理等方面不断出现问题，越来越多的小区业主认为物业公司服务不到位、管理存在缺陷。2024年底，99名业主将某物业公司诉至法院，要求解除物业服务合同并返还公共收益。","法院收到起诉材料后，考虑到涉及人数较多，社会影响较大。为高效化解纠纷，委托人大代表调解工作室开展先行调解工作，并指派法官指导调解。 一是明确争议焦点，组建调解小组。经梳理，本案争议焦点为：1.案涉小区的物业服务合同是否因到期未续签而自动终止；2.小区公共收益的归属问题，物业公司是否应当予以返还；3.物业公司在卫生管理、设施维护等方面的服务瑕疵是否构成根本性违约，该违约行为是否达到法律规定的合同解除条件。考虑到纠纷涉及的专业性较强，法院邀请住建部门、社区及入驻综治中心的调解员联合人大代表调解员，共同组建调解小组，联合开展纠纷化解工作。其中，人大代表利用其群众信任基础，重点负责与业主的沟通疏导；指导法官提供法律指引；社区及相关部门则协同摸排情况、搭建对话平台，形成分工明确的解纷合力。调解小组经研究，形成“背靠背疏导+面对面协商+示范性协议”的递进式化解方案，既保障法律适用的准确性，又通过柔性调解方式缓解对立情绪。 二是构建“三步走”调解机制，精准聚焦核心诉求。建立“社区初调→部门联调→法院定调”的递进式解纷模式。首先，社区初调：社区组织网格员72小时内完成99户业主诉求摸排，精准梳理业主关于卫生管理、设施维护、收费透明三大核心诉求，并对公共收益数额进行调查固定。其次，部门联调：针对业主核心诉求，住建部门依据行业标准约谈物业公司并提出整改要求，社区组织搭建对话平台，人大代表依托群众信任基础进行“背靠背”疏导，逐步引导双方进行“面对面”协商。最后，法院定调：指导法官依据《民法典》第942条物业服务义务、第944条费用收取规范及第948条合同解除情形等法律规定，提供类案判决，为纠纷调解提供法律支撑。 三是创新示范协议，实现批量高效解纷。为推动纠纷高效化解，在前期调解基础上，社区组织业主内部推选覆盖小区不同区域且具有一定公信力的5名业主代表，以“圆桌调解会”形式联动开展针对性调解：法官现场展示同类案件裁判规则，解读物业服务合同权利义务边界；人大代表以小区长期和谐发展为切入点，引导双方互谅互让；最终与5名业主在“费用减免+限期整改”的基础上就示范物业服务合同达成一致意见。住建部门对该物业服务合同可落实性审核认可后，由社区组织其余94户业主参照适用，实现“调解一案、化解一片”效果。 四是主管部门跟踪督促，调解协议落地见效。99名业主签订示范物业服务合同后，该合同同步发送住建部门、物业协会以及社区备案。社区网格员不定期到小区现场查看、跟踪回访；物业协会与小区物业专人对接、对整改工作进行定期指导；住建部门定期听取整改进展，持续监督调解协议落实落地，目前整改情况稳步推进。","本案系物业服务合同到期未续签，且已提供的物业服务存在瑕疵引发的系列纠纷。因小区业主与物业公司对立情绪突出且利益关联紧密，若简单“一判了之”，可能进一步激化矛盾，不利于纠纷实质化解。本案中，依托“人大代表+多部门联动”解纷机制，邀请住建部门、社区等部门共同参与纠纷化解，发挥以下优势：一是专业性强，住建部门可提供行业标准指导；二是效率高，多方协同可实现纠纷快速化解；三是履行有保障，多部门联合监督确保协议落地；四是关系可修复，柔性调解有利于小区长期和谐发展。调解过程中，采用“法律指引为基础、多元协同为支撑、示范引领为抓手、跟踪督促为保障”的调解方法，情理法交融平衡双方诉求。其中，社区牵头摸排业主诉求、组织业务代表协商，搭建高效沟通桥梁；人大代表发挥群众工作优势，疏导业主对立情绪，夯实对话基础；住建部门依托行业标准，对物业公司提出明确整改要求，并对协议可行性进行专业把控；法院发挥指导调解职能，释法明理，提供法律支撑与类案参考。通过“社区初调—部门联调—法院定调”的三步走递进式调解机制，以“示范协议+批量签约”实现“调解一案、化解一片”效果。调解成功后，以部门备案、定期回访、行业监督等方式，将“督促履行”嵌入调解全流程，既实质化解了系列纠纷，又推动了物业公司整改服务、规范公共收益管理，兼顾“纠纷批量化解”与“小区长效治理”，实现案结事了人和。","《中华人民共和国民法典》第942条、第944条、第948条","\N","","2026-01-27 09:48:36","2026-02-03 09:40:15","0267d5b1cdcdee2a4c5ddbb9a0c97b97","\N","20260426"
"6474","多元解纷案例库","https://rmfyalk.court.gov.cn","民事-物业服务合同纠纷","D2025-161-1-121-582","瓜州县人民法院","民事,物业服务合同纠纷,拒交物业费,工商联参与化解,社区参与化解","","2025-09-02","\N","2024年7月，某小区40余名业主以某物业公司垃圾清运不及时、安保工作缺失、车辆管理混乱、房屋漏水等为由拒交物业费。物业公司多次催要无果后诉至法院，要求业主支付拖欠一年的物业费，并承担逾期交费的违约金。","法院收到起诉材料后，考虑到案件标的额虽小，但涉及面广，具有双方积怨深、矛盾易激化的特点，征得当事人同意后，开展先行调解工作。 一是深入调查，找准症结。法院联系社区、街道调查了解纠纷具体情况。经了解，发现该批纠纷有如下特点：1.部分业主拖欠行为造成不良示范效应，导致更多业主不愿交费；2.大多数业主反映小区存在服务安保漏洞等共性问题；3.业主与物业公司冲突较大，对抗情绪激烈。 二是多方联合，聚力解纷。了解矛盾症结后，为妥善化解纠纷，法院委托工商联调解组织进行调解，由工商联指派两名曾在住建部门工作过的调解员与社区工作人员、法官共同开展调解工作。 三是释法说理，耐心引导。调解过程中，指导法官发挥专业优势，对业主与物业公司之间争议焦点进行法律释明，分析了双方在该起纠纷中可能承担的法律后果，让业主了解物业管理工作及业主享有的权利和应承担的义务。调解员则从行业规范、服务标准角度出发，指出物业公司在管理服务方面存在的不足，积极引导物业公司提高服务质量和管理方式。同时，社区工作人员结合自身对物业服务的感受，对物业公司的服务水平作出了客观评价。同时，汇集整理业主的真实诉求，通过调解员搭建沟通桥梁，减轻业主对立情绪。 四是反复磋商，促成和解。经对业主和物业公司多轮调解，双方从对立逐步走向良性互动。经过反复磋商，分歧逐步缩小，物业公司同意按照物业服务合同约定标准的80%收取拖欠的物业费，并承诺改进物业服务水平，楼道清扫由之前的每周一次改为每周两次，垃圾处理做到日产日清，同意维修小区损坏已久的健身器材、监控设备，并放弃违约金的诉求。业主对物业公司的收费标准、服务承诺表示接受。双方就物业费交纳事宜达成一致意见。历时13天，该批物业纠纷全部得以化解。","物业服务一头连着“小家”，关系居民的安居乐业，一头连着企业，关系物业公司的有序经营。本案系批量物业纠纷，如进入审理程序，双方矛盾尖锐，难以实质化解，且还有大量业主观望等待处理结果。为此，法院依托与工商联建立的多元解纷机制，委托工商联调解组织进行调解，充分发挥工商联的专业优势、行业威望，客观指出物业服务企业在管理服务方面的不足。同时，邀请社区工作人员参与，充分发挥其贴近群众优势，疏导业主对立情绪。指导法官则通过释法说理，让业主了解物业管理工作及业主享有的权利和应承担的义务，不仅促使批量纠纷高效化解，也促推物业公司开展相应整改工作，从源头预防此类纠纷再次发生，既维护了当事人合法权益，又减少了当事人解纷成本和企业负担，做到双赢多赢共赢。","《中华人民共和国民法典》第937条、第942条、第944条","\N","","2026-01-27 09:49:35","2026-01-27 09:49:35","029123a90bc55a68c5b0b5d4ec4af1cb","\N","20260426"
"2485","人民法院案例库","https://rmfyalk.court.gov.cn","民事-借款合同纠纷","2024-08-2-103-007","上海市浦东新区人民法院","民事,民间借贷纠纷,P2P网络借贷,逾期还款,违约责任,平台责任","一审","2014.11.04","02","<p>　　原告唐某诉称：因被告李某经营的宾馆未进行2012年度工商年检，且已于2012年12月31日终止经营，被告上海某金融信息服务有限公司（以下简称某金融信息公司）未尽职审核，且在出借投标时不直接向出借人提供借款人的材料，造成唐某进行错误的借出选择。现唐某起诉，要求：1.被告李某归还唐某借款本金6,774.39元、利息636.31元、逾期利息2,595.90元（以每期应还款为本金自每期应还款日计算至2014年2月28日按照中国人民银行同期同类贷款利率的四倍计算），共计10,006.60元；2.被告某金融信息公司承担连带还款责任。<br/>　　被告李某未作答辩。<br/>　　被告金融信息公司辩称：1.关于借款事实，唐某陈述的其与李某之间的借款协议属实，李某确实是仅归还了两期本息到某金融信息公司处，某金融信息公司已按照出借人的借款比例分配还款。2.关于审核信息，某金融信息公司的审核是通过借款人上传的书面材料包括照片等进行书面审核，并要求借款人提供电话和视频进行验证。唐某与某金融信息公司的合同上没有注明某金融信息公司有审核义务，但是某金融信息公司为了出借人考虑，也会审核借款人的资信、家庭关系以及其他资产状况，但这种审核并不是某金融信息公司的义务。3.关于还款责任。某金融信息公司在协议中均提到对借贷双方的债务不承担担保责任。唐某确实向某金融信息公司反映了李某归还了两期还款后再无归还的情况，某金融信息公司不是借款协议的当事人，故不向任何人主张归还借款，某金融信息公司是为借款人提供了借款机会。此外，李某的借款有很多出借人，大多数人都是出借了几百元，因为年利率是20%，所以风险也较大。某金融信息公司作为平台的提供方，并不是借贷关系的当事人，也不承担保证义务，故唐某要求某金融信息公司承担连带还款责任无事实和法律依据。某金融信息公司在提供服务中，也没有过错，故也不应当承担赔偿责任。<br/>　　法院经审理查明：P2P网站是某金融信息公司运营的网络借贷平台,唐某、李某系该平台上的注册用户。2012年12月31日，李某通过平台发布“慧聪优质商家信用贷潍坊XXXXXX宾馆经营借款”，金额100,000元，年利率20%，期限12个月的借款需求。唐某通过网上投标向李某出借8,000元。李某的100,000元借款由众多网上出借人投标满额后，由某金融信息公司对借款人即李某提供的材料进行审核评估、收取平台服务费用、并将出借人的借款转入李某的银行账户。2013年1月1日，李某与包括唐某在内的众多出借人在平台上达成编号为243816的电子借款协议，并言明该协议是使用了P2P网站的居间服务，并根据P2P网站的《服务协议》、《出借人协议》、《借款人协议》自愿达成并签订的。上述借款协议明确，唐某与李某的借款金额为8,000元，借款期限12个月，年利率20%，分12期还清，每期还款额（含本金、利息）均为741.07元，月截止还款日为每月1日，若逾期未还款，则借款人应向出借人支付逾期利息，逾期利率为银行同期贷款利率的四倍。截至2014年2月28日，李某已归还分别于2013年2月1日、2013年3月1日到期的两期债务共计1,482.14元，尚有十期未归还的借款本金共计6,774.39元、利息共计636.31元、逾期利息2,595.90元，故唐某诉至法院。<br/>　　上海市浦东新区人民法院于2014年11月4日作出（2014）浦民一(民)初字第14813 号民事判决：一、被告李某应归还原告唐某借款本金6,774.39元；二、被告李某应支付原告唐某以借款628.17元为基数自2013年4月1日起至2014年2月28日止按中国人民银行同类贷款利率四倍计算的利息；三、被告李某应支付原告唐某以借款638.64元为基数自2013年5月1日起至2014年2月28日止按中国人民银行同类贷款利率四倍计算的利息；四、被告李某应支付原告唐某以借款649.28元为基数自2013年6月1日起至2014年2月28日止按中国人民银行同类贷款利率四倍计算的利息；五、被告李某应支付原告唐某以借款660.10元为基数自2013年7月1日起至2014年2月28日止按中国人民银行同类贷款利率四倍计算的利息；六、被告李某应支付原告唐某以借款671.11元为基数自2013年8月1日起至2014年2月28日止按中国人民银行同类贷款利率四倍计算的利息；七、被告李某应支付原告唐某以借款682.29元为基数自2013年9月1日起至2014年2月28日止按中国人民银行同类贷款利率四倍计算的利息；八、被告李某应支付原告唐某以借款693.66元为基数自2013年10月1日起至2014年2月28日止按中国人民银行同类贷款利率四倍计算的利息；九、被告李某应支付原告唐某以借款705.22元为基数自2013年11月1日起至2014年2月28日止按中国人民银行同类贷款利率四倍计算的利息；十、被告李某应支付原告唐某以借款716.98元为基数自2013年12月1日起至2014年2月28日止按中国人民银行同类贷款利率四倍计算的利息；十一、被告李某应支付原告唐某以借款728.94元为基数自2014年1月1日起至2014年2月28日止按中国人民银行同类贷款利率四倍计算的利息；十二、驳回原告唐某的其余诉讼请求。判决后，唐某、李某、某金融信息公司均未上诉，该案判决已生效。</p>","<p>　　法院生效裁判认为：唐某与李某之间的民间借贷合同关系有网上借款协议为证，该民间借贷合同关系明确、合法，应受法律保护。本案的争议焦点主要在于某金融信息公司是否是该笔借款的还款主体。依据借款协议及唐某及某金融信息公司在庭审中的陈述，某金融信息公司在本起借款关系中主要行为是提供平台、审核信息，其地位应为居间人，而非借款方或保证人，唐某关于某金融信息公司应承担连带还款责任的请求无依据，法院不予支持。依据《借出人注册协议》，唐某在借出钱款时，对不能知晓借款人的真实姓名和地址的情况应属明知，相应风险由其自行负担。剩余借款本金共计6,774.39元、利息共计636.31元，应由李某予以偿付。关于逾期利息，唐某所主张的每期债务的相应逾期利息，加上借期内的利息，已超出法律规定，相应利息由法院依法予以调整。李某不到庭应诉的行为，既是放弃了对唐某所主张之事实和证据进行辩驳的权利，也是对自己不负责任的表现，由此所产生的法律后果，应由其自行承担。</p>","<p>借贷双方通过P2P网络借贷平台达成借贷合意并交付借款，借款人、出借人和网络借贷平台三者共同构成了网络借贷法律关系，其中包含了借款人与出借人之间的借贷合同关系、借贷双方与网贷平台之间居间合同关系、通过平台钱款流转而形成的网络服务合同关系等多种法律关系，如因逾期还款产生纠纷，在不同经营模式下，网络借贷平台的法律属性和权利义务不尽相同。如网贷平台在其撮合的平台用户借款关系中仅参与提供平台、审核信息，其地位应为居间人，而非借款方或保证人，对于借款逾期的还款责任应由实际借款人承担，出借人请求网贷平台承担连带还款责任的，法院不予支持。</p>","<p>　　《中华人民共和国民法典》第667条、第675条、第676条（本案适用的是1999年施行的《中华人民共和国合同法》第196条、第206条、第207条）</p><br/>######<p>　　一审：上海市浦东新区人民法院（2014）浦民一（民）初字第14813号民事判决（2014年11月4日）</p>","\N","\N","2026-01-21 10:27:30","2026-01-21 10:27:30","029ba865cc97558e3d4719438482db63","\N","20260426"
"7009","多元解纷案例库","https://rmfyalk.court.gov.cn","民事-离婚纠纷","D2025-771-1-014-001","最高人民法院","民事,离婚纠纷,涉侨离婚纠纷,远程视频调解,侨联调解员,“总对总”在线诉调对接机制","","2025-01-21","\N","冯某是旅居委内瑞拉的侨胞，黄某是旅居美国的侨胞，冯某与黄某系夫妻关系，冯某起诉黄某请求离婚。冯某称其与黄某登记结婚后生育一儿一女，黄某带着女儿在美国长期生活，而冯某则身处委内瑞拉，两人长期分居，夫妻感情彻底破裂。黄某已电话同意离婚，但由于客观原因无法回国办理手续。","由于案件涉及华侨权益保障，案件双方当事人均身处海外，受疫情影响，未能回国参与诉讼。法院收到起诉材料后，经双方当事人同意，交由涉侨纠纷诉调对接工作室调解。涉侨纠纷诉调对接工作室联合侨联法律顾问委员会对案件进行研判认为，对于离婚案件，应当根据冯某和黄某两人婚姻基础、婚后感情、夫妻生活现状及起诉离婚的原因等具体情况进行综合分析。经与身在美国的黄某沟通，她表示因个人原因无法取得当地的公证认证，导致其无法返回中国办理离婚手续。经冯某、黄某双方同意，涉侨纠纷诉调对接工作室邀请了涉侨多元化解特邀调解员，通过人民法院调解平台对该案件进行在线调解，同时发挥侨联调解员纽带优势，促成双方达成一致意见。","本案系涉侨婚姻家庭纠纷。通过传统方式调解，法官与当事人需要共坐一堂、面对面交流，但对涉侨纠纷，部分当事人居住在国外，亲身到法院解决纠纷需要花费大量时间和金钱成本，解纷成本较高。本案中，涉侨纠纷诉调对接工作室借助人民法院调解平台对纠纷开展视频调解，当事人通过人民法院调解平台移动终端进行线上交流，远在异国他乡也能及时表达意见，不受时空限制，便捷解决纠纷，既节省了双方当事人时间成本、经济成本，又缩短了调解周期；同时，侨联调解员作为侨胞“娘家人”，在调解过程中能够发挥纽带优势，赢得当事人信任，快速促进问题实质化解。","《中华人民共和国民法典》第1076条 《最高人民法院办公厅、中国侨联办公厅关于加快推进涉侨纠纷在线诉调对接工作的通知》（法办〔2020〕448号）","\N","","2026-01-27 09:50:53","2026-01-27 09:50:53","02af6033028012c6535991c11e2beac0","\N","20260426"
"3834","人民法院案例库","https://rmfyalk.court.gov.cn","民事-环境污染责任纠纷","2023-16-2-377-001","最高人民法院","民事,环境污染责任,损害赔偿,因果关系,侵权责任","再审","2009.04.02","02","<p>　　嘉兴市某某染化厂（以下简称染化厂）、嘉兴市某某化工有限公司（原嘉兴市某某染料厂，以下简称染料厂）、嘉兴市步云某某化工厂（原嘉兴市某某化工厂，以下简称化工厂）、嘉兴市向某化工厂（以下简称向某化工厂）、嘉兴市某某丝绸印染厂（以下简称印染厂）均是嘉兴市郊区某某乡村办企业，主要生产染料中间体及丝绸、化纤印染，在生产过程中所产生的废水严重超过国家标准，并直排或渗漏进入河道污染水域，为此，嘉兴市郊区城乡建设环境保护局曾对其行政处罚。浙江省某某师范农场特种养殖场（以下简称养殖场）系某某师范校办企业，位于五家企业（上述染化厂、染料厂、化工厂、向阳化工厂、印染厂的统称，下同）下游约六公里，在五家企业排放污水污染区域内。养殖场于1991年开办，主要经营美国青蛙的育种及销售，自1994年4月起发现饲养的美国青蛙蝌蚪开始死亡，至9、10月间绝大部分死亡，直接经济损失231408.96元。养殖场就经济损失问题和养殖用水问题与步云乡及郊区政府多次交涉，至今尚无妥善解决。养殖场认为青蛙蝌蚪死亡是由于五家企业的水污染造成，但未提供青蛙蝌蚪死因的鉴定结论，即青蛙蝌蚪确死于水污染及青蛙蝌蚪体内含致死物质化学成分与五家企业排放的污水所含成分相符的直接证据。故养殖场提起诉讼，要求排除污染危害，停止侵害，限期治理，并按照当时的市场价格要求赔偿经济损失48.3万元。<br/>　　在浙江省高级人民法院再审期间，养殖场为证明青蛙蝌蚪死亡原因，提供了司法部司法鉴定科学技术研究所（96）司鉴所微字第15号《微量物证鉴定书》、中国特种经济动植物协会筹委会陈幼臣出具的水质检测分析、浙大动物科学学院朱某全的证明、浙江省淡水渔业环境监测站《关于平湖钟埭镇联丰村附近水质监测指标的分析报告》等证据。五家企业提供嘉兴市郊区步云乡生产技术推广站出具的1994年步云乡美国青蛙养殖情况明细表、养殖户杜某某和XXX的陈述、嘉兴市水文局的气象资料等证据予以抗辩，以证明在五家企业污染所及并在养殖场上游水域的众多养殖户所养青蛙蝌蚪没有发生大批死亡的情况，造成养殖场养殖区域污染的污染源并不确切，养殖场的青蛙蝌蚪死亡也可能系高温天气或其他原因所致，因无死亡青蛙蝌蚪物体作为鉴定的基础，且鉴定结论超越其职能范围，不具有法律效力。养殖场所举其他证据仅是对青蛙蝌蚪死亡原因的一种推测，无法直接证明死因，五家企业所举证据能够证明养殖损害不具有普遍性及造成养殖场养殖区域污染的污染源不确切。<br/>　　嘉兴市环境保护局《关于上报步云乡染化废水污染郊区、嘉善、平湖交界水域的调查和处理意见的报告》所附的关于步云乡染料工业废水污染郊区、嘉善、平湖交界水域的调查报告中指出：受污水域范围面积约为53平方公里的重污染区内水体常年呈红色、黑色，并将1994年12月19日监测的情况一一注明，最后得出目前重污染区域内的河道水体已丧失了工业用水、养殖用水和村民日常生活用水功能和灌溉功能的结论。在水污染所造成的损失和危害中指出，严重的水污染使受污水域内的渔业和养殖业遭受严重打击，渔业和养殖业急剧萎缩。1994年受损乡镇涉及大云、大通、罗星、钟埭、某某师范特种养殖场，其中以大云和养殖场为重。<br/>　　还查明，浙江大学动物科学学院朱某全出具的证明，证明养殖场在蝌蚪发生死亡后，曾请求浙江大学动物科学学院对死亡蝌蚪进行化验，朱某全答复，如果废水中含有大量有毒物质，会使水中溶解氧被大量耗尽，蝌蚪会因缺氧窒息死亡，蝌蚪体内的有毒物质还不一定能测得出来，已无必要再进行化验的事实。一审过程中，一审法院委托司法部司法鉴定科学技术研究所对养殖场蝌蚪的死亡与水质污染是否存在因果关系进行鉴定，鉴定结论为养殖场蝌蚪的死亡与污染企业排放的废水造成水质污染有直接的不可推卸的因果关系。委托审计师事务所对养殖场受水质污染1994年度美国青蛙蝌蚪实际投入损失进行审计，审计结论为净投入损失为232273.96元，同时指出尚有在正常养殖到投入市场销售产生效益损失计算，可按农业部农渔发〔1994〕25号文件《水域污染事故渔业资源损失计算方法》第二条规定的污染事故经济损失额的计算方法处理。<br/>　　浙江省平湖市人民法院于1997年7月27日作出（1996）平民初字第23号民事判决：驳回养殖场的诉讼请求。养殖场不服，向检察机关申诉，浙江省嘉兴市人民检察院向浙江省嘉兴市中级人民法院提出抗诉。浙江省嘉兴市中级人民法院于1998年10月20日作出（1998）嘉民再终字第2号民事判决：驳回抗诉，维持原判。后，浙江省人民检察院向浙江省高级人民法院提出抗诉，该院于2001年5月31日作出（2000）浙法告申民再抗字第17号民事判决：维持浙江省嘉兴市中级人民法院（1998）嘉民再终字第2号民事判决。养殖场向最高人民法院申请再审，最高人民法院提审本案，于2009年4月2日作出（2006）民二提字第5号民事判决：一、撤销浙江省高级人民法院（2000）浙法告申民再抗字第17号、嘉兴市中级人民法院（1998）嘉民再终字第2号、平湖市人民法院（1996）平民初字第23号民事判决；二、嘉兴市某某染化厂、嘉兴市向某化工厂、嘉兴市步云某某化工厂、嘉兴市金某化工有限公司、嘉兴市某某丝绸印染厂各赔偿浙江省某某师范农场特种养殖场损失48.3万元及利息（利息自浙江省某某师范农场特种养殖场一审起诉之日起至清偿之日止，按照中国人民银行同期贷款利率计算）。五家企业对上述债务承担连带清偿责任。</p>","<p>　　法院生效裁判认为，综合双方提交的证据，对五家企业据以证明本案不存在因果关系的有关证据分析认定如下：<br/>　　第一，五家企业以照片和取水登记表为证，证明养殖场曾从他处取水；养殖场提供了河网水费收据和平湖市水利农机局出具的养殖场取水证明等证据，证明该场自1992年至1995年是从污染河道取水。五家企业该项举证不能推翻养殖场从被污染地河道取水的事实。第二，五家企业举证的嘉兴市郊区环保监测站监测报告，证明离五家企业所处位置更近的取水口水样情况比位置更远的取水口水样情况更好，说明养殖场附近水域污染与其无关；但其提供的监测报告系1996年作出，此时距本案损害后果，即养殖场蝌蚪死亡已经近两年时间，上述监测报告不能证明当时的水质情况是合格的。第三，五家企业举证的嘉兴市气象局气象资料、嘉兴市水文站证明及卢自钧、施荣祥等人的证人证言，以证明养殖场蝌蚪死亡时，可能存在天气炎热、养殖场使用了杀虫剂、饲养人不懂技术和水文情况发生变化等致死原因，但上述证据均不能确定系由其中某一项原因或多项原因造成蝌蚪死亡，该项证据表明了损害后果发生系因其他原因引发的可能性，而不能排除五家企业污染行为造成损害的原因。第四，五家企业主张养殖场远未达到养殖规范要求，但只提供了养殖规范，没有证据证明养殖场没有达到上述规范。第五，五家企业提交嘉兴市某某乡生产技术推广站出具的养殖情况明细表，证明同时同地有众多养殖户均未发生水污染导致青蛙蝌蚪死亡事件，但五家企业所提交的该证据，无法证明上述养殖户与养殖场的情况完全相同，因此，与本案侵权事实无法对比，也不能据以证明五家企业的排污行为与养殖场蝌蚪死亡没有关系。而养殖场提供了部分养殖场相邻农场、养殖户向有关部门反映五家企业污染水域，造成经济损失的材料和证言，证明五家企业污染的事实和受损失的不止养殖场一家。第六，五家企业认为蝌蚪死亡没有具体的死亡时间和死亡的详细数据，死亡原因不明，养殖场在蝌蚪死亡时没有对取水水源进行取样检验，没有对蝌蚪死因做相应的鉴定，无法证实蝌蚪死亡属污染水源中的特定物质所致。而养殖场在发现蝌蚪陆续死亡后，即向相关部门多次反映情况，相关部门均已承认该事实。浙江大学动物科学学院朱某全出具的证明，证明养殖场在蝌蚪发生死亡后，请求浙江大学动物科学学院对死亡蝌蚪进行化验，依据嘉兴市环保局、监测站对某某农场周围水域监测得出的水污染数据，证明养殖场周围水域26个数据严重超标，即便不能证明蝌蚪死亡系被何特定物质所致，但五家企业污染水域后，可使饲养蝌蚪的水域严重缺氧，亦能造成蝌蚪死亡。故原审法院委托司法部司法鉴定科学技术研究所作出的微量物证鉴定，鉴定结论为养殖场蝌蚪的死亡与污染企业排放的废水造成水质污染有直接的不可推卸的因果关系的结论应予采纳。<br/>　　综上，五家企业所举证据既不能证明其污染行为不会导致蝌蚪死亡，也不能证明导致蝌蚪非正常死亡的结果确系其他原因所致，因此，对于本案中污染行为和蝌蚪死亡之间的因果关系，五家企业均不能提出足够证据予以否定。位于上游的五家企业污染了水源，同时段，下游约六公里的养殖场发生了饲养物非正常死亡的后果，五家企业又没有足够的证据否定其污染行为与损害后果之间的因果关系，作为加害人的五家企业，应当向养殖场承担侵权损害赔偿责任。原审历次审理，均要求受害人养殖场就污染行为和损害后果的因果关系，即水污染是导致蝌蚪死亡的原因承担举证责任，并认定养殖场青蛙蝌蚪的死因不明，养殖场不能证明蝌蚪死亡系被何特定物质所致，故养殖场所举证据未能达到适用因果关系推定的前提。但因果关系只是侵权事实成立的构成要件，最高人民法院司法解释已经确定因环境污染引起的损害赔偿诉讼应由被告对侵权事实不成立承担举证责任，其中当然包括对于因果关系的证明，故本案应当由五家企业就水污染行为没有导致蝌蚪死亡承担举证责任。原审历次审理对于举证责任的分配系适用法律错误，予以纠正。<br/>　　五家企业的排污行为共同对下游造成污染，彼此之间又不能证明污染行为对于造成损害后果的作用有所差别，故应认定五家企业对本案的发生负有同等责任，由五家企业按照均等比例就本案损失向养殖场承担连带赔偿责任。<br/>　　关于养殖场损失数额问题，《中华人民共和国民法通则》第一百二十四条规定：“违反国家保护环境防治污染的规定，污染环境造成他人损害的，应当依法承担民事责任”，当时实施的《中华人民共和国水污染防治法》第四十一条规定：“造成水污染危害的单位，有责任排除危害，并对直接受到损失的单位或者个人赔偿损失。赔偿责任和赔偿金额的纠纷，可以根据当事人的请求，由环境保护部门或者交通部门的航政机关处理；当事人对处理决定不服的，可以向人民法院起诉。当事人也可以直接向人民法院起诉。”养殖场提起诉讼时，请求法院判令五家企业按照当时的市场价格赔偿经济损失48.3万元。原审法院委托平湖市审计师事务所对养殖场受水质污染1994年度美国青蛙蝌蚪实际投入损失进行审计，结论为净投入损失为232273.96元，同时指出尚有在正常养殖到投入市场销售产生效益损失计算，可按农业部农渔发〔1994〕25号文件《水域污染事故渔业资源损失计算方法》第二条规定的污染事故经济损失额的计算方法处理。养殖场曾就损失问题咨询农业部渔业局，该局答复应按照农业部农渔发〔1994〕25号文件或修改后的农渔发〔1996〕14号《关于印发〈水域污染事故渔业损失计算方法规定〉的通知》作为计算损失的依据。养殖场在原审中提供了原始生产、产卵记录、进货证明和购销合同、订单、意向书以及销售发票，证明养殖场要求赔偿48.3万元损失有据可依，而五家企业没有证据证明养殖场不存在损失，因此，对养殖场要求五家企业赔偿48.3万元损失的诉请予以支持。</p>","<p>在环境污染损害民事纠纷中，由于环境侵权行为要通过“环境”这一载体，再作用于人体和财产，其因果关系不容易直接和立即显现出来。因此，在环境侵权民事诉讼中实行因果关系推定的原则，即以因果关系推定的方法确定加害人的行为与受害人的损害之间具有因果关系，有利于确保环境侵权行为法之救济受害人目的的真正实现。如果加害人能够证明其行为与受害人损害结果之间不存在因果关系，则可免除其环境侵权的民事责任，否则，即推定其加害行为与受害人损害结果之间存在因果关系。基于环境侵权行为的技术性和复杂性，无过错责任原则已经成为现代社会环境侵权民事诉讼案件的基本归责原则，即不以加害人主观上的过错和行为的违法性作为加害人承担侵权民事法律责任的主观构成要件。</p>","<p>　　《中华人民共和国水污染防治法》第94条、第96条、第98条</p><br/>######<p>　　一审：浙江省平湖市人民法院（1996）平民初字第23号民事判决（1997年7月27日）<br/>　　再审：浙江省嘉兴市中级人民法院（1998）嘉民再终字第2号民事判决（1998年10月20日）<br/>　　再审：浙江省高级人民法院（2000）浙法告申民再抗字第17号民事判决（2001年5月31日）<br/>　　再审：最高人民法院（2006）民二提字第5号民事判决（2009年4月2日）</p>","\N","\N","2026-01-21 10:27:30","2026-01-21 10:27:30","0302436d0178d9bd8bac2ec031bfb753","\N","20260426"
"6740","多元解纷案例库","https://rmfyalk.court.gov.cn","民事-劳务合同纠纷","D2025-161-1-139-323","石柱土家族自治县人民法院","民事,劳务合同纠纷,集体讨薪,“示范判决+府院联动+批量调解”,多元解纷案例库案例指导","","2025-06-11","\N","某房地产公司将某小区建设项目发包给某建设公司，某建设公司将部分劳务分包给某劳务公司，某劳务公司分包给各班组长，各班组长雇请马某等人在工地务工。因某房地产公司与某建设公司对工程结算和工程款支付争议过大，某建设公司在退场前未完全解决农民工劳务报酬。未领取报酬的385名农民工经法律援助向法院提起诉讼，请求某房地产公司、某建设公司、某劳务公司、各班组长支付劳务报酬。","法院收到起诉材料后，考虑到该纠纷涉及范围广、与劳动者权益息息相关，为更高效、实质性化解纠纷，法院先通过检索多元解纷案例库，借鉴同类纠纷化解办法，依托“示范判决+府院联动+批量调解”机制，开展以下工作： 一是数据穿透精准分流，建立分类解纷机制。经全面梳理发现，该建设项目涉及拖欠农民工劳务报酬纠纷700余件，针对其中340件无争议的纠纷，指导政府相关部门进行调处，并及时完成支付工作；针对剩余有争议的纠纷，采用“6+379”分类化解机制——选取6件典型案件进行示范诉讼，其余纠纷依托综治中心调解，实现“个案裁判定规则，类案调解提质效”。 二是示范裁判明晰规则，破解责任推诿困局。学习借鉴多元解纷案例库中蔡某等千名劳动者与某电子公司劳动争议纠纷调解案（入库编号D2024-161-1-490-053）中“以判促调”的方法，对先立案的6起案件进行审理，判决某建设公司、某劳务公司、各班组长支付劳动者劳务报酬，力求以生效判决引导争议双方形成合理预期。 三是府院联动协同调解，构建权益保障闭环。综治中心牵头，法院、司法行政、人社、住建等多家单位共同参与，建立“1+4+N”调解小组，共同开展调处工作。各单位在职能职责范围内主动发挥纠纷化解优势，住建部门对某建设公司、某劳务公司开展劝导调解、欠薪问责工作；人社部门对农民工开展欠薪线索梳理、情绪安抚工作；综治中心、司法行政部门指派调解员再次组织开展调解工作，法院加强指导调解工作。 四是多角度分析精准施策，实现类案高效化解。调解过程中，某建设公司仍以其未与开发商结算工程款，无力承担农民工报酬等理由，不愿支付报酬。为此，指导法官详细阐明示范判决的裁判依据、分析证据采信理由、执行后果等，并向各方当事人细致讲解了多元解纷案例中王某等16人与某建设公司等劳务合同纠纷调解案（入库编号D2025-161-1-139-050），普法讲解《保障农民工工资支付条例》等相关法律法规，用实际案例释明对类似的多层分包、转包引发的农民工追讨劳务报酬纠纷已形成全国统一的法律适用，调解是化解此类纠纷的最优解。最终，某建设公司、某劳务公司和各班组长与劳动者达成一致调解意见，该系列纠纷仅耗时20天就全部实质化解。","本案系房地产领域农民工集体讨薪纠纷，涉及人数多、双方矛盾激烈，事关劳动关系和谐和民生福祉。本案化解过程中，法院主动借鉴、参照多元解纷案例库入库案例开展化解，通过发挥入库案例以案释理、以案说法、以案促治的普法效能，为纠纷化解提供示范指导，增强当事人对调解结果的认同感；同时，依托“示范判决+府院联动+批量调解”工作机制开展调解，综治中心发挥整合资源作用，搭建解纷平台，法院通过示范判决引导争议双方形成合理预期，住建部门发挥住房城乡建设领域预防化解纠纷的优势，组织劝导调解、欠薪问责，人社部门发挥劳动争议协商调解作用，组织欠薪线索梳理、情绪安抚，司法行政部门履行人民调解职能，开展“面对面”调解。通过各方联动，及时、高效化解集体欠薪纠纷，有力保障农民工合法权益，维护劳动关系和谐稳定。","《中华人民共和国民法典》第577条、第579条 《保障农民工工资支付条例》第30条","\N","","2026-01-27 09:50:16","2026-01-27 09:50:16","030c8f5076e95769b18010663e81a139","\N","20260426"
"1674","人民法院案例库","https://rmfyalk.court.gov.cn","民事-共有纠纷","2023-07-2-054-001","上海市第一中级人民法院","民事,共有,遗嘱继承,接受遗赠,行使对象,行使方式,高度盖然性","二审","2022.05.30","02","<p>　　原告周某某诉称：被继承人王某某是其舅舅，王某系王某某之女。王某某于2020年1月19日去世。多年来，周某某与王某某共同居住并照顾其生活起居。2000年，王某某取得A房屋，所有权人登记为王某某和高某（王某的女儿）。2009年4月7日，王某某在上海市某公证处办理了公证遗嘱，确定由周某某一人继承其所有的房屋份额。订立遗嘱后，王某某与周某某约定由周某某继续照顾其直至百年，王某某百年后遗留的房屋份额由周某某一人继承。之后，周某某照料王某某直至其去世。王某某去世后，周某某于2020年2月12日即向王某、高某以及其他亲属出示遗嘱公证书，要求继承房产份额。经持续多次协商沟通无果，故周某某诉至法院，要求判令A房屋中属于被继承人王某某所有的份额由周某某继承，归周某某所有。<br/>　　被告王某、高某辩称：不同意周某某的诉讼请求。周某某从未主动向王某、高某出示过遗赠的公证书，王某、高某是在处置遗产去做公证的时候，经过查询才知道有遗赠公证书。根据《继承法》第25条规定，周某某应当在60天内明确表示接受遗赠，遗赠才能生效。如果怠于积极表示接受遗赠或者漠视不发表意见，视为其放弃接受遗赠。本案中，60天的时间应该从王某某去世之日即2020年1月19日开始计算，截止2020年3月30日时间届满，周某某不能提供其在60天内主张过接受遗赠，应认定其放弃遗赠。<br/>　　法院经审理查明：被继承人王某某与陆某某系夫妻，有一女名王某，高某系王某之女。王某某于2020年1月19日报死亡，陆某某于1990年9月21日报死亡。王某某的父母均早于王某某死亡。2001年8月15日，A房屋登记为王某某、高某共同共有。2009年4月7日王某某在上海市某公证处办理了公证遗嘱一份，遗嘱内容为：“立遗嘱人：王某某，男，1927年某月某日生，现住上海某处。本人王某某是A房屋所有权人（与高某共同共有）。我外甥女周某某平时对我的生活多有照顾，为防止我身后亲属因财产问题发生纠纷，也为了感谢周某某多年来对本人的照顾，本人经慎重考虑，自愿立遗嘱如下：在我百年之后，A房屋所有权中属于我的份额由周某某一人继承。本遗嘱一式叁份，具有同等效力。”。<br/>　　审理中，周某某为证明其与王某某之间存在口头遗赠扶养协议申请证人邬某某、虞某某、陈某某、傅某某出庭作证；为证明其于王某某死亡后60日内作出了接受遗赠的表示申请证人汤某某、朱某某、张某某出庭作证。<br/>　　其中，证人汤某某作证称：周某某是我表妹，王某是我表姐，平时我和他们二个基本没有来往，王某某去世时才来往。王某某去世后大概是2020年2月，周某某和我说舅舅写过遗嘱，她要舅舅房子的。2020年2月16日左右，高某打电话给我说周某某把遗嘱拍照发给了她，还说这样对他妈妈不公平。后来周某某来看我妈妈的时候我就说起高某给我打电话的事情。<br/>　　上海市浦东新区人民法院于2021年9月6日作出（2021）沪0115民初9061号民事判决：A房屋由周某某、王某、高某按份共有，其中周某某享有25%产权份额，王某享有25%产权份额，高某享有50%产权份额。<br/>　　周某某、王某均不服一审判决，提起上诉。上海市第一中级人民法院于2022年5月30日作出（2021）沪01民终15342号民事判决：一、撤销上海市浦东新区人民法院（2021）沪0115民初9061号民事判决；二、A房屋由周某某、高某按份共有，其中周某某享有50%产权份额，高某享有50%产权份额。</p>","<p>　　法院生效判决认为，《继承法》第二十五条规定，继承开始后，有遗嘱的，按照遗嘱继承或者遗赠办理；受赠人应当在知道受遗赠后两个月内，作出接受或者放弃受遗赠的表示；到期没有表示的，视为放弃受遗赠。上述规定的立法目的主要是考虑到被继承人去世后，继承法律关系不应长期处于不确定状态，故受赠人应在特定时间内作出接受或者放弃的表示，以便于被继承人的遗产能够尽快得到处理、相关各方关系尽快回复至稳定状态。从上述规定的内容来看，受赠人本人应该在规定时间内作出表示，但对表示的形式并未限定，故只要足以达到能够确认为有接受或放弃遗赠的意思表示的程度即可，表示的形式不应过分拘泥，可以是书面或是口头，甚至是通过特定的行为。至于表示的对象，上述规定亦未明确，故只要和继承或遗产存在较为密切关系之人如继承人、继承人的利害关系人、遗产管理人等均可。<br/>　　本案中，一方面，王某某于2009年所立公证遗嘱周某某早已知情，周某某在公证遗嘱后还照顾王某某十余年直至其去世。另一方面，在王某某2020年1月去世后，作为周某某的表姐、王某的表妹，证人汤某某表示，其在2020年2月份接到过高某电话，高某称周某某将遗嘱照片发给了高某，并对汤某某表示这对王某不公平。而且，根据周某某所称，王某某去世后双方有交接过物品，系争房屋房产证其一直未交出。法院认为，单凭汤某某等人之证言，可能确实依据尚有欠充分；但综合上述内容，并结合其他在案情况，周某某称其在知道受遗赠后两个月内作出了接受遗赠的表示，并非仅存在孤证，而是已形成相应之证据链，且达到民事案件高度盖然性之证明标准。故周某某已在法定时间内作出了接受遗赠的表示，本案应当尊重王某某的遗愿，其在系争房屋中的遗产份额由周某某享有。</p>","<p>受遗赠人接受遗赠的表示，可向与继承或者遗产存在较为密切关系的人作出，包括继承人、继承人的利害关系人、遗产管理人等。受遗赠人接受遗赠的表示形式，只要足以达到能够确认为其有接受遗赠的意思表示的程度即可，可以是书面形式、口头形式。</p>","<p>　　《中华人民共和国民法典》第1124条（本案适用的是1985年10月1日施行的《中华人民共和国继承法》第25条）</p><br/>######<p>　　一审：上海市浦东新区人民法院（2021）沪0115民初9061号民事判决（2021年9月6日）<br/>　　二审：上海市第一中级人民法院（2021）沪01民终15342号民事判决（2022年5月30日）</p>","\N","\N","2026-01-21 10:27:30","2026-01-21 10:27:30","03189c179a80af544ea8e7eb019d1387","\N","20260426"
"2362","人民法院案例库","https://rmfyalk.court.gov.cn","民事-海上、通海水域人身损害责任纠纷","2023-10-2-200-005","南京海事法院","民事,海上人身损害责任纠纷,港口作业,主体责任","一审","2021.09.13","02","<p>　　原告丁某诉称：2021年3月31日下午，原告驾驶的“某货8588”号船舶在江苏省启东市某码头替某公司运输黄沙，其间，被告启东市某材料公司（以下简称某材料公司）的工作人员即被告陆某操作吊机将货船的黄沙卸货时，由于陆某疏于观察、操作不当导致吊机碰到原告并导致原告受伤。事故发生后，原被告之间就相关赔偿事宜多次协商，均未能达成一致。故请求判令：一、被告支付原告已发生的部分医药费计387775.46元；二、本案的诉讼费、保全费由被告承担。<br/>　　被告陆某辩称：本人系被告某材料公司的员工，有吊机作业资格证，事发时在公司安排下规范地进行吊机作业，不存在过错行为。<br/>　　被告某材料公司辩称：陆某系本公司员工，事发时履行职务行为。本案是一般侵权责任纠纷，适用过错责任，原告作为接受过专业安全培训、具有船员资格证书、专业从事运输工作的专业人员，明知在吊装工作尚未结束时不能在吊机工作范围内活动，应当预见到安全风险。本公司已尽到警示提醒的义务，且现场安排了安全维护人员曹某。“某货8588”号货船从下午3点左右开始卸货，直至5点左右时，货仓内剩下最后一车左右的黄沙未吊装时，原告私自跑到吊机操作人员盲区的范围内，从而导致事故的发生，故原告存在重大过失，应当承担本起事故的主要责任。<br/>　　法院经审理查明：2021年3月31日，丁某驾驶的“某货8588”号货船停靠在江苏省启东市某码头，下午2时左右，某材料公司安排持有吊机操作资格证的陆某操作吊机将该货船运载的黄沙进行卸货。5时左右，卸货作业即将结束，丁某前往船边准备挪动梯子以便货仓底部人员出仓，其间被吊机配重撞倒受伤。事故发生时，某材料公司未在操作区域以及操作设备上设置明显的安全警示标志，并因此受到行政处罚。<br/>　　南京海事法院于2021年9月13日作出（2021）苏72民初683号民事判决：一、被告某材料公司赔偿原告丁某因本起事故造成的损失计132665.28元，于判决生效后十日内履行；二、驳回原告丁某的其他诉讼请求。宣判后，各方未上诉，一审判决已生效。</p>","<p>　　法院生效裁判认为，本案的争议焦点为：一、本起事故中某材料公司责任的认定；二、丁某对自身损害是否存在过错；三、陆某是否需要承担责任。<br/>　　关于争议焦点一， 本起事故中某材料公司责任的认定。首先，根据行政处罚决定书载明的内容，某材料公司在码头进行装卸作业时导致原告受伤，其未在操作区域以及操作设备上设置明显的安全警示标志，违反安全生产的相关要求，被处以行政处罚，可以认定某材料公司在案涉装卸作业时确实存在过错；其次，某材料公司辩称作业吊机上涂有相关警示标语和标识，但未能提供相关证据予以证明，退一步讲，即使吊机上涂有相关警示标识，其确未在吊机操作区域外围设置警示标志是事实，可以认定某材料公司未能尽到足够的安全警示义务；再次，某材料公司认为其已安排曹某在现场负责安全管理，经查，事故发生时曹某确在现场，但其并未对进出操作区域人员进行严格管理，待其发现时丁某已经进入吊机操作区域内并且受伤。可以认定某材料公司未尽到足够的安全维护义务。综上，某材料公司应当对丁某因本起事故产生的损失承担赔偿责任。<br/>　　关于争议焦点二，丁某对自身损害是否存在过错。丁某系“某货8588”号货船驾驶人员，持有船员服务簿，从事船舶运输业多年。事故发生当日，某材料公司的吊机进行装卸作业已近3个小时，丁某对吊机正在进行装卸作业是明知的，虽然丁某称其前往船边时货仓内部已空，但吊机并未全部停止作业，原告作为长期从事船舶运输的专业人员，应当对大型设备作业安全知识有基本的了解，即使是不具备专业知识的普通人员，在遇到危险系数较高的设备作业时，也应对自身安全有基本的自我保护意识。丁某在吊机未停止作业时即擅自进入作业区域，站在吊机驾驶员视觉盲区时未注意避让正在移动的吊机，未能对自身安全尽到足够的注意义务，放任危险的发生，故丁某对自身的损害亦存在一定的过错，可以减轻某材料公司的赔偿责任。关于丁某主张的某材料公司吊机未与船舶保持安全距离，因吊机系固定安装在码头，故对原告该项主张法院不予采纳。<br/>　　关于争议焦点三，陆某是否需要承担责任。事故发生时，陆某是某材料公司的工作人员，具有吊机操作资格证，受某材料公司的安排在码头驾驶吊机从事装卸作业过程中导致原告受伤，用人单位的工作人员因执行工作任务造成他人损害的，由用人单位承担侵权责任，故陆某无须承担赔偿责任。<br/>　　综上，丁某因本起事故造成的损失，由某材料公司承担60%的赔偿责任，丁某自担40%的责任。故丁某主张的已产生的医疗费637775.46元，应由某材料公司承担382665.28元，扣除其已经垫付的250000元，尚须赔偿丁某132665.28元。</p>","<p>关于港口作业过程中各方作业主体责任的认定问题。首先，装卸企业在装卸作业过程中，应当严格遵守安全生产的相关要求，在操作区域以及操作设备上设置明显的安全警示标志，最大限度尽到安全警示义务；要在现场安排专人进行安全管理，发现其他人员进入操作区域时应及时制止，避免安全生产事故的发生；要注意加强对企业工作人员的日常安全知识培训，提高工作人员的安全生产意识。如果未能尽到上述义务而导致码头装卸过程中出现人员伤亡，装卸企业应当承担相应的赔偿责任。其次，配合货物装卸的船上工作人员，应服从装卸企业的装卸安排，同时应具备对自身安全的保护意识，尽到足够的安全注意义务，否则应对自身的损失承担责任。</p>","<p>　　《中华人民共和国民法典》第1165条、第1173条、第1191条</p><br/>######<p>　　一审：南京海事法院（2021）苏72民初683号民事判决（2021年9月13日）</p>","\N","\N","2026-01-21 10:27:30","2026-01-21 10:27:30","03277097d95aab343c083e675bd0f35a","\N","20260426"
"2424","人民法院案例库","https://rmfyalk.court.gov.cn","民事-买卖合同纠纷","2023-10-2-084-003","江苏省南通市中级人民法院","民事,国际货物买卖合同,宣告合同无效,根本违约,合同部分无效","一审","2020.09.02","02","<p>　　原告西班牙EC公司诉称：原告与被告南通某医疗用品有限公司于2017年2月9日签署买卖合同约定，原告向被告购买130卷(90cm*2000m)、140卷（100cm*2000m)、140卷（120cm*2000m)，规格为17线的漂白纱布，生产地为中国，合同总价款为98860美元。原告已经支付84031美元。在接收货物以后，原告发现140卷（120cm*2000m)短缺60卷，同时漂白纱布几乎都是15纱线或12纱线漂白纱布，与合同约定的型号17线漂白纱布不符，且该漂白纱布显出一种非粘合不稳定的织造。除此之外，还存在各种瑕疵以及宽度小于90厘米、100厘米、120厘米纱布卷。据此，被告提供的货物的规格不符合合同约定，致使合同目的不能实现。请求判令：1.解除原告与被告签订的买卖合同；2.被告向原告返还货款84031美元；3.被告承担原告预期利润损失25578美元；4.本案诉讼费由被告承担。<br/>　　被告辩称，1.被告提供的纱布完全符合合同以及《调解协议》中约定的纱布质量要求。被告通过第三方泰州工厂加工生产纱布，在发货之前即将纱布的样品寄给原告，完全符合原告要求，且原告在2017年8月8日的邮件中明确表示“原告将跟随被告的意见”，即同意被告发货。2.原告违反合同及《调解协议》的约定，没有在《调解协议》约定的检验时效内，让第三方检验机构到被告产品仓库进行验收检测，其行为放弃了主张产品质量的权利，其真实的目的就是为了拒绝支付剩余的15%货款。3.原告认可实际履行纱布的数量。被告2017年8月22日通过船运医用纱布，提单等票据于2017年9月18日寄出。原告9月20日就收到相关的票据，其中明确载明少了60卷的纱布，对此原告并没有提出任何数量短少的异议，直到10月9日收货后，才在10月15日进行单方面的检测，明显违反了《调解协议》中的检测约定。4.关于本案的法律适用。原、被告在合同中并未选择出现纠纷时的法律适用。因此，根据《中华人民共和国涉外民事关系法律适用法》第41条的规定，当事人没有选择的，适用履行义务最能体现该合同特征的一方当事人经常居住地法律或者其他该合同有最密切联系的法律，故本案应当适用中国法律。<br/>　　法院经审理查明：2017年2月9日，原、被告签署买卖合同，约定原告向被告购买7*10支的漂白纱布，数量和规格分别为130卷（90厘米×2000米）、140卷（100厘米×2000 米）、140卷（120×2000 米），合同总价98860美元，付款方式为35%预付+余额在装船前支付，交货期限为收到货款后35日内。<br/>　　2017年2月22日，原告向被告支付了35%的预付款34601美元。<br/>　　2017年3月29日，被告向原告邮寄了产品样品。<br/>　　因双方对2016年的订单产品质量产生争议，原告对案涉合同的质检提出要求，故双方于2017年7月22日签署的《调解协议》第1条约定：50%的款项即49430美元作为第二笔款项应于签订协议之日起四个工作内支付，最晚到账日期不得迟于2017年7月27日。15%(14829美元作为第三笔款项）为质保金，将在完成交货、原告验收完成且第三国的检测机构出具质量符合要求的报告后支付。质检应在被告仓库所在地由第三国的检测机构进行操作。协议第2条约定：双方将安排SGS检测机构对订购产品进行质检，以检查其数量及质量是否与合同相符，检测机构应出具相应的质量检测报告，说明订购产品质量是否良好、合理且符合销售目的。协议第3条约定：订购的产品已经在合同20170209中进行了列举，即不同宽度（90、100及120厘米）的漂白纱布，且每厘米纱布上约有7×10的螺纹（产品质量不得低于之前所寄的样品质量），纱布必须统一长度即2000米。协议第4条约定：在被告收到第二笔款项50%（49430美元）后，被指定的检测机构SGS将立即开展检测工作，被告也应在此时准备好所有订单内的产品用于检测。协议第5条约定：被告承诺向SGS检测机构提供质量检测相关的一切必要的协助。<br/>　　　　2017年7月26日，原告向被告支付了50%的货款即49430美元。<br/>　　2017年7月-8月，原告多次联系SGS、BV等检测机构。7月28日，原告电邮告知被告，SGS的张先生明天将通过电话联系被告，以便商定验货的日期。被告随后回复原告，好的，知道了。没问题。被告现在在外面，请让SGS的张先生下个星期一再联系。8月3日，原告电邮告知被告，原告收到一封SGS拒绝验货的邮件，现在法国的AQM已准备好验货，并且附上了SGS拒绝原告的邮件。8月4日，被告电邮告知原告，被告已经等了SGS将近两个星期的时间，现在SGS拒绝了？但是被告怎么收到了8月8日至9日SGS验货日期的消息呢？如果原告想换成AQM验货公司，那么意味着上次签署的调解协议无效。随后原告回复，SGS在7月11日报价并接受了验货请求，但是2周后SGS发邮件拒绝了。现在原告想换成AQM，希望被告能同意。被告随后回复，如果上海的SGS拒绝来，那么原告可以邀请广州或者北京的SGS，或者在本周内邀请上海的泰纳或者上海的BV来。被告最多只能等原告1个星期左右就要装货了。如果被告从别人那里为原告出具测试报告，原告同意吗？或者原告在卸货的时候安排阿尔及利亚的SGS来验货？被告不同意AQM，因为AQM的老板有西班牙背景。8月8日，原告电邮告知被告，原告再次联系了Cotecna,但他们拒绝进行验货。现在原告在等待BV的答复。如果BV不接受验货，原告将跟随被告的意见。请准备进口文件，并告诉原告纱布卷的准确净重和毛重。8月14日，被告电邮告知原告，没人跟被告确认BV的验货时间安排，被告最多等到本周的最后1天，因为仓库中实在没有空间去存放这些做好了近5个月的卷。8月21日，被告再次电邮告知原告，上周邮件发送后，被告没有收到任何来自原告或者SGS的消息，直到这个周末也没有BV的电话。由于仓库已满，被告今天将把全部货物送到货运代理仓库。并且必须准备预定船运。请确认或修改仓库发货数据。8月22日，被告将案涉货物安排出口至原告在阿尔及利亚的客户K制药业一人有限公司(以下简称K公司)。8月24日，原告电邮告知被告，BV在和被告谈话后也拒绝了验货。显然BV不确定被告是否会给他们必要的验货支持。原告要求被告不要把货物移到货代那里，因为原告将在接下来的几天里决定是否亲自来验货。当日被告电邮回复原告，被告从来没有拒绝BV验货，在最近的邮件中，原告说过可以转运而且被告仓库确实没有储货空间，现在货已经在海关仓库等装运。8月25日，被告电邮告知原告，被告从不拒绝任何验货，并始终尊重合同，被告已经等了原告足够的时间，被告也是从原告的电子邮件才知道SGS和BV拒绝原告的消息。同时在原告的电子邮件中，原告称如果BV也拒绝，就遵循被告的建议。所以被告才和运输代理预订并安排装船。被告让运输代理再多等2-3天，但运输代理告知货物已经上船了。如果原告在EMC有朋友，可以让集装箱返回，那就最好了。如果被告想骗原告，为什么被告又听从原告还等了这么多天？我的朋友，拿到钱后，被告上个月有足够的时间装船。但被告仍然等待SGS来检查并出结果。<br/>　　被告最终交付了84030美元的货物，与原告支付的85%的货款一致。<br/>　　2017年10月9日，案涉货物到达阿尔及利亚海关管制区后，原告即申请阿尔及利亚Veritas办公室对其进行检验。Veritas办公室确认了运输集装箱自中国往阿尔及利亚旅途当中没有破裂或更换封条，在进行多次检测工作后，于10月18日出具检测报告，载明，有0.9、1.0和1.2米三个宽度漂白纱布不符合商业文件里所提及的尺寸，即17支线/c㎡,但最多的15支线/c㎡。该漂白纱布显出一种用非粘合不稳定的织造，除此之外，还显出各式各样的毛病以及宽度小于0.9、1.0和1.2米纱布卷。<br/>　　2017年10月25日，原告的客户K公司向原告提出争议和索赔信函，表明其收到的漂白纱布几乎都是15纱线或12纱线，有编织缺陷，纱布卷的边缘有蓝色或黄色的斑点，宽度尺寸小于90厘米、100厘米、120厘米，其要求原告赔偿纱布总成本132261美元的60%，即79356.6美元。同时表明将添加纱布长度不足的纱布成本，只有当展开全部纱布卷后，才能精确地知道纱布卷的长度缺多少。<br/>　　2017年12月19日，原告向被告发送电邮，表明被告未按约定交付98860美元的纱布，少交付13750美元的纱布，且被告在货物检验前即装运上船，原告只能在货物到达阿尔及利亚后委托检验公司检验，现因纱布质量不合格，原告阿尔及利亚的客户要求其赔偿42555美元，故原告为维护自身利益，要求被告返还未交付货物的13750美元，并支付42555美元，作为向最终客户的赔偿金。<br/>　　2018年3月11日，K公司向原告提出第二封争议和索赔信函，表明纱布卷长度不足，90厘米的纱布卷长为1750米，100厘米的纱布卷长为1800米，120厘米的纱布卷长为1800米，并再次索赔赔偿纱布总成本132261美元的10%，即13226.1美元。<br/>　　被告陈述，其销售给原告的漂白纱布系向案外人江苏某医用敷料有限公司采购，该公司出具检测报告，载明其销售给被告的漂白纱布在布面特征、经纬密度、宽度等方面均符合原告的要求。　　<br/>　　江苏省南通市中级人民法院于2020年9月2日作出（2019）苏06民初429号民事判决:一、宣告原告与被告于2017年2月9日签署的买卖合同中尚未履行的15%部分无效；二、被告于判决生效之日起三十日内赔偿原告经济损失3万美元；三、驳回原告的其他诉讼请求。宣判后，双方均未上诉，一审判决已发生法律效力。</p>","<p>　　法院生效裁判认为：本案当事人营业地分别位于中国和西班牙，两国均是公约缔约国，双方在合同中并未明确排除适用《联合国国际货物销售合同公约》（以下简称《销售合同公约》），故本案应适用《销售合同公约》解决争议。案涉纱布的质量问题不属于重大质量瑕疵，该纱布依然具有使用价值，能够使用或转售，被告并未达到根本违约的程度，原告无权宣告整个合同无效。此外，原告于2017年10月18日即知晓货物不符合同约定，但并未向被告发出宣告合同无效的声明，直至2019年6月18日起诉时才提出该请求，已超出了合理期间，丧失了宣告整个合同无效的权利。因被告仅交付85%的货物，双方即因质量争议提起诉讼，合同的剩余15%部分已无法履行，故在原告的诉讼请求范围内依法确认合同尚未履行的15%部分无效。原告提出的索赔额应是对自身直接损失及可得利益充分评估的结果，但其在合同履行中也存在一定过错，间接造成了损失的扩大，故参考索赔金额，结合双方过错程度、案涉货物的可利用价值等因素，确定被告向原告赔偿3万美元。据此，判令被告赔偿原告经济损失3万美元，驳回原告的其他诉讼请求。</p>","<p>《联合国国际货物销售合同公约》规定的宣告合同无效制度实质等同于我国法律中的合同解除制度。本案准确理解和适用公约宣告合同无效制度。一方面准确认定根本违约情形以及合同解除权行使的合理期间，不允许随意宣告合同全部无效，体现了公约基于诚信原则于第四十九条第二款规定的解约权限制性原则；另一方面根据合同货物分批交付的特点，对符合规定的允许宣告合同部分无效，即予以部分解除，并由违约方赔偿守约方相应的经济损失。</p>","<p>　　《联合国国际货物销售合同公约》第1条、第4条、第49条、第51条</p><br/>######<p>　　一审：江苏省南通市中级人民法院（2019）苏06民初429号民事判决（2020年9月2日）</p>","\N","\N","2026-01-21 10:27:30","2026-01-21 10:27:30","035eed25a71e2038ef6987077b608f68","\N","20260426"
"980","人民法院案例库","https://rmfyalk.court.gov.cn","民事-著作权权属、侵权纠纷","2024-09-2-158-014","北京知识产权法院","民事,著作权权属、侵权,美术作品,电影角色,衍生品开发,审查义务,合法来源","二审","2023.10.27","02","原告田某鹏等主张其系燕城某传媒有限公司（以下简称燕城某传媒公司）股东，燕城某传媒公司在诉讼中已注销，由三自然人股东继承其权利义务，享有涉案的“孙悟空”“唐僧”“白龙”“悟空金甲”“悟空手偶”“人形混沌”“安心”等美术作品（简称“涉案美术作品”）的著作权。田某鹏等联合案外第三方使用涉案美术作品拍摄的动画电影《西游记之大圣归来》（简称“涉案电影”）自2015年7月10日上映便获得极大关注和好评，成为2015年度内地票房前十名。被告上海某化妆品有限公司（以下简称上海某化妆品公司）、上海某联合股份有限公司（以下简称上海某联合公司）未经许可将涉案美术作品印制在其生产的产品上、产品外包装上、产品宣传物料上；并将涉案美术作品中的动画形象用作该品牌的代言人，在网络店铺的装潢上大肆使用，且使用其中“孙悟空”“江流儿”“人形混沌”等动画形象制作一段时长59秒的宣传广告片，二被告的上述使用行为既未征得原告同意，同时还擅自给孙悟空加了一条尾巴，侵害了原告对涉案美术作品享有的复制权、发行权、保护作品完整权、改编权。第三人某商贸有限公司（以下简称某商贸公司）提出其系“大圣归来人物形象的合法被许可使用权人”，并认为其有权自行使用或授权被告使用电影《大圣归来》中的人物形象，但原告田某鹏等认为，第三人所获授权并不合法。故诉至法院，请求判令：1.三被告停止侵权行为，停止使用含有原告美术作品的产品包装、宣传物料及宣传视频；2.上海某化妆品公司、上海某联合公司向原告公开赔礼道歉并消除影响，持续时间不少于15个工作日；3.上海某化妆品公司、上海某联合公司连带赔偿原告经济损失人民币100万元；4.三被告连带赔偿原告维权合理支出人民币155268元（其中律师费15万元、公证费4588元、侵权产品购买费680元）；5.第三人某商贸公司停止使用或授权他人使用原告美术作品中的动画形象。<br/>　　北京市西城区人民法院于2022年9月1日作出（2022）京0102民初3864号民事判决：一、上海某化妆品公司、上海某联合公司立即停止涉案侵权行为, 停止使用含有涉案美术作品的产品包装、宣传物料及宣传视频；二、某商贸公司停止使用或授权他人使用涉案美术作品的动画形象；三、驳回田某鹏等的其他诉讼请求。宣判后，田某鹏等提起上诉。北京知识产权法院于2023年10月27日作出（2022）京73民终4213号民事判决：一、撤销北京市西城区人民法院（2022）京0102民初3864号民事判决；二、上海某联合公司本判决生效之日起十日内赔偿田某鹏等经济损失150000元；三、上海某化妆品公司于本判决生效之日起十日内赔偿田某鹏等经济损失10000元；四、上海某联合公司、上海某化妆品公司于本判决生效之日起十日内赔偿田某鹏等维权合理支出80000元；五、驳回田某鹏等的其他诉讼请求。","一、第三人某商贸公司是否享有合法授权及权利范围、期限<br/>　　某泰公司与某商贸公司签订《权利转让协议》约定将其拥有的电影《大圣归来》全部权利转让于某商贸公司，协议未约定时间。但某商贸公司作为被授权人，其权利范围及期限应当限于授权人享有的权利。某泰公司自山东某公司所获得的权利范围及期限包括“玩具( 毛绒玩具等)、文具、服装、鞋帽、食品、电子产品及辅件、配饰；不包括游戏、图书音像制品、主题公园；未提及的品类，乙方享有优先权, 具体合作方式另行约定；合作期限自本协议签署之日起, 至电影作品在中国大陆地区首次公映之日起【六】年”涉案电影于2015年7月10日上映，授权期限至2021年7月9日。本案中无证据证明某泰公司与山东某公司就上述未提及的品类存在合作协议，即某商贸公司对涉案作品享有的权利及转授权范围与期限均应限于上述范围与时间。其取得除游戏、音像、主题乐园以外的全品类衍生品开发权利的主张无事实与法律依据。 <br/>　　二、各方是否存在侵权行为及应当承担侵权责任 <br/>　　（一）关于上海某联合公司、上海某化妆品公司的行为是否侵害田某鹏等的著作权。涉案商品男士护肤品不属于某商贸公司享有的涉案作品权利及转授权范围。某商贸公司授权上海某联合公司在男士护肤品品类上使用涉案美术作品，超出了其权利范围。上海某联合公司在男士护肤品商品外包装及宣传视频等中使用涉案美术作品，构成对涉案作品复制权、发行权的侵犯。上海某化妆品公司在其微信公众账号中发布文章使用涉案作品的行为侵害了涉案作品的复制权。上海某联合公司宣传视频中未改变相应美术作品的基本特征，没有创造出新的形式的作品，不构成对改编权的侵犯。上海某联合公司的使用行为未造成作者原作品中的情感或观点被曲解，故不构成侵害保护作品完整权。 <br/>　　（二）关于上海某联合公司与上海某化妆品公司是否应承担赔偿损失的侵权责任。本案中，上海某联合公司主张其自某商贸公司取得了涉案作品著作权，但某商贸公司存在超范围授权，考察上海某联合公司购买涉案作品是否尽到审查义务，是否明知或应知某商贸公司授权不完整，成为抗辩是否成立的关键。上海某联合公司自某商贸公司购买涉案美术作品授权用于其商品包装系商业行为，作为商业主体家化公司应当对涉案作品权利来源负有较高审查义务，充分审查权利链条。上海某商贸公司作为商品的生产者及销售者其审查义务不应于普通消费者一概而论，其主张的涉案电影微博及媒体宣传内容不能成为确定作品权属的依据，不应仅据此产生信赖，故上海某联合公司在交易过程中未尽到审查义务，上海某联合公司与上海某化妆品公司应当就其侵权行为承担相应的赔偿责任。 <br/>　　（三）关于田某鹏等对某商贸公司的诉讼请求。经查，本案被诉侵权行为在一审判决前已经停止，田某鹏等未明确陈述及举证证明某商贸公司除本案被诉行为外还有其他自行使用或对外授权使用行为，故其该项诉讼请求不存在现实的诉的利益，田某鹏等该项诉讼请求无事实依据。","被诉侵权人以经转授权取得作品权利作为其合法来源抗辩的，法院应当依据许可合同所约定的授权范围和期限对权利链条进行审查。作品使用权受让人对作品的使用方式为以盈利为目的的经营性使用的，其作为商业主体，对于授权链条中相关许可合同所约定的授权范围和期限应尽到较高的审查义务。被诉侵权人超出许可合同约定的授权范围主张合理来源抗辩的，不予支持。<br/>","《中华人民共和国著作权法》(2010年修正)第15条、第54条<br/>　　《最高人民法院关于审理著作权民事纠纷案件适用法律若干问题的解释》（法释〔2002〕31号，2020年修正）第7条<br/>　　《最高人民法院关于适用<中华人民共和国民事诉讼法>的解释》（法释〔2015〕5号，2022年修正）第64条、第249条<br/>######　　一审：北京市西城区人民法院（2022）京0102民初3864号民事判决（2022年9月1日）<br/>　　二审：北京知识产权法院（2022）京73民终4213号民事判决（2023年10月27日）<br/>","\N","\N","2026-01-21 10:27:30","2026-01-21 10:27:30","0361061e3c3417ba0d7849c449c5fd96","\N","20260426"
"6324","多元解纷案例库","https://dyjfalk.court.gov.cn/site/case/e7aa8f77-0bbc-4570-b1d8-5f7f2d392424","民事-饲养动物损害责任纠纷","D2025-161-1-380-731","重庆市北碚区人民法院","民事,饲养动物损害责任纠纷,宠物致损,损失认定,“一庭两所”联调机制","","2025-10-28","\N","2025年5月2日，游客黄某牵着宠物泰迪犬，与家人一起在某景区游玩过程中，景区内居民饲养的金毛犬突然袭击并当场咬死了黄某的泰迪犬。黄某立即向景区派出所报案，在派出所和社区帮助下找到肇事金毛犬的主人梁某。黄某要求梁某赔礼道歉，并赔偿购宠费、饲养成本、安葬费、精神损害抚慰金等损失，梁某拒绝赔偿。经社区居委会、派出所和司法所多次调解未果。黄某同时以在线方式诉至法院。","法院收到起诉材料后，通过“一庭两所”（基层人民法庭+派出所+司法所）矛盾纠纷联调机制，与景区派出所、司法所沟通案件信息，了解到该景区宠物治理存在较大安全隐患，常有宠物伤人事件发生，如处理不当，将直接影响该地区旅游业的发展。为妥善化解纠纷，征得当事人同意后，法院通过“一庭两所”矛盾纠纷联调机制，会同派出所、司法所共同指导驻景区的人民调解组织开展先行调解。由法官、民警、调解员组成联调小组，具体由法官进行调解指导、民警负责内外协调，调解员具体开展调解。调解员经与当事人沟通了解，黄某系外地游客，该泰迪犬陪伴她十年之久，感情深厚，强烈要求肇事宠物主人赔礼道歉，并赔偿饲养宠物产生的各项成本。梁某系无业青年，旅居该景区，无稳定工作和固定收入，不同意赔偿损失，更拒绝赔礼道歉。指导法官向调解员释明了相关法律规定，梳理调解框架并释明调解方向，指导调解员开展以下工作： 一是安抚情绪，缓和矛盾。调解员通过电话调解方式，联系远在外地的黄某，询问其想法，安抚其情绪，巧打感情牌，努力与其形成共情。同时向其释法明理，解读相关法律规定，并解读最高人民法院关于饲养动物侵权方面的典型案例，引导其合理调整心理预期。通过调解员释法说理，黄某表示愿意配合，可以不主张饲养成本、疫苗费等支出，但强烈要求当面调解，要求对方当面道歉并支付精神损害抚慰金。 二是多方联动，促成和解。经向社区了解，梁某系无业青年，其饲养宠物曾多次致人损害。经向派出所调取其养犬行为记录，梁某曾有两次因违反地方养犬条例致使犬只伤人，已被公安机关按照规定进行罚款。针对以上情况，指导法官帮助调解员优化调解策略、调整解纷思路，全过程跟案指导；派出所向梁某宣传养犬管理条例，对其进行批评教育，责令强化宠物管理人责任；司法所及调解员走访多名目击证人深入了解案情；社区积极配合走访。通过多方释法明理，梁某认识到自己错误，表示自己没意识到宠物致宠物损害需要饲养人承担责任，愿意当面道歉，但表示无力承担1万元损失。调解当天，黄某从外地驱车赶到景区人民调解委员会。梁某向黄某真诚道歉，并表示愿意尽其所能进行赔偿。民警介绍了梁某经济状况和特殊困难后，黄某表示不再坚持1万元的赔偿数额。调解员遂参照最高人民法院相关案例，确定了3000元赔偿金额，梁某当场支付，二人握手言和，黄某当即撤回起诉。梁某按照公安机关要求将肇事金毛犬送至收容场所。 三是以案示法，完善治理。该景区为开放式景区，流浪猫狗泛滥，常有因饲养宠物管理不规范导致的宠物伤人事件。在妥善化解该起纠纷后，为加强源头治理，法院针对景区管理存在的漏洞和盲区，建议其采取多项措施提升景区管理能力：第一，邀请镇政府和景区管理方共同参与矛盾纠纷的预防化解，开展以案说法工作；第二，联合多部门在景区开展普法宣传，强化宠物饲养人风险意识、责任意识；第三，向镇政府建议进一步压实景区管理人责任，推动流浪猫狗集中整治。目前，该镇政府已制定出台相关文件，流浪猫狗得到集中整治。","本案系景区内饲养宠物致游客受损引发的财产损害赔偿纠纷，涉及景区综合治理和游客合法权益保护。本案中，法院依托“一庭两所”矛盾纠纷联调机制，由派出法庭、派出所、司法所联合当地社区各施其职，协同联动，并指导驻景区的人民调解开展就地调解工作，共同促推纠纷化解。其中，基层人民法庭的指导法官对调解员进行“一对一”指导，包括厘清法律关系，释明法律规定，指导调解方向，并提供典型案例；司法所及人民调解员走访目击证人，深入了解案情，分清是非曲直，“面对面”听取意见，“背对背”开展调解，通过法律规定、典型案例向当事人释法明理，取得黄某信任和理解，为推动调解工作奠定基础；派出所则针对梁某多次违法的特殊情况，依法对其批评教育，释明相关法律规定。最终，通过“一庭两所”联动化解机制，促推纠纷得以妥善化解、当场履行。调解成功后，考虑到该景区宠物伤人事件频发，景区治理存在隐患，影响景区口碑，法院联合相关单位开展以案说法、普法宣传，并推动当地政府积极履职，多措并举提升景区综合治理能力，从源头上预防此类纠纷再次发生。","《中华人民共和国民法典》第1245条、第1246条、第1247条","\N","","2026-01-27 09:49:05","2026-02-03 09:46:46","036dcd04338e646b63191e937e9943fc","\N","20260426"
"7101","多元解纷案例库","https://rmfyalk.court.gov.cn","民事-买卖合同纠纷","D2024-161-1-084-023","金湖县人民法院","民事,买卖合同纠纷,货款纠纷,法官视频指导调解","","2024-12-27","\N","张某系某村养殖户，应约将163斤价值3407元的小龙虾送到闵某处。因闵某不在，张某按惯例将货单和龙虾拍照，通过微信发给闵某。之后闵某称龙虾中有死虾，且货单没人签字，提出减免货款。张某不认可，两人遂发生争执，并闹到村委会。双方各执一词，调解员调解无果，便请双方来到闵某家，通过视频连线方式请求法官给予指导。","法官通过视频了解基本情况后，认为本案涉案标的不大，可以直接在线调解，于是和调解员一起从双方长远合作、互利共赢等方面进行分析，阐明如果进入诉讼程序，面临诉讼成本高、耗时长等不便，通过“法官说法”“调解员说理”，引导双方“大事化小”“不伤和气”，双方在权衡利弊后，均愿意各退一步达成调解。","该地区属于渔民集中居住点，涉水产品类纠纷量大，渔民长年在外，如果到法院提起诉讼，通过“打官司”方式解决纠纷不仅会耽误生产，还需要承担较高的解纷成本，且如果纠纷得不到及时处理，小矛盾可能会变成大纠纷。为此，该地区积极开展人民法院调解平台“进乡村、进社区、进网格”工作，法官依托调解平台，通过视频方式及时对调解员就地调解工作进行线上指导，并提出专业法律意见，促成双方当事人和解，实现纠纷便捷高效低成本化解，当事人足不出户就达到“案结事了人和”的良好效果。","《中华人民共和国民法典》第510条、第577条","\N","","2026-01-27 09:51:09","2026-01-27 09:51:09","037d6bfa4f3fe0059c29bd59186c571d","\N","20260426"
"5523","人民法院案例库","https://rmfyalk.court.gov.cn","民事-申请破产重整","2025-08-2-422-003","北京金融法院","民事,申请破产重整,保险公司,保单债权人,保险保障基金公司,统一代理,债权分类申报,风险隔离机制","破产","2023.02.24","02","<p>　　易某财产保险股份有限公司（以下简称易某保险公司）于2016年2月26日经原中国银行保险业监督管理委员会（以下简称银保监会）批准设立，系全国四家互联网保险公司之一。2022年6月29日，经银保监会批准同意易某保险公司进入破产重整程序。7月15日，北京金融法院裁定受理易某保险公司破产重整申请，指定由易某保险公司清算组担任管理人，并发布受理公告。同日，易某保险公司官网发布继续营业暨存量保险合同继续履行公告，截至重整受理日尚未到期且仍需履行剩余期限保险责任的保单持有人无需申报债权，其保险合同权益不受重整影响。某保险保障基金有限责任公司（以下简称某保险基金公司）官网也于同日发布关于依法保障保单债权人权益的公告，明确需要进行债权申报的保单债权人由某保险基金公司在取得授权的基础上统一代理申报保单债权，不同意的可以自行向破产管理人申报债权。后某保险基金公司经授权统一代理7641家占比达99.7%的保单债权人申报债权人民币112452252.82元。9月6日，法院依法召集易某保险公司第一次债权人会议，审查申报债权并表决通过了相关决议，指定某保险基金公司担任债权人会议主席。在此基础上，管理人充分披露易某保险公司的经营、资产负债等情况并作出详细说明，通过市场化方式引入实体新能源车企作为重整投资人。2023年1月12日，法院召集第二次债权人会议暨出资人组会议，高票表决通过了重整计划草案及投资人权益调整方案。其中，保单债权组有表决权的债权人共7219家，全部同意重整计划草案。<br/>　　北京金融法院于2023年2月24日作出（2022）京74破1号之二民事裁定：批准易某保险公司重整计划草案并终止本案破产重整程序。5月24日，北京金融法院裁定确认重整计划执行完毕并终结案件重整程序。</p>","<p>　　本案是全国首例保险公司破产重整案，涉及的主要问题是：如何建立风险隔离机制从而最大化保护易某保险公司保单债权人的利益。为此，法院依法采取了如下措施：<br/>　　一是法院公告受理破产重整申请当日，易某保险公司同时公告继续经营和全面履约，稳定市场预期。在易某保险公司申请破产重整受理阶段，法院充分调查、确认存量保险业务具备继续经营可行性、保险合同具有全面履行可能性后，协调易某保险公司在法院发布受理公告同日，发布继续营业暨存量保险合同继续履行公告。易某保险公司承诺全面履行保险合同义务、保险消费者合同权益不受公司破产重整的影响，该承诺稳定了市场预期，也为后来成功招募破产重整投资人奠定基础。<br/>　　二是创设保险基金公司统一代理保单债权人机制，保障重整程序依法有序推进。在破产重整申请审查期间，法院与银保监会、易某保险公司清算管理人协商确定某保险基金公司统一代理、全程参与易某保险公司重整工作的方案。法院监督指导某保险基金公司统一代理7641家保单债权人申报债权逾亿元。某保险基金公司作为保单债权人的代理人，同时作为债权人委员会主席，全程参与易某保险公司重整工作，包括参与易某保险公司破产重整投资人招募，监督投资人招募流程、投资方案、易某保险公司清产核资工作等，并在审查清产核资结论基础上评价投资人的投资方案。某保险基金公司全程参与易某保险公司重整工作，既减少了保单债权人的程序负担，又确保了程序公正。<br/>　　三是针对不同类型的保单债权，采取分类申报、分别审查的处理方式。银保监会接管期间，易某保险公司的保险业务处于正常经营状态，但履行情况不同，主要包括：1.破产重整受理日前已到期，已发生保险事故，但保险人尚未完成赔付的保单；2.破产重整受理日前未到期，保险人按照合同约定完成本次赔付后保险责任即终止的保单；3.已申请退保，但保险人尚未退还保险费的保单等。基于上述客观情况，法院采取了保单债权分类申报、分别审查的处理方式，对不同类型保单债权人的债权申报、债权确认、表决权行使、债权清偿、重整方案等分别作出安排，有效保障案涉保险合同的全面履行。<br/>　　四是积极引入重整投资人，最大化保障保单债权人利益。破产重整过程中，借助重整投资人的自身产业优势、资源优势和区位优势，推进易某保险公司的业务领域向新能源汽车保险业务延伸，扩大实体与金融协同效应，提升了易某保险公司的盈利能力，为稳妥处置并化解案涉金融风险提供了有力保障。根据已表决通过、法院裁定批准的破产重整计划草案，易某保险公司的职工债权、保单债权等各类债权全额现金清偿，在破产重整计划执行期内一次性支付；暂未确认、未申报的保单债权以保险责任准备金预留偿债资源，如实际应受领的债权金额超过预留偿债资源，由易某保险公司承担清偿责任，重整投资人保障易某保险公司按重整计划和相关合同约定进行全额现金偿付。</p>","<p>针对保险公司保单持有人人数众多、分布广泛，保单金额及履行情况不同等情况，为最大化保护全体保单债权人的实体和程序权利，防范化解风险，有必要在保险公司破产重整程序中构建风险隔离机制。在构建风险隔离机制时，可以根据案件情况采取以下措施：受理重整申请后及时公告保险公司存续保单业务继续经营、全面履约，稳定市场预期；由保险保障基金公司统一代理债权申报、全程参与重整程序；针对不同类型保单债权分类申报、分别审查；积极引入重整投资人，保障保险公司按重整计划和相关合同约定全额现金偿付。<br/>　　</p>","<p>　　《中华人民共和国企业破产法》第2条、第7条<br/>　　《中华人民共和国保险法》（2015年修正）第90条<br/></p><br/>######<p>　　其他程序：北京金融法院（2022）京74破申1号民事裁定（2022年7月15日）<br/>　　其他程序：北京金融法院（2022）京74破1号之二民事裁定（2023年2月24日）</p>","\N","\N","2026-01-21 10:27:30","2026-01-21 10:27:30","03906965277ff95a8563b7cd0f0a80fc","\N","20260426"
"6953","多元解纷案例库","https://dyjfalk.court.gov.cn/site/case/082f40fc-31d9-4655-a7e6-e66a3a7b4f8f","民事-劳务合同纠纷","D2025-161-1-139-088","柳州市柳南区人民法院","民事,劳务合同纠纷,劳务外包,未足额支付劳务费,“法院+工会”联动化解","","2025-01-13","\N","潘某承接某建筑公司的房屋项目，系该项目包工头。巫某与潘某约定，由巫某为潘某及某建筑公司提供外墙涂料劳务服务。巫某提供劳务后，潘某及某建筑公司未足额支付劳务费，且提供劳务期间，巫某的劳务费同时由某建筑公司的支公司支付，故巫某向法院提起诉讼，请求潘某、某建筑公司及某建筑公司的支公司共同支付剩余劳务费。","法院收到起诉材料后，考虑到案件事实清楚，具备调解基础，遂启动“法院+工会”多元解纷机制，将纠纷指派工会调解组织进行调解。调解员开展以下调解工作： 一是梳理双方争议焦点，即明确应当由谁向巫某支付劳务费。调解员分别向巫某与潘某了解，二者是如何达成提供劳务的合意以及合作约定的，并明确潘某与某建筑公司、某建筑公司的支公司之间的关系，同时积极请求法院给予业务指导，由此确定法律上应当向巫某支付劳务费的主体。 二是积极沟通，制定调解方案。调解员得知，在巫某提供劳务期间，某建筑公司的支公司代潘某支付劳务费，但潘某与某建筑公司及某建筑公司的支公司之间因存在争议尚未进行结算，故潘某未能向巫某支付劳务费，且某建筑公司的支公司亦未代支付。通过调解员耐心劝解，最终某建筑公司及某建筑公司的支公司愿意共同向巫某支付该劳务费。 三是确定调解方式。经多次电话联系，了解到潘某、某建筑公司及某建筑公司的支公司都在外地，往返成本较高。调解员当即与法院沟通，在征得各方当事人同意后，通过人民法院调解平台视频调解方式开展调解工作。最终，促成各方达成调解协议。","劳务合同纠纷涉及劳动者切身利益，关乎民生权益保护。本案劳务合同纠纷涉及多方当事人，争议较大，且当事人均不在同一地区。人民法院与总工会依托“法院+工会”多元解纷机制，积极运用“联动调解+线上解纷”方式，发挥工会“娘家人”作用，更好畅通双方沟通渠道；法院做实指导调解职能，对纠纷调解过程中涉及的法律难题及时给予指导，促使纠纷化解更高效、更具权威性。针对本案各方当事人身处异地的实际，采用线上调解方式，通过“让数据多跑路，群众少跑腿”，进一步降低解纷成本，提高解纷效率，更好保障了劳动者的合法权益。","《中华人民共和国民法典》第74条、第509条、第577条、第579条","\N","","2026-01-27 09:50:48","2026-02-03 10:12:17","03a537e0f6e5e8fcf8d6cdeb21168a65","\N","20260426"
"4088","人民法院案例库","https://rmfyalk.court.gov.cn","民事-执行异议之诉","2023-07-2-471-002","最高人民法院","民事,案外人执行异议之诉,商品房销售合同纠纷,合同解除","再审","2021.11.25","02","<p>　　翟某某起诉请求：1.确认位于津晋高速延长线以南、制盐场十号汪子填充物料所有权以及地上建筑物所有权归翟某某所有（价值2000万）。2.判令某晶公司停止对制盐场十号汪子填充的物料以及地上建筑物的执行；3.判令本案诉讼费由某晶公司承担。事实和理由：一、翟某某对涉案土地上的建筑物、构筑物、物品享有合法所有权。二、执行程序违法，不应对翟某某享有的合法财产采取执行措施。三、复议审查超出原有裁定范围,超出翟某某提出的执行行为异议范围。<br/>　　　　某晶公司辩称，根据《中华人民共和国民事诉讼法》第二百二十七条和《最高人民法院关于适用&lt;中华人民共和国民事诉讼法&gt;的解释》第三百零五条之规定，案外人提起执行异议之诉须以诉讼请求与原生效裁决无关为条件。根据翟某某提交的民事起诉状，翟某某诉请请求确认位于津晋高速延长线以南、制盐场十号汪子填充物料所有权以及地上建筑物所有权归翟某某所有，该诉讼请求所涉及之“十号汪子”填充物及地上建筑物已被案涉生效仲裁裁决确认归某晶公司所有。翟某某认为案涉生效仲裁裁决错误，旨在否定该仲裁裁决，其诉讼请求与该仲裁裁决相关，故其不符合提起执行异议之诉的条件，应依法裁定驳回起诉。<br/>　　　　某旺公司未陈述意见。<br/>　　　　法院经审理查明：2015年3月28日，某晶公司与某旺公司签订了《十号汪子场地租赁合同》。双方在履行中发生纠纷，2017年7月21日，成讼于天津仲裁委员会。该仲裁委分别于2018年3月14日、2018年12月28日开庭进行了审理，并于2019年5月30日作出[2017]津仲裁字第387号裁决：“（一）被申请人于本裁决书送达之日起30日内、向申请人返还面积743955.34平方米租赁场地的土地使用权，腾空土地上建筑物和构筑物：（二）被申请人于本裁决书送达之日起10日内向申请人给付使用费......”该裁决生效后，因某旺公司未履行生效仲裁裁决确定的义务，某晶公司向一审法院申请强制执行。一审法院于2020年1月21日作出（2019）津03执128号公告：“本院在执行申请执行人某晶公司与被执行人某旺公司仲裁一案中，于2019年7月31日向被执行人某旺公司发出（2019）津03执128号执行通知书，责令被执行人履行[2017]津仲裁字第387号裁决书所确定的义务，但被执行人某旺公司未履行。依据《中华人民共和国民事诉讼法》第二百五十条第一款规定，责令被执行人某旺公司于2020年2月20日前向申请人返还面积743955.34平方米租赁场地的土地使用权并腾空土地上的建筑物、构筑物，自行搬离所有物品，到期仍未返还腾空的，本院将依法强制执行”。翟某某于2020年1月22日、1月28日、3月23日，对执行行为和执行标的提出书面异议。一审法院于2020年5月9日作出（2020）津03执异4号执行裁定书，裁定驳回异议人翟某某的异议请求。翟某某不服该裁定，向天津市高级人民法院申请复议，天津市高级人民法院于2020年6月23日作出（2020）津执复34号执行裁定书，裁定撤销一审法院（2020）津03执异4号执行裁定书，发回一审法院重新作出裁定。一审法院于2020年7月23日作出（2020）津03执异33号执行裁定书，裁定驳回异议人翟某某的异议请求。&nbsp;<br/>　　　　另查，翟某某与某旺公司民间借贷纠纷一案，2018年5月31日天津市第二中级人民法院作出（2018）津02民初285号民事调解书，调解内容：“一、双方确认被告某旺公司给付原告翟某某本息共计54000000元，由被告某旺公司分期给付原告翟某某。履行期限如下：被告某旺公司于2018年6月12日之前给付原告翟某某1000000元；被告某旺公司于2018年7月1日之前给付原告翟某某20000000元；被告某旺公司于2018年8月1日之前给付原告翟某某20000000元；被告某旺公司于2018年9月1日之前给付原告翟某某13000000元；二、如被告某旺公司发生任何一期未按约定履行，原告翟某某有权对本调解书确定的全部款项申请执行；三、本案诉讼费346600元，减半收取173300元、保全费5000元，均由被告某旺公司承担，被告某旺公司于2018年9月1日之前给付原告翟某某诉讼费和保全费共计178300元；四、双方对本案别无其他争议”。因某旺公司未履行生效调解确定的义务，翟某某向天津市第二中级人民法院申请强制执行，在执行中，翟某某与某旺公司自行达成和解，某旺公司以其租赁的某晶公司743955.34平方米土地上添附物所有权作价20000000元偿还翟某某债务，并以土地租赁的收益逐年折抵剩余债务。<br/>　　&nbsp;　　天津市第三中级人民法院于2020年11月25日作出（2020）津03民初1113号民事判决：驳回翟某某的诉讼请求。翟某某上诉，天津市高级人民法院于2021年3月31日作出（2021）津民终12号民事判决：驳回上诉，维持原判。翟某某申请再审，最高人民法院于2021年11月25日作出（2021）最高法民申6809号民事裁定：驳回翟某某的再审申请。</p>","<p>　　法院生效裁判认为：某晶公司与某旺公司签订《十号汪子场地租赁合同》第六条规定，某旺公司建设的建筑物和构筑物，所有权归属于某晶公司，翟某某并无取得涉案土地建筑物和构筑物的合同基础。现有证据不能证明涉案土地上的建筑物、构筑物已取得建设工程规划许可或者施工许可，亦未办理相关产权手续，涉案土地上的建筑物和构筑物不符合不动产物权设立的基本要件，翟某某主张涉案土地建筑物和构筑物所有权，无法律依据。翟某某与某旺公司之间已生效的民事调解书，仅确定了翟某某对某旺公司享有债权，翟某某与某旺公司之间的执行和解协议，并不产生物权变动的法律效力。物权是权利人依法对特定的物享有直接支配和排他的权利。作为所有权客体的物，必须能够依当事人意思特定化，能够与其他物相互区别而独立存在。翟某某所称的填充物料，实际上是为案涉土地使用而在案涉土地上填垫的连锁块、钢渣、黄沙等，已经附着于案涉土地而与之成为一个整体，并无证据证明上述填充物料系独立于案涉土地之物。翟某某关于案涉填充物料系动产的主张，缺乏事实和法律依据；翟某某关于其因交付而取得填充物料动产所有权的主张，亦不能成立。</p>","<p>物权是权利人依法对特定的物享有直接支配和排他的权利。作为所有权客体的物，必须能够依当事人意思特定化，能够与其他物相互区别而独立存在。</p>","<p>　　《中华人民共和国民法典》第205条、第114条、第115条、第209条（本案适用的是2007年10月1日起实施的《中华人民共和国物权法》第2条、第9条）<br/></p><br/>######<p>　　一审：天津市第三中级人民法院（2020）津03民初1113号民事判决（2020年11月25日）<br/>　　二审：天津市高级人民法院（2021）津民终12号民事判决（2021年3月31日）<br/>　　再审审查：最高人民法院（2021）最高法民申6809号民事裁定（2021年11月25日）</p>","\N","\N","2026-01-21 10:27:30","2026-01-21 10:27:30","03b1041c566cc3ab18e983826f4979c0","\N","20260426"
"5123","人民法院案例库","https://rmfyalk.court.gov.cn","民事-海上、通海水域保险合同纠纷","2023-10-2-230-004","上海海事法院","民事,海上保险合同,责任保险,怠于请求,保险赔偿金","一审","2017.11.21","02","<p>　　原告某财产保险股份有限公司航运保险事业营运中心诉称：根据（2016）沪72民初1675号民事判决，某轮船有限公司应向原告赔偿货物损失280635.09元及利息损失。被告系A轮的保险人，承保范围包括“船东对货物责任保险”。某轮船有限公司未履行判决义务，其行为属于《中华人民共和国保险法》（以下简称《保险法》）第六十五条规定的“怠于请求”的情形，原告有权要求被告直接向其支付保险赔偿金。故请求法院判令被告向原告支付保险赔偿金280635.09元及相应的利息损失。<br/>　　被告某财产保险股份有限公司航运保险中心辩称：1.某轮船有限公司已要求被告向原告支付保险赔偿金，因被告与某轮船有限公司就同一保单同一碰撞事故存有诸多争议，故不存在某轮船有限公司“怠于请求”的情形；2.原告与被告间不存在法律关系，原告无相应诉权；3.原告就涉案诉讼标的已向某轮船有限公司提起诉讼，并已由上海海事法院作出了生效判决，其基于同一标的又向被告提起诉讼，违反了民事诉讼中一事不再理的基本原则，法院不应受理；4.本案的基础法律关系为海上货物运输合同，被告非适格的被告；5.某轮船有限公司与被告就碰撞事故项下保险赔付达成了和解协议，被告根据和解协议的内容向某轮船有限公司支付了和解款项990万元，但某轮船有限公司违反了和解协议的约定致使被告受到其他第三方的追索和诉讼，某轮船有限公司与被告之间存有保险争议，被告可对涉案货损责任的赔付行使抵销权。6.原告未能证明本案货损金额，其依据生效判决中对货损金额的认定对被告无约束力；7.根据被告向某轮船有限公司签发的保单，被告享有绝对免赔额3万元。<br/>　　法院经审理查明：2015年11月1日，原告就A轮船载货物签发了被保险人为某钢铁有限公司，险别为综合险的保险单。2015年11月4日，B轮与A轮发生碰撞，造成A轮及船载货物沉没。事故发生后，某钢铁有限公司就碰撞事故遭受的损失向原告提出保险赔偿要求，原告赔付后依法取得代位求偿权。<br/>　　2016年6月7日，原告向上海海事法院提起诉讼，要求某轮船有限公司就涉案货损承担赔偿责任。上海海事法院作出（2016）沪72民初1675号民事判决，依法认定碰撞事故当事方某轮船有限公司应依其过失责任对原告承担货损金额280635.09元的赔偿责任。对该判决原告和某轮船有限公司均未提起上诉，该判决于2017年6月18日生效。某轮船有限公司未履行判决义务。<br/>　　2015年3月3日，被告就A轮向某轮船有限公司签发承保范围包括“船东对货物责任保险”的保单。该项责任保险保险限额为300万元，每次事故绝对免赔额为3万元，保险期限从2015年3月4日00时起，至2016年3月3日24时止。<br/>　　2016年3月21日，被告与某轮船有限公司就涉案两轮碰撞所造成的两轮受损、A轮及船载涉案货物一同沉没、油料溢漏等达成和解协议。和解协议第4条约定，就保险单项下可能的保险赔偿责任，被告同意向某轮船有限公司一次性支付990万元，作为某轮船有限公司因上述碰撞事故所遭受的所有损失、损害、责任、费用及利息（但某轮船有限公司对“新南方818”轮所载货物损失的可能赔偿责任除外）之全部和最终的解决方案。<br/>　　2017年6月22日，原告要求被告向其支付保险赔款280635.09元及相应利息。<br/>　　2017年6月27日，某轮船有限公司向被告发送邮件称：“王经理、张律师，两位好，继上次将A轮货损的判决转发给贵司知晓后，近日我方律师收到生效函件，我方一并转发给贵司，本事故属于保险事故，请贵司尽快按照判决安排赔付事宜。”<br/>　　上海海事法院于2017年11月21日作出（2017）沪72民初2556号民事判决：被告向原告支付保险赔偿金250635.09元及利息损失。一审宣判后，双方均未上诉，判决已生效。</p>","<p>　　法院生效判决认为，本案系海上保险合同纠纷。针对原告是否享有诉权，某轮船有限公司是否存在《保险法》第六十五条第二款“怠于请求”的情形的问题，法院明确第三者保险金请求权行使的适用要件及“怠于请求”的认定标准，“在被保险人对第三者应负的赔偿责任确定后，被保险人不履行赔偿责任，且第三者以保险人为被告提起诉讼时，被保险人尚未向保险人提出直接向第三者支付保险金请求的情形”。本案中，被告提交邮件用以证明某轮船有限公司已要求被告向原告支付保险赔偿金。但法院认为，首先，从被告提供的邮件内容看，某轮船有限公司的确就涉案货损向被告提出保险理赔，但并未明确保险赔付的对象是某轮船有限公司自身还是原告；其次，因同一碰撞事故，某轮船有限公司与被告就《船舶油污责任保险保险单》项下的责任保险达成了和解，某轮船有限公司已要求被告向其先行赔付了责任保险。故在语意不详的情况下，应认定某轮船有限公司就涉案货损赔偿责任未明确要求被告将保险赔偿金直接支付给原告。在某轮船有限公司对原告应负的赔偿责任已由生效的（2016）沪72民初1675号民事判决予以确定，某轮船有限公司未履行赔偿责任，且在原告向被告提起诉讼前，被保险人某轮船有限公司未明确要求保险人被告直接向第三者原告支付保险赔偿金的情况下，可认定某轮船有限公司“怠于请求”，原告依据《保险法》第六十五条第二款的规定可直接要求被告向其支付保险赔款。故原告依照法律规定享有对被告的相应诉权。<br/>　　某轮船有限公司应履行的货损赔偿责任280635.09元因生效的（2016）沪72民初1675号民事判决予以确定，被告应依保险合同的约定就某轮船有限公司所承担的货损赔偿责任在扣除免赔额3万元的情况下承担保险责任，在某轮船有限公司“怠于请求”的情况下，原告依法享有对被告的保险金给付请求权。</p>","<p>被保险人对第三者应负的赔偿责任确定后，被保险人不履行赔偿责任，且第三者以保险人为被告或者以保险人与被保险人为共同被告提起诉讼时，被保险人尚未向保险人提出直接向第三者赔偿保险金的请求的，可以认定为属于保险法第六十五条第二款规定的“被保险人怠于请求”的情形。</p>","<p>　　《中华人民共和国保险法》第65条第2款、第3款、第4款<br/>　　</p><br/>######<p>　　一审：上海海事法院（2017）沪72民初2556号民事判决（2017年11月21日）</p>","\N","\N","2026-01-21 10:27:30","2026-01-21 10:27:30","03cb495af3a62baa370c735804a5ec17","\N","20260426"
"12194","人民法院案例库-未成年","https://rmfyalk.court.gov.cn/view/content-juvenile.html?id=qgFtdSrI%2FyGRDrq0Rm6L3xcNTJKskvDnNsOzz2qtA2o%3D&lib=ck&source=zgy","民事-侵权责任纠纷","","南昌县人民法院","民事,侵权责任,未成年人,司法救助,三级联动,多元救助","其他审理程序","2021.11.16","04","2021年5月，童某云驾驶的小型客车与李某某（男，13岁）骑行的两轮电动车发生碰撞，致李某某受伤。经公安交警认定，童某云承担本次事故主要责任。事故发生后，李某某多次住院治疗，其伤情经鉴定为五级伤残，存在大部分护理依赖。李某某先后两次向人民法院起诉要求童某云赔偿。人民法院依法判决童某云赔偿李某某交通事故医疗费、后续治疗费、残疾赔偿金等各项损失共计630606.03元。判决生效后，童某云未履行付款义务，李某某向人民法院申请强制执行，仅执行到14954元，未发现被执行人有其他可供执行的财产。<br/>　　    法院查明，未成年人李某某因交通事故致五级伤残，花费大额医疗费，无法通过诉讼获得赔偿，生活非常困难，符合司法救助条件。为保障其能最大限度获得司法救助，县人民法院决定通过中级人民法院层报至高级人民法院进行联动救助。省高级人民法院审查后决定给予李某某救助金。<br/>　　    救助金发放后，三级法院共同上门跟踪回访发现，虽然司法救助金缓减了李某某家庭急迫困难，但因李某某需长期进行康复治疗和护理，其父母无法外出务工，导致家庭收入微薄。李某某的弟弟尚在中学就读，也面临辍学风险。为此，省高院协调省爱心公益协会志愿者对李某某进行康复义诊，将李某某弟弟纳入“星光助学计划”给予助学金帮扶。县法院协调乡政府对李某某爷爷从事的保洁服务增加一次性帮扶费用，联系其家庭附近的用工单位帮助李某某父母寻找合适岗位。此后，考虑到李某某一直难以从交通事故改变命运轨迹的心灵创伤中走出，学习意愿较强且有一定的学习能力，三级法院会同省爱心公益协会、出版社、当地乡政府、关工委、残联等单位，开展联合主题党日活动，向李某某捐赠书籍并对其进行文学启蒙辅导，指派心理咨询师为其提供心理疏导和精神抚慰。省爱心公益协会和组织还多次给李某某送去慰问金和生活用品。通过一系列社会化帮扶措施，李某某身体状况明显好转，心态更加阳光健康。","","本案是三级法院联动救助未成年人，并综合运用“政法一条龙”“社会一条龙”进行多元救助，共同护航未成年人健康成长的典型案例。涉案未成年人李某某系成绩优异的初中生，一场突如其来的车祸导致其身心遭受重大伤害。在胜诉权益未能及时兑现的情况下，人民法院积极启动司法救助“绿色通道”，及时发放救助金，缓解困难当事人的燃眉之急；同时延伸司法服务，常态化开展跟踪回访，从教育、医疗、就业、居住条件和心理辅导等方面全方位协调解决实际困难，帮助李某某重燃生活学习的希望；积极与多个政府部门和社会组织机构协调，联合开展司法救助延伸服务，探索建立“以法院为主导、社会共同参与”的“1+N”多元救助格局，构建以资金救助为基础，以法律援助、就业培训、义诊义教、心理疏导等为辅的爱心帮扶体系，形成帮扶救助未成年人的强大合力。","《中华人民共和国未成年人保护法》第104条<br/>　　《最高人民法院关于加强和规范人民法院国家司法救助工作的意见》第12条<br/>","\N","","2026-02-26 10:09:51","2026-02-26 10:09:51","03f103ae117cb6cb27f84e2d096f39f9","\N","20260426"
"868","人民法院案例库","https://rmfyalk.court.gov.cn","民事-房屋买卖合同纠纷","2024-07-2-091-003","江苏省盐城市中级人民法院","民事,房屋买卖合同,鉴定意见,证明力","再审","2015.07.30","02","<p>　　原告陆某甲诉称：被告陆某乙以原告父亲曾于2001年3月10日与其订立有《房屋转让协议书》为由，占有原告父亲遗产二上二下楼房，请求法院判令：确认2001年3月10日订立的《房屋转让协议书》无效。<br/>　　被告陆某乙辩称：原告父亲由于身体不好多病，欠外债较多，遂与被告协商，将其原有的四间二层楼房中的二间二层转让给被告，并签订有《房屋转让协议》，《房屋转让协议》由村主任代为起草，双方签字盖章，见证人签字见证，是双方的真实意思表示。协议签订后，被告已给付房款并实际使用和管理了该房屋，该买卖行为合法有效。<br/>　　法院经审理查明：原告陆某甲的父亲生前与被告陆某乙相互熟识。原告父亲生前曾建四间二层楼房。2001年3月，经双方协商，原告父亲将其中二间二层房屋出售给被告，并请村委会主任起草了《房屋转让协议书》，双方及村支书等见证人签字证，并加盖村委会公章。被告对房屋进行部分改造和装潢后居住至今。2004年原告父亲去世，原告直至2010年底向法院提起诉讼。江苏省盐城市中级人民法院曾在再审案件上诉审理期间委托南京某司法鉴定中心对《房屋转让协议书》中原告父亲的签名进行字迹鉴定，鉴定意见为：据现有鉴定材料，倾向认定送检的房屋转让协议书上的签名字迹与作为样本比对的两份借条上的签名字迹不是同一人所写。但鉴定意见书的分析说明部分同时载明，在笔迹真伪鉴定中，用以比对的样本极为重要，鉴定意见是相对于检验时用以比对的样本作出的结果。由于本案送检的样本中缺少与检材字迹标称时间同年的样本字迹，据笔迹真伪鉴定的规范要求，宜作倾向性意见。陆某甲提交的其父生前所写并且用作鉴定比对样本的两张借条中的债权人均证实借条中的债务均是由原告父亲所偿还。原告父亲在2001年3月10日签订房屋转让协议书时身体已患病等。<br/>　　江苏省建湖县人民法院于2011年5月23日作出（2011）建冈民初字第0188号民事判决：驳回原告陆某甲的诉讼请求。<br/>　　一审宣判后，陆某甲不服，向检察机关申诉。江苏省盐城市人民检察院向江苏省盐城市中级人民法院提出抗诉。江苏省盐城市中级人民法院于2012年2月20日作出（2012）盐民抗字第0001号民事裁定，指令江苏省建湖县人民法院再审。<br/>　　江苏省建湖县人民法院于2012年11月13日作出(2012)建民再初字第0003号民事判决：维持（2011）建冈民初字第0188号民事判决。<br/>　　陆某甲仍不服，提起上诉。江苏省盐城市中级人民法院于2013年11月22日作出（2013）盐民再终字第0009号民事裁定：撤销（2012）建民再初字第0003号民事判决并发回建湖县人民法院重审。<br/>　　江苏省建湖县人民法院于2015年4月21日作出(2014)建民再初字第0002号民事判决：维持（2011）建冈民初字第0188号民事判决。<br/>　　陆某甲不服上述判决，提起上诉。江苏省盐城市中级人民法院于2015年7月30日作出（2015）盐民再终字第00032号民事判决：驳回上诉，维持建湖县人民法院（2014）建民再初字第0002号民事判决。</p>","<p>　　法院生效裁判认为，原告陆某甲父亲与陆某乙是否存在案涉房屋买卖关系，应从协议的主要内容、实际履行行为，结合证人证言、日常生活经验等方面综合审查分析，以确定房屋买卖是否是原告父亲的真实意思表示。首先，村民委员会主任等多人对案涉房屋买卖关系发生时间、地点等基本事实的陈述内容一致，均能证明买卖协议系双方自愿达成的合意；其次，陆某乙对房款支付情况已作合理说明，相关证人证明陆某乙代陆某甲之父偿还债务的事实；再次，从合同履行情况看，陆某乙对案涉房屋已居住使用多年。陆某甲之父去世后，陆某甲一直未对陆某乙在案涉房屋中居住的行为提出异议；最后，虽然司法鉴定意见倾向认定房屋转让协议上原告父亲的签名不是其本人所写，但在笔迹鉴定中，用以比对的样本极其重要，本案送检的样本与检材的时间并非同年，故作出的意见只是倾向性意见。鉴定意见并不当然等同于对案件事实的认定，陆某甲仅凭鉴定意见，要求确认买卖协议无效的请求，不能得到支持。故依法作出如上裁判。</p>","<p>鉴定意见系民事诉讼证据的种类之一，其证明力并不必然高于其他证据的证明力，更不能等同于案件事实。人民法院是否采信鉴定意见，应当结合全案其他证据予以综合分析、审慎判断。</p>","<p>　　《中华人民共和国民法典》第465条（本案适用的是1999年10月1日施行的《中华人民共和国合同法》第8条）<br/>　　指令再审：江苏省盐城市中级人民法院（2012）盐民抗字第0001号民事裁定（2012年2月20日）</p><br/>######<p>　　原审一审：江苏省建湖县人民法院（2011）建冈民初字第0188号民事判决（2011年5月23日）<br/>　　再审一审：江苏省建湖县人民法院（2014）建民再初字第0002号民事判决（2015年4月21日）<br/>　　再审二审：江苏省盐城市中级人民法院（2015）盐民再终字第00032号民事判决（2015年7月30日）</p>","\N","\N","2026-01-21 10:27:30","2026-01-21 10:27:30","03f5c32460e0fe436053e0686de02ea9","\N","20260426"
"3692","人民法院案例库","https://rmfyalk.court.gov.cn","民事-环境污染责任纠纷","2023-11-2-377-005","重庆市第一中级人民法院","民事,环境污染责任,土壤污染,无意思联络数人侵权,单次污染行为,损害后果,因果关系","二审","2017.06.21","02","<p>　　重庆某农业开发公司诉称：2011年3月15日，四川某钻井大队与重庆某盐业公司签订钻井施工合同，负责“长平三井”钻前及钻井施工工作。期间，四川某钻井大队在长平三井钻井过程中产生的含盐特征等污水给重庆某农业开发公司农业基地造成了污染，尤其是受2011年11月下雨等因素影响，该含盐特征的污染物流入重庆某农业开发公司农业基地，致使重庆某农业开发公司遭受损失。2012年2月14日，经长寿区双龙镇人民政府主持调解，重庆某农业开发公司与四川某钻井大队签订《协议书》，由四川某钻井大队一次性支付重庆某农业开发公司50万元作为补偿。2012年4月至5月，即长平三井场地验收前，因四川某钻井大队处理、填埋钻井产生的污染物的措施不当，以及下雨等原因，再次对重庆某农业开发公司等数家农业基地造成污染。同年4月，重庆某盐业公司的长平二井配套管道发生泄漏，也对重庆某农业开发公司在内的农业基地造成严重污染。故请求判令：一、四川某钻井大队、重庆某盐业公司立即停止侵害，恢复被污染土地原状；二、赔偿原告2012年6月1日至2017年6月1日止的农产品损失129.92万元、土壤修复期间损失6.494万元；三、本案诉讼费由四川某钻井大队、重庆某盐业公司负担。<br/>　　重庆某盐业公司辩称：一、重庆某农业开发公司并非是涉案土地承包经营权人，其并非本案的适格主体；二、长平三井的污染、非法掩埋污染物等行为均发生在四川某钻井大队施工期间，并非案件的污染主体，且四川某钻井大队已赔偿原告损失，同时，重庆某农业开发公司并没有证据证明赔偿协议后遭受了新的污染，故要求停止侵害、恢复原状的请求不能成立；三、根据司法鉴定，重庆某盐业公司所管理的长平二井与原告农业基地之间的木子洋公司未受到污染，重庆某农业开发公司的农业基地距离长平二井距离更远，不应受到污染；四、重庆某农业开发公司未采取措施治理、恢复，造成了损失的扩大，不应该主张赔偿。<br/>　　四川某钻井大队辩称：一、在污染发生之后，其已与重庆某农业开发公司达成赔偿协议并已经足额支付，重庆某农业开发公司在修复方法确定后没有采取合理措施导致损害扩大，应当自行承担责任；二、2012年3月至5月期间，四川某钻井大队已经离开长平三井施工现场，并没有对重庆某农业开发公司造成新的污染和损失；三、双方达成的赔偿金额高于司法鉴定意见认定的损失，超出数额，重庆某农业开发公司不应主张。<br/>　　法院经审理查明：2010年9月，赵某某（系韩某某母亲）分别与重庆市长寿区双龙镇连丰村民委员会、重庆市长寿区双龙镇龙滩村民委员会签订《土地承包经营权租赁合同》，约定赵某某租赁连丰村4组土地27.29亩及龙滩村2组、3组土地26.83亩建设蔬菜基地。后韩某某成立重庆某农业开发公司，并利用赵某某租赁的土地建设蔬菜基地，于2011年3月种植大棚蔬菜。<br/>　　重庆某盐业公司系生产销售工业盐及其化工产品的公司，经相关部门批准，在长寿区双龙镇建立采液体盐基地及其配套设施，主要有采液体盐矿井、输卤管线等，矿井包括长平一井、长平二井、长平三井，其中长平一井、长平二井于2010已投入生产，并将所采液体盐通过管线向外运输至长寿区晏家化工厂园区。<br/>　　2011年3月15日，重庆某盐业公司与四川某钻井大队签订《重庆某盐业公司20万吨/年液体盐采输项目长平三井钻井施工合同》，约定由四川某钻井大队负责“长平三井”钻前及钻井施工，建设工期为2011年3月16日至2011年10月16日，四川某钻井大队承担该工程进场、施工、撤离过程中发生的相关机械、人身、井内外及其它一切安全、环保事故的处理责任并承担相应的经济、法律责任等。长平三井的建设地点位于长寿区双龙镇连丰村，位于重庆某农业开发公司农业基地西侧，距离约30米。四川某钻井大队在长平三井钻井过程中产生的含盐特征等污水给重庆某农业开发公司农业基地造成污染，特别是2011年11月后，因下雨等因素，钻井产生的含盐特征的污染物流入重庆某农业开发公司农业基地，致使重庆某农业开发公司遭受损失。经长寿区双龙镇人民政府主持调解，重庆某农业开发公司与四川某钻井大队于2012年2月14日签订《协议书》，约定四川某钻井大队一次性支付重庆某农业开发公司50万元，作为对重庆某农业开发公司当年和今后涉及一切损失的补偿。四川某钻井大队于2012年2月18日、2月27日分两次共支付重庆某农业开发公司50万元。<br/>　　2012年1月15日，四川某钻井大队将长平三井地下部分交付重庆某盐业公司生产使用，继续对该井地面工程进行施工，并固化处理钻井施工中产生的岩屑、泥浆等残留物、排干污水池内含油雨水。2012年6月13日，四川某钻井大队与重庆某盐业公司进行了长平三井场地验收与交接。<br/>　　2012年4月至5月，因四川某钻井大队处理、填埋钻井产生的污染物的措施不当，以及下雨等原因，致使包括重庆某农业开发公司在内的数家农业基地受到污染。重庆某盐业公司所有的长平二井位于重庆某农业开发公司农业基地西北侧，距离约100米。2012年4月，长平二井配套管道发生泄漏，导致包括重庆某农业开发公司在农业基地受到污染。重庆某农业开发公司等5家企业向长寿区双龙镇人民政府以及相关部门反映，有关部门接到反映后，先后多次组织重庆某农业开发公司等企业与进行调解，并共同协商选定鉴定机构对受污染的土地的污染情况、损害程度、损害费用等进行鉴定和评估。2012年7月4日，长寿区农业委员会委托西南大学司法鉴定所进行鉴定，长寿区农业委员会支付鉴定费76 350元，重庆某盐业公司支付鉴定费81 880元。2013年1月5日，西南大学司法鉴定所作出西大司鉴（2012）鉴字第26号《司法鉴定意见书》，鉴定意见为：1、在鉴定期内所采集长寿区现代农业园区基地土壤（主要包括长平三井、长平二井附近农田，面积151.56亩）与对照相比，存在一定的污染，主要污染物指标为氯、全盐量、钠、硫等；2、与对照相比，长平三井、长平二井附近面积151.56亩污染农田中，极重污染、严重污染、中度污染、轻度污染面积分别为40.57亩、28.66亩、74.13亩、8.20亩；3、本案鉴定范围内的环境污染损害包括财产损害和污染修复所需费用两部分，重庆某农业开发公司财产损害为27.67万元，污染修复所需费用为9.848万元。<br/>　　该司法鉴定意见书对鉴定方法、鉴定过程、样品采集、对比数据等作了详细说明，并载明：重庆某农业开发公司农业基地离长平三井最近，受污染面积为37.12亩，其中极重污染14.848亩，严重污染11.136亩，中度污染11.136亩；木子洋公司（位于长2井与重庆某农业开发公司农业基地之间）受影响面积位于X342乡道涵洞下方的3.91亩；各采样点盐污染指数表明土壤的超标情况随着与长平三井、长平二井距离的增加其周边土壤污染程度呈现出递减趋势，各采样点地表水水质指数表明距离长平三井、长平二井越近，水质越差；污染损害数额包含农产品减产损害费用、土壤修复期间的产出损害费用、土壤污染修复方案编制费用、土壤污染修复工程建设费用、土壤污染修复监测监管费用，重庆某农业开发公司的前述费用分别为21.19万元、6.494万元、4.898万元、4.31万元、0.64万元；关于农产品减产损害费用，大棚蔬菜1年的减产损失按每亩1万元标准，分别按极重污染、严重污染、中度污染的损失系数95%、43.16%、20.39%计算；关于土壤修复期间的产出损失费用，将盐污染土壤修复一般需耗时1年，大棚蔬菜1年的修复期间产出损失按每亩7000元标准，分别按损失系数43.16%、20.39%、5.37%计算；土壤修复编制费用是指编制耕地修复的可研报告、初设方案、专家评审等所发生的费用；关于土壤污染修复工程建设费用，盐污染土壤一般采取异位客土修复与原位淋洗修复两种，异位客土修复费用为19.53万元，原位淋洗修复费用为4.31万元，本案修复方案推荐采用原位淋洗技术；土壤修复监测监管费用是指为了保障原址土壤修复的质量，对土壤修复过程进行监测监管所发生的费用，一般需要持续1-2年（按2年计算）。<br/>　　2012年4月，重庆市长寿区环境保护局对四川某钻井大队在承建的长平三井进行检查，发现其施工中产生的含油、盐泥浆及含盐废水等危险废物未按照环评要求进行规范暂存，并擅自交由无危废经营许可证的村民进行处置，导致部分危废被村民外运并露天倾倒，对周边环境造成影响，并于2012年7月5日作出长环罚字[2012]13号《行政处罚决定书》，责令立即改正环境违法行为、罚款20万元。2012年5月，四川某钻井大队对该污染物采取固化及就地掩埋等方式进行处理。2013年7月23日，长寿区环保局作出同意重庆某盐业公司采输100万吨/年液体盐工程（一期20万吨/年）项目竣工环境保护验收的意见。<br/>　　另查明，2013年1月，重庆某盐业公司受四川某钻井大队委托，多次参与调解，均无果。受盐污染土地的自然恢复周期很长。重庆某农业开发公司农业基地内地势平坦，在审理过程中重庆某农业开发公司陈述因减产严重于2015年停止蔬菜种植。<br/>　　二审审理中，各方当事人均对西南大学司法鉴定所作出的关于涉案重庆某农业开发公司在内土地的污染情况、损害程度、损害费用的鉴定报告无异议。同时，各方当事人一致认可，在鉴定机构于2012年7月对涉案土地采样鉴定后，无新的侵权事实发生。二审中，重庆某盐业公司向法院提出申请，要求对长平二井是否污染重庆某农业开发公司土地的因果关系进行鉴定，法院未准许。<br/>　　重庆市渝北区人民法院于2016年9月19日作出（2016）渝0112民初3377号民事判决，判令：一、重庆某盐业公司、四川某钻井大队对重庆某农业开发公司的37.12亩土地采取恢复原状的措施，若被告重庆某盐业公司、四川某钻井大队未采取恢复措施，由原告在期限届满30日内采取措施，并由被告重庆某盐业公司、四川某钻井大队支付9.848万元；二、重庆某盐业公司、四川某钻井大队连带赔偿原告重庆某农业开发公司土壤修复期间产出损害6.494万元及农产品减产损失；三、驳回原告重庆某农业开发公司其他诉讼请求。宣判后，重庆某盐业公司、四川某钻井大队提起上诉，重庆市第一中级人民法院于2017年6月21日作出（2016）渝01民终8972号民事判决，判令：一、撤销重庆市渝北区人民法院（2016）渝0112号民事判决；二、重庆某盐业公司和四川某钻井大队针对被污染土地进行修复，如未修复，则由重庆某盐业公司承担3.94万元，四川某钻井大队承担5.908万元；三、重庆某盐业公司支付土壤修复期间产出损害2.597万元及农产品减产损失，四川某钻井大队支付土壤修复期间产出损害2.597万元及农产品减产损失；四、驳回原告重庆某农业开发公司其他诉讼请求。</p>","<p>　　法院生效裁判认为：本案争议焦点为：一、重庆某农业开发公司作为原告提起本案诉讼，主体是否适格；二、涉案土地受污染损害的原因及损害后果认定；三、赔偿责任主体的确定及其责任承担方式。<br/>　　一、重庆某农业开发公司是否本案适格原告<br/>　　涉案土地虽由赵某某出面分别与重庆市长寿区双龙镇连丰村民委员会、双龙镇龙滩村民委员会签订《土地承包经营权租赁合同》，但签订合同后，该土地一直由其子韩某某成立的重庆某农业开发公司用于农业开发，在该租赁土地种植大棚蔬菜。审理中，各方对重庆某农业开发公司耕种该土地的事实无异议，赵某某作为重庆某农业开发公司的诉讼代理人也表示租赁涉案土地就是为其子韩某某成立公司进行农业开发。现该土地受到污染，重庆某农业开发公司作为土地的实际使用人遭受财产损失，其作为受害人，有权提起侵权赔偿。故重庆某农业开发公司在本案中作为原告起诉，主体适格。<br/>　　二、涉案土地受污染损害的原因及损害后果认定<br/>　　重庆某农业开发公司、重庆某盐业公司、四川某钻井大队对西南大学司法鉴定所作出的关于涉案重庆某农业开发公司在内土地的污染情况、损害程度、损害费用的鉴定报告无异议。根据该鉴定报告，重庆某农业开发公司土地存在一定污染，其中受污染面积为37.12亩,土壤和地表水水质受污染程度随距离长平三井、长平二井越近，污染指数越高。结合该鉴定报告、重庆某农业开发公司与长平二井、长平三井的相对地理位置以及各方当事人陈述等证据，法院认定，涉案土地受污染原因，一是四川某钻井大队在对长平三井施工钻井工程中产生的污染；二是四川某钻井大队处理、填埋长平三井产生的污染物过程中措施不当所产生的污染；三是重庆某盐业公司已建成并使用中的长平二井管道泄漏造成污染。通过对本案现有证据的分析，足以认定长平二井管道泄漏与重庆某农业开发公司涉案土地的受污染后果具有因果关系，再另行鉴定已无此必要。<br/>　　根据鉴定报告，涉案土地被污染造成损失有：1.农产品减产损害费用每年21.19万元以及土壤修复期间（鉴定耗时需一年）产出损失6.494万元；2.污染修复费用（含土壤污染修复方案编制费用、土壤污染修复工程建设费用、土壤污染修复监测监管费用）9.848万元。对以上损害后果，法院予以确认。<br/>　　三、赔偿责任主体的确定及其责任承担方式<br/>　　1.关于赔偿责任主体的确定<br/>　　根据前述土地受污染原因认定，重庆某农业开发公司的涉案土地受污染系长平二井及长平三井两个污染源共同作用所致。长平二井发生管道泄漏时，系由重庆某盐业公司所有及管理、使用，该公司应对长平二井导致的污染后果承担赔偿责任；长平三井虽系重庆某盐业公司所有，但长平三井的两次污染均发生在四川某钻井大队施工管理和实际控制期间，且发生污染的原因也是四川某钻井大队的施工行为所致，故四川某钻井大队应对长平三井导致的污染后果承担赔偿责任。<br/>　　2.关于长平二井及长平三井对涉案土地现有污染后果各自原因力的确定<br/>　　本案中，二上诉人分别实施了侵权行为，通过长平二井、长平三井造成重庆某农业开发公司土地受到污染，二者主观上无侵权意思联络，虽然无法详细区分各自排放污染物数量及污染范围，但单就长平三井、长平二井各自的侵权行为尚不足以造成本案全部损害后果。<br/>　　本案采信的鉴定报告载明：“土壤和地表水水质受污染程度随距离长平三井、长平二井越近，污染指数越高”。而长平三井位于重庆某农业开发公司农业基地西侧，距离约30米，长平二井位于重庆某农业开发公司农业基地西北侧，距离约100米，再加上长平三井共发生过两次污染事实，由此可加以判断，造成涉案土地现有损害后果的两个污染源中，长平三井的原因力较大，长平二井的原因较小。酌定长平三井的原因力为60%；长平二井的原因力为40%。故对涉案土地的损害后果，由四川某钻井大队承担60%赔偿责任，重庆某盐业公司承担40%赔偿责任。<br/>　　3.关于长平三井两次污染行为对涉案土地现有污染后果各自原因力的确定<br/>　　四川某钻井大队在对长平三井施工过程中共发生过两次污染行为，两次污染行为均对涉案土地造成污染，共同构成了长平三井对涉案土地的污染事实。因就第一次污染行为，即四川某钻井大队在长平三井钻井过程中造成的污染，已由四川某钻井大队与重庆某农业开发公司达成协议，进行了赔偿并实际给付，故对该次污染行为所产生的损害后果赔偿责任应在本案中予以剔除。因此，对四川某钻井大队两次污染行为在长平三井污染所致损害中各自原因力大小有必要加以区分确定。<br/>　　鉴定报告对该两次污染行为分别对损害后果的参与度并未予以区分，就两次污染行为分别产生污染物数量的多少现亦无证据予以证实。但土地遭受污染，是污染物长期累积的过程，同时，污染程度又会随着土地的自我修复功能不断衰减。因此，在确定两次污染行为对损害后果各自原因力大小时，应着重考虑两次污染行为发生时间的先后因素。本案中两次污染行为，一是2012年2月14日协议书签订前，钻井工程中有含盐特征的污染物流入基地；二是2012年4、5月，四川某钻井大队处理填埋钻井产生的污染物不当，污染基地。第一次污染行为在前，与鉴定报告确定损害后果的时间间距较长，其对损害后果的作用力应相对较弱；第二次污染行为在后，与鉴定报告确定损害后果的时间间距较短，其对损害后果的作用力应相对较强。因此，对于长平三井污染造成的损害后果，酌定第一次污染行为原因力占40%，第二次污染行为原因力占60%。<br/>　　如前所述，长平三井污染导致的损害占涉案土地总的损害后果的60%，因对长平三井第一次污染行为产生的损失已由四川某钻井大队赔付，现四川某钻井大队在本案中尚应就长平三井第二次污染行为产生的损失后果承担赔偿责任，其责任比例占涉案土地总损害后果的60%×60%，即为36%。但在针对第一次污染行为双方所签订的协议中，仅包括对当年及今后涉及一切损失的补偿，并未载明由重庆某农业开发公司进行土地修复。根据“谁污染，谁治理”原则，四川某钻井大队仍应对第一次污染行为造成的损害承担修复责任。<br/>　　重庆某农业开发公司在土地遭受污染损害后，一直采取积极措施向相关部门反映要求解决，其对损害发生并无过错，在本案中不承担责任。</p>","<p>在无意思联络数人环境侵权案件中，存在多个污染源头和多次污染行为时，可从空间和时间两个维度入手，结合自然规律、地域区位等因素认定单次污染行为与损害后果的因果关系。当事人之间就单次环境污染的损害后果达成的赔偿协议并不免除侵权人应当承担的修复责任。</p>","<p>　　《中华人民共和国民法典》第1229条、第1230条（本案适用的是2010年7月1日施行的《中华人民共和国侵权责任法》第12条、第65条、第66条）<br/>　　《最高人民法院关于审理环境侵权责任纠纷案件适用法律若干问题的解释》第14条</p><br/>######<p>　　一审：重庆市渝北区人民法院（2016）渝0112民初3377号民事判决（2016年9月19日）<br/>　　二审：重庆市第一中级人民法院（2016）渝01民终8972号民事判决（2017年6月21日）</p>","\N","\N","2026-01-21 10:27:30","2026-01-21 10:27:30","03feb63b08e9ba4ce8d392b00f1cbe7a","\N","20260426"
"6599","多元解纷案例库","https://rmfyalk.court.gov.cn","民事-租赁合同纠纷","D2025-161-1-111-458","巫山县人民法院","民事,租赁合同纠纷,土地经营权出租,欠付租金,“以物抵债＋技术帮扶”,联合化解","","2025-07-27","\N","2015年12月，某食品加工公司与舒某等60余户农户签订租赁合同，约定某食品加工公司租赁舒某等60余户农户承包的80余亩土地用于种植当地特色农产品柑橘，同时对租金、租赁期限、违约责任等作了明确约定。2016年至2019年期间，某食品加工公司按时支付租金，陆续在租赁土地上进行土壤改良，增添附属配套设施，并投资设立用于加工水果罐头的加工厂。由于前期投入较大，加之近年受市场波动等因素影响，某食品加工公司出现资金周转困难，于2019年开始拖欠租金。至2024年12月，某食品加工公司仍未支付到期租金，双方矛盾激化，果园管理陷入混乱。经当地镇政府与村委会多次调解未果，其中9户农户诉至法院，要求某食品加工公司支付拖欠租金及违约金，并解除合同。","法院收到起诉材料后，考虑到涉及农户众多，调解更有利于实质解纷，征得当事人同意后，邀请镇政府、司法所、村委会及当地人大代表组建调解小组，联合开展纠纷调处工作。 一是实地走访调查，倾听各方诉求。镇政府和村委会介绍了某食品加工公司和农户的基本情况及前期调解情况。为进一步摸清症结，调解小组多次深入田间地头、果园车间实地走访，向农户以及某食品加工公司了解情况。经调查发现，某食品加工公司虽资金周转困难，生产经营陷入困境，但仍有盘活希望；农户因某食品加工公司长期拖欠租金，情绪较大，强烈要求解除合同，但对某食品加工公司的种植技术较为认可。 二是精准制定方案，平衡各方利益。调解小组经过反复研究后认为，某食品加工公司未按约定支付租金，且其经营状况难以继续履行合同，农户的主张应当得到支持，但以金钱方式支付租金及违约金，极可能成为压倒企业的最后一根稻草，进而导致农户难以兑现胜诉权益。考虑到出租土地上的果树正处于丰产期，某食品加工公司前期投入建设的配套设施也运行良好，若以果树和配套设施抵偿欠付租金，可以恢复果园秩序，有效提高已投入资源利用效率；同时，为弥补农户种植经验欠缺，并改善加工厂的水果供应链，若由企业以技术帮扶换取后续农户种植水果的优先收购权，则更有利于实现各方诉求。调解小组遂初步拟定“以物抵债+技术帮扶”的调解方案，即某食品加工公司以果树及配套设施所有权抵扣租金，后期果树由农户负责种植，某食品加工公司以免费提供技术帮扶获得优先收购种植水果的权利。 三是联合开展调解，促推协议达成。调解小组组织双方开展多轮调解工作。指导法官和司法所工作人员共同进行释法说理；镇政府和村委会工作人员共同进行政策宣讲和利弊分析。人大代表则引导双方换位思考，从某食品加工公司振兴乡村产业的初心、前期巨大投入以及资金链断裂前按时付租行为出发，引导农户给予企业纾困盘活机会；从农户包容欠租行为多年出发，引导某食品加工公司充分考虑农户权益的保障。最终，农户接受“以物抵债”的调解方案，某食品加工公司同意以“技术帮扶”换取后续水果的优先购买权，双方达成一致意见。未起诉的50余户农户也参照该方案，与某食品加工公司达成调解协议。调解协议达成后，镇政府协调市场监督管理所、税务所和村委会帮助某食品加工公司迅速恢复了生产经营。同时，农户在公司的技术帮扶下，极大提升了种植效益，长达6年的纠纷得以实质化解。","本案系一起土地租赁合同纠纷。农村土地经营权规范、有序的流转，既可以让农户从土地流转中获得合理收益，又能促进农村产业的持续健康发展。实践中，由于农业企业经营风险较大，使得农村土地租赁合同纠纷频发。本案涉及人数众多、标的额较大、时间跨度长、矛盾尖锐。法院邀请镇政府、司法所、村委会及当地人大代表等共同组成调解小组，在全面调查走访了解纠纷详情基础上，倾听双方诉求，理清争议焦点，结合纠纷特点因案施策，创造性提出“以物抵债+技术帮扶”调解方案，再发挥各自优势开展释法明理、政策解读及化解心结工作，促成双方接受调解方案，达成调解协议。同时，调解协议的达成，对观望中的农户起到了示范引领作用，最终推动50余起潜在纠纷一揽子化解，不仅有力保障了农户的合法权益，有效减轻了某食品加工公司的生存压力，还充分激活了公司前期投入资源，避免资源浪费，有效赋能农业农村高质量发展。","《中华人民共和国民法典》第509条、577条、第703条、第722条 《最高人民法院关于适用<中华人民共和国民法典>合同编通则若干问题的解释》（法释〔2023〕13号）第27条","\N","","2026-01-27 09:49:58","2026-01-27 09:49:58","040c95ece6dcf94c0dfe41acc481f113","\N","20260426"
"604","人民法院案例库","https://rmfyalk.court.gov.cn","民事-侵害商业秘密纠纷","2025-13-2-176-001","最高人民法院","民事,侵害计算机软件著作权,侵害商业秘密,重复侵权,持续侵权,证明责任,共同侵权,侵权责任,赔偿责任时效","二审","2024.12.31","02","<p>　　沈某集团股份有限公司（以下简称沈某集团）、沈阳透某机械股份有限公司（以下简称透某公司）诉称：两公司拥有离心压缩机设计、制造核心技术，研发形成了用于设计、开发离心压缩机的叶轮模型基本级数据（以下简称基本级数据）和案涉软件（以下将基本级数据和案涉软件统称案涉技术秘密）。沈阳斯某机械有限公司（以下简称斯某公司）、沈阳斯某机械制造有限公司（以下简称斯某机械公司，并统称两斯某公司）是孙某良、印某洋、吴某坡（统称三自然人）参与设立并控制的企业，共同实施了非法获取、使用案涉技术秘密的行为，制造并低价销售离心压缩机，获得巨额非法利益。故请求判令：两斯某公司和三自然人停止侵害案涉技术秘密和案涉软件著作权，删除、销毁案涉技术秘密（包括案涉软件）及其载体，连带赔偿经济损失人民币8亿元（含惩罚性赔偿，币种下同）及维权合理开支500万元。    两斯某公司辩称：沈某集团、透某公司无权以权利人身份提起本案诉讼，对其主张的技术秘密也未采取合理保密措施。两斯某公司没有实施侵权行为，系使用案外人的A软件完成离心压缩机的设计与制造。本案不存在损害事实。沈某集团主张侵权已超过诉讼时效。<br/>　　法院经审理查明：根据沈某集团、透某公司的举证和二审法院从当地市场监督管理部门和公安机关调取的证据，足以证明在两斯某公司成立之后的2008年至2011年期间，两斯某公司即以不正当手段实际获取了沈某集团、透某公司的离心压缩机设计制造图纸以及案涉软件和相关基本级数据，设计、制造了多台被诉侵权产品。当时，两斯某公司时任法定代表人对两斯某公司商业秘密侵权行为予以确认，并保证此后不再使用沈某集团的商业秘密，斯某公司也于2011年10月17日承诺停止侵权，取得沈某集团谅解，当地公安机关于2013年6月20日撤案。然而，两斯某公司基于其在先实施的侵害商业秘密行为，非法获取和使用了案涉技术秘密，并持续至今。沈某集团、透某公司根据被诉侵权产品所附8份随机资料，详细说明了被诉侵权产品的叶轮代号的命名规律以及与沈某集团、透某公司主张的技术秘密之间的对应关系。沈某集团、透某公司的反推证明能够获得与上述随机资料相同或者实质相同的性能数据。两斯某公司既不能对双方产品的命名规律一致性作出合理解释，也未能提供足以反驳的证据。<br/>　　辽宁省沈阳市中级人民法院于2021年11月15日作出（2020）辽01民初558号民事判决：一、沈阳斯某机械有限公司、沈阳斯某机械制造有限公司于本判决生效之日起立即停止使用沈某集团股份有限公司、沈阳透某机械股份有限公司B、Q、F、T、U、V、K、LR叶轮模型基本级数据商业秘密的不正当竞争行为（停止使用持续至到该商业秘密已为公众所知悉时为止），并销毁该叶轮模型基本级数据载体，清除其控制的数据信息；二、沈阳斯某机械有限公司、沈阳斯某机械制造有限公司于本判决生效之日起十日内，共同赔偿沈某集团股份有限公司、沈阳透某机械股份有限公司经济损失及为制止侵权行为支出的合理开支，共计2500万元；三、驳回沈某集团股份有限公司、沈阳透某机械股份有限公司的其他诉讼请求。沈某集团股份有限公司、沈阳透某机械股份有限公司与沈阳斯某机械有限公司、沈阳斯某机械制造有限公司均不服，分别提起上诉。<br/>　　最高人民法院于2024年12月31日作出（2022）最高法知民终1592号民事判决：一、撤销辽宁省沈阳市中级人民法院（2020）辽01民初558号民事判决；二、沈阳斯某机械有限公司、沈阳斯某机械制造有限公司、孙某良、印某洋、吴某坡立即停止侵害沈某集团股份有限公司、沈阳透某机械股份有限公司案涉技术秘密及案涉软件著作权的行为，即立即停止非法获取、披露、使用、允许他人使用案涉软件和叶轮模型基本级数据；三、沈阳斯某机械有限公司、沈阳斯某机械制造有限公司、孙某良、印某洋于本判决生效之日起三十日内连带赔偿沈某集团股份有限公司、沈阳透某机械股份有限公司经济损失164647802元以及为制止侵权行为所支付的合理开支1500000元，合计166147802元；吴某坡对前述赔偿款在3000000元范围内承担连带赔偿责任；四、驳回沈某集团股份有限公司、沈阳透某机械股份有限公司的其他诉讼请求；五、驳回沈阳斯某机械有限公司、沈阳斯某机械制造有限公司的上诉请求。二审判决同时明确了停止侵害等非金钱给付义务和赔偿损失金钱给付义务的迟延履行金，以督促侵权人及时全面履行判决。</p>","<p>　　法院生效裁判认为：（一）关于侵权认定。根据在案证据以及沈某集团、透某公司主张的反推证明方式，足以初步证明沈某集团、透某公司完成了《中华人民共和国反不正当竞争法》第三十二条第二款第一项规定的证明责任，而两斯某公司未能完成“证明其不存在侵犯商业秘密的行为”的举证责任。关于案涉软件，双方当事人均确认案涉软件与基本级数据具有唯一对应关系，二者不能分割使用，斯某公司亦明确主张不存在将基本级数据用于其他软件进行选型设计的情形。据此，基于在案证据足以认定两斯某公司以不正当手段获取、使用了案涉软件和基本级数据，实施了侵害案涉技术秘密的侵权行为；两斯某公司的行为同时也侵害了沈某集团、透某公司对于案涉软件依法享有的著作权。<br/>　　孙某良、印某洋在任职于沈某集团期间，即与他人共同设立斯某公司并通过配偶持股，与沈某集团进行同业竞争、损公肥私，明显有违诚信原则。二人作为两斯某公司的实际股东，知道或者应当知道当地市场监督管理部门和公安机关曾调查处理两斯某公司侵害沈某集团商业秘密案件的情况。在斯某公司承诺停止侵权并取得沈某集团谅解的情形下，孙某良作为两斯某公司的大股东和法定代表人，仍然背信弃义，持续通过两斯某公司实施侵权行为。印某洋在两斯某公司成立时就已经实质介入，后担任斯某公司董事并负责离心压缩机设计。孙某良、印某洋作为两斯某公司的股东和高级管理人员，全程知悉并持续参与两斯某公司的侵权行为，又未能提交任何足以反驳的证据，应认定二人与两斯某公司构成共同侵权，应当与两斯某公司一起承担全部连带责任。<br/>　　吴某坡在任职沈某集团期间担任透某公司设计院副总工程师，参与离心压缩机设计并担任项目负责人，接触并知悉案涉软件和基本级数据，特别是部分基本级数据形成于其任职期间。在案证据足以证明吴某坡一定程度上参与了两斯某公司的侵权行为，提供了侵权帮助，其应当承担相应部分的连带责任。<br/>　　（二）关于赔偿责任。沈某集团、透某公司二审中最终主张侵权损害赔偿数额应从当地公安机关撤案之日（2013年6月20日）起计算至一审法庭辩论终结之日（2021年5月21日）。两斯某公司和三自然人则主张双方为同业竞争关系，沈某集团、透某公司明知两斯某公司一直从事离心压缩机生产、销售经营活动，其提起本案诉讼已超过诉讼时效期间。二审法院对此分析如下：沈某集团曾于2011年5月10日向当地工商局投诉两斯某公司和孙某良、印某洋、石某松侵害其商业秘密，斯某公司于2011年10月17日承诺停止侵权，取得沈某集团谅解，当地公安机关于2013年6月20日撤案。但在此之后，两斯某公司罔顾承诺，仍继续实施侵权行为且持续多年，获得巨额非法利益。技术秘密侵权行为和计算机软件侵权行为往往具有很强的隐蔽性，沈某集团、透某公司向一审法院申请律师调查令后，亦未能获取相关侵权证据，也显示出本案客观上存在难以获得与侵权行为有关的直接证据的现实困难。仅以沈某集团、透某公司与两斯某公司均从事离心压缩机生产、销售等为由，尚不足以认定沈某集团、透某公司早就知道或者应当知道其权益受到损害。沈某集团、透某公司于2020年5月6日提起本案诉讼，对发生在2013年6月20日至2021年5月21日期间的被诉侵权行为主张权利，不违反法律规定，也没有超出其诉讼请求范围。更为重要的是，除非确有证据或合理理由可以认定权利人放任侵权行为的发生与持续，否则不能由于侵权行为持续多年，即导致两斯某公司因“诉讼时效”而获得非法利益。综上，对两斯某公司有关本案诉讼时效的抗辩不予支持。<br/>　　本案可以二审法院从当地市场监督管理部门调取的两斯某公司企业年度报告中的利润总额作为计算本案损害赔偿数额的基础，并相应确定惩罚性赔偿。两斯某公司在2013年6月20日至2021年5月21日期间的利润总额为30954.53474万元；其中，自2019年4月23日（现行反不正当竞争法修改引入惩罚性赔偿规定的实施日）至2021年5月21日的利润总额为11964.0329万元。据此，两斯某公司本案中应承担的赔偿责任为16464.7802万元，计算公式为：补偿性赔偿（30954.53474万元×30%贡献率）+惩罚性赔偿（11964.0329万元×30%贡献率×2倍）=16464.7802万元。孙某良、印某洋对该赔偿金额承担全部连带赔偿责任，吴某坡对其中的300万元承担连带赔偿责任。</p>","<p>1.如被诉侵权人基于其在先实施的侵害商业秘密行为，已非法获取和使用了商业秘密，权利人提交的证据可以初步证明被诉侵权人有再次实施行为，而被诉侵权人不能提交足以反驳的证据的，可以认定权利人有关被诉侵权人继续实施侵害商业秘密行为的主张成立。<br/>　　2.员工在原单位任职期间，通过配偶等案外人隐名持股的方式设立公司并参与实施侵害商业秘密行为的，该员工与公司构成共同侵权，应当承担连带责任。<br/>　　3.如计算机软件与特定数据具有唯一对应关系，二者不能分割使用，根据现有证据足以认定被诉侵权人存在使用特定数据的情形，则可一并认定其同时使用了该计算机软件。<br/>　　4.没有证据证明权利人怠于主张权利或者放任侵权行为的，对于被诉侵权人以诉讼时效为由，主张仅计算起诉之日前三年的侵权损害赔偿责任的，人民法院不予支持。</p>","<p>　　《中华人民共和国民法典》第179条第1款、第188条、第1168条<br/>　　《计算机软件保护条例》第24条第1款第1项<br/>　　《中华人民共和国反不正当竞争法》第9条、第32条</p><br/>######<p>　　一审：辽宁省沈阳市中级人民法院（2020）辽01民初558号民事判决（2021年11月15日）<br/>　　二审：最高人民法院（2022）最高法知民终1592号民事判决（2024年12月31日）</p>","\N","\N","2026-01-21 10:27:30","2026-01-21 10:27:30","0426851d39e58f45b9ac3dc0e7db083a","\N","20260426"
"6026","多元解纷案例库","https://dyjfalk.court.gov.cn/site/case/b65b53d8-af97-468b-9447-71b861ce7834","民事-服务合同纠纷","D2025-161-6-137-017","最高人民法院","民事,服务合同纠纷,技术服务合同,合同解除,违约责任分配,项目评审,英文书证,航空专业仲裁员审理","","2026-01-04","\N","申请人某航空技术公司与被申请人某科技咨询公司签订《技术服务合同》。某航空技术公司系中标后，受案外第三方S公司委托，开展民航发动机适航相关技术服务。根据合同约定，某科技咨询公司作为受托方，应组建技术支持团队并配备相应技术人员，分三个阶段完成并交付技术开发成果，某航空技术公司则按期支付服务费用。合同明确由S公司负责对三期项目成果进行评审和验收。 在第一期阶段，双方对某科技咨询公司完成的技术开发成果、评审及交付均无异议。进入第二期阶段后，某航空技术公司主张某科技咨询公司未能按约定及时履行合同，第二阶段“中期评审”迟迟未能完成，导致某航空技术公司利益受损，合同目的无法实现，遂致函解除合同。某科技咨询公司则抗辩称，第二阶段工作已通过S公司评审，并已启动第三阶段工作，但航空技术公司未依约支付服务费，且以洽谈成立新公司为由拖延付款，致使第三阶段技术服务停滞。同时，某航空技术公司还聘用了原在某科技咨询公司处履行合同的关键技术人员，致使被申请人无法继续履行第三阶段工作。 某航空技术公司提起仲裁，请求解除合同并由某科技咨询公司返还已支付合同款及支付违约金。某科技咨询公司提起反请求，请求申请人支付拖欠合同款及迟延结算违约金。","仲裁庭受理案件后，经深入研判后认为本案争议焦点为：1.合同是否应当解除；2.违约责任如何认定；3.某科技咨询公司主张的第二期合同款项应否支付。 一、确认双方合意解除合同。关于合同解除的仲裁请求，仲裁庭认为，某航空技术公司主张某科技咨询公司迟延履行致合同目的不能实现，依据《合同法》第94条行使单方解除权，但某科技咨询公司已完成第二阶段工作并通过S公司评审，某航空技术公司所称的违约事实并不存在，且其未能提交有效催告等证据，故该解除通知不产生法律效力。在仲裁程序中，双方均表示合同难以继续履行，同意解除。据此，仲裁庭认定，双方已就解除本案合同形成合意，确认合同自庭审时解除。 二、合理认定违约责任。关于返还已支付合同款及支付违约金的仲裁请求，根据《合同法》第97条，合同解除后可根据履行情况和过错处理。首先，某科技咨询公司已完成第二阶段工作，某航空技术公司付款条件已成就，其无正当理由拒绝支付，构成先行违约。其次，在合同履行期间，某航空技术公司将某科技咨询公司的核心项目团队成员招聘入职，使其代表某航空技术公司为S公司继续提供服务，此行为直接导致某科技咨询公司无法履行后续合同义务。综上，仲裁庭认为双方对合同解除均有过错，故酌定由此造成的损失由双方各自承担。据此，对于某航空技术公司要求某科技咨询公司向其返还已付合同款以及违约金的仲裁请求，仲裁庭不予支持。 三、据实结算合同款项。关于某科技咨询公司要求支付拖欠合同款的反请求，仲裁庭认为，根据双方证据，某科技咨询公司派遣的技术人员已作为某航空技术公司项目组成员，按约在S公司现场提供了第二阶段技术服务，且该阶段成果已通过S公司中期评审验收。因此，某科技咨询公司已完成该阶段合同义务，某航空技术公司应当支付相应合同款项。但对于某科技咨询公司主张的迟延付款违约金，仲裁庭鉴于双方在合同履行中均有过错，未予支持。","本案涉及适航标准类技术合同服务出版物编写，具有较强的航空专业性。对于此类争议，如何认定合同实际履行状况及技术成果的评价对仲裁员的专业性提出挑战。为优质高效的审理本案，保障航空仲裁的专业性，在仲裁程序中，首席仲裁员由边裁选定。两位边裁共同选定在民航实务领域经验丰富的仲裁员作为本案的首席仲裁员，既提高了仲裁效率，也增强了当事人对仲裁程序的信任。在案件审理过程中，仲裁庭对于项目中期评审的有效性以及已提交适航标准文档的质量等问题通过有针对性的询问以及引导双方代理人聚焦争议焦点，促使双方当事人在无法回避事实矛盾的基础上，也增强了其对仲裁专家断案的理解和信任，当庭确认本案合同可以解除，并愿意根据仲裁庭的意见据实结算。 本案中，某科技咨询公司注册于中国（上海）自由贸易区，适用《中国（上海）自由贸易试验区仲裁规则》。其中所涉证据材料中涉及外籍专业技术人员以及英文技术成果资料，尤其是一些技术标准类的英文缩写，仲裁庭经征询双方当事人意见后，决定双方当事人均无须再提交翻译或公证认证文件，而是由双方通过质证程序来阐明己方意见，并且明确告知对于民航业常用的行业术语或者通用英文缩写，无须举证，仲裁庭将直接予以采信。 本案涉及技术服务中标方委托下一级技术公司转包服务的情形，这类合同纠纷对合同实际履行的调查和认定要求较高。首先，在合同有效的基础上，合同条款的解释至关重要，仲裁过程中需要详细理解和解释合同中关于服务质量、时间节点以及违约责任的具体规定，确保解释与双方的真实意思表示相符。其次，实际履行情况的调查和认定是关键，需全面收集和分析工作记录、通讯记录、合同附带文件、发票和付款记录等相关证据，以确认各方是否按约履行了各自的义务。虽然在本案不涉及，但在类似案件中，往往可以申请专业机构，对技术服务质量和结果提供专业意见，帮助仲裁庭准确认定履行情况是否符合合同要求。仲裁庭会综合考虑违约行为的严重程度、违约对另一方造成的损害以及双方的过错程度，合理分配违约责任，确保各方合法权益得到保护。","《中华人民共和国合同法》第94条、第97条（仲裁委员会作出裁决时适用的法律，当时有效）","\N","","2026-01-27 09:48:21","2026-02-03 09:40:00","04372285f22049950323f0d9d7aee2f6","\N","20260426"
"2473","人民法院案例库","https://rmfyalk.court.gov.cn","民事-租赁合同纠纷","2024-16-2-111-004","江西省高级人民法院","民事,租赁合同,违法建筑,合同无效,房屋占有使用费","再审","2016.12.20","02","<p>　　王某明向一审法院起诉请求：1.解除王某明与唐某豹于 2013年8月21日签订的租赁合同，并自合同解除之日起唐某豹立即腾空位于南昌市XX路与XX路交界处的房屋；2.唐某豹、熊某琴向王某明支付拖欠租金304200元，利息及违约金共计44989元（欠付租金、利定、及违约金暂算至2015年5月29日，租金、利息及违约金按合同约定计算至被告腾退为止）共计349189元；3.本案诉讼费、律师费、公证费由唐某豹、熊某琴承担。法院经审理查明：2011年11月1日，城建公司将南昌市XX路与XX路路交界处的房屋（系某农民公寓还建房裙楼部分物业，建筑面积为2203.7m2）租赁给投资公司，用途为商业及办公场地使用，租赁期限为十年；将场地擅自转租给其他人，视为投资公司违约，城建公司有权单方面解除合同，且不承担违约责任，不退还押金，城建公司同意除外。合同签订当日，投资公司委托王某明将租赁来的该处房屋对外出租。委托书载明王某明有权和承租人签订租赁合同，有权收取租金，租金收益全部归王某明所有。2011年11月2日，投资公司出具证明将以上承租房产的租赁权转给王某明。2013 年 8 月 21 日，唐某豹（乙方）与王某明（甲方）签订《租赁合同》，约定由甲方将位于南昌市XX路与XX路交界处房屋（即以上投资公司承租来的房屋）的二楼，建筑面积为1300m2租赁给乙方，房屋租赁期限为六年，自2013年8月30日至2019年8月29日止；房屋租金第一个年度（二年）自2013年8月30日至2015年8月29日止，每季度租金为70200元，年租金为280800元；房屋租金第二个年度（二年）递增10%，自2015年8月30日至2017年8月29日止，每季度租金为77220元，年租金为308880元；房屋租金第三个年度（二年）递增10%，自2017年8月30日至2019年8月29日止，每季度租金为 85020 元，年租金为340080元；乙方向甲方支付10万元押金，租赁期内，乙方无正当理由逾期支付租金的，每逾期一天，甲方有权按日租金双倍向乙方收取违约金，超出二十天未交租金，甲方有权解除合同，押金不退。合同签订后，王某明按约向唐某豹交付了租赁物，唐某豹亦向王某明交纳了保证金10万元。唐某豹将其中600多㎡的房屋装修成网吧经营，后将其余600多㎡的房屋分别装修成火锅店和麻将馆经营。唐某豹向王某明交纳了2个季度租金后，一直未向王某明交纳租金。2016年5月31日，青云谱区人民法院对本案采取强制执行措施，查封了网吧、火锅店和麻将馆，唐某豹、熊某琴（系唐某豹之妻）停止了经营。再审中，熊某琴提交了南昌市青云谱区城乡建设局出具的证明材料，主要内容是涉案房屋未在该局办理建设工程规划许可证，还提交了青云谱区文化局出具的证明材料，主要内容是因海都网吧（即唐某豹、熊某琴在涉案房屋经营的网吧）未取得消防部门出具的《公众聚集场所投入使用、营业前消防安全检查合格证》，所以未办理《网络经营许可证》。<br/>　　　　南昌市青云谱区人民法院于2015年9月21日作出（2015）青民三初字第93号民事判决：一、解除原告王某明与被告唐某豹于2013年8月21日签订的《租赁合同》；二、被告唐某豹自本判决生效之日起三个月内将位于南昌市XX路与XX路交界处房屋（象湖农民公寓还建房裙楼部分物业的二楼，建筑面积为1300m2）腾退给原告王某明；三、被告唐某豹、熊某琴自本判决生效之日起七日内支付原告王某明租金及违约金共计人民币349189元（2015年5月30日以后的租金及违约金计算至被告唐某豹腾退时为止）；四、被告唐某豹交纳给原告王某明的押金人民币100000元归原告王某明所有，不予退回；五、驳回原告王某明的其他诉讼请求。熊某琴不服提出上诉。江西省南昌市中级人民法院于2016年3月23日作出（2015）洪民三终字第 266 号民事判决：维持一审判决第一、二、五项，撤销第四项，变更第三项为“唐某豹、熊某琴自本判决生效之日起七日内支付王某明至 2015年8月29日的租金及违约金共计人民币319389元；唐某豹、熊某琴自本判决生效之日起七日内支付王某明自2015年8月30日至实际腾房时止租金（按每月25740元计算）”。熊某琴不服申请再审。江西省高级人民法院于2016年12月20日作出（2016）赣民再101号民事判决：撤销一、二审判决，改判唐某豹自本判决生效之日起三个月内将位于南昌市XX路与XX路交界处房屋（某农民公寓还建房裙楼部分物业的二楼，建筑面积为1300m2）腾退给王某明；唐某豹自本判决生效之日起十日内向王某明支付房屋占有使用费359600元，熊某琴承担连带清偿责任。</p>","<p>　　法院生效裁判认为，本案争议焦点是：1.本案房屋租赁合同是否有效；2.唐某豹、熊某琴能否免除租金，并要求王某明、城建公司赔偿损失。1.关于本案房屋租赁合同是否有效。王某明、城建公司虽提交了南昌市政府办公厅会议纪要、青云谱区人民政府会议纪要、青云谱区发展和改革委员会相关文 件，但未能提交涉案房屋的建设规划许可证或经主管部门批准建设的文件。再审中，熊某琴提交的南昌市青云谱区城乡建设局出具的证明材料，证明涉案房屋未在该局办理建设工程规划许可证。该院在再审审查期间，向青云谱区发展和改革委员会、江西省住房和城乡建设厅调查了解到，涉案出租房屋所属建设项目未向有关主管部门报批可行性研究报告，即未经主管部门批准建设。综上，可以认定本案涉案房屋未办理建设工程规划许可证或经主管部门批准建设。根据《最高人民法院关于审理城镇房屋租赁合同纠纷案件具体应用法律若干问题的解释》（以下简称《城镇房屋租赁合同纠纷案件司法解释》）第二条规定，唐某豹与王某明签订的房屋租赁合同无效。2.关于唐某豹、熊某琴能否免除租金，并要求王某明、城建公司赔偿损失。根据《城镇房屋租赁合同纠纷案件司法解释》第五条规定，“房屋租赁合同无效，当事人请求参照合同约定的租金标准支付房屋占有使用费用的，人民法院一般应予支持。”因此，对唐某豹、熊某琴要求免除租金的请求，不予支持。但是，因唐某豹、熊某琴经营的海都网吧未能办理《网络经营许可证》，对其经营造成了一定的影响，可酌情减付房屋占有使用费用。唐某豹、熊某琴经营租赁房屋至2016年5月31日，依据双方约定，自2013年8月30日起至2016年5月31日止，唐某豹应向王某明交纳房屋租金793260元，该院酌情确定唐某豹向王某明支付房屋占有使用费60万元，扣除已支付的140400元，还应支付459600元。因本案房屋租赁合同无效，根据原《合同法》相关规定，唐某豹应将房屋腾退给王某明，王某明收取唐某豹的 &nbsp;10万元保证金应予退还，对王某明提出唐某豹应按合同约定向其支付违约金的请求不予支持。上述费用相抵后，唐某豹还应向王某明支付房屋占有使用费359600元，熊某琴承担连带清偿责任。对于唐某豹、熊某琴提出王某明、城建公司应赔偿其装修损失300万元的请求，因唐某豹、熊某琴未提供证据证明且在本案中未提出反诉，不予审理。</p>","<p>1.出租人就未取得建设工程规划许可证或者未按照建设工程规划许可证的规定建设的房屋，与承租人订立的租赁合同无效。<br/>　　2.房屋租赁合同无效，当事人请求参照合同约定的租金标准支付房屋占有使用费用的，人民法院一般应予支持。但是，因出租人原因导致对承租人经营造成一定影响的，可酌情减付房屋占有使用费用。</p>","<p>　　《最高人民法院关于审理城镇房屋租赁合同纠纷案件具体应用法律若干问题的解释》第2条（本案适用的是2009年9月1日施行的《最高人民法院关于审理城镇房屋租赁合同纠纷案件具体应用法律若干问题的解释》第2条）、第5条（本案适用的是2009年9月1日施行的《最高人民法院关于审理城镇房屋租赁合同纠纷案件具体应用法律若干问题的解释》第4条）</p><br/>######<p>　　一审:江西省南昌市青云谱区人民法院（2015）青民三初字第93号民事判决(2015年9月21日)</p><p>　　二审:江西省南昌市中级人民法院（2015）洪民三终字第266号民事判决(2016年3月23日)</p><p>　　再审:江西省高级人民法院（2016）赣民再101号民事判决(2016年12月20日)</p>","\N","\N","2026-01-21 10:27:30","2026-01-21 10:27:30","04586ec84120e4af83d56701e34d0f9e","\N","20260426"
"7149","人民法院案例库","https://rmfyalk.court.gov.cn/view/content.html?id=Jjsev5aOL5JNjvXI5ui7GeQiw%2BgDkP1zxYEMlxGGMv4%3D&lib=ck","民事-知识产权权属、侵权纠纷","2026-09-2-528-001","湖北省高级人民法院","民事,知识产权权属、侵权,侵害商标权,正品转租,正当使用","二审","2024.04.16","02","上海某报健康科技有限公司（以下简称上海某报公司）于2017年在第10类商品上注册“魔方瘦”商标，核定使用商品类别为按摩器械、健美按摩设备等。后该公司在某红书和某里巴巴平台的某猫直通车、超级推荐、品销宝-明星店铺等对“魔方瘦”品牌进行宣传、推广，获得了良好的商誉。襄阳某咪科技有限公司（以下简称襄阳某咪公司）在2018年7月至2018年10月期间，从上海某报公司在某宝网开设的“日本魔方瘦官方企业店”，陆续购买案涉“魔方瘦”PRO产后修复仪66台，款项共计人民币147920元（币种下同），并在襄阳某咪公司经营的网店“美丽妈妈仪器租赁店”对外出租。上海某报公司多次以襄阳某咪公司侵害其商标权为由，向浙江某宝网络有限公司（以下简称浙江某宝公司）进行投诉。浙江某宝公司依据襄阳某咪公司提交的其从上海某报公司处购买涉案商品的记录，认定其出租的商品并非假货，对襄阳某咪公司的商品链接未作处理。<br/>u3000u3000    上海某报公司遂提起诉讼，主张襄阳某咪公司在浙江某宝公司电商平台上开设的网店，未经许可在网店产品标题、展示图片等处使用上海某报公司的“魔方瘦”商标，侵害了上海某报公司的注册商标专用权，请求判令：1.襄阳某咪公司停止侵害“魔方瘦”注册商标专用权的行为并赔偿损失及合理支出30万元；2.浙江某宝公司将某宝网中的侵权链接删除，未经许可不得将“魔方瘦”用于商品推广。<br/>u3000u3000    襄阳某咪公司和浙江某宝公司辩称，襄阳某咪公司出租的“魔方瘦”PRO产后修复仪为正品，其行为不构成侵权。<br/>u3000u3000    湖北省襄阳市中级人民法院于2022年8月12日作出（2021）鄂06知民初332号民事判决：一、襄阳某咪公司立即停止侵犯上海某报公司第2611570*号“魔方瘦”注册商标专用权的行为；二、浙江某宝公司立即停止在某宝直通车中向襄阳某咪公司提供以“魔方瘦”为搜索关键词的推广服务；三、襄阳某咪公司于判决生效后十日内赔偿上海某报公司经济损失及合理开支共计3万元；四、驳回上海某报公司其他诉讼请求。宣判后，上海某报公司与襄阳某咪公司均不服，提起上诉。湖北省高级人民法院于2024年4月16日作出（2023）鄂知民终691号民事判决：一、撤销湖北省襄阳市中级人民法院（2021）鄂06知民初332号民事判决；二、驳回上海某报公司的诉讼请求。","本案的争议焦点为：正品出租方为出租该商品而使用正品商标的行为是否侵害注册商标专用权。<br/>u3000u3000    《中华人民共和国商标法》第四十八条规定：“本法所称商标的使用，是指将商标用于商品、商品包装或者容器以及商品交易文书上，或者将商标用于广告宣传、展览以及其他商业活动中，用于识别商品来源的行为。”第五十七条规定：“有下列行为之一的，均属侵犯注册商标专用权：（一）未经商标注册人的许可，在同一种商品上使用与其注册商标相同的商标的；（二）未经商标注册人的许可，在同一种商品上使用与其注册商标近似的商标，或者在类似商品上使用与其注册商标相同或者近似的商标，容易导致混淆的；……（七）给他人的注册商标专用权造成其他损害的。”根据上述规定，使用他人注册商标的行为并非必然构成侵权，而需要判断该使用行为是否符合商标法第五十七条规定的侵权情形。实质是需要判断该使用行为是否会使相关公众对商品来源产生混淆可能性，以及是否会损害该商标所承载的商誉。合法取得某品牌商品的主体为了出售、出租该商品，而在广告宣传中使用相应注册商标的行为，本质上系描述性使用，目的是为了告知商品来源，通常不会导致混淆可能性，如果宣传内容和方式也不会损害该商标所承载的商誉的，构成正当使用，不应认为损害注册商标专用权。<br/>u3000u3000本案中，襄阳某咪公司已从上海某报公司设立的网络店铺中购买“魔方瘦”品牌产后修复仪，依法享有涉案商品的物权，有权转售或者以出租等其他方式提供给网络用户。襄阳某咪公司在其出租商品图片展示、出租商品链接、出租商品描述中使用“魔方瘦”商标，系直接表述其所出租的产后修复仪的品牌，是对出租商品真实信息的客观表述，属于对上海某报公司“魔方瘦”注册商标的正当使用，不会导致社会公众混淆商品来源，故不构成对上海某报公司第2611570*号“魔方瘦”注册商标专用权的侵权。","为出售、出租正品商品而在广告宣传中使用该正品商品的注册商标，属于告知商品来源的描述性使用，通常不会使社会公众对商品来源产生混淆可能性。在此情况下，如果广告宣传的内容和方式不损害该商标所承载的商誉的，构成对商标的正当使用，不属于侵害商标专用权行为。","《中华人民共和国商标法》第48条、第57条<br/>######u3000u3000u3000u3000一审：湖北省襄阳市中级人民法院（2021）鄂06知民初332号民事判决（2022年8月12日）<br/>u3000u3000二审：湖北省高级人民法院（2023）鄂知民终691号民事判决（2024年4月16日）","\N","","2026-02-02 19:00:18","2026-04-02 19:02:04","045cc8390074d6a963ea06796fd9ce03","\N","20260426"
"6295","多元解纷案例库","https://dyjfalk.court.gov.cn/site/case/1666f0b5-2021-4bfa-a418-d29aebf3e37b","民事-物业服务合同纠纷","D2025-161-1-121-754","阜阳市颍泉区人民法院","民事,物业服务合同纠纷,拖欠物业费,“总对总”在线诉调对接机制,人大代表参与调解,行业调解","","2025-10-31","\N","某物业公司为某小区业主提供物业管理服务，业主入住时与该物业公司签订了前期物业服务协议，明确约定了物业费标准。物业公司认为其按照物业服务合同的约定提供了相应服务，但部分业主长期未交纳物业费及相关费用。经催收未果，物业公司遂将小区110多名业主诉至法院，要求支付拖欠的物业费。","法院收到起诉材料后，为防止矛盾激化，征得当事人同意后，依托“总对总”在线诉调对接机制，委托物业纠纷调解组织进行先行调解，并邀请担任特邀调解员的区人大代表参与调解。 一是“疏导+安抚”妥善处置。考虑到系列纠纷涉及业主众多，法院指导调解组织做好化解方案研判，并共同商讨选择一名业主代表参与调解。调解当日，该小区200余名业主来到法院，法院工作人员立即做好情绪安抚工作，并由调解员引导业主代表到调解室了解情况，与业主代表约定到小区实地勘查物业服务情况，很快平复业主情绪。 二是“调研+走访”厘清症结。指导法官和调解员采取“实地调研+‘背靠背’”方式化解纠纷。先到该小区所在社区，与社区干部就物业问题进行沟通，了解到该小区系安置小区，物业公司前期服务不规范，甚至将小区部分地下车库擅自改造成仓库对外出租，并拆除、变卖部分机房空调和业主的空调外机护栏等，引发业主强烈不满，导致物业费交纳率低。对此，社区已多次协调，但因分歧较大未能有效解决。在社区协助下，调解员到小区实地调研，并以人大代表身份优势，走访多名业主，倾听业主的心声和意见，向其宣传物业相关法律知识，告知其不交纳物业费对小区居民生活的影响。 三是“约谈+调解”化解矛盾。了解问题症结后，法院邀请该地区住房保障事务中心人员共同约谈物业公司负责人，明确告知物业公司应承担的责任和义务，一一指出物业服务中存在的问题，通过摆事实、讲道理，提出整改意见。物业公司认识到自身服务的不足，承诺立即着手整改，待整改完毕后再与业主沟通物业费交纳问题。调解员及时向业主通报了物业公司整改方案，业主也纷纷表示待整改后愿意交纳物业费。之后指导法官与调解员再次来到该小区，回访相关当事人，小区多处设施已修复完善，部分业主也主动交纳了物业费，物业秩序逐渐向好。该系列纠纷得以妥善化解。","本案系物业服务合同履行过程中，因物业公司服务不规范、侵害业主权益导致业主集体拒交物业费引发的批量纠纷。该类纠纷具有涉及人数多、矛盾易激化、成因复杂等特点，若处理不当，易引发连锁反应，影响社区稳定。本案中，法院依托最高人民法院与住建部建立的“总对总”在线诉调对接机制，委托物业行业调解组织开展调解，通过“行业调解组织主导、法院指导、基层组织协助、人大代表参与监督”联动化解机制，充分发挥各主体职能优势，形成解纷合力。调解过程中，行业性专业性调解组织发挥其熟悉物业行业的优势，深入一线走访调研，精准识别服务缺陷及业主诉求，开展针对性调解；法院搭建沟通平台，提供法律指导与支持，并邀请住房保障事务中心共同约谈物业公司，明确其合同义务与法律责任，督促整改落实；社区发挥熟悉社情民意的优势，协助沟通疏导，缓和对立情绪；人大代表参与调解，依托其公信力，全程监督，引导群众理性维权。调解成功后，及时开展跟踪回访，巩固化解成果，不仅督促物业公司积极履行整改责任，改善了小区环境，还促使业主主动结清欠交的物业费，实现业主主动交费与物业公司服务水平提升的双重效果，助力和谐社区建设，实现双赢多赢共赢。","《中华人民共和国民法典》第937条、第942条、第944条 《物业管理条例》（2018年修订）第35条","\N","","2026-01-27 09:49:01","2026-02-03 09:46:43","0462ad978ae3b764f241e01c8377d48a","\N","20260426"
"6210","多元解纷案例库","https://dyjfalk.court.gov.cn/site/case/354fe6e7-734f-4aab-a0fb-63b2fd999bdf","民事-排除妨害纠纷","D2025-161-1-039-831","灌南县人民法院","民事,排除妨害纠纷,催收物业费,梯控,“示范性诉讼+批量化调解”机制,综治中心","","2025-11-25","\N","某物业公司为某高层住宅小区提供物业服务，该小区原设有电梯控制系统、电梯IC卡及读卡器等。在为该小区提供物业服务期间，某物业公司对电梯系统使用进行控制，按户定量配置电梯IC卡，并将电梯IC卡功能设置为定期刷卡激活使用，无电梯IC卡即无法正常乘坐电梯。该小区部分高层住宅业主因对小区物业服务质量不满未正常足额交纳物业费，某物业公司多次暂停李某等业主电梯IC卡使用，130余名业主无法正常使用电梯上下楼，导致有家难回。李某等业主到综治中心反映电梯控制系统被物业公司不当限制使用，强烈要求某物业公司拆除电梯控制系统，恢复电梯正常使用。","综治中心对纠纷进行登记后，考虑到涉及业主人数较多，双方矛盾较为激烈，征得当事人同意后，指派物业纠纷人民调解委员会进行调解。调解员通过拉家常、面对面沟通等方式安抚当事人情绪后，重点开展以下工作： 一是了解纠纷由来，迅速找准病因。调解员上门与双方当事人进行沟通，了解双方诉求。李某等业主认为某物业公司将电梯IC卡设置为定期刷卡激活使用属于违法控制梯控系统，造成业主上下楼不便、有家难回。某物业公司则提出梯控系统系房屋开发单位初始设置，物业公司对其进行控制主要是为了保障小区安全，李某等业主正常交纳物业费即可对电梯IC卡刷卡激活使用。调解员梳理发现，案涉纠纷争议焦点在于电梯控制系统设置及限制使用的合法性，涉及业主出行、小区安全、物业服务、物业费催交等多方面问题，矛盾风险交织叠加，需要找好切入点，依托多方力量开展法律指导、示范诉讼和集中调解等工作。 二是强化专业研判，做实法律指导。在全面梳理案情后，调解员对梯控设置、程序、拆除等问题检索相关法律法规，发现《民法典》虽对业主共同决定事项、讨论表决规则以及违法催交物业费作了规定，但关于电梯控制系统尚没有明确法律规定。为此，调解员向综治中心报告，由综治中心指派入驻法官指导调解。法官指导调解员继续积极沟通，并对梯控纠纷法律问题、裁判规则、典型案例等进行研究，并提出化解建议。 三是加强协同联动，开展示范诉讼。综治中心考虑双方矛盾大、涉及人数多，根据法院建议采取“示范性诉讼+批量化调解”方式推进化解工作，由法院安排资深法官选择代表性案件进行巡回审判，并组织业主代表、物业公司等到场旁听，并邀请人大代表、政协委员现场监督，依法作出示范判决。示范判决指出电梯属于业主共有和共同管理，电梯控制系统的安装和拆除涉及小区全体业主的共同利益,属于《民法典》规定的需要业主共同决定的重大事项。某物业公司未经业主共同决定设置电梯控制系统并限制使用以此催交物业费，违反《民法典》关于不得采用违法方式催交物业费的规定，造成业主上下楼不便、有家难回，侵犯了业主的权利，应当解除使用限制且不得再次限制使用。 四是强化示范效应，组织集中化解。在经过示范判决、调解员跟进沟通、现场答疑、代表委员监督评议后，双方对立情绪大大缓解。业主认识到应通过业主共同决定的法定程序和议事规则确定电梯控制系统是优化使用还是拆除，物业公司认识到采用限制电梯使用方式催交物业费的违法性。在征求当事人意见和进行隐名处理后，法院将示范判决在小区进行公示，并指导调解员参照示范判决进行集中调解。经过调解员集中调解和释明沟通，某物业公司解除电梯控制系统使用限制且未再限制使用，业主自愿撤回起诉材料，最终130余起纠纷得以成功化解。此外，关于物业费纠纷和物业服务质量争议，经综治中心规范引导，某物业公司和业主共同接受调解组织的调解，调解员参考住建部门公布的物业服务质量测评情况和法院类案裁判，促使大部分物业费纠纷得以成功化解。","本案系因物业费催交问题引发的梯控纠纷，涉及面广且人数较多，处理不当，易激化矛盾。本案中，综治中心发挥牵头统筹作用，委托行业专业调解组织开展一揽子化解工作，充分发挥调解组织熟悉物业法律法规和社区管理、具有丰富调解经验的优势，积极推进调解工作。调解过程中，针对双方分歧较大的情况，由法院选取代表性案件通过巡回审判方式开展“示范性诉讼”，并邀请相关当事人、调解员及人大代表、政协委员参加，明确同类纠纷裁判标准，提高同类纠纷当事人对纠纷化解结果的预判能力，为后续批量化解奠定基础。之后，调解组织参照示范判决组织批量化调解，并针对物业服务、物业费收费等问题开展一揽子调解，实现批量纠纷快速、高效、低成本化解，既从源头上消除分歧、实质解纷，又精准促推行业治理，从根本上解决双方问题症结，修复了物业关系，维护了和谐安宁的社区环境，实现了政治效果、法律效果和社会效果的有机统一。","《中华人民共和国民法典》第236条、第944条","\N","","2026-01-27 09:48:45","2026-02-03 09:46:31","04865c9e6300b94a2a9c4a36ae6a2d55","\N","20260426"
"4970","人民法院案例库","https://rmfyalk.court.gov.cn","民事-专利权权属、侵权纠纷","2023-13-2-160-015","最高人民法院","民事,侵害发明专利权,租赁使用,合法来源抗辩","二审","2022.10.10","02","<p>　　北京某岩土公司诉称：其系专利号为98101332.*、名称为“底端带有夯扩头的混凝土桩的施工设备”的发明专利（以下简称涉案专利）的专利权人。某电气公司在土建工程施工中使用多台被诉侵权产品进行施工，侵害了涉案专利权。故请求判令：（1）某电气公司立即停止制造、使用侵权设备进行施工的行为；（2）判令某电气公司因侵权行为向北京某岩土公司赔偿200万元。<br/>　　某电气公司辩称：（1）某电气公司是地铁8号线的施工总承包单位，涉案项目总共分包给了三家公司，用于工程砂石桩的施工设备都是由分包单位租赁的。（2）北京某岩土公司提交的证据不能证明分包单位使用的产品为被诉侵权产品。（3）北京某岩土公司提出的制造属于新的诉求，而且某电气公司是制造车辆段的，不可能制造被诉侵权产品。<br/>　　北京知识产权法院于2020年6月28日作出（2017）京73民初1869号民事判决：一、某电气公司于判决生效之日起30日内赔偿北京某岩土公司经济损失60万元；二、驳回北京某岩土公司其他诉讼请求。宣判后，某电气公司不服，向最高人民法院提起上诉。最高人民法院于2022年10月10日作出（2021）最高法知民终1118号民事判决：一、撤销北京知识产权法院（2017）京73民初1869号民事判决；二、驳回北京某岩土公司的全部诉讼请求。</p>","<p>　　法院生效裁判认为：为生产经营目的使用、许诺销售或者销售不知道是未经专利权人许可而制造并售出的专利侵权产品，能证明该产品合法来源的，不承担赔偿责任。本案中，在案证据可以证明某电气公司将涉案工程分包给菏某公司、中某公司和世纪某公司，上述分包单位通过合法、正常的商业租赁方式向案外人租赁被诉侵权产品并用于涉案工程施工，该租赁方式符合建筑施工行业的一般惯例和特点，租赁价格也比较合理，故可以推定某电气公司对于该使用行为主观无过错。在北京某岩土公司未进一步提供足以推翻上述推定的相反证据的情况下，应当认定某电气公司使用的被诉侵权产品具有合法来源，其主张的合法来源抗辩成立。</p>","<p>被诉侵权使用者能够证明其使用的侵权产品系付费租赁而来，租赁价格合理且符合商业惯例，专利权利人未进一步提供足以推翻的相反证据的，可以认定被诉侵权使用者的合法来源抗辩成立。</p>","<p>　　《中华人民共和国专利法》第77条（本案适用的是2009年10月1日施行的《中华人民共和国专利法》第70条）<br/></p><br/>######<p>　　一审：北京知识产权法院（2017）京73民初1869号民事判决（2020年6月28日）<br/>　　二审：最高人民法院（2021）最高法知民终1118号民事判决（2022年10月10日）</p>","\N","\N","2026-01-21 10:27:30","2026-01-21 10:27:30","049d0364f8a581ab79c22d2df5072134","\N","20260426"
"5705","人民法院案例库","https://rmfyalk.court.gov.cn/view/content.html?id=qQGgLZ%2BGuuRPUDKpENnUEDxk3DhV6jHIHOjGEpkyiz8%3D&lib=ck","民事-商标权权属、侵权纠纷","2026-09-2-165-001","最高人民法院","民事,商标权权属、侵权,注册商标专用权人,侵权认定,三年不使用免赔,举证责任,起诉之日","二审","2023.09.21","02","拉某酒庄系“LAFITE”“CHATEAU LAFITE ROTHSCHILD”商标（以下简称案涉商标）的商标权人。2005年4月1日，南京金某酒业有限公司（以下简称金某酒业公司）在葡萄酒等商品上获准注册了“拉菲庄园”商标。金某酒业公司委托南京华某酿酒有限公司（以下简称华某酿酒公司）加工生产“拉菲庄园”品牌葡萄酒，并授权南京某庄园酒业有限公司（以下简称南京某庄园公司）在全国范围内招募加盟商。根据案涉证据保全公证书显示，公证员等人购买了三瓶“拉菲庄园干红葡萄酒”，该三瓶酒的正面、背面分别标有“LAFEI MANOR”“拉菲庄园”标识，其中两瓶酒背标显示“原酒进口”“南京灌装”，由“拉菲庄园”商标持有人授权，生产厂商为华某酿酒公司，全国运营商为南京某庄园公司；另一瓶酒背标显示“法国原瓶进口”，原产国为法国，生产厂商为法国S某酒庄集团，代理商为南京某庄园公司。金某酒业公司、华某酿酒公司与南京某庄园公司建立了完整产销体系，在生产、销售“拉菲庄园”葡萄酒的过程中使用了“拉菲庄园”“LAFEI MANOR”等标识，并在网站、交易文书中进行宣传推广。拉某酒庄认为，金某酒业公司等被告实施了侵害其案涉商标专用权的行为，获利巨大，遂向法院提起诉讼，请求判令金某酒业公司等被告停止侵权、赔偿损失、消除影响等。金某酒业公司等共同辩称，他们使用“拉菲庄园”“LAFEI MANOR”商标标识的行为不构成商标侵权。<br/>u3000u3000另查明，2016年12月23日，最高人民法院作出再审判决认定，商标行政主管部门撤销“拉菲庄园”“LAFEI MANOR”商标的裁定经司法审查生效。<br/>u3000u3000江苏省高级人民法院于2021年6月30日作出（2017）苏民初5号民事判决认定：案涉商标经过长期使用具有较高知名度，“LAFITE”已与“拉菲”建立了稳定的对应关系。金某酒业公司等生产销售生产、销售及宣传带有“拉菲庄园”“LAFEI MANOR”及两者组合标识的葡萄酒产品，是在同一种或类似商品上使用与案涉商标近似的商标，让公众对其指示的商品来源容易产生误认，构成商标法第五十七条规定的商标侵权行为，遂判令金某酒业公司等被告立即停止上述侵权行为，并连带赔偿拉某酒庄经济损失等。宣判后，金某酒业公司等提起上诉称，拉某酒庄在其起诉前三年内“LAFITE”商标未在中国大陆地区使用过，“CHATEAU LAFITE ROTHSCHILD”商标的使用证据较少，使用频率、强度较低，上诉人有免予赔偿的权利。最高人民法院于2023年9月21日作出（2022）最高法民终313号民事判决，对金某酒业公司等免予赔偿的主张未予支持，但依法改判了部分上诉人的赔偿范围。","本案的争议焦点问题之一为：金某酒业公司等提出的三年未使用免赔抗辩是否成立。<br/>u3000u3000《中华人民共和国商标法》（2013年修正）第六十四条第一款规定：“注册商标专用权人请求赔偿，被控侵权人以注册商标专用权人未使用注册商标提出抗辩的，人民法院可以要求注册商标专用权人提供此前三年内实际使用该注册商标的证据。注册商标专用权人不能证明此前三年内实际使用过该注册商标，也不能证明因侵权行为受到其他损失的，被控侵权人不承担赔偿责任。”因此，商标权人三年内未实际使用注册商标也无其他损失，被控侵权人抗辩不承担赔偿责任的，人民法院应予支持。上述规定旨在督促商标使用，合理平衡商标权人与侵权行为人之间的利益，针对被诉侵权人提出免赔抗辩，权利人应举证证明起诉之日起前三年内使用案涉商标，或者证明因侵权行为受到其他损失。需要注意的是，权利人只需证明有使用行为即可，而无需证明其使用行为的强度，后者对确定侵权人承担的赔偿责任大小有影响，但不是认定侵权人免赔抗辩是否成立的考量因素。结合本案，拉某酒庄主张其实际使用了“LAFITE”“CHATEAU LAFITE ROTHSCHILD”商标，应当提供证据证明其在2014年至2016年期间（以下简称案涉三年期间）使用了上述商标。<br/>u3000u3000商标法第四十八条规定：“本法所称商标的使用，是指将商标用于商品、商品包装或者容器以及商品交易文书上，或者将商标用于广告宣传、展览以及其他商业活动中，用于识别商品来源的行为。”经查，长沙海关法规室出具的证明及从上海海关调取的报关单记录显示案涉三年期间拉某酒庄进口了“Carruades de Lafite”“CHATEAU LAFITE ROTHSCHILD”葡萄酒；梅花网广告监测的检索内容显示，案涉三年期间拉某酒庄在《新闻晨报》《参考消息》《广州日报》等多家媒体上对“LAFITE”“拉菲”进行了大量宣传；此外，2014年的《21世纪经济报道》《华夏酒报》等报刊以及2015年上映的《澳门风云》等影视作品均能反映案涉三年期间“拉菲”葡萄酒在中国大陆地区具有一定知名度。因此，上述证据能够证明，2014年至2016年期间拉某酒庄在中国大陆地区使用了案涉商标。金某酒业公司等提出的三年未使用免赔抗辩不能成立。","在侵害商标权纠纷中，被控侵权人提出权利人未使用注册商标的免赔抗辩，权利人提供证据证明起诉之日起前三年内使用过商标的，该免赔抗辩即不能成立；被控侵权人以权利人使用商标强度较弱为由，主张免赔抗辩成立的，人民法院不予支持，但可以在确定赔偿责任大小时予以考虑。","《中华人民共和国商标法》(2013年修正)第48条、第64条第1款<br/>######u3000u3000u3000u3000一审：江苏省高级人民法院（2017）苏民初5号判决（2021年6月30日）<br/>u3000u3000二审：最高人民法院 （2022）最高法民终313号判决（2023年9月21日）","\N","","2026-01-21 10:27:30","2026-03-14 19:01:58","04b10f414a65044934e859748488e242","\N","20260426"
"6461","多元解纷案例库","https://rmfyalk.court.gov.cn","民事-买卖合同纠纷","D2025-161-1-084-595","饶平县人民法院","民事,买卖合同纠纷,电商交易,单方解约,“背靠背”调解,双向释法","","2025-09-04","\N","王某与吴某均为网店经营者。王某向吴某购买各式车载饰品，王某接到消费者订单后，由吴某代为发货。2023年8月14日至17日，吴某代王某发货1万多单，王某逐日向吴某支付货款，合计约12万元。后王某找到低价货源，遂与吴某解约。吴某冲动之下，拦截已发出快递，导致王某的客户无法收到货物，进而引发客户大量退款，并导致王某店铺被平台限制经营，同时受到平台处罚。王某遂诉至法院，要求吴某赔偿损失。","法院收到起诉材料后，发现双方当事人均为电商从业者，因一时冲动引起纠纷，为妥善化解纠纷，解开当事人“心结”，征得双方当事人同意，委托特邀调解员开展先行调解工作。 一是认真梳理案情，确定争议焦点。调解员经认真查阅案件材料，并与双方当事人初步沟通，认为案件争议焦点为：1.王某未经协商擅自解约是否违约；2.吴某拦截已发货快递是否应承担赔偿责任；3.王某主张的50余万元经营损失是否依法有据。 二是背靠背调解，明确权利义务。调解过程中，调解员采用“背靠背”调解法，与双方当事人分别沟通。针对王某的解约行为，调解员依据《民法典》第509条关于诚信履约的规定，指出王某找到低价货源后未与吴某充分协商即单方解约，违背诚信原则，存在一定责任。针对吴某，调解员向其阐释《民法典》第577条关于违约责任的规定，明确指出吴某拦截快递的行为已构成违约，需承担赔偿王某合理损失的责任；同时，结合诚信原则，指出其冲动行为不仅扩大了损失，还影响了王某的店铺信誉，进而引导吴某理性看待解约争议，积极与王某协商解决。经多次沟通，吴某逐渐认识到自身过错，表示同意赔偿，但认为王某主张的50万元损失过高，难以接受。 三是耐心沟通，促成和解。针对损失争议，调解员指出，依据《民法典》第584条的合理预见规则，并结合王某提供的平台处罚通知、退款记录等证据材料，经深入分析，指出其主张的经营损失中部分损失属间接损失，且缺乏充分举证，引导其结合实际情况调整索赔数额。经耐心释法，王某承认自身解约行为亦存在不当，同意降低赔偿诉求。在双方态度均有所松动后，调解员组织双方进行面对面调解，围绕赔偿数额展开协商。调解员结合双方经营规模、行业惯例及实际损失情况，提出折中参考方案，最终双方就赔偿款达成一致意见。纠纷得以妥善化解，双方握手言和。","本案系电商行业因不规范经营行为引发的合同纠纷，在网购已成常态的当下，具有一定典型性。本案中，调解员在了解案情后，面对双方当事人冲突较大的情况，先缓解双方对立情绪，再解读具体法律条文，让当事人理性接受释法。之后，发挥自身专业优势，精准把握案件核心，针对争议焦点双向释法，明确双方责任，引导换位思考、平衡利益，避免 “赢了官司输了生意”。调解过程中，采用 “背靠背” 沟通消除当事人抵触心理，待双方态度松动后再 “面对面” 协商，提高调解效率，通过专业的法律阐释及灵活的调解技巧，将法律规定与行业特点相结合，促使纠纷高效化解，既维护了当事人合法权益，修复了双方合作关系，又通过以案释法，引导电商行业依法依规经营，推动电商行业健康发展。","《中华人民共和国民法典》第509条、第577条、第584条","\N","","2026-01-27 09:49:33","2026-01-27 09:49:33","04c711c2dca22dd38ad4938f957f405b","\N","20260426"
"6127","多元解纷案例库","https://dyjfalk.court.gov.cn/site/case/b6bc4eac-3d8f-4056-9141-60e847233a38","民事-劳务合同纠纷","D2025-161-1-139-908","苍溪县人民法院","民事,劳务合同纠纷,涉农集体欠薪,“法院+司法所+劳动监察部门+村委会”联合化解","","2025-12-09","\N","2017年至2021年期间，某家庭农场经营者程某为种植花椒及药材，长期雇佣伍某等103名村民从事开地、种植、施肥、除草、采摘等劳务工作。后因农产品市场行情波动、资金周转困难等原因，程某未能按时足额支付村民劳务报酬，累计欠付金额高达40余万元。村民多次上门催要，程某均以资金紧张为由未予支付。2022年4月，程某与村民结算并出具欠条，但截至2024年9月仍未支付劳务费，双方矛盾逐渐激化。伍某等村民代表到法院申请解决。","法院收到伍某等人诉求后，考虑到纠纷涉及百余名村民切身利益，且欠薪时间长、金额大、涉及社会面广。为高效化解纠纷，保障务工村民合法权益，在征得双方当事人同意后，对纠纷进行先行调解，并邀请司法所、劳动监察部门、村委会共同参与，联合开展以下工作： 一是搭建平台，明晰纠纷化解难点。考虑到纠纷涉农、涉众的特点，法院立即启动涉农绿色通道纠纷解决机制，邀请属地司法所干部、村委会主任作为特邀调解员，与劳动监察大队工作人员共同组成调解团队，充分发挥基层干部熟悉乡情、了解情况等优势，搭建联合化解平台。经调解团队初步审查，认为纠纷事实清楚，证据明确，但经营者程某确实存在资金周转困难，一次性完全支付可能造成经营困境，而程某前期多次失信于务工村民，故单纯考虑分期支付方式化解纠纷的思路难以达成一致意见。通过对“人数、金额、履行情况”三清查，调解团队锁定纠纷“人多薪高、经营困难、信用缺失”的核心堵点，为后续方案达成奠定事实与信任基础。 二是双向沟通，寻求利益平衡点。一方面司法所干部联合村委会主任与村民代表座谈，逐人核实已付及欠付金额并形成明细清单，将分散的个体诉求整合为清晰、权威的事实数据，为后续确定支付方案提供基准；村委会主任向村民代表详细讲解本地产业规划，阐明土地盘活及就近就业红利及长远发展，并说明某家庭农场面临的现实困难及彻底“闹僵”可能导致农场经营破产、报酬更难追回的“双输”后果，引导村民考虑适度谅解与分期履行方案。另一方面劳动监察大队干部指出程某欠薪的违法性，释明《保障农民工工资支付条例》明确规定工资支付的法定义务，同时核实其所述经营困难情况以防恶意拖欠。法官结合家庭农场本地属性，强调村民劳动力支撑及群众基础对长远经营的关键作用，从乡土信誉、长期发展及法律责任等多角度分析利害关系，劝导程某拿出最大诚意解决问题。最后，调解团队组织村民代表与程某进行“面对面”协商并引导换位思考，兼顾村民报酬获得与程某资金周转困难，精准链接双方利益平衡点，促推达成共识。 三是引入担保，推动调解协议如约履行。为高效追回务工村民的血汗钱并为资金周转困难的乡村经营者保留发展生机，调解团队提出了“分期支付+担保保障”方案，村民同意程某分期支付，程某联系其亲属提供保证担保，这一方案既给予程某一定时间筹款，也打消了村民的顾虑。协议达成后，调解团队持续跟进履约情况，法院与司法所负责定期关注程某家庭农场经营状况与履约进度，进行日常提醒；劳动监察与村委会积极协助程某梳理经营问题，联系农业部门咨询政策，帮助其拓宽销路、改善经营，从源头化解支付能力危机，最终该系列纠纷得以妥善化解。","本案系涉农集体欠薪纠纷，既关乎务工村民生计保障，也影响乡村经营主体存续发展。本案中，通过构建“搭建平台+专业支撑+基层协同”的调解机制，以平台搭建凝聚基层解纷合力、以双向沟通寻求利益最大公约数、以创新担保保障协议兑现。其中，村委会、司法所发挥熟悉民情优势，引导村民理性表达诉求；劳动监察部门发挥职能优势，充分释明欠薪的法律后果，法院则发挥指导调解职能，帮助分析利弊得失。通过多角度释法明理，一方面，向务工村民客观说明经营者的实际困难、产业发展的共同利益以及“竭泽而渔”可能导致的“双输”后果，引导其适当谅解；另一方面，向经营者释明拖欠劳务报酬的法律责任、失信行为的乡土信誉代价以及村民支持对长远经营的重要性，引导其以实际行动展现消化债务的诚意。通过双向释法说理与换位思考引导，实现司法的权威性、行政的规范性、基层的情理性的有机衔接，将对抗性诉求转化为建设性协商，为达成调解方案创造了条件。调解过程中，针对双方顾虑，提出“分期履行+保证担保”的解决方案，既为陷入暂时困难的经营者赢得缓冲时间，又通过引入担保人担保提供了“履约保险”，彻底打消了村民对分期履行的顾虑。同时，建立调解后持续跟踪帮扶机制，各部门依职能持续关注履约进度、提供经营辅导、链接政策资源，从源头上改善经营者的支付能力，达到了“护薪”与“护产”双重目标，不仅实质性化解矛盾，更助力乡村企业发展，做到“案结、薪清、业稳、人和”。","《中华人民共和国民法典》第509条、第579条 《保障农民工工资支付条例》第3条、第16条","\N","","2026-01-27 09:48:32","2026-02-03 09:40:12","04dcb44a501371a30884edbf4f834772","\N","20260426"
"2449","人民法院案例库","https://rmfyalk.court.gov.cn","民事-建设工程合同纠纷","2024-16-2-115-001","江西省高级人民法院","民事,建设工程合同,建筑物外墙保温层,违约责任,竣工验收义务","再审","2016.08.15","02","<p>　　上饶市某房地产开发有限公司起诉请求：1、要求浙江某建设集团有限公司向上饶市某房地产开发有限公司交付全部竣工验收资料和在工程竣工验收备案表等建筑施工文件上盖章，以便上饶市某房地产开发有限公司能尽快为购房户办理产权证;2、由浙江某建设集团有限公司按约支付逾期办理工程竣工验收备案违约金199万元；3、浙江某建设集团有限公司按设计要求补做5#楼外墙保温层，并在判决生效之日起30日内完成。<br/>　　法院经审理查明：2008年11月1日，上饶市某房地产开发有限公司、浙江某建设集团有限公司签订了一份《建设工程施工合同》，约定上饶市某房地产开发有限公司将位于上饶市信州区中山路的某工程发包给浙江某建设集团有限公司施工，工程内容为1-5#楼及地下室施工工程，合同总价暂定2077万元。2008年11月19日，双方又签订一份《补充合同》，约定:工程实行包工包料;按工程进度确定付款金额，工程竣工验收后20天内付至工程总价90%，三个月内办理完决算，完成工程竣工验收备案，质量评定达到合同约定标准后付至工程总价97%，剩余3%工程总价为质量保修金;上饶市某房地产开发有限公司在本合同承包范围内分包工程，浙江某建设集团有限公司有义务配合，工程配合费、施工配合费、管理费合计按10%计取，由上饶市某房地产开发有限公司根据与分包单位签订的合同约定负责在分包单位的工程款中扣除，并按结算制度的要求支付给浙江某建设集团有限公司。2010年8月13日，双方就某工程有关收尾事项又签订一份《承诺协议》，约定:浙江某建设集团有限公司确保在2010年8月15日前完成一期工程5#楼住宅整体的外墙面砖粘贴，线条中级弹性拉毛涂料施工符合建筑工程相关分项工程质量验收标准的前提下，全部拆除外立面四周脚手架，如会延时，浙江某建设集团有限公司同意按每天3万元赔付上饶市某房地产开发有限公司工程延误损失费;浙江某建设集团有限公司确保在2010 年8月20日前配合上饶市某房地产开发有限公司与购房户进行交房，并确保在2010年8月30日前完成5#(包括1-5#楼及地下商业车库)全部合同约定应该完成的工程内容收尾，办理好一期工程合同约定的竣工验收资料交给上饶市某房地产开发有限公司办理相关备案。如会延时，浙江某建设集团有限公司同意按每天1万元赔付上饶市某房地产开发有限公司。浙江某建设集团有限公司对某工程开始施工，上饶市某房地产开发有限公司也按合同约定陆续支付浙江某建设集团有限公司工程款。截止2011年2月，上饶市某房地产开发有限公司已付浙江某建设集团有限公司工程款23,268,696.28万元。浙江某建设集团有限公司施工某工程1-4#楼于2010年6月3日经相关部门竣工验收合格，5#楼于2010年9月16日由相关部门进行竣工验收，但浙江某建设集团有限公司不肯在5#楼的竣工验收报告和竣工验收备案表上签字盖章，以致5#楼无法进行备案。另查明，5#楼的《建筑设计施工总说明》的第一项和第四项载明了外墙保温层的工程技术规范。2009年4月28日，浙江某建设集团有限公司的项目部收到了上饶市某房地产开发有限公司的《通知》后，于2009年5月1日向上饶市某房地产开发有限公司发出一份《工作联系单》，要求上饶市某房地产开发有限公司出具一份关于取消1#楼外墙保温层的证明和承担取消保温层不做的一切后果的承诺书。上饶市某房地产开发有限公司工程部收到浙江某建设集团有限公司的《工作联系单》后，随即在该《工作联系单》上作出回复：“原4月28日的通知内容中没有外墙保温取消的说法，贵部建议合理，现取消通知20mm厚1:25水泥砂浆抹灰工序，按5#楼建筑设计总说明(一)中四、4条文及J-02总说明(二)中外1施工做法表的相关工序安排施工，达到真石漆墙面基底的质量标准。请及时报价给我方事实，以免影响工期。”2009年5月15日，浙江某建设集团有限公司项目部向上饶市某房地产开发有限公司发出一份《工程签证单》，浙江某建设集团有限公司在该《工程签证单》上提出了1#楼外墙保温层的具体做法，要求上饶市某房地产开发有限公司尽快作出回复，上饶市某房地产开发有限公司工程部收到该《工程签证单》后，随即在《工程签证单》上回复：“经市场询价，选用上海“赛诺”胶粉聚苯颗粒外保温施工样品形式，其上述2-7 项施工工艺按38元/㎡计取直接费，再加20%取费（含税金等一切费用），共计45.60/㎡。”2009年12月16日，经上饶市某房地产开发有限公司、浙江某建设集团有限公司协商一致同意将某城内场各栋楼的外墙装饰工程分包给具有专业技术的衢州市某建筑装饰工程有限公司(以下简称某建筑装饰公司)施工，并由上饶市某房地产开发有限公司与某建筑装饰公司签订合同。2010年3月16日，上饶市某监理有限公司向浙江某建设集团有限公司发出一份关于5#楼外墙设计施工的《监理工程师通知单》，该通知单载明:“外墙面应符合设计保温层30mm 厚的要求”。2010年5月28 日，经相关部门验收，上饶市某房地产开发有限公司开发的某工程1-4#楼的外墙保温层等节能施工质量专项验收合格，上饶市某房地产开发有限公司、浙江某建设集团有限公司均在验收报告上盖章。由于5#楼没有做外墙保温层，因此，5#楼没有外墙保温层节能工程施工质量专项验收报告。2011年10 月13日，某建筑装饰公司向上饶市某房地产开发有限公司出具一份《说明》，其内容为:“上饶某中心1#楼外墙保温层是我公司施工，保温层墙角线由总包单位浙江某建设集团有限公司项目部施工，我公司施工单位按38元/㎡结算，为便于工程款支付，商定由建设单位国建房地产公司先将施工工程代垫直接支付给我公司，另20%综合取费由总包单位与建设单位结算，与我公司无涉。”2011年11月28日某建筑装饰公司向浙江某建设集团有限公司出具一份《证明》，其内容为:“我单位与上饶市某房地产开发有限公司仅签订了一份外墙真石漆的施工合同，按照施工规范，应该先做外墙保温再做真石漆。同时上饶市某房地产开发有限公司委托我单位施工该工程外墙保温但只施工了1#楼，另几栋楼因上饶市某房地产开发有限公司取消外墙保温，我单位就按上饶市某房地产开发有限公司的意思直接施工外墙真石漆。”2010年5月4日浙江某建设集团有限公司向上饶市某房地产开发有限公司提交5#楼《竣工图》，浙江某建设集团有限公司在5#楼《建筑设计施工总说明》上签名确认已按设计要求和标准完成全部项目施工。再审认定以下事实：1、某中心2#、3#、4#、5#楼工程现场墙体保温与图纸节能设计不符。2、江西省高级人民法院2015年4月2日做出（2015）赣民一终字第27号民事判决书，已经发生法律效力，该判决书确认了一审认定的双方无争议的事实，其中关于电梯配套费、配合费，该判决书第八页第一段15-20行载明“电梯配套费、配合费，根据双方合同约定，上饶市某房地产开发有限公司在合同范围内分包工程的，应按5%计取配合费，根据上饶市某房地产开发有限公司提供对外分包工程的合同、结算单等材料（共九项：外墙真石漆、外墙保温、石材干挂、玻璃幕墙、大理石地面、不锈钢栏杆、铝合金门窗、防盗门），认定因上饶市某房地产开发有限公司对外分包应支付给浙江某建设集团有限公司的配合费合计227,220.9万元。”上饶市某房地产开发有限公司、浙江某建设集团有限公司在二审均未就该事实提出异议。（2015）赣民一终字第27号民事判决书最后认定本案工程造价应为24,841,569.55万元，上饶市某房地产开发有限公司已付工程款为23,467,005.3万元，达到工程总价款94.7%，本案工程现未完成工程竣工验收备案，尚未达到支付工程总造价的97%的条件，故对浙江某建设集团有限公司主张上饶市某房地产开发有限公司承担延迟支付工程款违约金的诉请不予支持，并判决驳回上诉，维持原判。<br/>　　　　江西省上饶市信州区人民法院于2012年2月20日作出（2011）信民二初字第154号民事判决：一、浙江某建设集团有限公司按设计要求补做某工程5#楼外墙保温层，在本判决生效之日起30日内完成;二、浙江某建设集团有限公司完成漏做的保温层后三日内向上饶市某房地产开发有限公司支付全部竣工验收资料和在相关建筑施工文件上盖章;三、浙江某建设集团有限公司在本判决生效后五日内向上饶市某房地产开发有限公司支付违约金199万元;四、驳回上饶市某房地产开发有限公司的其他诉讼请求。浙江某建设集团有限公司不服，提出上诉，江西省上饶市中级人民法院于2012年11月5日作出（2012）饶中民二终字第97号民事判决：一、变更上饶市信州区人民法院(2011)信民二初字第154号民事判决第一项为:浙江某建设集团有限公司于本判决生效之日起30日内按合同要求完成某工程5#楼外墙保温层施工，完成保温层施工后3日内向上饶市某房地产开发有限公司交付5#楼竣工验收资料并在相关建筑施工文件上盖章;二、变更上饶市信州区人民法院(2011) 信民二初字第154 号民事判决第二项为:浙江某建设集团有限公司于本判决生效之日起3日内向上饶市某房地产开发有限公司交付某工程1-4#楼的竣工验收资料并在相关建筑施工文件上盖章;三、变更上饶市信州区人民法院(2011) 信民二初字第154号民事判决第三项为:浙江某建设集团有限公司于本判决生效之日起5日内向上饶市某房地产开发有限公司支付违约金130万元;四、维持上饶市信州区人民法院(2011)信民二初字第154 号民事判决第四项。浙江某建设集团有限公司申请再审。<br/>　　　　江西省上饶市中级人民法院于2014年7月31日作出（2014）饶中民指再终字第6号再审判决：维持该院（2012）饶中民二终字第97号民事判决。浙江某建设集团有限公司仍不服，向检察机关申请监督。检察机关提出抗诉。江西省高级人民法院于2016年8月15日作出（2016）赣民再50号再审判决：一、撤销江西省上饶市中级人民法院（2014）饶中民指再终字第6号民事判决、江西省上饶市中级人民法院（2012）饶中民二终字第97号民事判决、上饶市信州区人民法院（2011）信民二初字第154号民事判决；二、浙江某建设集团有限公司在本判决生效后三十日内向上饶市某房地产开发有限公司交付某工程（由上饶市某房地产开发有限公司另行发包的外墙真石漆、外墙保温、石材干挂、玻璃幕墙、大理石地面、不锈钢栏杆、铝合金门窗、防盗门、电梯等单项工程除外）竣工验收资料，办理竣工验收手续；三、驳回上饶市某房地产开发有限公司的其他诉讼请求。</p>","<p>　　法院生效裁判认为，根据双方的诉辩意见，本案的争议焦点可以归纳为：1、某工程5#楼外墙保温层未做是上饶市某房地产开发有限公司取消不做还是浙江某建设集团有限公司漏做，上饶市某房地产开发有限公司要求浙江某建设集团有限公司补做5#保温层的诉讼请求能否得到支持？2、浙江某建设集团有限公司未提交竣工验收资料和配合办理验收是否构成违约？3、上饶市某房地产开发有限公司要求浙江某建设集团有限公司提交竣工验收资料加盖公章和承担逾期办理竣工验收的违约金应否得到支持？对上述争议焦点，再审分别评述如下：一、关于5#楼外墙保温层未做的原因和上饶市某房地产开发有限公司诉请能否得到支持的问题。关于5#楼外墙保温层，《建设设计施工总说明》中对保温层施工均有明确规定，双方对外墙保温层属于设计方案中必须施工范围并无异议，争议的问题是5#楼外墙保温层未做是上饶市某房地产开发有限公司取消不做，还是浙江某建设集团有限公司漏做。再审认为，根据双方提供的证据分析，可以认定5#楼外墙保温层未做是双方都明知且认可的结果。双方在《补充合同》中明确约定了外墙部分在价格无法协商的情况下可以由上饶市某房地产开发有限公司另行发包，上饶市某房地产开发有限公司并未提交其与浙江某建设集团有限公司就5#楼外墙保温层施工价格达成了一致的证据。在双方就外墙保温层是否施工、材料、价格如何确定已经发生争议，并进行了多次书面协商的情况下，上饶市某房地产开发有限公司忽视对外墙保温层的检查和验收的可能性很小，且上饶市某房地产开发有限公司聘请了监理公司在现场对工程施工进行监督，保温层属于隐蔽工程，在完工前按照惯例需要进行检查验收，但监理公司在对5#楼外墙面砖返工重新验收外墙的情况下都未提到外墙保温层未做的问题，在工程结算中也未计入5#楼外墙保温层价款。因而上饶市某房地产开发有限公司主张浙江某建设集团有限公司漏做5#楼外墙保温层依据不足。在5#外墙墙面施工期间，2010年3月16日浙江某建设集团有限公司在收到《监理工程师通知单》关于外墙面应符合保温层30 mm 厚的要求后既未提出异议，也未按照通知单要求对保温层进行施工，而是直接进行外墙墙面施工，这也说明浙江某建设集团有限公司对5#楼外墙保温层未施工都是明知的。即使是上饶市某房地产开发有限公司取消5#楼外墙保温层，也必须要取得浙江某建设集团有限公司的同意。但实际上浙江某建设集团有限公司在外墙保温层未做的情况下直接进行了外墙施工，当时并未提出任何异议。且在此后5#楼《建筑设计施工总说明》上签名确认并表示已按设计要求和标准完成全部项目施工，一直到诉讼前也没有提出5#楼保温层未施工的问题。上述事实说明，双方虽未就5#外墙保温层不做达成书面协议，但在履行合同的过程中，双方对不做5#楼外墙保温层达成了共识，上饶市某房地产开发有限公司和浙江某建设集团有限公司对此都是明知且认可的。根据双方签订的《补充合同》第八条第2款中的约定，外墙等项目在双方价格无法协商的情况下，上饶市某房地产开发有限公司有权在同等条件下另行发包，浙江某建设集团有限公司在与上饶市某房地产开发有限公司的工程款结算纠纷中经本院二审生效判决确认的工程总价款中也未包含该项目工程款，上饶市某房地产开发有限公司完全可以自行另行发包对5#楼保温层进行施工，其请求浙江某建设集团有限公司对5#楼保温层进行返工补做不应得到支持。二、关于浙江某建设集团有限公司未提交竣工验收资料和配合验收是否构成违约的问题。竣工验收是发包人与承包人施工单位及其他有关单位共同对施工工程是否符合设计要求和质量标准进行确认的程序，只有竣工验收合格，施工单位取得工程款才有合法的依据。竣工验收由工程建设单位组织进行，并在施工单位、监理单位、设计勘察等单位共同配合下进行。在建设单位组织进行验收时，按照法律法规的规定和合同约定提交相关验收材料并确认施工质量，也是施工单位的法定义务和合同附随义务。浙江某建设集团有限公司在其起诉上饶市某房地产开发有限公司支付工程款纠纷中一直认为其施工质量合格，在本案中也从未否认其施工质量合格，在浙江某建设集团有限公司自认施工质量合格有权取得工程款的情况下却不向建设单位提交竣工验收资料和办理验收手续，其行为既违反了法定义务，也违反了合同义务。浙江某建设集团有限公司在签订《承诺协议》后直至本案一审诉讼前，在与上饶市某房地产开发有限公司的交涉中一直是就工程款结算提出异议，从未以上饶市某房地产开发有限公司未提交5#楼保温层资料作为其拒绝提交竣工验收资料和办理验收手续的理由。在本案中，浙江某建设集团有限公司提出系因上饶市某房地产开发有限公司未提交5#楼保温层资料导致其资料不完整而无法提交竣工验收资料和办理验收手续的抗辩意见不能成立。首先，浙江某建设集团有限公司一方面主张5#楼外墙保温层系上饶市某房地产开发有限公司取消不做，另一方面又要求上饶市某房地产开发有限公司提交5#楼外墙保温层施工资料明显自相矛盾。其次，即使5#楼外墙保温层系上饶市某房地产开发有限公司要求取消不做，浙江某建设集团有限公司拒绝办理验收也没有依据。组织工程竣工验收是建设单位的职责，提交竣工验收资料是施工单位的义务，承包人需就自己承包的工程项目提交完整的竣工验收资料，法律和双方的合同均没有要求发包人要将另行发包的项目向承包人提交竣工验收资料。客观上施工单位对自己未施工的工程也不可能提交施工资料。5#楼外墙保温层，即使按照浙江某建设集团有限公司自己主张的系上饶市某房地产开发有限公司取消不做，浙江某建设集团有限公司完全可以在提交的验收材料中实事求是注明该情况，而不是拒绝对自己施工部分办理竣工验收。提交竣工验收资料是浙江某建设集团有限公司作为施工单位的义务，资料是否完整不是浙江某建设集团有限公司可以不履行该项义务的合法抗辩理由，而是其可否免除或减少承担违约责任的理由。竣工验收材料提交给建设单位后，最终由建设单位整理汇总按法律法规规定的要求向建设工程质量管理部门提交办理备案手续，建设单位提交的资料是否合法完整，能否取得备案应由建设工程质量管理部门根据其行政职权进行审查。因此，无论浙江某建设集团有限公司的辩解的理由是否成立，浙江某建设集团有限公司拒绝提交竣工验收资料和办理竣工验收均构成违约。三、关于上饶市某房地产开发有限公司要求浙江某建设集团有限公司履行办理竣工验收义务和承担违约责任的问题。根据第一个争议焦点的分析，本案5#楼外墙保温层未做是浙江某建设集团有限公司与上饶市某房地产开发有限公司双方明知和认可的结果，双方对5#楼外墙保温层未做都有过错。对于5#楼外墙保温层返工补做导致外墙墙面重做的损失由双方共同承担，可待实际发生后另行主张。浙江某建设集团有限公司拒绝办理竣工验收构成违约，应当按照建设工程施工合同约定承担违约责任。由于外墙保温层系民用建筑节能施工的内容，《民用建筑节能管理规定》中对此有明确规定，属于民用建筑节能施工的强制性标准。国家规定该强制性标准的目的是减少民用建筑能源的消耗，既可以减少建筑使用人能源费用的支出，也可以减少全社会能源消耗，该义务既不能由发包方单方免除，也不能由发包方和施工方协议免除。上饶市某房地产开发有限公司和浙江某建设集团有限公司在明知5#外墙保温层未做的情况下，签订《承诺协议》，意图取消5#外墙保温层施工，既损害了第三人利益，也损害了社会公共利益，该《承诺协议》应当认定无效。上饶市某房地产开发有限公司依据《承诺协议》约定的违约条款主张违约金不能得到支持。浙江某建设集团有限公司对5#楼外墙未施工与上饶市某房地产开发有限公司存在共同过错，同时又置购房人利益于不顾，拒绝就其施工的某工程提交竣工验收资料和办理验收手续，导致某工程至今未办理竣工备案登记已逾五年之久，对由此造成的某工程逾期办理竣工验收备案导致的损失应对上饶市某房地产开发有限公司承担违约赔偿责任。上饶市某房地产开发有限公司对5#楼外墙未施工自身存在过错，且在纠纷发生后未及时采取补救措施消除工程竣工验收备案的障碍，对某工程逾期办理竣工验收备案导致的损失自身也应当承担相应的责任。浙江某建设集团有限公司未履行合同约定的提交竣工验收资料和办理竣工验收手续的义务，由于涉案工程至今未办理竣工验收，且至今并未找到其他合法的竣工验收替代方法，上饶市某房地产开发有限公司诉请浙江某建设集团有限公司提交竣工验收资料和在验收文件上加盖公章实际上系要求浙江某建设集团有限公司继续履行合同义务，该请求应当得到支持。根据本院（2015）赣民一终字第27号民事判决书和本案再审认定的事实，除5#楼外墙墙面外，某工程外墙真石漆、外墙保温、石材干挂、玻璃幕墙、大理石地面、不锈钢栏杆、铝合金门窗、防盗门、电梯等均系上饶市某房地产开发有限公司另行发包，浙江某建设集团有限公司应当对除上述上饶市某房地产开发有限公司另行发包项目外自己施工的工程向上饶市某房地产开发有限公司提交竣工验收资料，办理竣工验收手续。浙江某建设集团有限公司只有在履行该义务后方可免除违约责任。浙江某建设集团有限公司履行办理竣工验收手续的义务后，若工程因其他由上饶市某房地产开发有限公司单独发包项目原因无法办理竣工验收备案，浙江某建设集团有限公司不需承担违约责任。由于上饶市某房地产开发有限公司在本案中并未提交其因浙江某建设集团有限公司不履行竣工验收义务导致某工程逾期备案的具体损失数额，该损失可待确定后另行向浙江某建设集团有限公司主张。综上，二审及原再审未分清双方的合同权利义务和责任，认定《承诺协议》效力错误，案件处理结果不妥，再审应予纠正。浙江某建设集团有限公司部分申诉请求成立，再审予以支持。</p>","<p>1.在建设单位组织进行竣工验收时，按照法律法规的规定和合同约定提交相关验收材料并确认施工质量，是施工单位的法定义务和合同附随义务。<br/>　　2.在工程存在由建设单位另行单独发包的项目时，承包人有义务就自己施工的工程向发包人提交竣工验收资料，不能以竣工结算资料不完整作为不履行提交竣工结算资料义务的抗辩理由。<br/>　　3.建设外墙保温层系属于民用建筑节能施工的强制性规定，该法定义务既不能由发包方单方免除，也不能由发包方和施工方协议免除。建设单位与施工单位签订的免除外墙保温层施工的协议应当认定无效。</p>","<p>　　《中华人民共和国民法典》第153条、第154条（本案适用的是1987年1月1日起施行的《中华人民共和国民法通则》（2009年8月27日修正）第58条）</p><br/>######<p>　　一审:上饶市信州区人民法院（2011）信民二初字第154号民事判决(2012年2月20日)</p><p>　　二审:江西省上饶市中级人民法院（2012）饶中民二终字第97号民事判决(2012年11月5日)</p><p>　　再审:江西省上饶市中级人民法院（2014）饶中民指再终字第6号民事判决(2014年7月31日)</p><p>　　再审:江西省高级人民法院（2016）赣民再50号民事判决(2016年8月15日)</p>","\N","\N","2026-01-21 10:27:30","2026-01-21 10:27:30","04e390739e38e8cc09535b7fe224cfc2","\N","20260426"
"5125","人民法院案例库","https://rmfyalk.court.gov.cn","民事-海上、通海水域保险合同纠纷","2023-10-2-230-003","上海海事法院","民事,海上保险合同,重复保险,分摊,代位求偿","一审","2017.06.29","02","<p>　　原告葡萄牙某保险有限公司诉称：2013年2月12日，被告签发保单承保中国新港运至安哥拉罗安达港的一批螺旋焊管，货物数量为39件，保险金额为97451.64美元，承运船舶为“NG”轮1302航次，被保险人为某实业公司。就同一保险标的，某实业公司再次投保，原告签发保险凭证予以承保，保险金额亦为97451.64美元。货物出险后，原告向被保险人某实业公司赔付42973.22欧元，并承担检验费2536.47欧元。原告认为，依据《中华人民共和国海商法》（以下简称《海商法》）和《中华人民共和国保险法》（以下简称《保险法》）的相关规定，涉案货物系重复投保，被告应与原告按比例分摊保险赔偿金和检验费，因此诉请判令被告赔偿保险金21486.61欧元，并支付检验费1268.24欧元及其利息。<br/>　　被告某财产保险股份有限公司辩称：一、投保人及被保险人故意隐瞒重复保险的行为，未如实履行法律所规定的“通知”义务，属于“恶意的重复保险”，违反了《保险法》及《海商法》所规定的如实告知义务及诚实信用原则，造成极大的“道德风险”，因此被告拒绝支付保险金以及原告的分摊要求。二、投保人及被保险人未按照法律规定及被告的要求，向被告提供保险事故有关的证明和资料，被告有权拒赔并拒绝原告的分摊要求。三、原告并没有证据来支撑其诉讼请求，且其诉讼请求不符合法律规定和法理：1.原告未证明其赔付行为的合法性、有效性、公正性和正当性，且无法证明被告有义务进行分摊，不能要求被告无条件按照原告的合同和审核程序以及葡萄牙法律支付保险金；2.根据《保险法》和《海商法》的相关规定，重复保险承担的是比例责任而非连带责任，因此原告在赔付时应按比例赔偿，而非支付全部金额；3.重复保险人数量不明，原告未证明其所主张的分摊比例与金额；4.原告未证明是否已经行使代位求偿权，如原告已经从责任人处获得赔偿，则不能要求被告分摊；如原告未行使代位求偿权，则是由于其故意或过失而未行使，并导致所有重复保险人都丧失了代位求偿权，故无权要求被告分摊；5.原告有关分摊检验（公估）费、支付保险金利息的诉讼请求，没有法律依据。故请求驳回原告全部诉讼请求。<br/>　　法院经审理查明：某实业公司与原告之间存在预约保险合同关系。2013年4月12日，原告签署保险凭证，保险合同载明生效日期为2013年2月5日，被保险人为某实业公司，险别为货物运输险，保险标的是装载于“NG”轮甲板的70200千克焊管，起运港为中国新港港，目的港为安哥拉罗安达港（LUANDA，ANGOLA），保险金额为97451.64美元，承保条件包括“货物保险——A条款（C.E.01）”。2013年2月12日，被告签发了保险单，承保同一批货物的运输风险，被保险人、保险标的和保险金额与原告签发的保险凭证记载一致。承保险别为中国人保海洋货物运输一切险及战争险条款(1/1/1981)。此外，原、被告各自的保险合同中均无“禁止他保条款”、“无分摊条款”或“按比例条款”，也未对违反重复保险通知义务的后果进行约定。<br/>　　涉案货物于2013年4月12日开始在罗安达港卸载，某实业公司发现货物受损，并于当日向船东提出索赔。被保险人及时向原、被告告知了货物出险情况。<br/>　　受原告委托的公估公司检验后认为货损原因为积载不当，定损金额为53876.40美元，约合42973.22欧元。原告分别于2013年7月和11月对外支付了2536.47欧元的检验费用和42973.22欧元的保险赔偿金。<br/>　　2014年2月27日开始，被告代理人开始向被保险人催要租船合同以及被保险人出具的允许被告代理人处理向承运人追偿事宜的授权书。2014年6月，被告代理人通知被保险人：“如没有授权书，索赔已被拒绝”。<br/>　　2014年4月3日，原告委托律师通知被告涉案货物存在重复保险情况，要求被告分摊50%的保险赔偿金即21486.61欧元。<br/>　　上海海事法院于2017年6月29日作出（2015）沪海法商初字第3049号民事判决：一、被告某财产保险股份有限公司于本判决生效之日起十日内向原告葡萄牙某保险有限公司支付保险赔偿金21486.61欧元及其利息；二、驳回原告葡萄牙某保险有限公司的其他诉讼请求。宣判后，原、被告均服判息诉，被告自觉履行了判决确定的支付义务，判决已生效。</p>","<p>　　法院生效裁判认为，本案系海上保险中的重复保险分摊纠纷。原告系在境外注册的主体，且涉案运输的目的港在中国境外，因此本案具有涉外因素。鉴于原、被告在庭审中均选择适用中国法，依据《中华人民共和国涉外民事关系法律适用法》第三条的规定，适用中华人民共和国法律作为审理本案纠纷的准据法。<br/>　　本案的两份保险合同的被保险人相同，都是收货人某实业公司；保险标的相同，是同一批货物；保险利益相同，都是货物灭失或者损坏的风险；承保风险相同，原告承保的协会货物A条款与被告承保的中国人保海洋货物运输一切险条款具有等效性，都承保同一航程的海上风险，且两份保险合同都是足额保险，因此涉案两份保险合同构成重复保险。据此，原、被告之间虽然并无直接的海上保险合同关系，但存在法定的重复保险法律关系。在重复保险法律关系中，当被保险人选择向其中一个保险人提出赔偿请求并获得全额赔偿后，先行作出赔付的保险人（即第一赔付保险人）有权向其他保险人（即分摊保险人）提起重复保险分摊之诉。<br/>　　在保险事故发生时存在重复保险的前提下，判断原告的分摊请求权是否成立，还应当考虑以下要件：一是原告向被保险人已经作出的赔付是合理和谨慎的；二是被告在其保险合同项下对被保险人也负有赔偿责任；三是原告支付的赔偿金额超过其在重复保险法律关系下应当承担的赔偿责任。根据查明的事实，原告向被保险人已经作出的赔付是合理和谨慎的、被告在其保险合同项下对被保险人也负有赔偿责任且原告向被保险人作出的赔付解除了被告的赔偿责任。因此，原告的分摊请求权成立。在保险事故发生时，重复保险中的各保险人已经有了预期分摊义务。分摊保险人可以行使针对被保险人的合同抗辩，但被告主张投保人及被保险人未向被告提供保险事故有关的证明和资料已导致其拒赔的抗辩，与被保险人向其他保险人自由求偿的法定权利相冲突，被告不能以此对抗分摊请求权，否则，这与法律赋予被保险人选择求偿权和第一赔付保险人追偿权的规定相悖。<br/>　　《海商法》并未规定第一赔付保险人行使分摊请求权需要以优先行使代位求偿权为前提。在分摊保险人未向第一赔付保险人支付保险赔偿金前，代位求偿权仅属于第一赔付保险人。被告并未举证证明其代位求偿权益已经受损，亦未证明被告自身行为合理，系因原告过错导致其权益受损。因此，对被告的相关抗辩不予采纳。<br/>　　关于原告提出的分摊检验（公估）费用的诉讼请求，首先，《海商法》规定第一赔付保险人可以主张分摊的是其向被保险人支付的赔偿金额，因此分摊检验（公估）费用的诉讼请求缺乏法律依据。其次，在重复保险情况下，原告全额收取了保险费，检验或公估费用是在发生保险事故情况下原告应当承担的正常经营成本。第三，考虑到在有些重复保险情形下，分摊保险人同样也会发生此项费用。故对原告关于要求被告分摊检验（公估）费用的诉讼请求不予支持。<br/>　　</p>","<p>1.依照《中华人民共和国海商法》第二百二十五条的规定，重复保险分摊请求的构成要件应当包括：第一赔付保险人向被保险人作出的赔付是合理和谨慎的；分摊保险人对被保险人负有赔偿责任；第一赔付保险人支付的赔偿金额超过其在重复保险法律关系下应当承担的赔偿责任。<br/>　　2.重复保险分摊不以向责任人主张代位求偿为前提，分摊保险人不得以第一赔付保险人未行使代位求偿权为由拒绝分摊请求。</p>","<p>　　《中华人民共和国海商法》第225条<br/>　　</p><br/>######<p>　　一审：上海海事法院（2015）沪海法商初字第3049号民事判决（2017年6月29日）</p>","\N","\N","2026-01-21 10:27:30","2026-01-21 10:27:30","04ed3a9be26cfe64cfea6ab0acf6564d","\N","20260426"
"5963","多元解纷案例库","https://dyjfalk.court.gov.cn/site/case/c7370234-641b-4311-9b63-8e58cc6cab4f","民事-借款合同纠纷","D2025-161-1-103-1048","九江经济技术开发区人民法院","民事,借款合同纠纷,涉老权益保障,“资产处置+权益保障+分期履行”调解方案,“所有权转移+居住权保留”解决策略,综治中心","","2025-12-31","\N","石某与毛某系朋友关系，李某与毛某系母女关系。毛某自2021年6月起以装修房屋为由陆续向石某借款。2024年7月25日，毛某向石某出具《借条》，载明其自2021年6月至今共借石某款项817921元，李某在担保人处签字。《借条》出具后，李某与毛某未偿还任何款项。石某诉至法院，请求毛某偿还借款本金817921元，并自2024年7月25日起按同期银行贷款利率支付利息至清偿完毕之日，李某承担债务担保责任。","法院收到起诉材料后，考虑到双方为朋友关系，为妥善化解纠纷，征得当事人同意后，委托入驻综治中心的特邀调解员开展先行调解工作。 一是网格助力，核实民间借贷基础信息。调解员考虑本案借贷金额较大，且高于当地百姓对房屋装修支出的花费认知，决定从深入调查民间借贷事实着手，找准调解方向。经综治中心网格员协查了解，得知石某与毛某原系好友关系，2021年起，毛某以房屋装修为由向石某借款80余万元用于炒股，后因投资亏损无力偿还。2024年7月，毛某母亲李某自愿以担保人身份在借条上签字。目前毛某无其他财产可供偿还债务，并且每月需要支出医疗费用，其母亲李某也仅有一套老旧住房和每个月两三千的养老金，用于维持母女二人日常生活及医疗支出。 二是法院指导，理清民间借贷还款调解路径。核实民间借贷基础信息后，考虑到本案毛某、李某生活较为困难、债务金额较大，并且双方主要财产为维持生活必需的唯一住房，如何依法平衡保障石某债权和李某、毛某居住权，调解员积极寻求法院指导。法官依法研判后，指导调解员可以在确认借款真实性和李某、毛某还款意愿后，参考《中华人民共和国民法典》设立的居住权制度，引导当事人在转移房屋所有权的同时为李某设置居住权，以此通过现有住房价值偿还部分债务，不足部分以李某养老金、毛某未来收入在保障医疗生活必需的结余为基础，引导双方互谅互让达成分期还款协议。 三是调解疏导，精心促调助力实质解纷。调解员首先通过“背对背”方式沟通，一方面向石某告知两人财产基本情况，释明进入审理程序可能面临的“执行不能”风险，并建议其从维护多年情谊角度，寻求最优解决方案。另一方面，向李某耐心阐释担保人责任范围，以及“所有权转移”与“居住权保留”制度的法律规定，讲明“以房抵债+保留居住权”的解决方案不会影响其“老有所居”。在双方均认可房屋处置方案后，调解员又通过“面对面”协商，引导双方基于李某养老金收入、必要生活支出及毛某医疗费用等客观事实，协商确定剩余款项分期清偿方案。最终石某自愿放弃全部借款利息主张，双方就以房抵债和分期清偿达成一致意见。该纠纷得以妥善化解。","本案是一起债务金额较大、债务人生活较为困难的民间借贷纠纷，涉及高龄担保人居住权和养老权益保护问题。其难点在于如何平衡好“债权实现”与“生存保障”问题，处理不当，易陷入债权人权益落空与债务人陷入绝境的“双输”困局，甚至引发次生问题。本案中，综治中心调解员收到案件材料后，发挥综治中心统筹协调作用，先由网格员摸清案件事实，了解债务人、担保人财产基本情况，为后续明确调解方向奠定事实基础。调解过程中，针对债务人经济情况，法院依法履行指导调解职责，在法律框架内提出“以房抵债+保留居住权”的调解路径，均衡保护双方利益。之后，调解员根据调解路径开展耐心疏导工作，促使双方达成“资产处置+权益保障+分期履行”的化解方案，有效平衡了债权实现与生存权、居住权保障之间的关系，实现纠纷实质性化解，保护了双方当事人合法权益。","《中华人民共和国民法典》第366条、第367条、第368条、第392条、第667条、第675条","\N","","2026-01-27 09:48:12","2026-02-03 09:38:36","04f741d17d0782f81c078d7b4013c554","\N","20260426"
"7114","多元解纷案例库","https://dyjfalk.court.gov.cn/site/case/7d6ca003-8a37-4c1c-9113-1a64e8d7df64","民事-劳务合同纠纷","D2024-161-1-139-011","安阳市北关区人民法院","民事,劳务合同纠纷,拖欠劳务报酬,灵活运用调解策略","","2024-12-27","\N","张某、赵某等38名村民受某纺织公司雇佣，为该纺织公司提供劳务。后因某纺织公司经营遇到困难，一直拖欠村民劳务报酬，38名村民多次讨要未果，将该情况反映至劳动监察大队，某纺织公司向劳动监察大队提供了拖欠村民劳务报酬的明细表，并对所欠劳务报酬予以确认，但仍未履行支付义务，故村民将某纺织公司诉至法院。","法院收到起诉材料后，经征得当事人同意，将案件交由诉调对接中心先行调解。调解员及时与双方取得联系。村民因长时间被拖欠工资，情绪较为激动；某纺织公司也因自身经营困难种种推托。调解员组织第一次“面对面”协商，但由于双方意见不一致，且村民情绪激动，双方不欢而散。为了让调解工作能够顺利推进，调解员及时转变工作策略，将双方面谈改为单方沟通。调解员先多次与某纺织公司电话沟通，邀请纺织公司法定代表人到调解中心面谈，调解员从企业应该履行的义务、欠薪可能承担的法律后果以及村民现阶段的生活状况等方面，动之以情、晓之以理，从法理、情理做某纺织公司法定代表人的思想工作，经多次耐心开导、释法明理，某纺织公司法定代表人最终表示尽最大努力分批分期逐步解决拖欠的劳务费。在此基础上，调解员又与村民代表进行沟通，将某纺织公司的想法和公司运营现状告知村民代表，希望他们换位思考，相互理解。经调解员多次努力，双方最终达成和解，某纺织公司同意并承诺在约定期限内支付拖欠的劳务报酬。","本案系拖欠村民劳务报酬引发的群体性劳务合同纠纷，在调解过程中，应坚持以人民为中心，运用穿透式思维，从繁杂的事实中抽丝剥茧，找准双方当事人争议焦点和内心真实想法，灵活运用调解策略，加强辨法析理，促使达成和解。本案中，调解员在找到争议焦点后，了解当事人起诉的初衷、矛盾形成的原因，根据当事人内心想法及时转换调解方法。面对当事人情绪激动、难以沟通的情况，先与某纺织公司取得联系，取得实质进展后再与村民加强沟通，循序渐进开展调解工作，最终对症解结，促使双方意见达成一致，集体欠薪纠纷得到实质性化解。","《中华人民共和国民法典》第509条、第579条","\N","","2026-01-27 09:51:11","2026-02-03 09:49:23","04ff5ccd0d4ff8ee49029444e09b5465","\N","20260426"
"29216","多元解纷案例库","https://dyjfalk.court.gov.cn/site/case/00df5e8f-5a41-4ca8-a7fa-b5c33c1f0fb8","民事-医疗损害责任纠纷","D2026-161-1-376-166","吉安县人民法院","民事,医疗损害责任纠纷,先行鉴定,行业调解,保险理赔","","2026-03-30","\N","刘某甲因心悸伴气促，于2023年12月25日上午自行驾车前往某卫生院就诊。某卫生院给予输液治疗，输液中途刘某甲上厕所较长时间未回，病友察觉异样反馈情况给医护人员后，医护人员发现刘某甲昏倒在厕所，经现场抢救无效，刘某甲死亡。《24小时内入院死亡记录》载明死因为心源性猝死，死亡诊断为急性上呼吸道感染、原发性高血压、高血压性心脏病、心房颤动、心脏扩大、心功能2级。刘某甲亲属张某等6人认为某卫生院存在用药不当、药量过大、看护失职等过错，诉至法院，要求某卫生院赔偿损失。","法院收到起诉材料后，考虑到涉及医患关系，为妥善化解纠纷，经征得当事人同意后，委托医疗纠纷人民调解委员会与属地人民调解组织共同开展先行调解。 一是精选调解力量，配强解纷团队。医调委精心选配具备相关医学专业背景的调解员，属地调委会推荐辖区“全国模范人民调解员”，共同组成调解团队。调解员发挥医疗专业知识与“人熟、地熟、情况熟”的优势，充分听取当事人意见，既凝聚了医患纠纷化解合力，也有效预防矛盾再升级。 二是引导先行鉴定，夯实解纷基础。调解团队向张某等6人充分释明死亡原因、医疗行为是否存在过错，以及行为与结果之间因果关系等情况，对后续损害赔偿责任认定与赔偿金额核定的重要意义，并引导当事人先行申请医学鉴定。经鉴定某卫生院存在病历书写、告知义务履行不到位等问题，存在轻微作用因素，建议过错参与度为5%-15%。这为后续调解工作奠定基础。 三是查证投保情况，推动一次解纷。为实现纠纷的一揽子解决，调解团队在引导开展先行鉴定同时，积极查证某卫生院投保医疗责任险情况。确认某卫生院已在某保险公司投保医疗责任险后，引导某卫生院将某保险公司追加为赔偿责任主体。经释明，某保险公司同意参与调解。 四是精准划分责任，维护各方权益。调解团队先发挥专业优势解释鉴定结论，双方对鉴定结论均表示认可。之后，从人民法院案例库、多元解纷案例库中查找类似案例，充分运用“背靠背调解法”“换位思考法”“利益平衡技巧”等，发挥以案释法效能，参考类案赔偿责任划分与金额确定方式，引导各方在鉴定与保险基础上就赔偿金额达成一致意见。","本案系医疗机构在诊疗活动中患者突发疾病引发的医疗损害责任纠纷，具有极强的医学专业性和现实复杂性，如不能妥善化解，易造成矛盾升级。本案中，法院针对本案特点，委托具备医学背景的医学专家和熟悉本地情况的人民调解员，充分发挥各自优势，开展调解工作。调解过程中，针对医院是否存在过错这一核心争议，引导当事人先行鉴定，通过鉴定明确医疗过错行为及参与度，为纠纷化解奠定事实与证据基础。之后，及时查证责任保险情况，引入保险公司参与化解，确保实质性履行。同时，发挥案例库等资源作用，通过以案释法，推动模糊责任争议转化为清晰的责任划分和计算方式，最终促使双方达成和解，平等保障双方当事人合法权益，避免矛盾升级，实现纠纷一次性解决。","《中华人民共和国民法典》第1179条、第1183条、第1218条、第1219条、第1221条","\N","","2026-04-09 17:03:24","2026-04-09 17:03:24","0504744ef83113384861dbad55813f23","\N","20260426"
"2444","人民法院案例库","https://rmfyalk.court.gov.cn","民事-专利权权属、侵权纠纷","2023-09-2-160-048","北京市高级人民法院","民事,发明专利临时保护期使用费,侵害发明专利权,赔偿责任,临时保护期内实施发明","二审","2017.09.07","02","<p>　　L某公司诉称：其为ZL201110369508.X号、名称为“主轴电机”的发明专利（简称涉案专利）的专利权人。日本某公司未经许可，为生产经营目的生产、销售含有型号为24C293K160、24C293K070、24C293J130和24C293G210主轴电机（以下统称被诉侵权产品）的DVD光驱、DVD刻录机，北京某公司未经许可为生产经营目的销售含有被诉侵权产品的DVD刻录机。L某公司认为被诉侵权产品使用的技术方案落入了涉案专利权利要求的保护范围，日本某公司与北京某公司的前述行为侵犯了L某公司对涉案专利享有的权利，请求法院判令：1.日本某公司立即停止生产、销售侵犯涉案专利权的被诉侵权产品；2.北京某公司立即停止销售使用被诉侵权产品的DVD刻录机产品；3.日本某公司销毁库存的被诉侵权产品、制造上述被诉侵权产品的专用模具和其他工具以及产品包装、说明书、相关产品推广资料、产品图纸、产品型录等；4.日本某公司赔偿L某公司因其侵权行为受到的损失以及向L某公司支付涉案专利临时保护期使用费共计人民币3 865 957元，并承担L某公司为调查和制止其侵权行为支付的合理调查费和律师费人民币30万元；5.日本某公司、北京某公司承担本案诉讼费。<br/>　　日本某公司辩称：第一，涉案24C293K160（以下简称K160）、24C293K070（以下简称K070）、24C293J130（以下简称J130）三种型号在结构上与涉案专利存在实质性区别，依据专利侵权判定所应遵循的全部技术特征原则和禁止反悔原则，应当认定K160、K070、J130这三种型号未落入涉案专利的保护范围。第二，针对G210型号的侵权判定，日本某公司承认其在结构形式上比较接近涉案专利在实审程序中删除个别限定特征扩大保护范围后的技术方案，但争议点在于，对于G210的底板凸缘上设置的弧形转子导向片，本领域技术人员根据其结构是否会认为其客观上具有涉案专利中“外来物质流入防止护栏”特征所具有的防止外来物质流入的功能。如果认定本领域技术人员仅仅根据G210的弧形转子导向片的结构形式就能够认识到其具有防止外来物质流入的功能，进而认定G210落入涉案专利的保护范围，则依据同样的本领域技术人员的认知标准，就应当在法庭同步审理的针对涉案专利的无效行政诉讼案件中，认定对比文件1所公开的转子导向片客观上也具有防止外来物质流入的功能，在此基础上，涉案专利相对于对比文件1与对比文件4和公知常识的结合不具有创造性，应被宣告无效，故G210亦不构成对涉案专利的侵权。第三，日本某公司不认可L某公司所主张的侵权索赔金、J130型号的临时保护费和合理的维权费用。<br/>　　北京某公司辩称：北京某公司销售的被控侵权产品具有合法来源，属于经北京某科技有限公司授权销售的相关“LG光存储”产品，该公司获得了某电子（中国）有限公司在北京市、天津市、河北省的经销授权。<br/>　　法院经审理查明：<br/>　　被诉侵权产品为日本某公司生产并由北京某公司销售的DVD刻录机中型号分别为J130、K160、K070、G210主轴电机产品。日本某公司认可K160、K070、G210三种型号的主轴电机由其在2013年6月份左右开始生产，分别生产了230万个、147万个、28万个，且已没有库存，生产成本大约分别是5.02元、6.16元、7.46元/个左右，销售价格分别是5.29元、6.49元、7.86元/个。<br/>　　根据L某公司的申请，法院赴某中国公司进行调查取证，某中国公司提交了K070、G210的主轴电机产品实物，并提交了其与日本某公司关于型号为J130、K160、K070、G210的主轴电机的交易凭证、采购数量和单价等材料。根据某中国公司提供的数据，其中采购数量及总价为：1.K160型号，2014年5月，共采购99 720个，总价约为89 648美元；2014年7月-2014年11月，共采购2 192 460个，总价约为1 919 500美元。2.K070型号，2014年4月-2014年6月，共采购399 600个，总价约为428 848美元；2014年7月-2014年10月，共采购973 097个，总价约为1 039 800美元。3.G210型号，2013年3月-2014年6月，共采购95 290个，总价约为122 829美元；2014年7月-2015年11月，共采购5330个，总价约为6 900美元；4.J130型号；2013年5月-2014年6月，共采购6 966 060个，总价约为6 587 132美元；2014年7月-2014年9月，共采购679 534个，总价约为597990美元。<br/>　　日本某公司向法院提供了K160、K070、G210三种型号主轴电机的在2013年10月至2014年10月间的销售价格、生产数量及出货数量，认可某中国公司向其采购了被诉侵权产品，其还表示相关主轴电机由生产部门销售给该公司营业部，利润率一般为5%至6%，但其称“J130的数据查不到了”。<br/>　　L某公司为本案支付17 500元和11 000元公证费，购买光驱产品费用为735元、672元、345元、638元、1 350元，已支付“侵权诉讼代理费”计175 000元，支付“专利侵权行政调处代理费”计10万元。<br/>　　L某公司诉讼主张，日本某公司应赔偿其经济损失1 439 123元，并支付在涉案专利临时保护期内制造、销售J130型号主轴电机的费用2 426 834元，共计3 865 957元，并承担L某公司为调查和制止其侵权行为支付的合理调查费和律师费30万元。<br/>　　二审庭审时，日本某公司临时增加现有技术抗辩。<br/>　　北京知识产权法院于2016年9月20日作出（2015）京知民初字第338号民事判决：一、日本某公司于判决生效之日起立即停止制造、销售涉案24C293K160、24C293K070、24C293J130和24C293G210型号主轴电机；二、北京某公司自判决生效之日起立即停止销售含有24C293J130型号主轴电机的产品；三、日本某公司自判决生效之日起十日内支付L某公司发明专利临时保护期使用费共计2 426 834元；四、日本某公司自判决生效之日起十日内赔偿L某公司经济损失共计1 202 048元；五、日本某公司自本判决生效之日起十日内赔偿L某公司合理支出共计207 240元；六、驳回L某公司的其他诉讼请求。宣判后，日本某公司提出上诉。2017年9月7日，北京市高级人民法院做出（2017）京民终55号民事判决：驳回上诉，维持原判。</p>","<p>　　法院生效裁判认为：涉案专利在本案中应作为有效专利进行保护。J130型号主轴电机的技术方案同时落入涉案专利申请公布时请求保护的独立权利要求1的保护范围，以及经第269011号决定确认有效的涉案专利除权利要求4、20、40、50、65外的部分权利要求的保护范围，K160、K070、G210型号主轴电机的技术方案亦落入涉案专利除权利要求4、20、40、50、65外的部分权利要求的保护范围。日本某公司至少自2013年5月始开始制造、销售J130型号主轴电机，早于涉案专利授权公告日（即2014年7月2日），在涉案专利的临时保护期内实施了该发明，应当承担相应的民事责任。同时，日本某公司未经许可制造、销售J130、K160、K070、G210型号主轴电机，构成专利侵权，应当承担停止侵权、赔偿损失等民事责任。北京某公司未经许可，销售带有构成侵权的J130型号主轴电机的DVD刻录机，其行为同样属于实施涉案专利的行为，构成专利侵权，应当承担L某公司所诉请的停止侵权的民事责任。<br/>　　关于日本某公司应承担的赔偿损失责任问题。首先，关于临时保护期使用费的确定。在发明申请临时保护期内实施该发明的技术方案虽然不构成侵犯专利权的行为，但该发明申请被授权后，专利权人有权主张临时保护期的利益或损失。临时保护期内实施发明所需支付的费用，可以参照有关专利许可使用费合理确定；没有专利许可使用费可以参照的，可以综合考虑专利权的类型、实施发明的行为性质和情节以及查明的事实等，参照专利法第六十五条有关侵权赔偿的规定处理。本案日本某公司在涉案专利的临时保护期内制造、销售J130型号主轴电机，应当承担相应的民事责任。经查，一审法院向某中国公司调查取证取得的材料显示，2013年5月至2014年6月（处于涉案专利临时保护期内），某中国公司向日本某公司共采购J130型号主轴电机6 966 060个，总价款约为6 587 132美元。一审法院对日本某公司进行证据保全时，要求其提供J130型号主轴电机在2013年至2015年期限内的产量、单价及利润情况，其仅提供了K160、K070、G210三种型号主轴电机的生产销售数据，并以“J130的数据查不到了”为由而拒不提供。一审法院对日本某公司进行证据保全时，其工作人员表示被控侵权产品利润率一般为5%至6%，并认可某中国公司向其采购了被控侵权产品。同时，针对日本某公司提出的有关利润依据的异议，一审法院已向其释明可以补充提供相应证据，但日本某公司在庭审后始终未予提交。在L某公司已经提供日本某公司获利初步证据，而日本某公司无正当理由未按法院要求提供J130型号主轴电机的制造、销售材料，亦未提交被控侵权产品的营业利润证据的情况下，法院采纳了L某公司根据某中国公司提供的J130型号主轴电机的产量、单价和汇率换算以及日本某公司所认可的6%利润率作为确定临时保护期使用费的依据。<br/>　　其次，日本某公司在涉案专利公告授权后制造、销售J130、K160、K070、G210四种型号主轴电机，构成专利侵权，应当承担停止侵权、赔偿损失等民事责任。L某公司主张K160、K070、G210型号主轴电机的销售数量及利润情况以东莞市知识产权局对日本某公司的勘验笔录记载内容为准，J130型号主轴电机的销售数量及利润情况按照法院从某中国公司调取的数据计算，故日本某公司应赔偿其经济损失人民币1 439 123元。经查，尽管日本某公司提供了K160、K070、G210三种型号主轴电机的生产销售数据资料，但该数据与日本某公司董事兼总经理在东莞市知识产权局现场勘验谈话时的陈述严重不符。根据日本某公司董事兼总经理在东莞市知识产权局现场勘验谈话时的陈述，自2013年6月份左右开始生产后，K160型号制造了230万个，每个的成本为人民币5.02元，销售价格为人民币5.29元，即获利人民币62.1万元；K070型号制造了147万个，每个的成本为人民币6.16元，销售价格为人民币6.49元，即获利人民币48.51万元；G210型号制造了28万个，每个的成本为人民币7.46元，销售价格为人民币7.86元，即获利人民币11.2万元。在日本某公司未作出合理解释，且在一审法院允许其进一步补充提交证据而仍未提交的情况下，一审法院以“东莞市知识产权局对日本某公司的勘验笔录记载内容”为赔偿数额计算依据并无不当。由于日本某公司董事兼总经理在上述现场勘验谈话中提及的K160、K070、G210三种型号主轴电机的生产数量、销售价格系自“2013年6月份左右开始生产”后的情况，而某中国公司提供的证据中明确记载有涉案专利公告授权前的采购数据，故在确定赔偿数额时，应当将某中国公司该部分数据情况予以考虑，即应扣除按相同利润率、L某公司主张的当月汇率等汇总金额。也即是，在涉案专利公告授权前，某中国公司采购K160型号99 720个，总价约为89 648美元，按6%利润率及当月汇率折算后，获利人民币33 188元；采购K070型号399 600个，总价约为428 848美元，折算获利人民币158 624元；采购G210型号95 290个，总价约为122 829美元，折算获利人民币45 263元，共应扣除的金额共计人民币237 075元。此外，由于日本某公司未提供J130型号主轴电机的制造、销售数量及利润情况，故可依L某公司主张的按某中国公司提交数据进行计算，即共计人民币221 023元。因此，法院参考上述确定J130型号主轴电机临时保护期使用费时所考虑的日本某公司未提供相应证据亦未对有关数据的矛盾作出合理解释等因素，在L某公司提交初步证据的情况下，确定本电产公司因侵权获利而应赔偿L某公司人民币1 202 048元。<br/>　　最后，关于合理支出的确定。L某公司主张日本某公司应承担L某公司为调查和制止侵权行为支付的合理调查费和律师费人民币30万元，而L某公司提交的证据显示，其为本案支付了公证费人民币17 500元和11 000元，购买光驱产品费用为人民币735元、672元、345元、638元、1 350元，已支付“侵权诉讼代理费”计175 000元，支付“专利侵权行政调处代理费”计10万元。经查，L某公司在行政调处过程中支付的10万元律师费与本诉讼案件无关，L某公司主张的“侵权诉讼代理费”应予支持。L某公司为确定取得置于光驱或刻录机内部的被控侵权产品，多次公证购买终端产品，具有合理性，其所支付的终端产品费用以及公证费应予支持。</p>","<p>在发明申请临时保护期内实施该发明的技术方案虽然不构成侵犯专利权的行为，但该发明申请被授权后，专利权人有权主张临时保护期的利益或损失。临时保护期内实施发明所需支付的费用，可以参照有关专利许可使用费合理确定；没有专利许可使用费可以参照的，可以综合考虑专利权的类型、实施发明的行为性质和情节以及查明的事实等，参照专利法第六十五条有关侵权赔偿的规定处理。</p>","<p>　　《中华人民共和国专利法》第11条第1款、第13条、第64条第1款、第71条（本案适用的是2009年10月1日施行的《中华人民共和国专利法》第11条第1款、第13条、第59条第1款、第65条）<br/>　　《最高人民法院关于审理专利纠纷案件适用法律问题的若干规定》第10条第1款、第14条、第16条（本案适用的是2015年2月1日施行的《最高人民法院关于审理专利纠纷案件适用法律问题的若干规定》第14条第1款、第20条、第22条）<br/>　　《最高人民法院关于审理侵犯专利权纠纷案件应用法律若干问题的解释（二）》第18条第1款、第2款、第27条（本案适用的是2016年4月1日施行的《最高人民法院关于审理侵犯专利权纠纷案件应用法律若干问题的解释（二）》第18条第1款、第2款、第27条）</p><br/>######<p>　　一审：北京知识产权法院（2015）京知民初字第338号民事判决（2016年9月20日）<br/>　　二审：北京市高级人民法院（2017）京民终55号民事判决（2017年9月7日）</p>","\N","\N","2026-01-21 10:27:30","2026-01-21 10:27:30","050eb30d0108b78390f0eba468de9f43","\N","20260426"
"6844","多元解纷案例库","https://rmfyalk.court.gov.cn","民事-种植、养殖回收合同纠纷","D2025-161-1-128-223","建宁县人民法院","民事,种植、养殖回收合同纠纷,涉种业纠纷,跨区域调解,综治中心,村委会参与调解","","2025-04-15","\N","2023年6月，吴某、王某等8名制种人应饶某聘请在某村帮忙制种，双方未签订制种协议。2023年10月，种子收成后，饶某共回收吴某、王某等8人种植的种子9151斤。经双方结算，扣除饶某已支付的种子款1199元外，截至2024年12月2日，委托人饶某尚欠吴某、王某等8名制种人种子款68346元。后经多次催讨，饶某均以各种理由推脱、拒绝支付，吴某、王某等8名制种人遂请求饶某所在地综治中心予以解决。","综治中心受理后，经征得当事人同意开展先行调解。因涉及制种人的人数较多，又是农民“血汗钱”，且制种人和制种地都在外县，为更好了解事实、开展调解工作，调解员积极联系制种人所在地村委会，协助组织开展“背靠背”调解。 经详细沟通和认真研判，调解员认为本案争议焦点在于：在双方未签订合同情况下，是否构成种植回收合同法律关系。围绕上述争议焦点，调解员与双方当事人进行充分沟通。饶某提出双方没有签订种植回收合同，认为双方不构成合同关系。调解员通过村委会了解到，吴某、王某等8名制种人保存有购买种子及设备的记录、制种收获记录、微信聊天记录等证据，遂结合《中华人民共和国民法典》等相关法律规定，向饶某释明虽然双方没有签订种植回收合同，但吴某、王某等人现有证据能够证明其进行了生产经营投入，可以认定双方存在事实上的合同关系。 通过调解员耐心讲解，饶某不再否认回收制种的事实，但表示自己也是受公司委托请人帮忙制种，因公司种子款没有到账，无法立即支付制种人种子款。为此，调解员与吴某、王某等8名制种人沟通，转达了饶某的想法。制种人了解到饶某实际困难后表示，只要求拿回制种款，可以在时间上给予一些宽限期。随后，调解员组织双方多次协商。最终，双方就还款金额及日期达成了一致意见。","本案系种植回收合同一方拒绝付款引发的涉农纠纷。种业是农业的“芯片”，是国家粮食安全的“命脉”。近年来，广大农民在家门口发展各式各样的产业，有效提高了农民收入。但不少农户法律意识相对欠缺，开展种植、养殖时多通过口头方式作出约定，未签订书面合同，加之种植、养殖回收合同履行周期长，种植业本身存在一定风险，因合同履行问题引发的纠纷时有发生，因涉及人数较多，若处理不好，易激化矛盾，不利于推动种业持续健康发展。本案中，综治中心收到制种人诉求后，启动联调机制，第一时间联系制种人所在地村委会联合推进调解工作，协助查清事实，引导双方当事人进行结算并固定证据，有利推动调解工作顺利开展。调解员则认真听取双方意见，从证据、法律等方面向当事人释法答疑，讲清利害，打消了饶某的侥幸心理，促成双方诚实守信、互谅互让，最终各自作出一定让步，圆满化解系列纠纷，不仅实现案结事了，还通过各方参与调解，促成饶某及时收到公司种子款，制种农民及时拿回“血汗钱”，实现双赢共赢，有力护航种业振兴。","《中华人民共和国民法典》第465条、第490条、第509条","\N","","2026-01-27 09:50:28","2026-01-27 09:50:28","0529722e9c5160298666397fdfc3c4bc","\N","20260426"
"3619","人民法院案例库","https://rmfyalk.court.gov.cn","民事-房屋买卖合同纠纷","2024-07-2-091-001","河北省唐山市中级人民法院","民事,房屋买卖合同纠纷,确权之诉,查封,执行异议之诉","二审","2023.10.17","02","<p>　　原告吕某某诉称，被告刘某和杨某系夫妻关系，2017年3月15日，原告和吕某甲（系原告之父，因病于2022年5月去世）与二被告签订了《房屋买卖合同》一份，二被告自愿将其名下的案涉房屋以140万元的价格转让给原告吕某某和吕某甲，原告分别于2017年3月22日、2017年5月15日通过钟某某银行账户向被告刘某银行账户转账100万元和40万元交付了合同约定的楼房转让价款。因当时房屋尚无不动产登记证，故原、被告未办理过户登记，双方约定待具备过户条件时，再办理过户登记。经原告了解二被告已拿到案涉房屋不动产登记证，具备为原告办理过户登记的条件，原告要求二被告就案涉房屋配合原告办理过户登记手续，遭到二被告拒绝。故请求判令：一、依法确认原、被告于2017年3月2日签订的《房屋买卖合同》合法有效；二、判令二被告协助原告办理案涉房屋所有权转移登记至原告名下；三、案件受理费由二被告负担。<br/>　　被告刘某、杨某辩称，原告诉请的事实和理由与实际情况完全不符，本次起诉完全属于虚假诉讼。1.原告及其父亲从未与被告夫妇签订过任何《房屋买卖合同》，整个房屋买卖过程中被告从未接触过原告及其父亲。被告只是与钟某某交涉的买卖事宜，140万元购房款也是钟某某转账支付给被告刘某的，被告只是按照钟某某的要求将被告夫妇签好字的《房屋买卖合同》交给钟某某，买受人处当时完全是空白的。原告父亲吕某甲曾作为原告起诉过被告夫妇后撤诉，起诉时曾向河北省唐山市路北区人民法院提交过一份《房屋买卖合同》，合同上日期及买受人处均是空白的，没有任何签字，足以证实原告本次提交的合同上原告签字是新填写的，且日期为2017年5月3日，与其诉状中日期自相矛盾。2.原告主张双方于2017年3月15日签订的《房屋买卖合同》与事实不符，实际上被告在合同上签字的日期早于该日，但合同上签订日期处为空白，且仅是被告单方在合同上签字，合同上约定的交房日期为2017年3月15日。3.2017年3月2日被告钟某某曾写过一份《补充说明》，被告刘某作为出卖人签字，钟某某作为买受人签字，足以证实房屋实际买受人为钟某某。另外该说明上明确记载甲方（被告）给乙方（钟某某）房屋买卖合同一份，进一步证实原告提交的《房屋买卖合同》系被告提供给钟某某的。4.因为与钟某某关系不错当时并未多想，后来案外人马某成因民间借贷起诉钟某某，此时被告才知晓多年来钟某某以承包工程为由四处借债，有钱购房挥霍却不偿还外债，钟某某出资购房却不过户到他自己名下是为了逃避债务，被告夫妇非常气愤，所以曾在马某成起诉申请保全时向河北省唐山市路北区人民法院做过笔录，认可案涉房屋购房人是钟某某，因为出面买房及出资人全是钟某某，被告只能将房产过户给钟某某，因此河北省唐山市路北区人民法院保全了案涉房屋。被告夫妇至此才明白，吕某甲起诉之所以撤诉，是因为当时并没有人申请保全案涉房屋，钟某某怕他购房事情败露，开庭当日他也到场，一再给被告夫妇说好话，所以吕某甲当庭撤诉。综上，原告本次起诉缺乏事实和法律依据，完全是在帮助钟某某恶意转移财产，使钟某某达到赖账的目的。<br/>　　法院经审理查明：河北省唐山市路北区人民法院在审理马某成与钟某某民间借贷纠纷一案中，于2022年1月18日作出（2022）冀0203民初275号之一民事裁定书，裁定查封钟某某购买的登记在刘某、杨某名下的案涉房屋，查封期限自实际查封之日起算三年。现裁定书已经送达不动产登记机关，登记查封期限为2022年1月18日至2025年1月17日。现本案原告吕某某请求将案涉房屋所有转移登记至原告名下，但房屋存在被查封的障碍。<br/>　　河北省唐山市路北区人民法院于2023年2月28日作出（2023）冀0203民初116号民事裁定：驳回原告吕某某的起诉。宣判后，吕某某以一审裁定认定事实不清，适用法律错误为由，提起上诉。河北省唐山市中级人民法院于2023年10月17日作出（2023）冀02民终7205号民事裁定：驳回上诉，维持原裁定。</p>","<p>　　法院生效裁判认为，根据《最高人民法院关于人民法院立案、审判与执行工作协调运行的意见》（法发〔2018〕9号）第8条，审判部门在审理确权诉讼时，应当查询所要确权的财产权属状况。需要确权的财产已经被人民法院查封、扣押、冻结的，应当裁定驳回起诉，并告知当事人可以依照民事诉讼法第第二百二十七条的规定主张权利。上述规定提到的民事诉讼法第二百二十七条已修订为现行《中华人民共和国民事诉讼法》第二百三十四条。本案上诉人请求确认案涉房屋权属，该房屋已在（2022）冀0203民初275号案件中被人民法院查封，本案涉及到申请保全人与被保全人的利益，故一审法院裁定驳回起诉并无不当，上诉人应当依据《中华人民共和国民事诉讼法》第二百三十四条的规定通过执行异议之诉主张权利。针对上诉人要求确认案涉《房屋买卖合同》效力的诉请，上诉人在河北省唐山市中级人民法院审理过程中提交了起诉状，称其已就解除（2022）冀0203民初275号之一民事裁定对案涉房屋的查封及确认案涉《房屋买卖合同》效力向一审法院提起执行异议之诉，本着充分发挥诉讼资源解决纠纷的功能，上诉人关于确认合同效力的诉请应在同案中一并解决。</p>","<p>人民法院在审理确权诉讼时，发现需要确权的财产已经被人民法院查封、扣押、冻结的，可以参照《最高人民法院关于人民法院立案、审判与执行工作协调运行的意见》（法发〔2018〕9号）第8条的规定，依法裁定驳回起诉，并告知当事人可以通过执行异议之诉主张权利。</p>","<p>　　《中华人民共和国民事诉讼法》第234条</p><br/>######<p>　　一审：河北省唐山市路北区人民法院（2023）冀0203民初116号民事裁定（2023年2月28日）<br/>　　二审：河北省唐山市中级人民法院（2023）冀02民终7205号民事裁定（2023年10月17日）</p>","\N","\N","2026-01-21 10:27:30","2026-01-21 10:27:30","05317a1e5bcdcf9f4bb348305420c2ec","\N","20260426"
"878","人民法院案例库","https://rmfyalk.court.gov.cn","民事-商标权权属、侵权纠纷","2024-09-2-159-019","浙江省高级人民法院","民事,侵害商标权,不正当竞争,损害赔偿计算,证据规则,侵权获利","二审","2018.10.29","02","<p>　　原告杭州某板电器股份有限公司（以下简称某电器公司）、杭州某板实业集团有限公司（以下简称某实业公司）诉称：其系“ROBAM”系列注册商标和“老板”字号的权利人。其发现某板电器香港国际（中国）股份有限公司（以下简称香港某电器公司）、厦门市某德电器科技有限公司、嵊州市某德电器有限公司在油烟机、燃气灶等商品上使用与其近似的“ROBAND”标识，并使用其“老板”字号，庄河市某德厨电销售中心销售被诉侵权产品，均构成商标侵权和不正当竞争。遂提起本案诉讼，请求判令：被告停止侵害、消除影响并赔偿损失人民币1000万元（币种下同）及合理费用48523元。<br/>　　被告香港某电器公司、厦门市某德电器科技有限公司、嵊州市某德电器有限公司共同辩称：香港某电器公司合法拥有“ROBAND”商标和企业名称，各被告使用或经授权使用该商标及企业名称，均不构成商标侵权和不正当竞争。<br/>　　被告庄河市某德厨电销售中心未作答辩。<br/>　　法院经审理查明：某电器公司系“老板”“ROBAM”系列注册商标的权利人。2016年4月，某电器公司委托代理人向庄河市某德厨电销售中心分别购买吸油烟机和燃气灶各一台，产品及外包装上标有“ROBAND”“香港某电器公司（授权）”等字样，并注明商标持有人香港某电器公司、运营商厦门市某德电器科技有限公司、制造商嵊州市某德电器有限公司。另，www.roband.net网站系由嵊州市某德电器有限公司经营，该网站对香港某电器公司、厦门市某德电器科技有限公司进行宣传和介绍，并对ROBAND系列产品及单价进行展示，包括：集成灶、油烟机、油烟净化器、燃气灶、消毒柜、蒸汽炉、烤箱、电热水器、燃气热水器、整体厨房等。<br/>　　2014年4月，某电器公司向原国家工商行政管理总局商标评审委员会（以下简称商评委）申请撤销香港某电器公司的第730884X号“ROBAND”商标。2015年4月9日，商评委作出裁定书，宣告该商标无效。香港某电器公司遂提起行政诉讼。2017年1月，北京知识产权法院判决驳回香港某电器公司要求撤销商评委上述裁定的诉讼请求。在该起行政纠纷中，香港某电器公司为证明“ROBAND”商标已具有较高知名度，不会与引证商标发生混淆，向法院提交了“ROBAND”产品2014年、2015年的销售出库单。<br/>　　浙江省绍兴市中级人民法院于2017年11月27日作出（2014）浙绍知初字第500号民事判决：四被告停止商标侵权及不正当竞争行为，并刊登声明、消除影响；香港某电器公司、厦门市某德电器科技有限公司、嵊州市某德电器有限公司共同赔偿某电器公司经济损失100万元，赔偿某实业公司经济损失50万元；庄河市某德厨电销售中心赔偿某电器公司经济损失10万元，赔偿某实业公司经济损失5万元。双方当事人均不服上述判决，提起上诉。浙江省高级人民法院于2018年10月29日作出（2018）浙民终20号民事判决：维持一审判决关于停止侵害、消除影响及庄河市某德厨电销售中心赔偿损失数额的判项，改判香港某电器公司、厦门市某德电器科技有限公司、嵊州市某德电器有限公司共同赔偿某电器公司、某实业公司经济损失985万元、维权合理开支48523元，共计9898523元。</p>","<p>　　法院生效裁判认为：香港某电器公司作为“ROBAND”标识持有人，厦门市某德电器科技有限公司作为“品牌运营商”，嵊州市某德电器有限公司作为实际生产者，在相同或类似商品上使用与涉案注册商标相近似的标识，容易导致相关公众混淆误认，共同构成对涉案商标权的侵害。上述三被告注册并使用含有“老板”字样企业名称的行为，构成不正当竞争。庄河市某德厨电销售中心理应知晓原告权利商标和企业名称的知名度，仍然销售被诉侵权产品，并在经营活动中使用“老板”字号，其行为亦构成商标侵权及不正当竞争。<br/>　　对于赔偿数额，一审法院在计算赔偿数额时对权利人提交的“ROBAND”产品2014年、2015年的销售出库单未予认定，存有不当。前述出库单系香港某电器公司在“ROBAND”商标无效宣告请求行政案件中提交，在本案中，被诉侵权人认为某电器公司既然在行政案件中对出库单的真实性不予认可，就不得再在本案中提交其不认可的材料作为证据。对此，二审法院认为，某电器公司在不同案件中对出库单的真实性持不同态度，系基于自身诉讼利益的考量，在既无法律禁止性规定，也不违背诉讼诚信原则的前提下，法院对其提交的作为本案证据的出库单应当依法予以审查判断。鉴于该份证据系香港某电器公司在另案中提交，且被诉侵权人在本案中亦认可其真实性，故该份证据应当作为认定赔偿数额的事实依据。经核实可以认定，自2014年7月至2015年12月，ROBAND烟机、燃气灶、热水器等各类侵权产品的出库量共计15110台。<br/>　　此外，对于侵权产品销售价格、利润率的认定问题。首先，权利人为公证购买吸油烟机和燃气灶共支付5000元，而该两款产品在侵权网站上的标价分别为4480元和1980元，可见，侵权产品实际售价虽低于网站标价，但相差不大，且商业实践中吸油烟机和燃气灶成套打折出售的情况也较为常见，故侵权网站上的标价可以作为认定销售价格的依据。其次，某电器公司系上市公司，该公司的主营业务即生产销售“老板”品牌的厨房电器产品，故对其年度报告中披露的利润率的真实性及与本案的关联性均应予认定。被诉侵权人作为专门以生产销售ROBAND系列侵权产品为业的企业，其利润率理应高于规范经营的上市公司，故权利人关于按照某电器公司的营业利润率计算侵权获利的主张应予支持。<br/>　　综上，二审法院根据出库单显示的销售数量，结合侵权网站上标注的每类产品的平均售价及权利人的营业利润率，最终认定被诉侵权人因侵权所获得的利益已经超过权利人主张的赔偿数额，权利人另行主张的维权费用亦在合理范围内，遂据此对赔偿数额部分进行改判，支持权利人关于损害赔偿部分的全部诉讼请求共计10048523元。</p>","<p>在认定知识产权侵权损害赔偿数额时，应当在充分审查在案各项证据材料的基础上，依法灵活适用证据规则，尽可能根据权利人损失、侵权人获利等方式实现损害赔偿的精细化计算：1.侵权人在另案中提交的出库单等侵权产品销量证据，即使权利人在另案中对其真实性未予认可，在本案中也仍可作为对已有利的证据向法院提交，以此作为认定侵权产品销量的依据。2.能否以网站上标示的侵权产品销量认定侵权产品的实际销量，取决于网站本身的资质和公信力、具体的标示情况以及是否有其他证据进行佐证等具体因素。3.网站上的标价和权利人正品的单位利润可以作为认定侵权产品售价和单位利润的依据。</p>","<p>　　《中华人民共和国商标法》第63条第1款<br/>　　《中华人民共和国反不正当竞争法》第17条第3款（本案适用的是2007年2月1日施行的《最高人民法院关于审理不正当竞争民事案件应用法律若干问题的解释》（法释〔2007〕2号）第17条第1款）</p><br/>######<p>　　一审：浙江省绍兴市中级人民法院（2014）浙绍知初字第500号民事判决（2017年11月27日）<br/>　　二审：浙江省高级人民法院（2018）浙民终20号民事判决（2018年10月29日）</p>","\N","\N","2026-01-21 10:27:30","2026-01-21 10:27:30","053921fa7578869f21eee74c64aefb3e","\N","20260426"
"6751","多元解纷案例库","https://rmfyalk.court.gov.cn","民事-排除妨害纠纷","D2025-161-1-039-313","衡水市桃城区人民法院","民事,排除妨害纠纷,邻里纠纷,墙体损坏,“法院+镇政府＋村委会”联动化解","","2025-06-06","\N","刘某与常某为同村村民，而且是多年邻居，常某院墙上搭建的轻钢棚过长且倾斜角度不当，已延伸至刘某家的北房墙后，一到雨雪季，无法排出的雨水雪水就会随着轻钢棚顶倾泻至刘某北房墙根，尤其是2023年冬天的一场大雪后，刘某家的北房墙体出现了倾斜开裂，刘某多次找常某协商解决，双方因言语不和产生冲突，故刘某诉至法院，要求常某排除妨害并赔偿修复费用。","本案系因两户相邻墙体倾斜开裂造成损失引发的纠纷。法院收到起诉材料后，考虑到双方系多年邻居，且案情较为简单，经征得双方当事人同意后，开展先行调解工作。经初步了解并与刘某、常某沟通，明确双方主要争议问题在于墙体倾斜开裂原因，同时刘某担心墙体的继续开裂乃至于倒塌会伤害到两家房内人员的人身安全，想尽快解决该纠纷。为妥善化解纠纷，指导法官与乡镇包村干部及村支书取得联系，并到现场进行了实地勘验，采用背对背方式开展以下调解工作。 首先，由村支书联系常某到村委会，乡镇包村干部与村支书从邻里乡情为切入点，指导法官从法理人情等角度对常某进行劝导，并对刘某家墙体倾斜的损失成因展开常理分析，使常某意识到其虽已修整棚顶，但多年来滴水造成的冲刷是墙体倾斜开裂的原因之一，指导法官也告知了如果案件进入审理程序可能需要承担的诉讼成本以及类似判例，引导当事人协商解决，最终常某同意补偿刘某部分加固费用，解决刘某的后顾之忧。 之后，村支书联系刘某到村委会，指导法官根据实地勘验情况，向刘某释法明理，因其房屋已建成三十余年，且刘某长时间不在此居住，除雨水雪水冲刷外，地基自然下沉、年久失修等问题均存在，墙体倾斜开裂系多方原因造成，非专业人士无法精准判断形成原因并确定修复方案及修复费用。委托鉴定费用较高，需申请方先行垫付，且最终根据原因力大小确定承担情况，如果启动鉴定程序对双方均是一笔不小的开支，可能加重双方诉累。刘某了解上述情况后表示不想扩大损失，目前倾斜墙体暂进行钢筋加固，主要是自己担心墙体坍塌会引发其他纷争，乡镇包村干部与村支书就房屋现状、加固措施及刘某担心的后续墙体继续开裂导致坍塌造成的人身财产损失责任承担等问题进行解答，让刘某彻底放下心结。最终，双方达成一致意见。","本案系排除妨害纠纷，引起纠纷的事情虽小，但损害产生原因不明，责任划分困难，如直接进行开庭审理，可能需要对损害成因及修复费用等事项进行鉴定，而鉴定费用的承担会进一步加重双方解纷成本，甚至可能会进一步激化邻里矛盾。为此，本案依托“法院+镇政府＋村委会”联动化解机制，三方共同商议确定纠纷的调解方案与突破重点，由村委会联络当事人，掌握其思想动态，法院依据具体案情梳理争议焦点，明确应当适用的法律规定，向当事人进行释法明理，镇政府则由包村干部从邻里乡情、案件影响、后续解决等方面，做通当事人工作，疏解双方之间的心结，消除顾虑。三方共同推进，促使纠纷在基层得到实质化解。","《中华人民共和国民法典》第1252条、第1253条","\N","","2026-01-27 09:50:17","2026-01-27 09:50:17","053c7b96fb15d3fd01dc55a583d7418f","\N","20260426"
"5354","人民法院案例库","https://rmfyalk.court.gov.cn","民事-滥用市场支配地位纠纷","2017-18-2-184-001","最高人民法院","民事,滥用市场支配地位,垄断,相关市场","二审","2014.10.08","01","<p>　　北京奇虎科技有限公司（以下简称奇虎公司）、奇智软件（北京）有限公司于2010年10月29日发布扣扣保镖软件。2010年11月3日，腾讯科技（深圳）有限公司（以下简称腾讯公司）发布《致广大QQ用户的一封信》，在装有360软件的电脑上停止运行QQ软件。11月4日，奇虎公司宣布召回扣扣保镖软件。同日，360安全中心亦宣布，在国家有关部门的强力干预下，目前QQ和360软件已经实现了完全兼容。2010年9月，腾讯QQ即时通信软件与QQ软件管理一起打包安装，安装过程中并未提示用户将同时安装QQ软件管理。2010年9月21日，腾讯公司发出公告称，正在使用的QQ软件管理和QQ医生将自动升级为QQ电脑管家。奇虎公司诉至广东省高级人民法院，指控腾讯公司滥用其在即时通信软件及服务相关市场的市场支配地位。奇虎公司主张，腾讯公司和深圳市腾讯计算机系统有限公司（以下简称腾讯计算机公司）在即时通信软件及服务相关市场具有市场支配地位，两公司明示禁止其用户使用奇虎公司的360软件，否则停止QQ软件服务；拒绝向安装有360软件的用户提供相关的软件服务，强制用户删除360软件；采取技术手段，阻止安装了360浏览器的用户访问QQ空间，上述行为构成限制交易；腾讯公司和腾讯计算机公司将QQ软件管家与即时通信软件相捆绑，以升级QQ软件管家的名义安装QQ医生，构成捆绑销售。请求判令腾讯公司和腾讯计算机公司立即停止滥用市场支配地位的垄断行为，连带赔偿奇虎公司经济损失1.5亿元。</p>","<p>　　法院生效裁判认为：本案中涉及的争议焦点主要包括，一是如何界定本案中的相关市场，二是被上诉人是否具有市场支配地位，三是被上诉人是否构成反垄断法所禁止的滥用市场支配地位行为等几个方面。<br/>　　一、如何界定本案中的相关市场<br/>　　该争议焦点可以进一步细化为一些具体问题，择要概括如下：<br/>　　首先，并非在任何滥用市场支配地位的案件中均必须明确而清楚地界定相关市场。竞争行为都是在一定的市场范围内发生和展开的，界定相关市场可以明确经营者之间竞争的市场范围及其面对的竞争约束。在滥用市场支配地位的案件中，合理地界定相关市场，对于正确认定经营者的市场地位、分析经营者的行为对市场竞争的影响、判断经营者行为是否违法，以及在违法情况下需承担的法律责任等关键问题，具有重要意义。因此，在反垄断案件的审理中，界定相关市场通常是重要的分析步骤。尽管如此，是否能够明确界定相关市场取决于案件具体情况，尤其是案件证据、相关数据的可获得性、相关领域竞争的复杂性等。在滥用市场支配地位案件的审理中，界定相关市场是评估经营者的市场力量及被诉垄断行为对竞争的影响的工具，其本身并非目的。即使不明确界定相关市场，也可以通过排除或者妨碍竞争的直接证据对被诉经营者的市场地位及被诉垄断行为可能的市场影响进行评估。因此，并非在每一个滥用市场支配地位的案件中均必须明确而清楚地界定相关市场。一审法院实际上已经对本案相关市场进行了界定，只是由于本案相关市场的边界具有模糊性，一审法院仅对其边界的可能性进行了分析而没有对相关市场的边界给出明确结论。有鉴于此，奇虎公司关于一审法院未对本案相关商品市场作出明确界定，属于本案基本事实认定不清的理由不能成立。<br/>　　其次，关于“假定垄断者测试”方法可否适用于免费商品领域问题。法院生效裁判认为：第一，作为界定相关市场的一种分析思路，假定垄断者测试（HMT）具有普遍的适用性。实践中，假定垄断者测试的分析方法有多种，既可以通过数量不大但有意义且并非短暂的价格上涨（SSNIP）的方法进行，又可以通过数量不大但有意义且并非短暂的质量下降（SSNDQ）的方法进行。同时，作为一种分析思路或者思考方法，假定垄断者测试在实际运用时既可以通过定性分析的方法进行，又可以在条件允许的情况下通过定量分析的方法进行。第二，在实践中，选择何种方法进行假定垄断者测试取决于案件所涉市场竞争领域以及可获得的相关数据的具体情况。如果特定市场领域的商品同质化特征比较明显，价格竞争是较为重要的竞争形式，则采用数量不大但有意义且并非短暂的价格上涨（SSNIP）的方法较为可行。但是如果在产品差异化非常明显且质量、服务、创新、消费者体验等非价格竞争成为重要竞争形式的领域，采用数量不大但有意义且并非短暂的价格上涨（SSNIP）的方法则存在较大困难。特别是，当特定领域商品的市场均衡价格为零时，运用SSNIP方法尤为困难。在运用SSNIP方法时，通常需要确定适当的基准价格，进行5%-10%幅度的价格上涨，然后确定需求者的反应。在基准价格为零的情况下，如果进行5%-10%幅度的价格增长，增长后其价格仍为零；如果将价格从零提升到一个较小的正价格，则相当于价格增长幅度的无限增大，意味着商品特性或者经营模式发生较大变化，因而难以进行SSNIP测试。第三，关于假定垄断者测试在本案中的可适用性问题。互联网服务提供商在互联网领域的竞争中更加注重质量、服务、创新等方面的竞争而不是价格竞争。在免费的互联网基础即时通信服务已经长期存在并成为通行商业模式的情况下，用户具有极高的价格敏感度，改变免费策略转而收取哪怕是较小数额的费用都可能导致用户的大量流失。同时，将价格由免费转变为收费也意味着商品特性和经营模式的重大变化，即由免费商品转变为收费商品，由间接盈利模式转变为直接盈利模式。在这种情况下，如果采取基于相对价格上涨的假定垄断者测试，很可能将不具有替代关系的商品纳入相关市场中，导致相关市场界定过宽。因此，基于相对价格上涨的假定垄断者测试并不完全适宜在本案中适用。尽管基于相对价格上涨的假定垄断者测试难以在本案中完全适用，但仍可以采取该方法的变通形式，例如基于质量下降的假定垄断者测试。由于质量下降程度较难评估以及相关数据难以获得，因此可以采用质量下降的假定垄断者测试进行定性分析而不是定量分析。<br/>　　再次，关于本案相关市场是否应确定为互联网应用平台问题。上诉人认为，互联网应用平台与本案的相关市场界定无关；被上诉人则认为，互联网竞争实际上是平台的竞争，本案的相关市场范围远远超出了即时通信服务市场。法院生效裁判针对互联网领域平台竞争的特点，阐述了相关市场界定时应如何考虑平台竞争的特点及处理方式，认为：第一，互联网竞争一定程度地呈现出平台竞争的特征。被诉垄断行为发生时，互联网的平台竞争特征已经比较明显。互联网经营者通过特定的切入点进入互联网领域，在不同类型和需求的消费者之间发挥中介作用，以此创造价值。第二，判断本案相关商品市场是否应确定为互联网应用平台，其关键问题在于，网络平台之间为争夺用户注意力和广告主的相互竞争是否完全跨越了由产品或者服务特点所决定的界限，并给经营者施加了足够强大的竞争约束。这一问题的答案最终取决于实证检验。在缺乏确切的实证数据的情况下，至少注意如下方面：首先，互联网应用平台之间争夺用户注意力和广告主的竞争以其提供的关键核心产品或者服务为基础。其次，互联网应用平台的关键核心产品或者服务在属性、特征、功能、用途等方面上存在较大的不同。虽然广告主可能不关心这些产品或者服务的差异，只关心广告的价格和效果，因而可能将不同的互联网应用平台视为彼此可以替代，但是对于免费端的广大用户而言，其很难将不同平台提供的功能和用途完全不同的产品或者服务视为可以有效地相互替代。一个试图查找某个历史人物生平的用户通常会选择使用搜索引擎而不是即时通信，其几乎不会认为两者可以相互替代。再次，互联网应用平台关键核心产品或者服务的特性、功能、用途等差异决定了其所争夺的主要用户群体和广告主可能存在差异，因而在获取经济利益的模式、目标用户群、所提供的后续市场产品等方面存在较大区别。最后，本案中应该关注的是被上诉人是否利用了其在即时通信领域中可能的市场支配力量排除、限制互联网安全软件领域的竞争，将其在即时通信领域中可能存在的市场支配力量延伸到安全软件领域，这一竞争过程更多地发生在免费的用户端。鉴于上述理由，在本案相关市场界定阶段互联网平台竞争的特性不是主要考虑因素。第三，本案中对互联网企业平台竞争特征的考虑方式。相关市场界定的目的是为了明确经营者所面对的竞争约束，合理认定经营者的市场地位，并正确判断其行为对市场竞争的影响。即使不在相关市场界定阶段主要考虑互联网平台竞争的特性，但为了正确认定经营者的市场地位，仍然可以在识别经营者的市场地位和市场控制力时予以适当考虑。因此，对于本案，不在相关市场界定阶段主要考虑互联网平台竞争的特性并不意味着忽视这一特性，而是为了以更恰当的方式考虑这一特性。<br/>　　最后,关于即时通信服务相关地域市场界定需要注意的问题。法院生效裁判认为：本案相关地域市场的界定，应从中国大陆地区的即时通信服务市场这一目标地域开始，对本案相关地域市场进行考察。因为基于互联网的即时通信服务可以低成本、低代价到达或者覆盖全球，并无额外的、值得关注的运输成本、价格成本或者技术障碍，所以在界定相关地域市场时，将主要考虑多数需求者选择商品的实际区域、法律法规的规定、境外竞争者的现状及其进入相关地域市场的及时性等因素。由于每一个因素均不是决定性的，因此需要根据上述因素进行综合评估。首先，中国大陆地区境内绝大多数用户均选择使用中国大陆地区范围内的经营者提供的即时通信服务。中国大陆地区境内用户对于国际即时通信产品并无较高的关注度。其次，我国有关互联网的行政法规规章等对经营即时通信服务规定了明确的要求和条件。我国对即时通信等增值电信业务实行行政许可制度，外国经营者通常不能直接进入我国大陆境内经营，需要以中外合资经营企业的方式进入并取得相应的行政许可。再次，位于境外的即时通信服务经营者的实际情况。在本案被诉垄断行为发生前，多数主要国际即时通信经营者例如MSN、雅虎、Skype、谷歌等均已经通过合资的方式进入中国大陆地区市场。因此，在被诉垄断行为发生时，尚未进入我国大陆境内的主要国际即时通信服务经营者已经很少。如果我国大陆境内的即时通信服务质量小幅下降，已没有多少境外即时通信服务经营者可供境内用户选择。最后，境外即时通信服务经营者在较短的时间内（例如一年）及时进入中国大陆地区并发展到足以制约境内经营者的规模存在较大困难。境外即时通信服务经营者首先需要通过合资方式建立企业、满足一系列许可条件并取得相应的行政许可，这在相当程度上延缓了境外经营者的进入时间。综上，本案相关地域市场应为中国大陆地区市场。<br/>　　综合本案其他证据和实际情况，本案相关市场应界定为中国大陆地区即时通信服务市场，既包括个人电脑端即时通信服务，又包括移动端即时通信服务；既包括综合性即时通信服务，又包括文字、音频以及视频等非综合性即时通信服务。<br/>　　二、被上诉人是否具有市场支配地位<br/>　　对于经营者在相关市场中的市场份额在认定其市场支配力方面的地位和作用，法院生效裁判认为：市场份额在认定市场支配力方面的地位和作用必须根据案件具体情况确定。一般而言，市场份额越高，持续的时间越长，就越可能预示着市场支配地位的存在。尽管如此，市场份额只是判断市场支配地位的一项比较粗糙且可能具有误导性的指标。在市场进入比较容易，或者高市场份额源于经营者更高的市场效率或者提供了更优异的产品，或者市场外产品对经营者形成较强的竞争约束等情况下，高的市场份额并不能直接推断出市场支配地位的存在。特别是，互联网环境下的竞争存在高度动态的特征，相关市场的边界远不如传统领域那样清晰，在此情况下，更不能高估市场份额的指示作用，而应更多地关注市场进入、经营者的市场行为、对竞争的影响等有助于判断市场支配地位的具体事实和证据。<br/>　　结合上述思路，法院生效裁判从市场份额、相关市场的竞争状况、被诉经营者控制商品价格、数量或者其他交易条件的能力、该经营者的财力和技术条件、其他经营者对该经营者在交易上的依赖程度、其他经营者进入相关市场的难易程度等方面，对被上诉人是否具有市场支配地位进行考量和分析。最终认定本案现有证据并不足以支持被上诉人具有市场支配地位的结论。<br/>　　三、被上诉人是否构成反垄断法所禁止的滥用市场支配地位行为<br/>　　法院生效裁判打破了传统的分析滥用市场支配地位行为的“三步法”，采用了更为灵活的分析步骤和方法，认为：原则上，如果被诉经营者不具有市场支配地位，则无需对其是否滥用市场支配地位进行分析，可以直接认定其不构成反垄断法所禁止的滥用市场支配地位行为。不过，在相关市场边界较为模糊、被诉经营者是否具有市场支配地位不甚明确时，可以进一步分析被诉垄断行为对竞争的影响效果，以检验关于其是否具有市场支配地位的结论正确与否。此外，即使被诉经营者具有市场支配地位，判断其是否构成滥用市场支配地位，也需要综合评估该行为对消费者和竞争造成的消极效果和可能具有的积极效果，进而对该行为的合法性与否作出判断。本案主要涉及两个方面的问题：<br/>　　一是关于被上诉人实施的“产品不兼容”行为（用户二选一）是否构成反垄断法禁止的限制交易行为。根据反垄断法第十七条的规定，具有市场支配地位的经营者，没有正当理由，限定交易相对人只能与其进行交易或者只能与其指定的经营者进行交易的，构成滥用市场支配地位。上诉人主张，被上诉人没有正当理由，强制用户停止使用并卸载上诉人的软件，构成反垄断法所禁止的滥用市场支配地位限制交易行为。对此，法院生效裁判认为，虽然被上诉人实施的“产品不兼容”行为对用户造成了不便，但是并未导致排除或者限制竞争的明显效果。这一方面说明被上诉人实施的“产品不兼容”行为不构成反垄断法所禁止的滥用市场支配地位行为，也从另一方面佐证了被上诉人不具有市场支配地位的结论。<br/>　　二是被上诉人是否构成反垄断法所禁止的搭售行为。根据反垄断法第十七条的规定，具有市场支配地位的经营者，没有正当理由搭售商品，或者在交易时附加其他不合理的交易条件的，构成滥用市场支配地位。上诉人主张，被上诉人将QQ软件管家与即时通信软件捆绑搭售，并且以升级QQ软件管家的名义安装QQ医生，不符合交易惯例、消费习惯或者商品的功能，消费者选择权受到了限制，不具有正当理由；一审判决关于被诉搭售行为产生排除、限制竞争效果的举证责任分配错误。对此，法院生效裁判认为，上诉人关于被上诉人实施了滥用市场支配地位行为的上诉理由不能成立。</p>","<p>1.在反垄断案件的审理中，界定相关市场通常是重要的分析步骤。但是，能否明确界定相关市场取决于案件具体情况。在滥用市场支配地位的案件中，界定相关市场是评估经营者的市场力量及被诉垄断行为对竞争影响的工具，其本身并非目的。如果通过排除或者妨碍竞争的直接证据，能够对经营者的市场地位及被诉垄断行为的市场影响进行评估，则不需要在每一个滥用市场支配地位的案件中，都明确而清楚地界定相关市场。<br/>　　2.假定垄断者测试（HMT）是普遍适用的界定相关市场的分析思路。在实际运用时，假定垄断者测试可以通过价格上涨（SSNIP）或质量下降（SSNDQ）等方法进行。互联网即时通信服务的免费特征使用户具有较高的价格敏感度，采用价格上涨的测试方法将导致相关市场界定过宽，应当采用质量下降的假定垄断者测试进行定性分析。<br/>　　3.基于互联网即时通信服务低成本、高覆盖的特点，在界定其相关地域市场时，应当根据多数需求者选择商品的实际区域、法律法规的规定、境外竞争者的现状及进入相关地域市场的及时性等因素，进行综合评估。<br/>　　4.在互联网领域中，市场份额只是判断市场支配地位的一项比较粗糙且可能具有误导性的指标，其在认定市场支配力方面的地位和作用必须根据案件具体情况确定。</p>","<p>　　《中华人民共和国反垄断法》第17条、第18条、第19条</p>","\N","\N","2026-01-21 10:27:30","2026-01-21 10:27:30","0542cf399a1c1c9f1bf9c684934e210a","\N","20260426"
"6449","多元解纷案例库","https://rmfyalk.court.gov.cn","民事-物业服务合同纠纷","D2025-161-1-121-607","哈尔滨市呼兰区人民法院","民事,物业服务合同纠纷,新能源汽车充电桩安装,“法院+人大代表+住建+消防+人民调解”多元联动调解,示范调解","","2025-09-11","\N","隋某等12人作为某小区业主，因日常使用新能源电动汽车之需，多次向该小区物业公司提出申请，请其出具同意在业主自有车位上安装电动汽车充电桩的相关证明文件。然而，某物业公司却以诸多理由拒绝。双方矛盾日益尖锐。隋某等人诉至法院，请求某物业公司出具同意安装的证明。与此同时，小区内其他业主也欲通过诉讼解决问题。","法院收到起诉材料后，认为该纠纷涉及新能源政策落实与民生需求，为妥善化解纠纷，征得当事人同意后，委托人民调解员进行先行调解，并邀请具有电力专业经验的人大代表，以及住建部门、消防部门专业人员组成调解小组，开展以下调处工作： 一是精准锚定争议焦点。调解小组通过梳理资料，实地走访业主和物业公司，广泛深入听取双方诉求与意见。经了解，业主表示根据电力部门规定，申报个人充电桩需小区物业公司出具同意安装证明，现物业公司拒绝出具证明，充电问题难以解决，影响业主使用新能源汽车。物业公司则认为小区因历史原因电力设施未移交，小区建设时并无新能源汽车充电规划，担忧充电桩安装会带来安全隐患、电力容量不足影响业主日常生活用电、电力扩容费用无法落实等问题，故而不愿意出具同意证明。调解小组锁定争议焦点，即物业公司是否有义务为业主出具同意其在自有车位上安装新能源汽车充电桩的证明。经综合研判，调解小组一致认为本案的妥善处理，对于案涉小区乃至整个区域均具有较好的示范指引价值。为此，制定“各部门专家‘联合会诊’，‘专科医生’对症施策”的精细化调解策略，与当事人开展面对面协商，同时运用背对背调解方式，确保调解工作高效有序推进。 二是深度组织沟通协商。为准确把握纠纷全貌，实质性化解纠纷，调解小组走访电力部门，深入了解该小区电力设施背景情况，并组织业主代表与物业公司进行深入沟通与意见交换。通过“面对面”的坦诚交流，帮助双方客观分析当前形势；借助“背对背”的细致疏导，有效缓解对立情绪，为后续调解工作奠定坚实基础。 三是全力促成批量化解。在前期工作基础上，调解小组组织隋某与某物业公司“面对面”调解，并邀请其余11户业主旁听。为确保旁听效果，采用“线上 + 线下”并行方式，使更多业主能参与调解。指导法官通过列举相关典型案例，以案释法，指出安装充电桩属于新能源汽车时代车位使用功能的合理延伸，且国家发改委等多部门联合发文要求物业服务企业及时提供相关图纸资料，积极配合并协助业主现场勘查、施工，确保业主合理使用专有部分；住建部门工作人员从物业公司应积极协助配合安装工作的角度进行耐心劝导；消防部门工作人员则就小区消防安全问题给出专业、权威意见。针对物业公司提出的案涉小区电力设施未移交、可能需要扩容以及费用分担等问题，人大代表深入讲解新能源汽车发展的现实需求和重要意义，并结合自身电力专业知识和丰富的基层工作经验，针对小区电力设施特殊情况，指出从利益与责任的平衡角度出发，物业公司应当积极协调电力设施升级扩容，满足业主合理需求，并组织双方就扩容费用承担等问题友好协商。最终，在多方共同努力下，物业公司为业主出具了同意其在自有车位上安装新能源汽车充电桩的证明，并承诺将积极协调供电部门升级小区供电设施，完成必要的电力扩容，相关业主也表示愿意共同承担电力扩容费用。 四是持续督促后续履行。为巩固调解成果，调解小组通过定期跟进、督促指导等方式，确保物业公司及时审核业主申请材料，并对符合条件的业主及时协助安装充电桩，实现纠纷彻底化解。","随着新能源汽车产业蓬勃发展，业主对于新能源汽车充电桩安装的需求持续增长，但物业管理制度的更新完善相对滞后，未能及时适应这一新兴需求，导致新能源汽车充电桩安装纠纷也呈增长态势。本案系因新能源汽车充电桩安装引发的物业服务合同纠纷，纠纷处理结果不仅关乎涉案当事人的切身利益，更对辖区内其他业主具有较大影响。为妥善高效化解纠纷，法院会同人大代表、人民调解员及住建、消防等职能部门联合开展调处，通过人大代表政策解读精准到位、住建及消防部门技术指导专业权威、人民调解善于沟通的亲和优势、法官法律研判严谨细致，形成工作合力，有效破解物业公司配合义务认定难题。调解过程中，调解团队通过梳理资料和实地走访，准确把握争议焦点，组织“面对面”调解，充分发挥专业优势，做实“专业问题专业答，行业问题行业解”，提升调解的针对性和有效性。同时，采取“示范调解”方式，以点带面化解批量纠纷，并成功促使潜在纠纷“一揽子”化解，不仅实现了政策的有效落地、民生需求的充分满足，还促推了社区治理水平的提升。","《中华人民共和国民法典》第9条、第272条、第937条、第942条 《物业管理条例》（2018年修订）第35条 《国家发展和改革委员会、国家能源局、工业和信息化部、住房和城乡建设部关于加快居民区电动汽车充电基础设施建设的通知》（发改能源〔2016〕1611号）","\N","","2026-01-27 09:49:21","2026-01-27 09:49:21","054f5ac367142eeb72812c5640a90af1","\N","20260426"
"6147","多元解纷案例库","https://dyjfalk.court.gov.cn/site/case/03e19b8e-6e6e-4a93-bad2-381f097a78dc","民事-著作权权属、侵权纠纷","D2025-161-1-158-889","绥北人民法院","民事,著作权权属、侵权纠纷,公众号使用未授权图片,摄影作品,双向疏导,人民调解,退休法官参与化解","","2025-12-05","\N","陈某系摄影作品著作权的权利人，该作品已通过法定登记程序确立著作权权属。陈某发现某公司在未经授权或许可的情况下，擅自在其管理运营的微信公众号平台上，通过信息网络向公众传播案涉摄影作品，故诉至法院，要求某公司立即停止使用并删除陈某享有著作权的摄影作品，并赔偿陈某经济损失及维权合理费用。","法院收到起诉材料后，认为案件事实清楚、证据材料充分、所涉标的额较小，经双方当事人同意，委托给人民调解委员会先行调解。 一是组建队伍，确定争议焦点。鉴于知识产权纠纷的专业性，人民调解委员会组建由专业调解员和退休法官参与的调解小组，加强法律适用与实务经验互补。调解小组通过“背对背”沟通策略，了解基本情况后，确定争议焦点：1.某公司未经许可使用摄影作品是否构成著作权侵权；2.侵权损害赔偿数额的合理确定标准。 二是充分沟通，分别释法。调解小组在“背对背”调解中，针对争议焦点一，由退休法官依据相关法律法规，向某公司明确著作权侵权适用“无过错责任”原则，即未经许可且无合理使用情形的网络传播行为构成侵权，需承担停止侵害、赔偿损失等民事责任，消除某公司“非商业使用即不侵权”的认知误区。同时，结合当地知识产权局提供的近年类案数据，了解到这种情况的侵权纠纷赔偿金额大多在500元至10000元不等。针对争议焦点二，调解员通过询问陈某及证据核查，发现陈某未产生实际律师费用等维权费用，且侵权文章点击率不足百次且公众号影响力有限，依据相关法律规定，建议其适当降低赔偿金额。 三是双向疏导，破解症结。陈某表示可以赔偿5000元。但某公司表示赔偿过多。在某公司对5000元赔偿金额提出异议时，退休法官运用“双向疏导”策略：一方面向陈某释明赔偿金额需与实际损失、侵权情节相适应的法律逻辑，引导其合理降低心理预期；另一方面向某公司强调先行调解可免除诉讼费用、缩短解纷周期的制度优势，促使其适当提高赔偿意愿。经三轮“背对背”调解后，调解员组织双方开展线上“面对面”调解，某公司当场致歉并承诺完善微信公众号内容合规审查机制。陈某接受某公司的道歉，并表示维权目的已达成，某公司适当赔偿即可。最终，双方就侵权认定与赔偿数额达成一致。","本案在新媒体时代知识产权纠纷频发背景下，虽属事实清楚、权利义务关系明确、争议标的额较小之简易案件，但若未及时有效化解，可能因解纷周期延长与维权成本累积推高权利人对赔偿金额的预期，进而强化侵权人对抗情绪，导致纠纷难以实质性解决。本案中，法院委托人民调解委员会开展先行调解，调解委员会根据案件情况指派专业调解员与退休法官组建调解小组，按照网络图片使用争议“侵权认定—赔偿核算—即时履行”全流程解纷路径，推进调解工作。在争议焦点处理上，调解小组锚定“无过错责任认定”与“赔偿标准核算”两大核心，通过释明相关法律规定，破解“非商业使用即不侵权”的认识误区，通过合理核算赔偿金额，平衡双方利益预期。调解过程中，运用“背对背沟通—双向疏导—线上确认”三阶调解方法，“背对背”沟通精准识别争议焦点，“双向疏导”对权利人释明赔偿金额需要与实际损失、侵权情节相适应的法律逻辑，对侵权人强调先行调解节省时促和优势，最终通过线上“面对面”调解促成双方就侵权认定与赔偿数额达成一致，并即时履行，既维护了著作权人的合法权益，又实现了纠纷解决的法律效果与社会效果有机统一。","《中华人民共和国著作权法（2020年修正）》第52条、第53条、第54条 《最高人民法院关于审理著作权民事纠纷案件适用法律若干问题的解释》（2020年修正）第24条、第25条","\N","","2026-01-27 09:48:35","2026-02-03 09:40:15","056642b07d8bd1147ad139e31a0e6174","\N","20260426"
"13420","多元解纷案例库","https://dyjfalk.court.gov.cn/site/case/853bbcfc-03e1-4c2f-9528-05a0c7fd3b2c","民事-房屋买卖合同纠纷","D2026-161-1-091-095","彭水苗族土家族自治县人民法院","民事,房屋买卖合同纠纷,逾期交房,违约金,代理律师参与调解","","2026-02-28","\N","某小区653户业主与某实业公司签订商品房销售合同，购买某实业公司开发的商品房。因某实业公司逾期交房，且未向业主支付违约金，业主情绪比较激动。在多次与某实业公司协商无果后，业主诉至法院，要求某实业公司承担逾期交房违约责任。","法院收到起诉材料后，考虑到该系列纠纷涉及业主人数众多、总标的额高、案件共通点密集，若逐案调解工作量大，判决解决亦存在耗时费资、案款兑现难等弊端。同时经沟通了解到，双方当事人均委托了代理律师，遂依托法院与该地区律师工作委员会建立的律师参与调解工作机制，征得双方当事人同意后，邀请双方代理律师共同参与先行调解工作。 一是全面摸排双方实情，精准梳理争议焦点。在承办法官指导下，业主代理律师针对涉案653户业主的具体情况开展全面核查工作，逐户对接业主，仔细核对购房合同原件、首付款及尾款付款凭证、违约金计算依据及具体数额等相关材料，逐一确认业主核心诉求，最终汇总形成包含“业主姓名、房号、购房时间、付款金额、应赔付违约金数额、联系方式”等核心信息的数据台账。同时，某实业公司代理律师深入企业内部开展调研，全面摸清企业当前经营状况、财务收支明细、资产负债情况，重点排查拖欠业主违约金的核心症结，明确某实业公司支付能力有限，且一次性集中支付违约金比较困难。在此基础上，法院组织双方代理律师针对欠款金额、支付方式、还款期限等争议焦点问题研究调解方案，双方代理律师从保障业主权益、助力某实业公司维持经营角度出发各自提出建议，初步形成“分十期支付违约金”的调解方案。 二是聚焦业主端诉求，靶向施策引导共识。为确保初步调解方案能够获得全体业主认可，切实保障业主权益落地，业主代理律师采取“线上+线下”融合、“代表+全员”联动的工作方式，分步推进沟通引导工作。首先，通过业主微信群发布分期支付方案细节，包括每期支付时间、支付金额、支付渠道及逾期保障措施，及时回应业主疑问、收集不同意见，对业主提出的合理诉求进行汇总梳理并同步至法院及对方代理律师。其次，结合业主年龄、职业、诉求差异等因素，筛选出20名具有代表性的业主代表，涵盖老年业主、青年业主、个体经营者、企业职工等不同群体，由法院牵头组织线下座谈，指导法官结合案件实际解读相关法律规定，代理律师详细说明方案的可行性和权益保障力度，引导业主代表树立“理性维权、稳定兑现”的共识，主动配合方案推进。最后，由业主代表向各自所在楼栋、片区的业主传递座谈情况和方案细节，逐一对有疑虑的业主进行耐心解释，最终实现653户业主全员认可调解方案。 三是紧盯实业公司端难点，精准破解推进阻碍。针对某实业公司内部股东意见分歧较大、管理层对分期支付方案存在犹豫顾虑、资金筹措信心不足等问题，其代理律师主动作为，牵头组织企业股东、管理层召开专项座谈会，全面传达调解初步方案的核心内容，分析方案对企业维持正常经营、化解债务危机的重要意义。同时，邀请指导法官参加座谈，由指导法官从法律层面详细解读分期支付方案的合法性，重点说明分期支付能够为企业预留充足的经营空间、缓解资金压力、避免因一次性集中支付违约金导致业主权益无法足额实现的法律风险，并针对股东提出的资金筹措、逾期责任等疑问逐一进行解答。经过多轮沟通引导，某实业公司股东会全票通过该调解方案，管理层同步成立资金筹措专项小组，制定详细的资金筹措计划，明确各阶段资金来源、筹措时限和责任分工，确保每期违约金能够按时足额支付。最终，653户业主与某实业公司全部签订调解协议，系列纠纷得到高效、妥善化解，实现了双方共赢。","本案系因开发商逾期交房引起的批量商品房销售合同纠纷，该类纠纷往往具有业主数量多、意见统一难、资金周转难、权益兑现难等特点，若处理不当，易激化矛盾，既影响业主合法权益保障，也可能制约某实业公司后续经营发展。本案中，法院敏锐把握双方均有代理律师的情况，依托与该地区律师工作委员会建立的律师参与调解工作机制，邀请双方代理律师参与先行调解，充分发挥律师沟通桥梁以及止争促和作用。调解过程中，法院充分发挥指导调解法定职能，全程跟踪调解进展，实时开展调解指导；业主代理律师精准核查梳理信息，通过“线上+线下”“代表+全员”方式凝聚业主共识；某实业公司代理律师深入内部剖析问题根源，推动内部决策一致。通过法院与代理律师同向发力，协同推进，最终促使批量纠纷得以实质性化解，切实维护了业主合法权益、保障了某实业公司正常经营，做到案结事了人和、双赢多赢共赢，为均有律师代理的纠纷化解工作提供了有益借鉴。","《中华人民共和国民法典》第509条、第577条、第585条","\N","","2026-03-01 17:01:13","2026-03-06 17:01:14","05689454c66331b87053bb6eed9a350e","\N","20260426"
"6064","多元解纷案例库","https://dyjfalk.court.gov.cn/site/case/4eb39c68-e7f4-4f0d-b65f-4f3504d08c55","民事-买卖合同纠纷","D2025-161-1-084-965","西安市雁塔区人民法院","民事,买卖合同纠纷,拖欠货款,商会调解,涉企纠纷","","2025-12-19","\N","2021年8月，甲建材公司与乙建材公司签订《材料采购合同》约定，乙建材公司从甲建材公司采购各类建筑材料用于某工程项目。合同签订后，甲建材公司依约履行了相应的供货义务，经结算自2021年8月至2023年12月甲建材公司向乙建材公司供货共计货款为352308.78元。乙建材公司累计支付货款130000元后，剩余222308.78元，甲建材公司多次催要，乙建材公司以各种理由一直拖延。甲建材公司诉至法院，要求乙建材公司支付货款及逾期付款利息。","法院收到起诉材料后，考虑到双方企业长期合作，有调解可能，为妥善化解纠纷，在征得当事人同意后，委托商会调解组织开展先行调解工作。 一是发挥商会调解组织的行业信息与资源网络的优势，快速定位当事人。因乙建材公司的实际经营地址已变动，经办员工也已离职，因此，根据甲建材公司提供的办公电话、经办人手机号码、公司地址等信息，都无法联系到乙建材公司。这时，商会调解员发现，乙建材公司系该商会组织的会员，随即通过商会查询到会员企业的登记信息，找到乙建材公司的负责人，为下一步开展调解奠定基础。 二是发挥商会调解组织沟通协调与信任建立的优势，引导当事人积极面对问题。经联系乙建材公司，调解员了解到乙建材公司未付款的原因主要是上游项目单位结款非常缓慢，导致资金回笼慢，才造成无法向下游供应商付款，公司已经为此陷入几个诉讼中，因此更加不愿意、不配合出面解决问题。发现乙建材公司存在的问题后，调解员以行业同仁的身份，说服劝导、释法明理，引导乙建材公司积极面对，协商解决问题。 三是调解员积极回应双方企业的利益关切点，促成双方和解。了解到乙建材公司逾期付款的真实原因后，调解员积极居中调解，向双方分析利弊，寻求解决问题的平衡点。甲建材公司考虑到双方多年的友好合作，且未付款的主要原因不在乙建材公司，因此主动作出让步，同意乙建材公司分期支付，并放弃利息。最终双方就付款事宜达成一致意见。同时，调解员从法律与行业规则的双重约束的角度，督促乙建材公司主动、按时依据和解协议履行其付款义务。该纠纷得以高效化解。","本案系买方拖欠货款引发的买卖合同纠纷。本案中，针对双方均为企业，且有长期合作关系，法院委托商会调解组织开展调解，充分发挥其在专业性与行业熟悉度以及行业信息与网络资源等方面的优势，促推“商事纠纷商人解”。调解过程中，调解员首先借助商会成员身份，查找乙建材公司的联系方式、经营地址等信息，快速定位当事人信息，然后以“柔性”调解法，凭借其行业地位和专业形象，与企业快速建立沟通渠道，并且通过法律与行业规则的双重约束，让双方企业心平气和地达成和解，并积极主动履行，不仅大大减轻企业解纷成本，提高解纷实效，也为企业之间的继续合作打下基础，还促进和引导民营企业依法经营、依法治企，助力构建和谐稳定的营商环境。","《中华人民共和国民法典》第579条、第584条","\N","","2026-01-27 09:48:26","2026-02-03 09:40:03","057ee2bb075c819a66544832229b0944","\N","20260426"
"3574","人民法院案例库","https://rmfyalk.court.gov.cn","民事-专利权权属、侵权纠纷","2023-09-2-160-012","最高人民法院","民事,专利权权属、侵权纠纷,等同侵权,技术特征,技术方案","再审","2021.11.29","02","<p>　　日照市某某机械制造有限公司诉称：张某销售、潍坊某某农业装备有限公司生产销售的涉案产品，包含了涉案专利权利要求1的全部技术特征，落入涉案专利权的保护范围，并给日照市某某机械制造有限公司造成了经济损失。请求停止侵权并赔偿损失。<br/>　　张某、潍坊某某农业装备有限公司共同辩称：涉案产品使用的是现有技术，与涉案专利不相同也不等同，未落入涉案专利的保护范围。<br/>　　山东省济南市中级人民法院经审理查明：2012年6月8日，日照市某某机械制造有限公司向国家知识产权局提出名称为“具有安全可靠性的微耕机”的发明专利申请。2015年12月2日，国家知识产权局公告授予专利权。2019年4月12日，在山东省临沂市某某公证处公证员朱某及公证员助理周某某的监督下，日照市某某机械制造有限公司的委托代理人齐某某来到位于山东省临沂市兰山区北园路与通达路交汇处西南方向的某某国际机电城内标示有“临沂鑫源农机”“B区56号”的店铺，齐某某以普通消费者身份购买标有“谷雨”字样的机器一台（以下简称被诉侵权产品），支付货款1450元，取得“鑫源农机销货清单”一份、“张某某”的名片一张。齐某某对购物现场及所购物品进行了拍照，并封存了相关物品。山东省临沂市某某公证处根据上述保全过程作出（2019）鲁临沂沂蒙证民字第566号公证书。<br/>　　山东省济南市中级人民法院于2019年10月30日作出的（2019）鲁01民初2287号民事判决，认为被诉侵权产品落入涉案专利权保护范围，遂判决停止侵权，赔偿损失。宣判后，潍坊某某农业装备有限公司提起上诉。最高人民法院于2020年7月27日作出（2020）最高法知民终145号民事判决，认为涉案专利权利要求1与被诉侵权技术方案中的技术特征A与a、技术特征B与b、技术特征D与d既不相同又不等同。遂判决撤销一审判决，驳回日照市某某机械制造有限公司诉讼请求。日照市某某机械制造有限公司不服，向最高人民法院申请再审。最高人民法院于2021年11月29日作出(2021)最高法民申3125号民事裁定，驳回日照市某某机械制造有限公司的再审申请。</p>","<p>　　法院生效裁判认为：等同侵权判定是指涉案专利权利要求与被诉侵权技术方案中相应技术特征是否等同，而不是指两个技术方案整体上是否等同。如果在技术方案整体上进行等同判定，将不适当扩大专利权的保护范围。本案中，涉案专利权利要求1和被诉侵权产品虽然都是在紧急情况下能够使活动横杆触碰熄火电接触点，实现自动熄火，达到保护操作人员人身安全的功能和效果，但在判定是否构成侵权时，不能将涉案专利权利要求1与被诉侵权产品技术方案整体上进行比对，而是应将权利要求1划分为若干技术特征与被诉侵权产品相应技术特征进行比对。涉案专利权利要求1对自动熄火装置的组成、结构和相互关系进行了限定，二审法院将涉案专利权利要求1特征部分划分为四个技术特征，日照市某机械制造有限公司对此未提出异议。将权利要求1四个技术特征与被诉侵权产品相应技术特征进行比对，二者在熄火电接触点安装位置、后保护横杆的安装方式、后保护横杆移动方式等方面均存在不同，在技术手段上差异较大，后保护横杆是否可以回弹等技术效果也存在差异，日照市某某机械制造有限公司也并未提供证据证明上述不同是本领域技术人员在被诉侵权行为发生时无需经过创造性劳动就能够联想到的。因此，二审法院认定二者不构成等同的结论并无不当。</p>","<p>等同侵权判定是指涉案专利权利要求与被诉侵权技术方案中相应技术特征是否等同，而不是指两个技术方案整体上是否等同。如果在技术方案整体上进行等同判定，将会不适当扩大专利权的保护范围。</p>","<p>　　《中华人民共和国专利法》第11条</p><br/>######<p>　　一审：山东省济南市中级人民法院（2019）鲁01民初2287号民事判决（2019年10月30日）<br/>　　二审：最高人民法院（2020）最高法知民终145号民事判决（2020年7月27日）<br/>　　再审审查：最高人民法院（2021）最高法民申3125号民事裁定（2021年11月29日）</p>","\N","\N","2026-01-21 10:27:30","2026-01-21 10:27:30","0580228680c71977006be6f12e50a3ee","\N","20260426"
"4379","人民法院案例库","https://rmfyalk.court.gov.cn","民事-请求变更公司登记纠纷","2023-08-2-264-003","阆中市人民法院","民事,请求变更公司登记,涤除登记,挂名法定代表人,公司经营管理,实际控制","一审","2021.12.19","02","<p>　　原告张某诉称：原告在被告公司担任司机，挂名被告的法定代表人并登记，但原告不参与公司经营管理，不实际控制公司、保管公司执照、印章等。后原告从被告处离职，多次要求被告变更其公司登记无果，遂诉至法院，请求判令：一、判令被告立即向工商登记机关涤除原告作为被告法定代表人的登记；二、案件受理费由被告负担。<br/>　　被告某房地产开发有限公司未到庭应诉，也未作答辩。<br/>　　法院经审理查明：2020年2月19日，阆中某房地产开发有限公司依法登记设立，张某登记为该公司法定代表人，公司股东为敖某某和四川某实业有限公司。公司成立后，代表公司对外签订合同的是韩某，公司内部管理审批人也是韩某。2020年8月，张某从该公司处离职后，多次请求该公司为其变更法定代表人工商登记，但一直未得到回应。2021年7月13日，张某通过四川某律师事务所向该公司发出《律师函》，请求变更法定代表人工商登记，被告仍未答复并变更登记，张某遂诉至人民法院。<br/>　　四川省阆中市人民法院于2021年12月19日作出(2021)川1381民初5475号民事判决：被告阆中某房地产开发有限公司于本判决生效后二十日内到阆中市市场监督管理局涤除原告张某阆中某房地产开发有限公司法定代表人的登记事项。宣判后，原、被告均未提起上诉，该判决已发生法律效力。</p>","<p>　　法院生效裁判认为，张某提交了证据证明代表阆中某公司对外开展民事活动和对内行使管理的人均系韩某，张某并未行使《公司法》规定的法定代表人参与公司经营管理的职权，系属名义上的法定代表人，有违公司法规定，阆中某公司应当及时变更法人登记。因张某不是阆中某公司的股东，无法通过提起召开股东（大）会等内部救济途径变更法人登记，故其请求阆中某公司向工商登记机关涤除张某作为该公司法定代表人的登记，应当得到支持。</p>","<p>公司登记的法定代表人与公司之间失去实质利益关联，且没有参与任何实际经营，属于“挂名法定代表人”，应当允许“挂名法定代表人”提出涤除登记诉讼。</p>","<p>　　《中华人民共和国公司法》第11条、第13条<br/>　　</p><br/>######<p>　　一审：四川省阆中市人民法院（2021）川1381民初5475号民事判决（2021年12月19日）</p>","\N","\N","2026-01-21 10:27:30","2026-01-21 10:27:30","0594aa5ebf026de814cb2ed2c7d38293","\N","20260426"
"29183","多元解纷案例库","https://dyjfalk.court.gov.cn/site/case/b85a8348-afa2-4bbf-84c9-d443a1c5406b","民事-物业服务合同纠纷","D2026-161-1-121-199","齐河县人民法院","民事,物业服务合同纠纷,拖欠物业费,“总对总”在线诉调对接机制","","2026-04-07","\N","某物业公司为某小区提供物业服务。自2023年1月起，部分业主认为物业服务存在瑕疵，如小区垃圾场设置不合理，影响生活环境，电动车乱停乱放，管理混乱且存在安全隐患，针对窗户漏水、家具浸泡等个性化问题得不到及时解决等，致使业主对物业服务的整体满意度下降，从而拒绝交纳物业费。2025年7月，某物业公司将小区98户业主诉至法院。","法院收到起诉材料后，考虑到涉及业主众多、矛盾成因复杂，为妥善化解纠纷，在征得当事人同意后，依托最高人民法院与全国工商联、住建部建立的“总对总”在线诉调对接机制，委托工商联下设调解室进行先行调解，并邀请住建部门参与，联合开展以下工作： 一是组建调解团队，形成解纷合力。工商联调解室派出3人调解小组作为调解主体，负责入户走访、现场查验、组织调解和拟定调解方案等；住建部门进行行业政策解读和专业意见支持，针对垃圾场设置、电动车乱停乱放等小区管理混乱问题，派员参与现场勘查，依据行业规范，对垃圾站选址、电动车充电桩建设标准等提出专业整改意见和要求；街道办工作人员发挥熟悉民情优势，协助调解小组走访入户、联络沟通；法院负责程序引导与法律指导，由法官对《民法典》《物业管理条例》等进行专业解读和普法释明，明确“服务瑕疵”与“费用减免”的法律认定边界，为调解工作提供坚实的法律支撑。 二是现场勘查，梳理解决共性争议问题。针对垃圾清运、停车管理等涉及公共利益的普遍性问题，调解员梳理问题核心症结及影响范围，形成问题清单，并由相关职责部门统筹解决。城市管理行政执法局、消防救援大队及辖区派出所等进一步明确管理责任、划定停放区域、制定具体清运时段并建立联合巡查机制，由调解员联合社区网格员全程跟踪整改进度，并定期向业主公示整改情况。对小区共用部位、共用设施设备（如电梯、外墙、公共水管等）的修缮，经业主同意后，使用小区专项维修基金予以维修。对因公共管理职责不完善导致的问题，如小区周边排水管网堵塞引发的内涝等，法院协调政府部门抽调专项财政资金予以维修，并纳入政府年度财政预算统筹安排，从根源上解决公共利益类共性矛盾。 三是入户走访，梳理个性诉求分类处理。针对业主反映较为强烈的窗户漏水、家具浸泡、小区公共设施瑕疵等问题，调解员会同物业人员、业主代表共同上门勘查调解，一案一策，高效确定个性化维修方案和完成时间表。同时，实地查验厘清责任，对属于开发商遗留问题的、房屋质保期内的质量问题等分类处理，由住建部门督促开发商履行质保义务，限期完成维修并对浸泡家具等损失进行合理赔偿；对超出质保期的质量问题，由调解员向业主说明情况，引导业主委员会依法依规启动专项维修基金支付流程。维修完成后，调解员组织业主、维修方共同验收，验收合格后签署确认文件。期间，完成维修15次，跟踪回访1个月，形成“诉求受理—实地核查—责任认定—维修整改—验收回访”的闭环处理机制。 四是“背靠背”与“面对面”调解，双管齐下实质解纷。在对业主反映的物业问题进行分类解决的基础上，针对业主欠付物业费、停车费等相关问题，调解员分别与业主及物业公司“背靠背”单独沟通，耐心倾听各方诉求，梳理归纳服务质量、责任认定、资金使用等核心分歧点，针对性开展情绪疏导工作，缓和双方对立情绪。在双方情绪缓和、分歧逐步缩小后，转入“面对面”协商，搭建对话平台，由所在街道牵头，社区居委会工作人员全程参与，充分发挥人熟、地熟、情况熟的优势，引导双方就核心议题充分表达意见，调解员居中调解，引导双方达成一致并签订调解协议。住建部门将该小区的整改纳入行业监管范围，增强了调解的权威性和整改方案的可行性，并将其调解情况作为信用管理体系和“质价相符”分级收费标准的考核指标之一，倒逼物业公司提升服务。后续，调解小组对物业整改措施落实情况持续监督，要求物业公司建立整改台账，定期向业主公示整改进度，确保调解协议内容落地见效，并推动物业与业主间形成良性定期沟通机制。通过一个半月的共同努力，物业服务水平明显提升，先后完成了垃圾场规范化改造、重新划定停车区域、新增电动车充电桩27个点位，小区环境与秩序得到实质性提升，业主主动交纳物业费比例显著提高。该系列纠纷得以妥善化解。","本案系因业主拖欠物业费引发的物业服务合同纠纷，涉及业主人数多、双方矛盾激烈、化解难度大，如不能妥善解决，不利于群众切身利益和生活秩序的维护。本案中，法院依托最高人民法院与全国工商联、住建部等单位建立的“总对总”在线诉调对接机制，邀请工商联、住建部门等单位共同参与，做好协同配合，形成解纷合力。调解过程中，工商联发挥桥梁纽带与感情沟通优势作用，合理疏导双方对立情绪；住建部门提供行业政策支持，发挥行政监管与行业指导的优势，通过展示行业服务标准与规范，履行监管职能，促使物业公司及时整改；街道发挥属地协调与监督执行优势，及时感知业主与物业公司之间情绪变化，搭建有效沟通渠道。通过多部门分工合作，协同发力，促使业主反映的共性问题得到及时整改，并推动物业服务质量实现明显提升，业主进而主动交纳物业费，形成良性循环，助力构建和谐社区。","《中华人民共和国民法典》第278条、第944条 《物业管理条例》（2018年修订）第11条、第12条、第34条 《最高人民法院关于审理物业服务纠纷案件适用法律若干问题的解释》第4条 《最高人民法院、住房城乡建设部办公厅关于建立住房城乡建设领域民事纠纷“总对总”在线诉调对接机制的通知》（法办〔2023〕358号） 《最高人民法院、全国工商联关于建立健全人民法院与工商联沟通联系机制的意见》（法〔2020〕268号）","\N","","2026-04-09 17:03:24","2026-04-09 17:03:24","0598500b0d4449860c294ea25e34a70b","\N","20260426"
"929","人民法院案例库","https://rmfyalk.court.gov.cn","民事-买卖合同纠纷","2024-08-2-084-001","厦门市集美区人民法院","民事,买卖合同,标的物,动物活体,禁止进境,法律法规强制性规定,合同效力","一审","2023.06.08","02","原告许某聃诉称：许某聃与曲某在网上买卖甲虫认识。双方于2020年11月20日达成买卖甲虫2.5万元、蜗牛1.5万元，共4万元的交易；达成大王花10对8000元的交易。许某聃于2020年11月24日转款4万元、于2020年12月2日转款8000元，货款共计4.8万元。后货物一直未能到货且曲某以各种理由推脱。双方于2021年4月26日达成一致意见解除买卖合同关系，由曲某退还许某聃货款4.8万元，并承诺最晚5月底退钱给许某聃。后曲某一直未退还货款，导致许某聃权益受损。故请求判令：1.曲某退还货款48000元，并支付利息（以48000元为基数，按一年期LPR从2023年1月10日计至实际还清之日止）；2.判令本案诉讼费由曲某承担。<br/>　　被告曲某辩称：运输的货物为活体，许某聃未提交证据证明其持有动物引进证明，不排除由此原因导致其无法提货，由此造成的损失应由许某聃自行承担。<br/>　　法院经审理查明：2020年11月19日，曲某通过微信向许某聃询问是否要购买一批非洲甲虫（活体）并发送甲虫图片及视频，告知全程到家一条龙服务，如要繁殖可以打包。双方经协商约定，许某聃向曲某购买15对品名为神马大兜虫的甲壳虫、200只水果甲壳虫、20对甲壳虫（品名不清）以及数量约300-500枚的花园蜗牛，其中甲壳虫价款合计25000元，蜗牛价款为15000元，于2020年12月15日前交货。2020年11月24日，许某聃通过微信向曲某转账支付货款40000元。2020年12月1日，双方达成一致约定，许某聃向曲某购买10对来自非洲、品名为大王花金龟的甲壳虫，价款为8000元，于2021年1月15日前交货。2020年12月2日，许某聃通过微信向曲某支付货款8000元。<br/>　　后因曲某逾期未交付货物，经许某聃多次催促未果，2021年4月26日，曲某通过微信回复许某聃最迟于五月底还款。曲某至今仍未向许某聃返还48000元。<br/>　　福建省厦门市集美区人民法院于2023年6月8日作出（2023）闽0211民初336号民事判决：曲某应于判决生效之日起七日内向许某聃返还48000元并支付利息（以48000元为基数、按同期全国银行间同业拆借中心公布的一年期贷款市场报价利率自2023年1月10日起计至实际付款之日止）。宣判后，双方均未提起上诉，判决已发生法律效力。","《中华人民共和国进出境动植物检疫法》第五条规定：“国家禁止下列各物进境：（一）动植物病原体（包括菌种、毒种等）、害虫及其他有害生物；（二）动植物疫情流行的国家和地区的有关动植物、动植物产品和其他检疫物；（三）动物尸体；（四）土壤。口岸动植物检疫机关发现有前款规定的禁止进境物的，作退回或者销毁处理。因科学研究等特殊需要引进本条第一款规定的禁止进境物的，必须事先提出申请，经国家动植物检疫机关批准。本条第一款第二项规定的禁止进境物的名录，由国务院农业行政主管部门制定并公布。”2012年1月13日原农业部、国家质量监督检验检疫总局公布的《中华人民共和国禁止携带、邮寄进境的动植物及其产品名录》和2021年10月20日农业农村部、海关总署发布的《中华人民共和国禁止携带、寄递进境的动植物及其产品和其他检疫物名录》中均列明活动物（犬、猫除外），包括所有的哺乳动物、鸟类、鱼类、甲壳类、两栖类、爬行类、昆虫类和其他无脊椎动物，动物遗传物质。案涉合同标的物为来自非洲的活体甲虫和蜗牛，甲虫属于昆虫，蜗牛属于无脊椎动物，则案涉标的物属于禁止进口的动物。<br/>　　本案中，许某聃主张案涉标的物是以拥有检验检疫证书和海关审批的方式入境，但双方均未能举证予以证明，许某聃亦未举证证明其系因科学研究等特殊需要引进案涉标的物并经国家动植物检疫机关批准，故案涉合同违反法律、行政法规的强制性规定，依法应认定为无效。曲某因案涉合同取得的款项应当予以返还，其亦向许某聃承诺于2021年5月底还款，但其至今仍未还款，违背承诺，且必然对许某造成利息损失，故许某聃主张曲某返还48000元并支付利息，于法有据，予以支持。","来自非洲的活体甲虫和蜗牛，属于禁止进口的动物。买卖来自境外的动物活体会对我国的生态安全造成严重影响。在卖方无证据证明案涉标的物是以拥有检验检疫证书和海关审批的方式入境，买方亦无证据证明系因科学研究等特殊需要引进案涉标的物并经国家动植物检疫机关批准的，双方签订的买卖合同违反法律、行政法规的强制性规定，依法应认定为无效。<br/>","《中华人民共和国民法典》第153条、第157条<br/>　　《中华人民共和国进出境动植物检疫法》第5条<br/>######　　一审：福建省厦门市集美区人民法院（2023）闽0211民初336号民事判决（2023年6月8日）<br/>","\N","\N","2026-01-21 10:27:30","2026-01-21 10:27:30","05b0db880038c87486b79e784f570230","\N","20260426"
"930","人民法院案例库","https://rmfyalk.court.gov.cn","民事-财产保险合同纠纷","2024-08-2-333-006","上海市嘉定区人民法院","民事,财产保险合同,车上人员责任险,保险责任,赔付范围","一审","2022.11.21","02","原告钟某焕、马某年等人诉称：2020年7月21日，原告马某年通过其挂靠公司上海某物流有限公司（以下简称某物流公司）与被告某财产保险股份有限公司上海分公司（以下简称某财险上海分公司）、某财产保险股份有限公司（以下简称某财险公司）签署机动车保险合同，约定将某购买的案涉货车交由两被告承保，其中机动车车上人员责任保险（司机）10万元且不计免赔，保险期间自2020年7月22日11时起至2021年7月22日11时。案涉货车一直由马甲（系马某年之子）驾驶使用。2020年4月6日，马甲在车内进行装货时，因马乙所雇佣铲车司机的失误导致室息死亡，后原告马某年、曹某凤、钟某焕与马乙达成和解。事故发生后，马某年向某财险上海分公司嘉定支公司报告保险事故，但未获得理赔。故诉至法院，请求判令：被告某财险公司、某财险上海分公司支付原告钟某焕等人保险金100000元。<br/>　　被告某财险公司、某财险上海分公司辩称：不同意原告钟某焕等人的诉讼请求。1.马甲的死亡不属于车上人员险（司机）的赔付范围，车上人员是按照人座位数来承保，行驶证上核定载人数是2人，一个驾驶员加一个乘客，本案所涉的保单没有保乘客，限定在司机的座位上，本案所涉事故是发生在自卸车的车斗里，马甲不是司机的身份。2.如果法院审核后认为属于车上人员的范畴，按照车上人员险的条款，仅就被保险人对车上人员所应赔付的范围为限，目前钟某焕等人已经得到200万元的赔偿，故不应再就车上人员险获得赔付。3.死亡医学证明中，确认马甲死亡原因是呼吸心跳骤停，与钟某焕等人所称的窒息死亡不符。<br/>　　法院经审理查明，2020年7月21日，马某年以某物流公司名义为案涉货车在某财险上海分公司嘉定支公司投保了交强险和商业险，商业险包括机动车车上人员责任保险（司机）含不计免赔，保险期限自2020年7月22日至2021年7月22日。《某财险公司机动车综合商业保险示范条款》第四条约定，本保险合同中的车上人员是指发生意外事故的瞬间，在被保险机动车车体内或车体上的人员，包括正在上下车的人员；第三十八条约定，保险期间内，被保险人或其允许的驾驶人在使用被保险机动车过程中发生意外事故，致使车上人员遭受人身伤亡，且不属于免除保险人责任的范围，依法应当对车上人员承担的损害赔偿责任，保险人依照本保险合同的约定负责赔偿。合同签订后，马某年支付了保费。<br/>　　2021年4月6日，马甲驾驶案涉货车在铲车装车时，由于其在停车后短暂停留在货车车斗内，后方负责装运的铲车司机裴某在向车斗内投倒石粉过程中未尽注意义务，导致马甲被石粉填埋窒息死亡。死亡医学证明载明，其死亡原因为呼吸心跳骤停。经派出所调查及勘验，对于马甲的死亡，排除他杀。<br/>　　 2021年4月11日，马乙作为裴某的甲方，与马某年、曹某凤、钟某焕作为乙方签订《协议书》约定：铲车司机系甲方的员工，甲方赔偿乙方所有费用200万元，乙方拿到赔款后给甲方出具刑事谅解书。庭审中，钟某焕等人自认已经收到200万元赔款。<br/>　　2022年2月24日，某物流公司出具《放弃权利声明》，同意交强险与商业险相关保险单的保险权利由马某年及其儿子马甲享有和主张，某物流公司放弃主张任何权利。<br/>　　另查明，马某年、曹某凤、钟某焕分别系马甲的父亲、母亲、妻子，马甲和钟某焕育有二女，为马某钰和马某桐。诉讼中，双方当事人均确认虽保险合同与某财险公司上海分公司嘉定支公司签订，但保险责任由某财险上海分公司承担，某财险上海分公司为适格被告。<br/>　　上海市嘉定区人民法院于2022年11月21日作出（2022）沪0114民初8911号判决：某财险上海分公司应于本判决生效之日起十日内赔偿原告马某年、钟某焕、曹某凤、马某钰、马某桐保险金100000元。宣判后，双方当事人均未提起上诉，该判决已发生法律效力。","本案争议的焦点问题是：马甲因事故死亡是否属于车上人员险（司机）的赔付范围。<br/>　　首先，马甲属于车上人员险（司机）的被保险主体。从案涉机动车保险合同内容看，车上人员责任险属于责任保险，即以被保险人对第三者依法应负的赔偿责任为保险标的的保险。本案中，根据《某财险公司机动车综合商业保险示范条款》第四条、第三十八条的规定，车上人员责任险获得理赔需具备以下条件：1.合法驾驶员，即不存在无照驾驶、醉驾、毒驾、被盗肇事、故意制造事故等保险免责情形；2.驾驶员是被保险人或经其允许使用车辆的人；3.在使用被保险机动车过程中发生意外事故；4.车上人员在发生意外事故瞬间在被保险机动车车体内或车体上。结合案涉《车辆挂靠协议》和询问笔录等证据来看，马甲系经被保险人认可的合法驾驶人。事发时，马甲处于被保险车辆车斗中，符合保险条款规定“车上人员”+“司机”的条件，具有保险合同约定的车上人员（司机）的主体身份。<br/>　　其次，马甲是在车辆使用期间发生事故。由于生产型车辆的特殊性，其使用价值并不仅限于道路运输，对机动车“使用”过程的理解应包含动态和静态的过程，并非仅限于车辆动态行驶过程中。案涉被保险车辆是重型自卸货车，自卸货车的使用价值应围绕货物装卸，装货、运输、卸货每个环节均属于车辆“使用”过程。从事故发生的过程来看，马甲驾驶自卸货车装载石子和粉末，可能是为了铲车装货而进入车斗内，对车斗内的货物、石粉进行整理。但是，负责装运的铲车司机裴某在向车斗内投倒石粉过程中未能尽到合理的注意义务，导致马甲被石粉填埋窒息死亡。从马甲停车到装载石子，总共持续了15分钟。故马甲在停车后短时间内在车斗中遇难，属于在正常使用车辆的过程中发生意外事故，其死亡符合车上人员责任保险（司机）的赔偿范围。<br/>　　 综上，马甲在使用的机动车辆上因作业事故死亡，符合保险合同约定保险人的赔付范围，其法定继承人主张保险利益，于法有据。","1.在认定机动车是否属于保险合同约定的“使用”过程时，不应仅局限于道路运输的动态行驶过程，而是应考虑车辆的性质、用途，并从动态和静态两个方面进行判断。<br/>　　2. 被保险人在正常使用车辆的过程中，即使离开车体内或者司机座位但未离开车体发生意外事故的，应当认定属于保险条款规定的生产作业车辆车上人员险的赔付范围。","《中华人民共和国保险法》（2018年修正）第14条、第23条、第30条<br/>######　　　　　　一审：上海市嘉定区人民法院&nbsp;<ahref=""http://wenshu.court.pcc/website/wenshu/181107ANFZ0BXSK4/index.html?docId=185ff549b8394272a63baf9c0008b007""target=""_blank"">（2022）沪0114民初8911号</a>&nbsp;民事判决（2022年11月21日）<br/>","\N","\N","2026-01-21 10:27:30","2026-01-21 10:27:30","05c2bfafb85e6c7a42f63a04ba1235db","\N","20260426"
"12321","多元解纷案例库","https://dyjfalk.court.gov.cn/site/case/68a49e40-bc00-404b-88b0-15f8104f4ad1","民事-买卖合同纠纷","D2026-161-1-084-090","灌南县人民法院","民事,买卖合同纠纷,种子质量问题,赔偿损失,农业部门专家参与化解,商会调解员,综治中心","","2026-02-27","\N","某乡镇250余户农户种植的水稻出现发芽率低、长势不均等问题，导致收成受损。农户发现，出现问题的水稻稻种都是从某种业公司处购买，认为某种业公司销售的稻种有质量问题，多次要求某种业公司进行赔偿。某种业公司则认为其销售的稻种质量合格，出现问题的原因可能涉及气候、种植管理等多种因素。双方矛盾愈演愈烈，农户遂向乡镇综治中心申请化解。","综治中心受理后，先行对农户进行情绪疏导，考虑到涉及农户较多、双方矛盾激烈，且存在种子质量问题和农户损失认定困难等情况，故征得当事人同意，统筹协调农业农村局种子专家、商会调解员和基层人民法庭的指导法官组建调解小组，协同开展以下工作： 一是厘清事实，奠定调解基础。针对责任认定存在的争议，调解小组立即开展实地走访、现场查勘、证据固定、资料收集等工作，农户代表和某种业公司全程参与。经过种子专家和调解员的分析，最终得出稻种收成受损确实与稻种质量存在一定关系的技术咨询意见。调解小组就咨询意见形成过程、结论依据、行业标准等向双方当事人释明，某种业公司最终认可了调解小组作出的专业意见。 二是积极斡旋，引导选择和解。针对双方当事人对抗情绪激烈、调解陷入僵局的情形，调解小组协力进行斡旋。一方面，指导法官通过类似案例向农户分析诉讼成本，重点讲明诉讼过程中可能因认定种子质量和损失数额问题需要启动鉴定程序，需要耗费一定时间和成本，并介绍调解的优势，引导农户自愿协商和解，争取达成更加务实、合理的赔偿方案。另一方面，调解员从企业信誉、市场稳定等角度为某种业公司分析诉讼可能带来的成本、信誉风险和不良市场影响，提出积极负责地处理问题是维护自身品牌形象、重建市场信任的最佳选择，引导其将此次市场危机转化为改进公司生产经营、展现公司诚信负责形象的契机，积极与农户协商化解纠纷。经过沟通，双方当事人打开了心结，同意共同协商赔偿事宜。 三是释法明理，引导调解预期。围绕损失数额和赔偿数额的认定，指导法官释明《种子法》等关于产品质量责任和赔偿范围的法律规定，并检索同类案例开展释法说理，明确责任内容和赔偿标准，引导双方理性评估损失和维护权益；调解员利用熟悉农资纠纷优势，评估了稻种质量问题造成的损失认定标准，向双方当事人释明评估依据的同时，还向某种业公司进一步说明农户维权的合理性、向农户进一步说明某种业公司一次性支付赔偿金存在的压力，引导双方形成合理的调解预期。 四是精准把脉，促成双方和解。调解小组依据农资纠纷常用赔付方式，建议某种业公司以分期给付赔偿金或提供检测合格的种子的方式对农户进行赔偿。农户与某种业公司同意调解方案后，调解小组又再次详细介绍损失认定标准，引导农户根据自身情况自行选择合适的调解方案。经过近一周的努力，农户与某种业公司达成和解协议，该批纠纷实现一揽子圆满化解。","本案系因种子质量问题引发的买卖合同纠纷，关乎农户权益保障，若通过诉讼解决，可能会增加农户的维权成本，且纠纷涉及人员较多、双方矛盾较大，若处置不当易激化矛盾。本案中，综治中心受理后，围绕该批纠纷责任和损失认定专业性强、解纷时效要求高等特点，精准匹配化解单位，统筹农业部门种子专家、商会调解员和专业法官共同组建调解小组，凝聚多元解纷合力。调解过程中，种子专家和商会调解员充分发挥精于专业问题勘查研究、熟悉农资纠纷与贴近企业和农户等优势，明确收成受损与种子质量之间存在一定关系，有效厘清责任义务，快速打通了双方沟通的“堵点”；指导法官充分释法说理，引导双方明晰法律责任、依法维护权益，提高化解效率。调解团队通过讲明双方各自诉求和经营现状，引导双方“共情”，进而结合惯例提出组合型解纷方案，既保障了农户的合法权益，又兼顾了企业的发展利益，最终促使双方达成和解，为高效化解农资纠纷、及时保障农户合法权益提供了有益参考。","《中华人民共和国种子法》（2021年修正）第40条第6款、第45条 《中华人民共和国民法典》第509条、第577条、第582条 《最高人民法院关于深化人民法院一站式多元解纷机制建设推动矛盾纠纷源头化解的实施意见》（法发〔2021〕25号）","\N","","2026-02-27 17:02:07","2026-03-06 17:01:14","05c4dffbc1f87f35a41593ce5d216040","\N","20260426"
"6601","多元解纷案例库","https://rmfyalk.court.gov.cn","民事-离婚纠纷","D2025-161-1-014-456","安徽省高级人民法院","民事,离婚纠纷,财产分割,子女抚养,综治中心,妇联参与调解,示范文本应用","","2025-07-27","\N","曹某与赵某于2019年4月25日登记结婚，并育有一女。双方已分居一年，夫妻感情破裂。曹某到综治中心要求解除婚姻关系。","综治中心受理后，了解到曹某仅携带了结婚证、身份证和诉求缺失的普通诉状，并强烈要求法院立案受理。综治中心分流到法院窗口后，法院工作人员开展以下工作： 一是指导文本填写，厘清争议焦点。考虑到曹某诉状内容难以全面、准确表达诉求，法院工作人员引导至综治中心“要素式文书模板专区”，在向曹某详细介绍示范文本优势特点后，指导曹某填写当事人信息、诉讼请求、事实与理由等，并提示其补充财产状况、债务凭证等对应证据。期间，对当事人难以理解的专业名词和遗漏的关键信息进行细致解释说明。在法院工作人员协助下，曹某很快完成要素式示范文本填写，同时明晰主要诉求是子女抚养和夫妻共同财产分割问题。 二是强化情感疏导，缓解双方情绪。考虑到曹某夫妻共同财产价值较高，一旦进入诉讼将承担较高的诉讼费，法院工作人员引导当事人选择解纷效率更高、成本更低的调解方式解决。双方当事人同意后，随即委托入驻综治中心的妇女联合会调解员开展先行调解。 三是多方联动调解，达成调解协议。因赵某人在外地，调解员收到案件材料后，即通过电话联系赵某，了解夫妻感情状况，询问双方是否有和好可能。赵某明确表示双方分居已久，夫妻感情已经破裂，同意离婚。在法院入驻人员指导下，妇联调解员通过梳理起诉状与赵某要素式答辩状中的要素信息，明确双方对夫妻共同债务情况无异议。根据双方诉辩意见和证据材料，结合双方经济水平和孩子系未成年的实际情况，调解员认为曹某能更好抚养教育孩子，更有利于孩子健康成长，据此耐心调处，引导双方就抚养费问题达成一致意见。针对曹某主张的财产分割，法院工作人员也向双方释明相关法律及司法解释的规定。最终，双方达成一致意见。","本案系应用示范文本高效调处离婚纠纷的案例。婚姻家庭纠纷，往往涉及家庭伦理关系、妇女儿童权益保护等问题。本案中，依托综治中心搭建“一站式”解纷平台，通过应用示范文本梳理纠纷脉络，整合法院、妇联等入驻部门解纷资源，实现分工配合、优势互补，共同开展调解工作。法院在综治中心设置诉讼服务功能区，摆放起诉状、答辩状示范文本，配备电子版二维码，通过发挥指导调解职能以及专业优势，指导辅助当事人准确规范填写，精准确定纠纷争议焦点，并围绕争议焦点高效开展调解，做好释明引导工作。妇联调解员则发挥人缘、地缘、亲缘等优势作用，既遵循“刚性”法律程序，又践行“柔性”司法理念，通过法律教育与心理疏导的方法，找到矛盾根源，解开双方心结，做到案结事了人和，实现矛盾纠纷化解“最多跑一地”。","《中华人民共和国民法典》第1079条、1084条、1085条、1087条","\N","","2026-01-27 09:49:59","2026-01-27 09:49:59","05d7e4ae9741e36b59e3499fdabe6387","\N","20260426"
"4700","人民法院案例库","https://rmfyalk.court.gov.cn","民事-房屋买卖合同纠纷","2023-07-2-091-009","江苏省无锡市中级人民法院","民事,房屋买卖合同,抵押权涤除,单方变更房款支付方式,无担保,设立新抵押,根本违约,买受人拒绝付款,合同解除","二审","2020.11.24","02","<p>　　本诉原告（反诉被告）顾某某诉称：其与王某签订了房屋买卖合同，作为出卖方其已经按约定向王某交付房屋，王某未按约支付购房款，遂诉至法院请求判令：1.双方签订的房屋买卖合同解除；2.王某支付违约金；3.王某支付房屋占用期间的使用费。<br/>　　本诉被告（反诉原告）王某辩称：顾某某单方变更付款方式，拒绝将购房款用于清偿银行贷款，并在案涉房屋上设定新的抵押，其若按约付款将有巨大风险，故中止付款，其行为不构成违约。同时提出反诉，请求判令：1.解除双方签订的房屋买卖合同；2.顾某某赔偿违约损失。<br/>　　反诉被告顾某某辩称：在付款期限已届满的情况下，其告知王某合同解除后才设定新的抵押；其不存在违约行为，无需赔偿王某的损失。<br/>　　法院经审理查明：2019年8月，顾某某与王某签订了房屋买卖合同，约定：王某购买顾某某名下一套房屋，成交价为93万元，王某先行支付定金3万元以及部分购房款65万元，双方约定顾某某向王某交付房屋并过户后，王某支付剩余房款，还约定了违约责任条款。合同未就先行支付部分房款的支付方式作明确约定。后王某共计支付5万元购房款（包含3万元定金）。顾某某于2019年8月下旬将案涉房屋交付王某，后双方就购房款支付方式发生争议，合同未再继续履行。2020年1月6日，顾某某告知王某，双方房屋买卖合同解除。<br/>　　2019年11月15日，双方曾约定前往银行归还涉案房屋的贷款，但顾某某未赴约。11月18日，王某要求直接以购房款还贷，顾某某不同意；顾某某要求将购房款直接支付至其账户，王某未予同意。<br/>　　案涉房屋设立有两个抵押，一抵押债权金额为448000元，债务履行期限自2016年1月13日至2036年1月13日；另一抵押债权金额100万元，债务履行期限自2020年1月10日至2020年6月10日止。江苏省无锡市惠山区人民法院于2020年9月28日作出（2020）苏0206民初25号民事判决：一、顾某某和王某签订的房屋买卖合同于本判决发生法律效力之日起解除；二、顾某某应于本判决发生法律效力之日起十五日内返还王某购房款5万元，并赔偿王某违约损失201900元；三、王某应于本判决发生法律效力之日起十五日内将案涉房屋返还顾某某，并向顾某某支付自2019年9月1日至实际返还日按照2200元/月计算的占有使用费； 四、驳回顾某某的其他诉讼请求。顾某某不服一审判决，提出上诉。因未在指定的期限内交纳诉讼费，江苏省无锡市中级人民法院于2020年11月24日作出（2020）苏02民终5243号民事裁定：本案按上诉人自动撤回上诉处理。</p>","<p>　　法院生效裁判认为，案涉合同并未就65万元首付款的支付方式作具体的约定。结合双方出示的微信聊天记录等证据来看，可以认定双方对以购房款直接清偿顾某某银行贷款以涤除抵押权的履行方式达成了合意。在案涉房屋存在抵押贷款的情况下，该种约定有利于保护买卖双方的交易安全和合同目的的实现，抵押权涤除亦为合同后续履行的前提基础。故双方就65万元首付款的支付方式，以微信交流的形式作出的约定，应作为双方合同的补充。王某按照双方约定的时间和中介前往银行，其提供的银行余额查询记录也证明其具有履行合同的能力和意愿，而顾某某并未按约前往银行，在事后不再配合办理银行还贷手续，而是单方提出直接将款项汇入其账户的支付方式。顾某某单方变更履行方式，且未提出任何担保措施担保其能够在取得购房款后及时涤除抵押权，以确保合同顺利履行，在此情况下，王某有权拒绝付款，其拒绝付款的行为并不构成违约。则顾某某在2020年1月6日解除合同的通知不能发生解除的效力。<br/>　　顾某某于2020年1月为案涉房屋设定了新的抵押，且于抵押到期后明确表示不予涤除，造成合同无法继续履行，该行为构成根本违约，应承担相应违约责任。鉴于合同已无法继续履行，故法院对顾某某、王某要求解除合同的诉讼请求予以支持。合同解除后，顾某某应向王某返还其取得的购房款。王某应向顾某某返还房屋，法院确认合理搬迁期限为15日。王某还需向顾某某支付从房屋交付后至实际返还日的占有使用费，按照双方确认的金额计算。王某主张违约损失包括房屋差价损失，王某和顾某某商定了基准日，亦认可该基准日的评估市场价。则评估基准日价格与合同价的差价部分，应为王某的合理损失。</p>","<p>1.关于房屋出卖人单方变更购房款支付方式导致抵押权不能涤除的违约责任认定。房屋买卖合同约定了抵押权涤除，出卖人单方变更履行方式，且未提供担保措施担保其能够在取得购房款后及时涤除抵押权的，买受人有权拒绝付款，其拒绝付款的行为不构成违约。<br/>　　2.关于房屋买卖合同履行期间出卖人为房屋设定新抵押且不能涤除的违约责任认定。房屋买卖合同履行期间，出卖人为房屋设定了新的抵押，且于抵押到期后明确表示不予涤除，造成合同无法继续履行的，构成根本违约，应承担相应违约责任。因此导致合同解除的，买受人有权向出卖人主张房屋差价损失等违约损失赔偿。</p>","<p>　　《中华人民共和国民法典》第488条、第563条、第566条、第577条（本案适用的是1999年10月1日起施行的《中华人民共和国合同法》第30条、第94条、第97条、第107条）<br/></p><br/>######<p>　　一审：江苏省无锡市惠山区人民法院（2020）苏0206民初25号民事判决（2020年9月28日）<br/>　　二审：江苏省无锡市中级人民法院（2020）苏02民终5243号民事裁定（2020年11月24日）</p>","\N","\N","2026-01-21 10:27:30","2026-01-21 10:27:30","062268b5a5a50b702c3d7a20aa996963","\N","20260426"
"3665","人民法院案例库","https://rmfyalk.court.gov.cn","民事-物业服务合同纠纷","2023-07-2-121-003","福建省高级人民法院","民事,物业服务合同,业主委员会,备案任期届满诉权","再审","2022.09.26","02","<p>　　原告福建省某物业管理有限公司(以下简称某物业公司)诉称：一、解除某物业公司与某业主委员会签订的《福州市物业服务合同》；二、判令返还保证金70万元及利息（利息以70万元为基数，从2018年1月15日起按人民银行同期贷款利率计算至款项还清之日止）。诉讼中变更诉讼请求：一、确认《福州市物业服务合同》成立并生效；二、判令履行《福州市物业服务合同》，依法与某物业公司办理圣某沙花园物业移交手续。<br/>　　福州市台江区某业主委员会(以下简称某业主委员会)辩称：一、某物业公司于2018年1月24日与某业主委员会签订的《福州市物业服务合同》成立并生效；二、某物业公司要继续履行合同应当通知某业主委员会，由某业主委员会按照约定向某物业公司提供物业服务用房，因某物业公司没有提出要求，所以某业主委员会尚未向某物业公司提供物业服务用房，故某物业公司的第二项诉请没有事实依据，请求法院予以驳回。<br/>　　法院经审理查明：2018年1月24日，某业主委员会为甲方，某物业公司为乙方，双方签订《福州市物业服务合同》，由某物业公司提供物业服务，合同约定:2018年1月24日起至2018年4月23日为交接期，合同为期叁年，从2018年4月24日起至2021年4月23日止。合同签订当日，某业主委员会书面通知某物业公司于2018年4月23日前做好与福建海纳物业管理服务公司的物业有关交接工作。交接当天，因原物业服务企业不愿退出导致无法正常移交。诉讼中双方确认，导致合同无法正常履行的障碍是由于原物业服务企业不愿退出该物业管理区域。<br/>　　2020年3月16日，福建省福州市台江区人民法院（以下简称台江法院）作出（2019）闽0103民初3774号民事判决：1、确认《福州市物业服务合同》成立并生效；2、驳回某物业公司的其他诉讼请求。双方均未提出上诉。<br/>　　2020年6月2日，台江法院作出（2020）闽0103民监8号民事裁定，以（2019）闽0103民初3774号民事判决确有错误为由，再审本案。<br/>　　2020年11月30日，台江区人民法院作出（2020）闽0103民再13号民事裁定，以福州市台江区住房保障和房产管理局出具的《业主委员会备案证明》载明的某业主委员会的任期于2018年1月25日已届满，被告主体不适格为由，裁定撤销（2019）闽0103民初3774号民事判决，并驳回某物业公司的起诉。某物业公司提起上诉。2021年4月22日，福建省福州市中级人民法院作出（2021）闽01民再39号民事裁定，驳回上诉，维持原裁定。某物业公司向福建省高级人民法院申请再审，福建省高级人民法院于2022年8月4日作出（2021）闽民申3752号民事裁定，提审本案。福建省高级人民法院2022年9月26日作出（2022）闽民再304号再审裁定，撤销一二审裁定，指令审理。</p>","<p>　　法院生效裁判认为，本案的审理涉及对两个问题的判断，一是业主委员会的权源及性质，二是业主委员会备案的性质及对业主委员会诉讼主体资格的影响。<br/>　　第一，从业主委员会的权源及性质看，首先，根据原《中华人民共和国物权法》第七十六条、《物业管理条例》第十一条、第十五条、第十八条的规定，业主委员会成员选任、更换、任期及选聘物业服务企业，均由业主以业主大会的形式共同决定。据此而言，业主委员会成立及成员的选任体现的是全体业主的整体意志，是业主自治权行使的结果，也是对外代表全体业主、维护全体业主整体利益的载体、手段、形式，故业主委员会应当属于《中华人民共和国民事诉讼法》第四十八条规定的可以作为民事诉讼当事人的“其他组织”范畴，具有诉讼主体资格，包括作为原告起诉及作为被告应诉。其次，在全体业主未经法定程序更换业主委员会成员的情况下，即使业主委员会成员任期届满，但业主委员会这一载体、手段、形式仍然存在，且从全体业主共同利益维护、物业管理区域内权利义务纠纷解决这一目的看，业主委员会及成员的存续之法律效力仍应当予以认可，否则，不利于全体业主整体利益之维护，也不利于物业管理秩序稳定，势必违背全体业主的根本利益。据此，不能仅以业主委员会任期届满为由，否定其诉讼主体资格。<br/>　　第二，关于备案的性质问题。《物业管理条例》第十六条规定“业主委员会应当自选举产生之日起30日内，向物业所在地的区、县人民政府房地产行政主管部门和街道办事处、乡镇人民政府备案”，根据本案原二审查明的事实，某业主委员会任期至2018年1月25日届满。但是，从《物业管理条例》条文体系看，首先，该条例第六章“法律责任”部分并未对未备案的情形予以规制，按通常理解，应当将《物业管理条例》第十六条中的备案理解为程序性要求，是业主委员会成立后便于行政机关监督管理的一项措施，对业主委员会的合法性或成立不应直接产生法律后果；从另一个角度看，行政权通常具有主动性，而在《物业管理条例》未规定不备案不利法律后果的情形下，应当将行政主管部门单纯接受备案的行为，理解为是行政主管部门履行职责的行为，不是行使权力的行为。由上逻辑，可以得出即使《业主委员会备案证明》载明业主委员会任期已届满，并不能当然认为业主委员会不具有诉讼主体资格的结论。其次，从产权视角看，商品房销售、交付后，专属部分商品房及项下分割的土地使用权归建筑物区分所有权人所有，共用设施及设备部分分割的土地使用权归全体业主所有。因所有权核心权能是基于真实意思表示的处分权，除非法律、行政法规有强制性规定，否则应尊重所有权人基于整体利益而为的团体意思表示，从这个角度论，在现行法律、行政法规未就备案进行强制性规定的情形下，备案也不应对业主委员会的成立及合法性产生影响。<br/>　　据此论述，一、二审法院裁定驳回某业主委员会的起诉，认定事实及适用法律均有误。需要指出的是，某物业公司一审诉讼请求是确认某物业公司与某业主委员会于2018年1月24日签订的《福州市物业服务合同》成立并生效，但从原一、二审查明的事实看，本案物业服务合同纠纷存在事实上不能履行的情形，且本案先后经历四次审理，从双方纠纷实质化解、集约使用司法资源角度看，单纯确认合同效力并不具有实质性意义，故福建省福州市台江区人民法院在审理本案时应进一步查明新的业委会成员是否已选出，合同能否履行，在具备履行条件的情况下应引导当事人进一步明确诉讼请求；在履行不能的情况下，因合同之存在对于双方并无实质意义，故应向当事人释明是否变更诉讼请求，如果当事人主张解除合同，则对于解除之后果应一并解决。</p>","<p>1.业主委员会成立及成员的选任是业主自治权行使的结果，是对外代表全体业主、维护全体业主整体利益的手段、形式、载体。因所有权核心权能是基于真实意思表示的处分权，除非法律、行政法规有强制性规定，否则应尊重所有权人基于整体利益而为的团体意思表示，即业主委员会不因任期届满而丧失诉讼主体资格。<br/>　　2.《物业管理条例》第十六条规定了业主委员会应当自选举产生之日起30日内，向物业所在地的区、县人民政府房地产行政主管部门和街道办事处、乡镇人民政府备案，该条中的备案为程序性要求，属行政主管部门单纯接受备案的行为，未备案对于业主委员会的诉讼主体资格并不产生影响。</p>","<p>　　《中华人民共和国民事诉讼法》第51条（本案适用的是2017年7月1日施行的《中华人民共和国民事诉讼法》第48条）<br/>　　《中华人民共和国民法典》第278条（本案适用的是2007年10月1日施行的《中华人民共和国物权法》第76条）<br/>　　《物业管理条例》第11条、第15条、第16条、第18条<br/></p><br/>######<p>　　一审：福建省福州市台江区人民法院（2019）闽0103民初3774号民事判决（2020年3月16日）</p><p>　　申诉：福建省福州市台江区人民法院（2020）闽0103民监8号民事裁定（2020年6月2日）</p><p>　　再一审：福建省福州市台江区人民法院（2020）闽0103民再13号民事裁定（2020年11月30日）</p><p>　　再二审：福建省福州市中级人民法院（2021）闽01民再39号民事裁定（2021年4月22日）</p><p>　　再审审查：福建省高级人民法院（2021）闽民申3752号民事裁定（2022年8月4日）</p><p>　　再审：福建省高级人民法院（2022）闽民再304号民事裁定（2022年9月26日）</p>","\N","\N","2026-01-21 10:27:30","2026-01-21 10:27:30","062cc0453a5bdad08bb2fcefc8a70162","\N","20260426"
"6654","多元解纷案例库","https://rmfyalk.court.gov.cn","民事-买卖合同纠纷","D2025-161-1-084-407","镇江经济开发区人民法院","民事,买卖合同纠纷,消费者权益保护,空调质量争议,人大代表调解","","2025-07-10","\N","梁某因住宅装修需要，于2018年12月30日从某销售中心购买某空调公司生产的两台中央空调，支付货款42500元。空调于2020年12月5日正式使用并起算质保期。使用后，梁某发现空调存在不制冷、严重漏氟、无法正常使用等问题，认为系空调本身质量或安装不规范所致。梁某多次与某空调公司（生产商）及某销售中心（销售安装方）协商维修赔偿事宜未果，遂向法院寻求帮助。","法院经初步了解，考虑本案纠纷涉及空调专业技术问题，若进入审理程序并开展质量鉴定，存在成本高、耗时长的情况，为高效化解纠纷，向当事人告知综治中心的主要职能，当事人表示同意到综治中心解决纠纷。综治中心受理后，指派入驻的“人大代表联络工作站”进行调解，并安排入驻法官指导调解。人大代表联络工作站立即启动“代表匹配调解”机制，根据纠纷所涉家电家居专业技术这一领域，选派具有资深行业背景的人大代表担任调解员。调解员首先前往梁某家中进行现场勘查，确认空调存在不制冷、漏氟现象。之后，耐心听取各方陈述，了解产品流转、安装流程及某品牌公司的解码控制环节（安装方上传照片，生产商审核解码后方可使用），确定案件的争议焦点为：1.造成不制冷、漏氟的原因到底是空调本身的质量问题还是安装问题；2. 在安装过程中，某空调公司是否存在过错。针对以上问题，调解员结合自身专业知识，向双方分析若进行鉴定可能产生的经济成本和时间损耗，引导各方理性评估纠纷解决方式，优先考虑协商解决。调解过程中，指导法官向调解员提供了相关案例参考和法律适用指导。针对双方在如何维修、修不好怎么办及赔偿金额上的分歧，调解员发挥专业特长，就内机、外机分情况检修、漏氟问题反复出现问题的处理预案、最终无法修复的解决方案以及保修期延长等，提出了具体可行的阶梯式维修补偿方案建议。最终，各方达成一致意见，该起纠纷得到妥善化解。","本案系因空调使用故障引发的纠纷，涉及专业技术判断和多方责任认定，若进入诉讼程序进行质量鉴定，可能耗时耗资，增加当事人解纷成本。本案中，综治中心牵头统筹，指派人大代表联络工作站开展调解工作，充分发挥其专业解纷优势作用，精准启动“代表匹配调解”机制，选派具有资深家电专业背景的人大代表担任调解员，充分发挥人大代表扎根行业、精通技术的优势。调解员凭借行业知识精准勘查故障、锁定争议焦点、高效厘清责任，并设计出契合行业特点和消费者关切的阶梯式维修补偿方案，最终促使纠纷得以实质化解，大大减轻当事人解纷成本，有力保障消费者合法权益，为化解类似涉专业技术的消费纠纷提供了有益参考。","《中华人民共和国消费者权益保护法》第40条 《中华人民共和国产品质量法》第40条","\N","","2026-01-27 09:50:05","2026-01-27 09:50:05","06361986f0d4a17cc97deffd8df20af9","\N","20260426"
"2287","人民法院案例库","https://rmfyalk.court.gov.cn","民事-生态环境保护民事公益诉讼","2024-11-2-466-012","贵州省高级人民法院","民事,生态环境保护,民事公益诉讼,社会组织,水电站建设,经济发展,生态环境保护","二审","2023.12.06","02","<p>　　某电力公司在贵州省罗甸县蒙江坝王河特有鱼类国家级水产种质资源保护区（主要保护对象为国家二级保护野生动物斑鳠）建设水电站，并于2021年5月建成发电。2021年12月，中央第二生态环境保护督察组反馈问题，水电站停止发电进行整改。2022年9月，经生态环境部环境规划院调查评估，水电站建设导致保护区蒙江段核心区5.66㎞流水型河流生态环境完全丧失，生态环境损害赔偿数额为2715.25万元。评估报告建议：生态环境修复采取在异位恢复与受损生态环境同等类型和质量的河流生境并补偿期间损失的恢复方式，即在保护区坝王河实施斑鱯栖息地重建恢复工程，替代修复水电站对保护区造成的生态环境损害。根据上述调查情况，黔南州农业农村局与某电力公司经磋商达成了生态环境损害赔偿协议并经人民法院司法确认。某环境研究所提起环境民事公益诉讼，要求某电力公司拆除水电站、恢复生态环境、赔偿经济损失、赔礼道歉并承担律师费等合理费用。<br/>　　贵州省黔南布依族苗族自治州中级人民法院于2023年6月30日作出（2022）黔27民初127号民事判决：某电力公司向社会公众赔礼道歉，支付环境研究所合理费用3642.30元和律师代理费2万元，驳回某环境研究所的其他诉讼请求。贵州省高级人民法院于2023年12月6日作出（2023）黔民终557号民事判决，将律师代理费调整为4万元，其余维持原判。</p>","<p>　　法院生效裁判认为，本案所采用的生态环境修复方案由中国水产科学研究院长江水产研究所经论证后提出，湖北省某某水生态保护研究院在《贵州省罗甸县上立亭水电站对蒙江坝王河特有鱼类国家级水产种质资源保护区影响专题论证报告》中予以认可，生态环境部环境规划院在《评估报告》中予以采纳，相关修复方案已经报有关部门同意后实施。修复方案立足提高“保护区”整体保护效果，采用在受损区域异位恢复与受损生态环境基线同等类型和质量的生态服务功能，即在保护区坝王河恢复同等长度的自然流水型生境河流长度，并补偿生态系统服务的期间损失。经评估，某电力公司须承担坝王河斑鱯栖息地重建恢复费用、斑鱯产卵场重建修复费用，人工增殖放流费用，监管、监测、修复效果评估费用，同时承担生态环境受到损害至修复完成期间服务功能丧失导致的损失。该损失主要评价自然流水型生境丧失导致的生态服务功能的损失，与本案恢复自然流水型生境的修复思路是不可分割的整体。某环境研究所主张某电力公司应当赔偿水电站造成斑鱯以外的其他物种的损失，该损失计算以评价生物资源量的损失为基础，与本案恢复自然流水型生境的修复思路不相匹配。法院认为，采取不同的生态环境修复方案，生态环境修复等费用及生态环境损害的计算会存在不同。本案立足于“保护区”设立初衷，对国家二级重点保护动物斑鱯进行重点保护，从而采取在保护区坝王河恢复同等长度的自然流水型生境河流的生态环境修复方案，在确定修复方案的基础上确定修复费用和赔偿损失的金额。《评估报告》关于上述费用和损失的承担符合《中华人民共和国民法典》第一千二百三十四条和第一千二百三十五条的规定，并无不当。</p>","<p>法院在审理生态环境民事公益诉讼案件时，应当综合考量经济社会发展、生态修复效果、企业生存发展等因素选择最优的生态环境修复方案。原位恢复不具经济性的情况下，评估鉴定机构出具专业意见建议采取在受损区域异位恢复与受损生态环境基线同等类型和质量的生境并补偿期间损失的修复方案，有利于提升受损区域整体保护效果，能够实现受损区域保护目标的的，法院可予支持。</p>","<p>　　《中华人民共和国民法典》第1234条、第1235条</p><br/>######<p>　　一审：贵州省黔南布依族苗族自治州中级人民法院（2022）黔27民初127号民事判决（2023年6月30日）<br/>　　二审：贵州省高级人民法院（2023）黔民终557号民事判决（2023年12月6日）</p>","\N","\N","2026-01-21 10:27:30","2026-01-21 10:27:30","067ffbf1645f81789e047c682c2bd589","\N","20260426"
"6223","多元解纷案例库","https://dyjfalk.court.gov.cn/site/case/07e6b95a-7a00-4a19-9007-59d3c9b7e1e1","民事-买卖合同纠纷","D2025-161-1-084-823","昆明市呈贡区人民法院","民事,买卖合同纠纷,拖欠货款,中小企业协会参与化解,“总对总”在线诉调对接机制","","2025-11-20","\N","某建设公司因多个工程项目建设需求，与某钢结构公司陆续签订多份《材料采购合同》，批量采购钢筋网片。合作期间，某钢结构公司按约供货，双方每笔交易完成后均对账结算并出具结算单，明确某建设公司付款金额。2025年，某建设公司因资金紧张未履约付款义务，累计拖欠货款400余万元，某钢结构公司遂陆续诉至法院，要求支付全部欠付货款及按1.5倍LPR计算的资金占用费。","法院收到起诉材料后，经研判认为，本案涉及5个关联案件，均为事实清晰的买卖合同纠纷，具有完整的《材料采购合同》、供货单、结算单等证据佐证，争议焦点仅集中于“付款时间”与“利息承担”，适宜通过调解方式解决。遂依托最高人民法院与中小企业协会建立的“总对总”在线诉调对接机制，征得双方当事人同意后，委托中小企业协会的调解组织进行先行调解，同时指派法官指导调解。调解员在法官的指导下，开展以下工作： 一是厘清争议核心，明确责任边界。调解员先通过查阅案件材料、电话沟通等方式，全面梳理双方诉求与争议焦点。调解员结合《民法典》合同编相关规定，向某建设公司明确法律责任，其未按结算单及合同约定付款已构成违约，需足额支付欠付货款。同时，通过列举类似诉讼案例，分析进入审理程序后需要承担的解纷成本以及对企业征信可能的影响，引导某建设公司正视付款义务，放弃“拖延履约”的侥幸心理。 二是平衡双方需求，制定折中方案。在明确“某建设公司需足额付款”的共识后，调解员将工作重点转向“付款时间”的协商。考虑到某钢结构公司作为中小企业，资金周转直接关系企业生存，而某建设公司受集团审批流程、项目回款周期影响，确实存在短期付款困难，调解员采用“背靠背沟通+面对面协商”相结合的方式，推动双方换位思考。经多轮沟通，调解员结合双方实际需求，提出“2025年9月30日前分四期付款”的折中方案。 三是化解利息分歧，增设履约保障。利息问题是双方协商的最后难点。调解员从“共赢”角度切入，向双方释明：对某钢结构公司而言，减免利息可促使某建设公司更积极履行付款义务，缩短实际回款周期，避免“赢了官司却难执行”的风险；对某建设公司而言：某钢结构公司在利息方面的让步，本质是对其“履约诚意”的认可，需以“按时付款”作为回应。最终，某钢结构公司自愿放弃“1.5倍LPR资金占用费”的诉求，同时为保障自身权益，提出“增设违约约束条款”的建议，获得某建设公司认可。最终，各方就欠付货款纠纷达成一揽子调解方案，该系列纠纷得以高效化解。","本案系买方拖欠货款引发的买卖合同纠纷，当事人一方为中小企业，案涉标的额较大、关联案件较多，纠纷根源在于某建设公司短期资金压力导致的履约困难，而非恶意拖欠。本案中，法院依托“总对总”在线诉调对接机制，委托中小企业协会开展调解工作，充分发挥其熟悉商事惯例优势以及中小企业会员单位纽带作用。调解过程中，调解员充分发挥专业优势，实现“三个精准”：一是精准识别诉求：透过“付款时间”“利息金额”的表面争议，抓住某钢结构公司“快速回笼资金”、某建设公司“缓解付款压力”的核心需求，避免调解陷入“非此即彼”的对抗。二是精准适用法律：以《民法典》合同编相关规定为依据，明确某建设公司违约责任，同时结合企业经营实际，不机械套用法律条款，通过“折中方案”实现法理与情理的平衡。三是精准设置保障：在双方让步的基础上，增设“违约加速到期+逾期利息”条款，既打消某钢结构公司对“履约风险”的顾虑，又为某建设公司划定明确的履约边界，确保调解协议“能履行、可执行”。本案的成功化解，不仅高效化解涉企纠纷，为双方节约了解纷成本、缩短了纠纷解决周期，更避免了企业间“对簿公堂”的对抗，为后续潜在合作保留空间，实现双赢多赢共赢，助力优化法治化营商环境。","《中华人民共和国民法典》第595条、第626条、第628条","\N","","2026-01-27 09:48:46","2026-02-03 09:46:33","06abd1006606e97dd61044d30962700b","\N","20260426"
"3282","人民法院案例库","https://rmfyalk.court.gov.cn","民事-生态环境保护民事公益诉讼","2023-11-2-466-018","河南省高级人民法院","民事,生态损害赔偿诉讼,副产酸,非法处置,诉前磋商,抵扣","二审","2020.12.31","02","<p>　　山东省聊城市某化工公司（以下简称化工公司）是生产三氯乙酰氯的化工企业，副产酸为盐酸。2017年12月至2018年3月，该化工公司采取补贴销售的手段将270余吨废酸液交由不具备处置资质的主体处置，非法倾倒入河南省濮阳县金堤河，造成金堤河严重污染，农作物大量死亡，生态环境遭受严重破坏。濮阳县环境保护局委托濮阳某某环保科技股份有限公司进行应急处置，应急处置费用138.90万元。经评估，确定该县回木沟和金堤河环境损害价值量化数额为404.74万元，评估费8万元。河南省濮阳市人民政府先后两次召开会议，与化工公司就生态环境损害赔偿进行磋商，未达成一致意见，遂提起诉讼，请求化工公司赔偿应急处置费用、环境损害价值和评估费用共计551.64万元。<br/>　　化工公司辩称，其系依法成立具备生产、销售化工产品资质的法人单位,具备生产合格盐酸等产品的生产、环评资质。盐酸作为易制毒等化学品,化工公司在销售盐酸时均向山东省莘县公安局进行监管备案,买受方使用、销售是否向监管部门再次备案登记或依法接受相关监管,不属于化工公司的职责范围。河南省濮阳市人民政府要求化工公司承担相应的责任缺乏任何法律及事实依据。<br/>　　法院经审理查明，2017年12月至2018年3月，化工公司采取补贴销售的手段，将盐酸交给山东省莘县某化工贸易有限公司、莘县某贸易有限公司处置。上述两公司的经办人或实际控制人徐某甲、徐某乙将废酸液出售给不具备购买资质的吴某某、翟某某非法倾倒入濮阳县金堤河。经鉴定，非法排放的酸液系具有强酸腐蚀性的危险废物，致使濮阳县回木沟及金堤河（均系水系）岳辛庄段地表水体严重超标。污染事件发生后，濮阳县生态环境局委托濮阳某某环保科技股份有限公司进行应急处置，应急处置费用138.9万元。经评估，确定回木沟和金堤河环境损害价值量化数额为404.74万元，评估费8万元。后河南省濮阳市人民政府因与化工公司磋商未达成一致，遂提起生态环境损害赔偿诉讼。<br/>　　河南省濮阳市中级人民法院于2020年10月13日作出（2020）豫09民初9号民事判决：化工公司于本判决生效后30日内赔偿濮阳市政府应急处置费138.9万元、评估费8万元；赔偿生态环境损害404.74万元；案件受理费5万多元，由化工公司负担。判决书特别注明，环境损害赔偿费可由化工公司以参与相关水域生态环境治理工程支出的费用、技术改造、购买环境污染责任险等方式在一定额度内予以抵扣。</p>","<p>　　法院生效裁判认为，化工公司作为长期从事化工产品生产企业，明知其生产过程中产生的副产品盐酸具有高度危险性，不当处置极易造成环境污染，应对此尽高度审慎注意义务，转移过程应当办理报批，接受生态环境部门的监管，并按照国家法律、法规交由有处理资质的机构进行处置，避免对生态环境造成损害或者形成生态环境损害的重大风险。本案中，化工公司违反固体废物污染环境防治法的规定，违规转移危险废物，脱离国家监管，将危险废酸采用补贴销售的方式交由无资质的人员非法处置，放任生态环境损害事件发生，最终导致濮阳境内水体生态环境严重污染。河南省濮阳市人民政府在磋商未果的情况下，依法提起诉讼，于法有据，化工公司应承担生态损害赔偿责任。</p>","<p>审理生态环境损害赔偿案件时，人民法院在认定涉事企业构成环境侵权，应承担生态环境损害赔偿责任的同时，可结合具体案情判令侵权人参与生态环境治理、技术改造、购买环境责任保险的费用在一定额度内折抵赔偿费用。</p>","<p>　　《最高人民法院关于审理生态环境损害赔偿案件的若干规定（试行）》第1条、第13条、第19条<br/>　　《中华人民共和国水污染防治法》第33条<br/>　　《中华人民共和国固体废物污染环境防治法》第85条</p><br/>######<p>　　一审：河南省濮阳市中级人民法院（2020）豫09民初9号民事判决（2020年10月13日）<br/>　　二审：河南省高级人民法院（2020）豫民终1217号民事判决（2020年12月31日）</p>","\N","\N","2026-01-21 10:27:30","2026-01-21 10:27:30","06c55e2908a3b9e3bee3aa299d065134","\N","20260426"
"1393","人民法院案例库","https://rmfyalk.court.gov.cn","民事-英雄烈士保护民事公益诉讼","2024-18-2-467-001","辽宁省沈阳市中级人民法院","民事,英雄烈士保护民事公益诉讼,网络社交平台,社会公共利益,法律责任","一审","2021.09.22","02","<p>　　2021年2月19日，中央军委对中国人民解放军某边防团官兵在中印加勒万河谷边境誓死捍卫祖国领土的事迹进行表彰。当日晚，曾某鑫在二百多人的微信群聊中多次就该事件发布带有侮辱性的不实、不当言论。有群众向公安机关进行举报，检察机关发现上述案件线索。某边防团团长祁某宝本人及四位烈士的近亲属均同意由检察机关开展公益诉讼。检察机关在履行公益诉讼公告程序后依法向人民法院提起民事公益诉讼，要求曾某鑫在省级以上媒体公开赔礼道歉、消除影响。<br/>　　辽宁省沈阳市中级人民法院于2021年9月22日作出（2021）辽01民初3024号民事判决：被告曾某鑫于本判决生效之日起十日内在辽宁省省级以上媒体公开赔礼道歉、消除影响，内容需经法院审查。如曾某鑫拒不履行，法院将在辽宁省省级报纸上公布判决的主要内容，相关费用由曾某鑫负担。宣判后，曾某鑫主动履行了生效判决确定的义务。一审判决已发生法律效力。</p>","<p>　　法院生效裁判认为：检察机关履行法定程序，有权作为公益诉讼起诉人向法院提起英雄烈士保护民事公益诉讼。英雄烈士的事迹和精神受国家所褒扬，承载着民族的共同记忆和共同情感，是民族精神的重要体现，也是社会主义核心价值观的重要内容。英雄烈士的名誉和荣誉是社会公共利益的一部分，依法受法律保护。卫国戍边英雄践行使命、忠诚担当、不畏牺牲、矢志不渝，誓死保卫祖国和人民，用生命和鲜血捍卫了祖国的领土完整。全社会都应当尊重英雄、缅怀烈士、弘扬英雄烈士精神，自觉维护英雄烈士的名誉和荣誉。<br/>　　本案中，被告在人数众多的微信群中多次针对中印边境冲突事件发布不实和不当言论，歪曲卫国戍边官兵的英雄事迹，诋毁卫国戍边官兵的英雄精神，降低英雄烈士的英勇形象和精神价值。被告的行为方式符合以贬损、丑化的方式损害英雄烈士名誉和荣誉权益的特征。被告所发布的言论被群内多人所见，造成恶劣社会影响，不但损害了英雄烈士个人的人格权益，而且侵害了社会公共利益。根据《中华人民共和国民法典》和《中华人民共和国英雄烈士保护法》的相关规定，被告应当承担在省级以上媒体公开赔礼道歉、消除影响的民事侵权责任。故法院依法作出如上裁判。</p>","<p>在人数众多的网络社交平台发表侮辱、诽谤英雄烈士的言论的行为，属于《中华人民共和国英雄烈士保护法》第二十五条规定的“侵害英雄烈士的名誉、荣誉，损害社会公共利益的行为”。对于所涉行为，英雄烈士没有近亲属或者近亲属不提起诉讼，检察机关提起民事公益诉讼的，人民法院依法判令行为人承担赔礼道歉、消除影响等民事责任。</p>","<p>　　《中华人民共和国民法典》第185条<br/>　　《中华人民共和国英雄烈士保护法》第22条、第25条、第26条</p><br/>######<p>　　一审：辽宁省沈阳市中级人民法院（2021）辽01民初3024号民事判决（2021年9月22日）</p>","\N","\N","2026-01-21 10:27:30","2026-01-21 10:27:30","06d1ecd802249782217e5ac7fbc3e2e2","\N","20260426"
"4839","人民法院案例库","https://rmfyalk.court.gov.cn","民事-房屋买卖合同纠纷","2023-07-2-091-001","最高人民法院","民事诉讼,房屋买卖合同,业主大会,适格被告","再审","2021.12.17","02","<p>　　某小区业主委员会起诉请求：1.某房地产开发公司、某建筑公司承担业主房屋已完工程质量缺陷修复所需费用及应建设而未建设工程（包括小区内居民生活饮用水水源仍由某房地产开发公司私自挖建的深水池供应，未与城市供水管网接通；小区排水系统未与城市排水外网连通，仅靠某房地产开发公司、某建筑公司在小区内挖建的化粪池解决污水排放问题；小区至今未封闭、未安装安防监控系统；小区幼儿园至今未施工）的施工费用共计56215829.3元及逾期违约金；2.某房地产开发公司履行240户业主商品房不动产确权登记义务，向业主发放《不动产权证书》；3.某房地产开发公司承担逾期办理房地产权属证书的违约金162.92万元；4.某房地产开发公司终止未履行前期物业服务的违约状态，并退还非法收取的物业费541967.4元（自2014年6月以来，某房地产开发公司收取小区业主数年物业服务费，但未签订前期物业合同，也未提供前期物业服务）；5.某房地产开发公司、某建筑公司承担某小区业主委员会委托律师费、公证费、司法鉴定费等实现债权的费用。<br/>　　法院经审理查明，案涉小区由某公司和某房地产开发公司合作开发，由某建筑公司施工建设。案涉小区工程于2014年11月21日竣工并经五方验收合格，工程质保期已届满。<br/>　　2020年9月，案涉小区召开第一届业主大会，成立某小区业主委员会，并向E镇人民政府备案。在该次业主大会上，业主大会授权某小区业主委员会代表案涉小区业主开展以下法律维权工作：（1）房屋不动产权证问题的维权；（2）公共配套设施不健全问题的维权；（3）开发商延期交房违约金未赔付问题的维权；（4）房屋质量存在缺陷问题的维权；（5）规范合格的物业服务问题的维权。<br/>　　2019年7月13日，某建筑公司起诉某房地产开发公司、某公司，请求两公司共同支付工程款及利息，经人民法院生效判决确认，某房地产开发公司和某公司共同向某建筑公司支付工程款及利息。某公司不服申请再审，最高人民法院驳回其再审申请。2021年1月2日，某公司起诉某房地产开发公司、某建筑公司，请求两公司共同承担案涉小区办公用房质量缺陷修复所需费用和应建未建工程施工费用并支付违约金，请求某房地产开发公司履行案涉房产不动产确权登记义务并支付违约金，该案正在审理中。<br/>　　新疆维吾尔自治区高级人民法院伊犁哈萨克自治州分院于2020年12月10日作出（2020）新40民初49号民事裁定：驳回某小区业主委员会的起诉。宣判后，某小区业主委员会不服一审裁定，提起上诉。新疆维吾尔自治区高级人民法院于2021年3月9日作出（2021）新民终48号民事裁定：驳回上诉，维持原裁定。某小区业主委员会不服二审裁定，向最高人民法院申请再审。最高人民法院于2021年9月28日作出（2021）最高法民申3481号民事裁定：提审本案。最高人民法院于2021年12月17日作出（2021）最高法民再344号民事裁定：一、撤销新疆维吾尔自治区高级人民法院（2021）新民终48号民事裁定及新疆维吾尔自治区高级人民法院伊犁哈萨克自治州分院（2020）新40民初49号民事裁定；二、指令新疆维吾尔自治区高级人民法院伊犁哈萨克自治州分院对本案进行审理。</p>","<p>　　法院生效裁判认为，《民法典》第271条规定：“业主对建筑物内的住宅、经营性用房等专有部分享有所有权，对专有部分以外的共有部分享有共有和共同管理的权利。”《物业管理条例》第15条规定：“业主委员会执行业主大会的决定事项，履行下列职责：（一）召集业主大会会议，报告物业管理的实施情况；（二）代表业主与业主大会选聘的物业服务企业签订物业服务合同；（三）及时了解业主、物业使用人的意见和建议，监督和协助物业服务企业履行物业服务合同；（四）监督管理规约的实施；（五）业主大会赋予的其他职责。”第19条第1款规定：“业主大会、业主委员会应当依法履行职责，不得作出与物业管理无关的决定，不得从事与物业管理无关的活动。”《最高人民法院关于金湖新村业主委员会是否具备民事诉讼主体资格请示一案的复函》载明：“金湖新村业主委员会符合‘其他组织’条件，对房地产开发单位未向业主委员会移交住宅区规划图等资料、未提供配套公用设施、公用设施专项费、公共部位维护费及物业管理用房、商业用房的，可以自己名义提起诉讼。”《最高人民法院关于春雨花园业主委员会是否具有民事诉讼主体资格的复函》载明：“根据《物业管理条例》规定，业主委员会是业主大会的执行机构，根据业主大会的授权对外代表业主进行民事活动，所产生的法律后果由全体业主承担。业主委员会与他人发生民事争议的，可以作为被告参加诉讼。”根据上述法律规定及答复意见，业主委员会根据业主大会的授权对外代表业主进行民事活动，可以成为民事诉讼活动的主体。业主委员会符合“其他组织”条件，是业主大会决议的执行机构，根据业主大会的授权对外代表业主进行民事活动，对于业主共有事项和物业共同管理事项，可以自己名义提起诉讼。<br/>　　1.关于某小区业主委员会的第一项诉讼请求，即请求某房地产开发公司、某建筑公司承担业主房屋已完工程质量缺陷修复所需费用及应建设而未建设工程施工费用（小区业主生活用水管网与城市供水管网接通工程、小区业主用房排水系统与城市管网接通工程、业主小区内安防监控系统安装工程、依照经批准的小区规划在本小区内配建小区幼儿园等遗留工程）共计56215829.3元及逾期违约金。根据《民事诉讼法》（2017年修正）第119条第1款的规定，提起民事诉讼的原告必须是与本案有直接利害关系的公民、法人和其他组织。虽然某小区业主委员会并非案涉小区业主与宏基房地产公司《商品房买卖合同》的双方当事人，但是某小区业主委员会一审诉讼请求涉及案涉小区的工程质量缺陷、供水系统、排水系统、安防系统、小区幼儿园等配套设施未建设等问题，涉及案涉小区业主共有部分及业主共有利益，并非仅限于《商品房买卖合同》范围内的合同之债，而是基于小区业主共有部分物权产生的法定之债。故某小区业主委员会有权代表案涉小区业主就该项诉讼请求提起诉讼。<br/>　　2.关于某小区业主委员会的第二项和第三项诉讼请求，即请求某房地产开发公司履行240户业主商品房不动产权确权登记义务、向业主发放《不动产权证书》及承担逾期办理房地产权属证书违约金162.92万元。因该两项诉讼请求是基于《商品房买卖合同》而主张的，合同之债具有相对性，业主是《商品房买卖合同》的权利义务主体，是与本案有直接利害关系的人。某小区业主委员会与《商品房买卖合同》没有直接利害关系，业主的授权不会使某小区业主委员会与《商品房买卖合同》发生直接利害关系从而获得独立的主张合同权利的资格。且业主委员会的诉讼权利能力只能限于业主大会有权决定的事项范围，包括业主共有和物业共同管理事项，该两项诉讼请求涉及的事项不属于业主共有和物业共同管理事项范围，业主大会所作的决议超出了业主大会自身的职责和权限，也同样超出了业主委员会的职责和权限。二审法院裁定驳回某小区业主委员会针对该两项诉讼请求的起诉并无不当。<br/>　　3.关于某小区业主委员会的第四项诉讼请求，即请求某房地产开发公司终止未实施前期物业服务的违约状态，并退还非法收取的所谓物业费541967.4元。根据《案涉小区第一届业主大会决议》第3条第5项的规定，对于未按国家规定，履行规范合格的物业服务问题的维权，可以由某小区业主委员会代表案涉小区业主开展法律维权工作。本案中，某小区业主委员会第四项诉讼请求源于某房地产开发公司未签订前期物业服务合同及未提供前期物业服务，却收取了业主的物业费，该事项属于业主委员会应当依法履行职责的与物业管理有关的活动，且某房地产开发公司的行为属于损害全体业主公共利益的情形，故某小区业主委员会在有业主大会授权的情形下，可以就该项诉讼请求提起诉讼。<br/>　　综上，对于某小区业主委员会一审诉讼请求涉及案涉小区的工程质量缺陷、供水系统、排水系统、安防系统等配套设施未建设及退还物业费等事项的，某小区业主委员会为适格原告，一审、二审法院认定某小区业主委员会不是本案适格原告，适用法律错误，应予纠正。<br/>　　房屋的所有权人为业主，业主是建筑区划内的主人。业主大会是业主的自治组织，是基于业主的建筑物区分所有权的行使产生的，由全体业主组成，是建筑区划内建筑物及其附属设施的管理机构。因此，只要是建筑区划内的业主，就有权参加业主大会，行使专有部分以外共有部分的共有以及共同管理的权利，并对小区内的业主行使专有部分的所有权作出限制性规定，以维护建筑区划内全体业主的合法权益。《物业管理条例》第8条规定：“物业管理区域内全体业主组成业主大会。业主大会应当代表和维护物业管理区域内全体业主在物业管理活动中的合法权益。”此外，一个物业管理区域成立一个业主大会。《物业管理条例》第9条规定：“一个物业管理区域成立一个业主大会。物业管理区域的划分应当考虑物业的共用设施设备、建筑物规模、社区建设等因素。具体办法由省、自治区、直辖市制定。”如果建筑区划内业主人数众多的，可以设立本建筑物或者建筑区划内所有建筑物的业主委员会，故《民法典》第277条第1款中规定，业主可以选举业主委员会。业主委员会是本建筑物或者建筑区划内所有建筑物的业主大会决议的执行机构，按照业主大会的决定履行管理的职责。《物业管理条例》第15条规定：“业主委员会执行业主大会的决定事项，履行下列职责：（一）召集业主大会会议，报告物业管理的实施情况；（二）代表业主与业主大会选聘的物业服务企业签订物业服务合同；（三）及时了解业主、物业使用人的意见和建议，监督和协助物业服务企业履行物业服务合同；（四）监督管理规约的实施；（五）业主大会赋予的其他职责。”<br/>　　因此，业主委员会是全体业主实现共有物业管理权的业主自治管理组织，代表全体业主执行业主大会作出的决议，维护全体业主的利益。因其没有自己独立的财产，无法承担法律责任，不具有法人资格，关于其主体资格及权利能力学界和实务上争议颇多。但是，业主委员会具有一定可支配的财产，对业主交付的专项维修资金、业主共有的设施、小区物业管理用房等公共财物，有一定的监督管理权和在授权范围内一定的支配权，故业主委员会可以纳入我国《民事诉讼法》规定的其他组织中，并具有民事诉讼能力。赋予业主委员会民事诉讼主体资格，与《物业管理条例》等法规规定业主委员会具有的独立职责相对应，为其履行职责提供了充分的司法救济，亦使业主的合法权益尤其是公共性利益能得到及时、有效的保障。<br/>　　具体到本案中，某小区业主委员会因案涉小区的工程质量缺陷、供水系统、排水系统、安防系统等配套设施未建设及退还物业费等问题提起诉讼，是为全体业主的公共利益以原告的身份参与诉讼，因此，不能否认该业主委员会的诉讼主体资格。但是，业主委员会的诉讼主体资格具有“限缩性”，不能突破合同相对性原则。对基于《商品房买卖合同》而主张的相关权利，应由签订《商品房买卖合同》的主体即业主作为原告来主张，某小区业主委员会不宜作为原告就该部分诉讼请求提起诉讼。</p>","<p>业主委员会根据业主大会的授权对外代表业主进行民事活动，可以成为民事诉讼活动的主体。业主委员会符合“其他组织”条件，是业主大会决议的执行机构，根据业主大会的授权对外代表业主进行民事活动，对于业主共有事项和物业共同管理事项，可以自己名义提起诉讼。业主委员会诉讼请求涉及的配套设施未建设及退还前期物业费等问题，属于业主共有事项和物业共同管理事项，人民法院应予受理。业主委员会诉讼请求涉及的开发商履行商品房买卖合同约定的不动产权确权登记义务及承担逾期办证违约金等问题，属于业主专有事项，即使其具有业主大会的授权，人民法院亦不予受理。</p>","<p>　　《中华人民共和国民事诉讼法》（2021年12月24日修正）第122条（本案适用的是2017年6月27日修正的《中华人民共和国民事诉讼法》第119条）<br/>　　《物业管理条例》（2018年3月19日修订）第15条<br/></p><br/>######<p>　　一审：新疆维吾尔自治区高级人民法院伊犁哈萨克自治州分院（2020）新40民初49号民事裁定（2020年12月10日）<br/>　　二审：新疆维吾尔自治区高级人民法院（2021）新民终48号民事裁定（2021年3月9日）<br/>　　申请再审：最高人民法院（2021）最高法民申3481号民事裁定（2021年9月28日）<br/>　　再审：最高人民法院（2021）最高法民再344号民事裁定（2021年12月17日）</p>","\N","\N","2026-01-21 10:27:30","2026-01-21 10:27:30","06dcfb71f946e6f61d5623bc25e8b003","\N","20260426"
"6530","多元解纷案例库","https://rmfyalk.court.gov.cn","民事-委托合同纠纷","D2025-161-1-119-527","淮南市田家庵区人民法院","民事,委托合同纠纷,涉企纠纷,综治中心,示范调解+批量化解","","2025-08-19","\N","2019年起，某置业公司开始预售所开发的花鸟鱼虫市场商铺，先后有200余名业主购买商铺并与该公司签订《某花鸟鱼虫市场商铺委托招商协议》，合同约定，业主方授权委托某置业公司对外出租所购商铺，期限为三年，其中前两年的租金按照总房款的5%直接抵付购房款，第三年租金由置业公司按照总房款的6%按年支付给业主。2024年以后，某置业公司未在约定期限内向各业主支付租金，协商无果后，常某等32名业主诉至法院，要求某置业公司支付拖欠的租金、违约金以及利息。","法院收到起诉材料后，考虑到案涉花鸟鱼虫市场为辖区近年来标志性项目，常某等人均系首批第三年租金到期的业主，若不能妥善化解，后续业主将陆续大批量起诉。为妥善化解纠纷，法院告知综治中心职能作用，当事人同意到综治中心化解。综治中心立即指派入驻综治中心经验丰富的商事调解员，与住建部门工作人员、入驻综治中心的法官成立调解团队开展调解工作。为实地了解涉案商铺情况，调解员将调解地点定在案涉市场内，调解团队同32位业主充分沟通后，固定业主们的诉求。同时，住建部门与某置业公司取得联系，了解到置业公司因疫情影响推迟了交付时间，且商铺周边地段没有形成统一商圈，造成该置业公司资金回笼不足，无法按时支付租金。双方当事人对案件事实均无争议。调解员认为，本案调解的关键在于某置业公司支付租金的意愿和能力。住建部门调查发现，该置业公司虽然资金紧缺，但仍有多间未售商铺。调解团队遂与该公司进行沟通，从企业合作共赢、利益平衡、长期发展等角度出发，耐心缓和双方对立情绪，同时建议该公司加大商铺的宣传力度，尽快实现资金回笼，指导法官则着重从诉讼成本、法律规定等方面，为该置业公司进行答疑解惑。为加快推进调解工作，调解员先选取常某等4名带头业主重点开展调解工作，分析某置业公司经营现状，商讨调解方案。经过多轮调解，4名业主对当前某置业公司面临的经营困难表示理解，自愿放弃违约金、利息，要求置业公司1个月内清偿拖欠的租金。某置业公司表示同意，并与4名业主签订调解协议。以此方案为参考，其余28户业主陆续与某置业公司签订调解协议。该系列纠纷得以妥善化解。","本案系业主集体索要拖欠租金引发的纠纷，具有涉及人数多，社会影响大的特点，处理不当易激化矛盾，引发批量诉讼。本案中，综治中心充分发挥统筹整合各类调解资源的优势，指派商事纠纷经验丰富的调解员开展化解工作；入驻综治中心的法官发挥指导调解职能作用，及时帮助解决法律问题；住建部门切实履行主管部门的监管职责，积极引导置业公司盘活资产摆脱发展困境。调解过程中，运用“示范调解+批量化解”机制，通过关键人员打开调解突破口，4名业主纠纷先行化解，形成示范调解方案；其他业主也参照调解方案，积极开展协商化解工作，最终促使32名业主与某置业公司达成调解协议，不仅有力保障业主合法权益，提高解纷效率，降低解纷成本，也充分考虑民营企业经营困境，为困境企业预留发展空间，实现“保民生”与“促营商”的双赢多赢共赢效果。","《中华人民共和国民法典》第509条、第577条","\N","","2026-01-27 09:49:49","2026-01-27 09:49:49","06f7b7c6c4ad3c114d9124dab7a95074","\N","20260426"
"2266","人民法院案例库","https://rmfyalk.court.gov.cn","民事-借款合同纠纷","2023-16-2-103-006","青海省高级人民法院","民事,民间借贷,表见代理,注意义务,合同相对性","再审","2018.07.03","02","<p>　　X公路改建工程B标段项目由重庆某路桥工程有限公司（以下简称某公司）中标后，某公司与安某某于2014年5月3日签订了《X公路改建工程B标段工程项目施工责任合同》，合同约定：“某公司与建设方县建设局于2014年4月30日签订的《X公路改建工程》施工合同中的全部工程内容为安某某的责任承包施工范围，该工程项目施工合同责任人为安某某。合同价款：某公司与建设方县建设局签订的本工程合同价款为25346650元，最终以建设方县建设局与某公司实际结算的工程款为准。安某某向某公司支付的管理费和成本税为某公司与建设方县建设局签订的《X公路改建工程》合同总价款的10%。”随后安某某以某公司的名义对外施工，代表某公司向建设方县建设局提交《工程价款支付报表》《工程变更设计申请单》等，与机械租赁方签订《机械租赁合同》《车辆租赁合同》，与劳动者签订《劳务合同书》，在上述申请表及合同中均有安某某签字并加盖了某公司X公路改建工程B标段项目经理部的印章。安某某负责施工，建设方县建设局将部分工程款支付给某公司后，某公司依据与安某某签订的合同扣除10%管理费及其他费用后支付给安某某。<br/>　　2015年5月28日，安某某向王某某出具《借条》一张，内容为：“今借到王某某现金1420000元，此借款数额为2014年11月18日至2015年5月28日期间借款总数，原借款的借条已全部销毁，仅以此借条作为借款凭证，具体如下：2014年11月18日借款350000元现金；2015年1月5日借款300000元现金；2015年2月12日借款570000元现金；2015年5月28日借款200000元现金。总共借款合计为1420000元，此钱款用途为X公路改建项目的材料款及工地费用和开支，此款定于2015年7月30日前还清。”借条落款处加盖了某公司X公路改建工程B标段项目经理部的印章。<br/>　　涉案工程由韩某某与安某某合伙承包承建，韩某某与安某某为实际施工人。韩某某证明安某某向王某某借款的事实其不知情。X公路改建工程B标段项目经理为李小峰。安某某为河南省某建筑公司青海分公司负责人。王某某与安某某、某公司就借款偿还问题产生纠纷。<br/>　　青海省西宁市城东区人民法院于2017年9月20日作出（2017）青0102民初605号民事判决：安某某、某公司于判决书生效后三日内向王某某偿还借款1420000元及利息112416元。<br/>　　青海省西宁市中级人民法院于2017年11月24日作出（2017）青01民终1412号民事判决：变更青海省西宁市城东区人民法院（2017）青0102民初605号民事判决为：安某某于判决书送达后三日内向王某某偿还借款1420000元及利息112416元；某公司对上述款项承担连带清偿责任。<br/>　　青海省高级人民法院于2018年3月21日作出（2017）青民申410号民事裁定：提审本案。<br/>　　青海省高级人民法院于2018年7月3日作出（2018）青民再48号民事判决：一、撤销青海省西宁市中级人民法院（2017）青01民终1412号民事判决和青海省西宁市城东区人民法院（2017）青0102民初605号民事判决；二、安某某于本判决书生效后三十日内向王某某偿还借款1420000元及利息112416元；三、驳回王某某对重庆华通路桥工程有限公司的诉讼请求。</p>","<p>　　青海省高级人民法院再审认为，涉案工程即X公路改建工程B标段项目某公司中标后，某公司又与安某某签订了《X公路改建工程B标段工程项目施工责任合同》，某公司将涉案工程交由安某某施工，安某某以某公司名义施工，向某公司支付管理费，其与某公司实际形成转包关系。根据《中华人民共和国合同法》第四十九规定：行为人没有代理权、超越代理权或者代理权终止后以被代理人名义订立合同，相对人有理由相信行为人有代理权的，该代理行为有效。第五十条规定：法人或其他组织的法定代表人、负责人超越权限订立的合同，除相对人知道或者应当知道其超越代理权限的以外，该代表行为有效。构成表见代理，相对人除符合善意、无过失的主观要件外，还需履行审查、判断、核实相对人是否具有表见代理的权利外观客观要件。同时，依据《最高人民法院关于当前形势下审理民商事合同纠纷案件若干问题的指导意见》的相关规定，主观要件的判断，需要考察形成表象的材料是否有瑕疵以及相对人自身的经验。表象材料具有重大瑕疵而相对人没有尽到合理的注意义务，不宜认定善意无过失；相对人为从事经常性商事活动的商个人，对于其注意义务的标准，一般应当高于普通的民事主体。构成代表行为，相对人知道或者应当知道行为人必须是法人的法定代表人或其他组织的负责人，并超越了法定代表人或负责人的权限订立了合同。结合本案，王某某、安某某均认可二人系多年的朋友关系，王某某向安某某给付借款时，王某某知道或者应当知道安某某并非某公司的法定代表人。安某某向王某某出具的借条落款处加盖了某公司X公路改建工程B标段项目经理部的印章，项目部印章上刻有“对外签订合同/收据无效”字样，王某某作为经常从事商事活动的商个人，应当对刻有“对外签订合同/收据无效”字样的印章有合理的注意、审查和判断义务，某公司提交的《项目部印章携外审批表》证实，项目部印章的授权范围特别规定不得借款。王某某也未尽到善意的注意、审查和判断义务。同时，在借款行为发生前，王某某未向某公司核实安某某的身份，即使王某某事先知道安某某与某公司存在转包或挂靠关系，是涉案工程的实际施工人，但对涉及公司借款尤其是巨额借款等涉及公司重大利益的事项，应有某公司明确的授权或者追认，而事后某公司并未追认安某某的借款行为。因此，就安某某向王某某出具的借条落款处虽然加盖了某公司X公路改建工程B标段项目经理部的印章，但不具有某公司授权安某某向王某某借款的授权表象，王某某也不具有善意、无过失的足以相信安某某具有某公司借款的代理权的理由，故安某某向王某某出具的借条落款处加盖了某公司X改建工程B标段项目经理部的印章的行为不能代表某公司。从借款的交付和用途看，借款由王某某直接交付安某某本人违背了王某某应有的注意义务。作为借款人，王某某如果善意认为安某某向其借款系安某某代表某公司为涉案项目向其借款，也应当通过转账的方式向项目部或某公司支付借款，而非将借款以现金方式向安某某个人支付；《借条》上明确载明借款用途为购买涉案工程材料款和工地开支，原因为资金周转需要，但资金流向是不确定的，且安某某并未提供该借款用于涉案工程项目的相关证据，某公司又对安某某陈述的借款用途予以否认，故无证据证实某公司是借款的实际使用人。安某某与某公司均认可某公司X公路改建工程B标段项目经理部印章由某公司工作人员专人保管，要使用项目部印章，使用人必须填写《项目印章携外审批表》，经某公司同意后方可使用。2016年2月3日，因工地发生斗殴事件，需要当地公安机关调解，安某某向某公司书写了“因需要处理斗殴事件，从某公司经理部印章保管人处拿走印章，承诺带走的印章只用于公安机关解决斗殴事件，并未用于与某公司X公路改建工程B标段项目相关或不相关的经济利益文件（如合同协议书、欠条、收据、担保等），如发生上述事实，由其本人承担”的《承诺书》。合同具有相对性，在法无明确规定及当事人约定的情况下，不能突破合同相对性。即使某公司对安某某以某公司X公路改建工程B标段项目经理部印章对外签订的《机械租赁合同》《车辆租赁合同》《劳务合同书》等无异议，也不能据此认定某公司对安某某向王某某的借款应承担连带清偿责任。安某某也承认涉案借款应由其自行偿还。综上，安某某向王某某出具借条并加盖某公司X公路改建工程B标段项目经理部的印章的行为产生的法律责任应由安某某自行承担，某公司不承担给付责任。再审申请人某公司的再审理由成立，应予支持。原一审判决认定基本事实不清，处理不当，应予纠正。原二审判决认定事实虽然清楚，但适用法律错误，处理不当，亦应纠正。</p>","<p>表象材料具有重大瑕疵而相对人没有尽到合理的注意义务，不宜认定善意无过失；相对人为从事经常性商事活动的个人，对于其注意义务的标准，一般应当高于普通的民事主体。构成代表行为，相对人知道或者应当知道行为人必须是法人的法定代表人或其他组织的负责人，并超越了法定代表人或负责人的权限订立了合同。作为经常从事商事活动的个人，应当对刻有“对外签订合同/收据无效”字样的印章有合理的注意、审查和判断义务，应当审查有无单位的明确授权或者事后追认，在上述实践表象不具备之情形下，不能认定相对人具有善意、无过失。</p>","<p>　　《中华人民共和国民法典》第172条（本案适用的是1999年10月1日施行的《中华人民共和国合同法》第49条）<br/></p><br/>######<p>　　一审：青海省西宁市城东区人民法院（2017）青0102民初605号民事判决（2017年9月20日）<br/>　　二审：青海省西宁市中级人民法院（2017）青01民终1412号民事判决（2017年11月24日）<br/>　　再审：青海省高级人民法院（2018）青民再48号民事判决（2018年7月3日）</p>","\N","\N","2026-01-21 10:27:30","2026-01-21 10:27:30","06fbf56ff0e129cd47429285ee872f41","\N","20260426"
"6401","多元解纷案例库","https://dyjfalk.court.gov.cn/site/case/3fe947bc-700b-4970-970c-12db6eb49a6b","民事-借款合同纠纷","D2025-161-1-103-655","龙游县人民法院","民事,借款合同纠纷,涉残疾人纠纷,“法院+残联”联合化解,“总对总”在线诉调对接机制","","2025-09-30","\N","徐某与孔某均系聋哑人。2020年起，孔某因生活困难多次向好友徐某借款，累计金额31244元。后因家庭变故，孔某无力按期偿还借款，双方多次协商未果，徐某遂诉至法院。","法院收到起诉材料后，采用“纸笔书写+手机图文”无障碍沟通模式了解具体情况，经征得当事人同意，依托最高人民法院与中国残联建立的“总对总”在线诉调对接机制，委托残疾人纠纷调解委员会开展先行调解。调解员针对双方特殊情况，制定“三步走”调解策略，逐步开展以下调解工作： 一是线上预沟通，充分了解各方诉求。针对双方沟通障碍的客观情况，调解员采用微信文字、图片表情等方式与双方当事人沟通二十余次，深入了解了徐某存在既想维权又怕伤情的矛盾心理，以及孔某心怀愧疚但又无力偿还的现实困境。 二是线下手语介入，场景化消解隔阂。为解开双方“心结”，调解员组织现场调解，并邀请残联手语老师全程参与，精准转化法律术语为手语表达。指导法官首先向双方当事人释明《中华人民共和国民法典》第675条关于还款义务的规定，指出双方当事人各自的权利义务，为后续调解明确方向，同时强调要注重保护特殊群体间的情谊。调解员则针对本案焦点，逐项拆解分期方案，手语老师即时传达双方诉求，实现“情与法”的无声共鸣。 三是分期履行设计，预留生计空间。针对孔某经济困境与还款能力，调解员对其收入情况进行评估，制定按月偿还方案，既保障徐某的合法权益，同时又为孔某预留了基本生活费用。经过调解员耐心沟通，徐某体谅孔某的不易，也表示希望珍惜双方的友情，同意分期付款方案，最终，双方握手言和，就还款事宜达成一致意见。","本案系双方当事人均为残障人士的民间借贷纠纷。本案中，法院针对当事人沟通不便的情况，通过无障碍沟通模式准确了解当事人诉求，并依托最高人民法院与中国残联建立的“总对总”在线诉调对接机制，委托残联调解员开展调解。调解过程中，调解员通过“数字赋能+手语破障”组合策略，邀请手语老师全程参与，保证双方诉求精准直达，既依托专业力量破解沟通壁垒，又借联动机制筑牢解纷后盾。同时围绕争议焦点，充分兼顾当事人实际困难，提出分期还款方案，既保障债权人合法权益，又以缓冲期设置激活债务人履约能力，在维护法律刚性的同时注入人文关怀，最终促使纠纷实质性化解，让残疾人群体在解决纠纷中感受到人文关怀，做到案结事了人和。","《中华人民共和国民法典》第509条、第675条","\N","","2026-01-27 09:49:13","2026-02-03 09:46:55","070334a161c038ca368f11f97e785940","\N","20260426"
"7055","多元解纷案例库","https://rmfyalk.court.gov.cn","民事-物业服务合同纠纷","D2025-161-1-121-010","南昌市红谷滩区人民法院","民事,物业服务合同纠纷,欠缴物业费,“法院+社区+行业协会”多元解纷机制,巡回调解,示范案例+批量调解","","2025-01-03","\N","某物业公司自2018年起为某小区提供物业服务，根据《前期物业服务合同》约定，物业服务费为2.8-4.5元/平方米/月。受小区整体入住率较低，物业收费标准偏高，晾晒区、充电桩等基础设施不足，外墙、绿化等公共区域维护不到位等因素影响，物业费收缴率一直偏低，有近两百户业主欠缴物业费。因催收未果，物业公司将部分业主诉至法院，要求业主支付物业费，并表示将在前述案件判决后对其他业主批量提起诉讼。","法院收到起诉材料后，认为物业纠纷涉及业主众多，处理不好，容易激化矛盾，不利于小区和谐安宁，故决定会同相关单位共同开展化解工作。 一是联合社区实地调查。联合社区到案涉小区摆摊设点，借助向小区业主普及物业法律知识的契机，向广大业主了解当前小区的物业服务状况，实地勘察某物业公司的清洁、安保、维养等服务状况，全面了解该小区的物业服务水平。 二是全面梳理物业公司与业主之间的矛盾症结。在实地调查的基础上，全面研判该小区物业服务状况和物业纠纷存量，认为业主与物业公司的主要争议点有：1.物业费标准较高，很多空置房业主缴费意愿低；2.小区公共设施不到位，主要集中在公共晾晒区过远和充电桩紧缺两方面，给一些业主生活带来不便；3.小区数栋楼外立面脱落，物业公司迟迟未予修缮。 三是联合社区与行业协会通过“巡回调解”打造示范案例。法院选取几起矛盾较为突出的典型案例，联合物业协会的调解员以及社区工作人员下沉到案涉小区，开展巡回调解工作，并邀请小区业主代表旁听，就业主反映的问题当场听取物业公司意见：1.就业主集中反映的物业服务不到位等问题，经法官和调解员居中协调和引导，物业公司制定具体整改方案，并明确整改期限，得到了业主认可；2.针对晾晒区过远问题，物业公司承诺:若业主有大件衣被不方便晾晒，可致电物业公司工作人员请求帮助，物业公司将提供搬运服务；3.针对外墙脱落问题，物业公司表示正在逐步修缮，修缮计划和修缮进度将定期在业主群公示；4.针对充电桩不足问题，物业公司表示将尽快征求业主意见，法官和调解员亦向在场的业主耐心解释，充电桩的安装规划涉及到小区内共有部分用途的改变，根据法律规定，需通过业主大会经一定数量的业主同意；5.针对空置房物业费问题，物业公司同意给予业主一定的优惠政策。在法官和调解员共同努力下，当场化解物业纠纷5起。 四是联合行业协会开展批量调解工作。在巡回调解结束后，法院与物业协会调解员成立调解专班，以巡回调解的案例作为示范，通过电话、微信、面谈、走访等方式，收集业主的意见，回访物业整改情况，开展调解工作，最终促成批量物业纠纷得到妥善化解。","本案系因物业公司批量起诉业主要求缴纳物业费引发的群体性纠纷。法院通过前期实地调查，借助为小区业主普及物业法律知识的契机，全面掌握案涉小区物业公司与业主之间的矛盾争点，为后续实质化解批量纠纷奠定基础。在全面研判该小区的物业服务状况和物业纠纷存量后，法院联合物业协会调解员和社区工作人员开展调解工作，充分发挥行业说理的优势以及贴近群众的优势，从不同角度释法说理，凝聚解纷合力。同时，选取几起具有代表性的物业纠纷，以“巡回调解”的形式下沉到群众“家门口”开展纠纷化解工作，打造示范案例，借助“巡回调解”示范案例的影响力，与物业协会调解员成立调解专班开展调解工作，做实做细“示范案例+批量化解”机制，既实质化解大量潜在物业纠纷，也真正打通了物业公司与业主间产生矛盾的症结堵点，促推物业服务水平显著提升，提高业主自觉缴纳物业费的主动性和积极性,从源头上让小区物业纠纷不发生、少发生。","《中华人民共和国民法典》第937条、第938条、第939条、第942条、第944条 《江西省矛盾纠纷多元化解条例》","\N","","2026-01-27 09:50:59","2026-01-27 09:50:59","0739b606b601f98ae8138fda56128b25","\N","20260426"
"4236","人民法院案例库","https://rmfyalk.court.gov.cn","民事-申请认可和执行香港特别行政区仲裁裁决","2023-10-2-457-001","天津市第三中级人民法院","民事诉讼,申请认可和执行香港特别行政区仲裁裁决,多份合同,单个仲裁,异议期间,程序异议弃权","一审","2022.07.26","02","<p>　　申请人某资源国际公司申请称：其与某能源公司、某贸易公司、重庆某公司之间存在的散装低灰冶金焦炭买卖合同纠纷，根据仲裁条款的约定，某资源国际公司于2016年12月16日向香港国际仲裁中心提起仲裁，仲裁庭于2019年1月11日作出针对某商贸公司、某能源公司、某贸易公司、重庆某公司的第二部分最终仲裁裁决书，裁决结果包含某资源国际公司请求事项的第2-6项。同时裁决：除非任何一方在本第二部分最终仲裁裁决书做出后28天内提出相反意见书，费用方面：（1）某商贸公司应支付仲裁费用；（2）就某商贸公司应支付裁决第（6）项（a）所述仲裁费用的义务，某能源公司、某贸易公司、重庆某公司应与某商贸公司连带承担该付款义务：某能源公司应支付20%仲裁费用（不包括裁决第（5）项所述费用）；某贸易公司应支付20%的仲裁费用（不包括裁决第（5）项所述费用）；重庆某公司应支付25%的仲裁费用（不包括裁决第（5）项所述费用）。上述第二部分最终仲裁裁决书是终局的、具有约束力的，且已经生效。现某商贸公司、某能源公司、某贸易公司、重庆某公司未履行仲裁裁决所确定的支付义务。某资源国际公司请求法院认可和执行上述第二部分最终仲裁裁决书，以保障其合法权益。<br/>　　某商贸公司陈述意见称：仲裁裁决程序和法律适用均存在不当之处，不应予以执行。1.某资源国际公司与某商贸公司的合同中存在仲裁条款，某资源国际公司与重庆某公司、某贸易公司、某能源公司分别签订的合同中存在仲裁条款，属多份合同存在不同仲裁条款，同一份合同不能同时约束多名被申请人，仲裁庭将某资源国际公司与某商贸公司、某资源国际公司与某能源公司的仲裁合并在一起，违反仲裁规则，仲裁程序与各方当事人之间的约定不符，依据《最高人民法院关于内地与香港特别行政区相互执行仲裁裁决的安排》第七条规定应不予执行。仲裁案件中不仅有买卖合同关系，还存在代理关系，两种法律关系在一个仲裁裁决中出现，且案涉仲裁协议中未将两种法律关系一并仲裁的约定，合并仲裁违反程序，且仲裁裁决事项超出约定仲裁事项，不应执行。2.案涉合同约定仲裁适用英国法，英国法属“无令状”“无权利”。仲裁裁决适用法律不当。某商贸公司与重庆某公司、某贸易公司之间的代理协议是在境内签订，所有行为发生在境内，应受国内法管辖。<br/>　　某能源公司陈述意见称：某资源国际公司与某商贸公司之间是真实的业务往来，某能源公司仅是作为某商贸公司的代收代付人，与某资源国际公司之间没有任何的业务关系。香港仲裁裁决存在程序错误，意见同某商贸公司。<br/>　　某贸易公司陈述意见称：仲裁裁决程序和法律适用均存在不当之处，不应予以执行。具体理由同某商贸公司、某能源公司。某贸易公司与某商贸公司另有合同约定，在某贸易公司与某资源国际公司发生交易中产生的损失均由某商贸公司负担。该合同某贸易公司在香港仲裁中已提交仲裁庭，某资源国际公司对此明知。仲裁庭将某资源国际公司与某商贸公司、某资源国际公司与某贸易公司的合同在一个仲裁案件中审理，没有考虑某商贸公司与某贸易公司之间权利义务的约定，程序违法、结果不公。<br/>　　重庆某公司陈述意见称：仲裁裁决程序和法律适用均存在不当之处，不应予以执行。仲裁庭在各被申请人之间没有仲裁协议的情况下，错误适用《2013机构仲裁规则》第28、29条，将多份合同进行单个仲裁，并对多个单个仲裁进行合并仲裁，属重大程序错误。仲裁裁决重庆某公司、某商贸公司对某资源国际公司承担连带责任，但该裁决事项并无各方当事人的仲裁约定，裁决内容已超出仲裁协议范围，根据《最高人民法院关于内地与香港特别行政区相互执行仲裁裁决的安排》第七条第三、四项的规定，应依法裁定不予认可和执行。重庆某公司已向香港国际仲裁中心明确表态，保留其依据《2013机构仲裁规则》第29条所享有的相关权利，并明确表态反对依据《2013机构仲裁规则》第28条的合并仲裁，但香港国际仲裁中心仍适用该程序，属仲裁程序不当。<br/>　　法院经审理查明：2015年9月至2016年9月，某资源国际公司分别与某商贸公司、某能源公司、某贸易公司、重庆某公司四家公司签订买卖合同，购买冶金焦炭等。四份合同均约定争议适用英国法管辖，由香港国际仲裁中心仲裁解决。后，某资源国际公司与四家公司对合同履行均发生争议，某资源国际公司对四批次货物的履行提出四个仲裁申请。仲裁庭依据某资源国际公司的申请，将上述四个仲裁程序合并为一个仲裁，裁决四家公司向某资源国际公司连带支付款项。某资源国际公司向法院申请认可和执行上述仲裁裁决。本案争议焦点为：仲裁庭依据某资源国际公司申请，将四个仲裁案件合并审理并作出裁决，是否符合《2013机构仲裁规则》的规定。<br/>　　某资源国际公司与某商贸公司签订的合同中存在仲裁条款，与某能源公司、某贸易公司、重庆某公司分别签订的合同中亦存在仲裁条款，但其中的任何一份合同均不能同时约束多个被申请人，因此对该四个案件适用“多份合同，单个仲裁”程序，不符合《2013机构仲裁规则》第29条关于适用该程序应当满足“导致仲裁的各仲裁协议分别约束仲裁所有当事人”这一条件的规定。但仲裁庭对某资源国际公司的四个仲裁申请适用“多份合同，单个仲裁”程序，某商贸公司、某能源公司、某贸易公司、重庆某公司均只在仲裁庭发送邮件通知仲裁申请被受理阶段作出过反对性的意思表示、提出保留异议权，但在仲裁庭组成后明确赋予当事人异议权的时间段内，几个公司均未正式提出异议，而是参加了仲裁程序。对此，仲裁庭亦表示“未发现有向仲裁庭提出的对《2013机构仲裁规则》第29条适用性的异议。”根据《2013机构仲裁规则》第29.2条关于“只要可以有效放弃，当事各方放弃基于依第29条开始单个仲裁而对仲裁庭作出的任何裁决的效力和／或执行提出任何的异议”的规定和第31条关于“当事人知道或理应知道未按本规则（包括一个或多个仲裁协议）的规定或其引发的要求行事，但仍继续参与仲裁而未立即提出异议的，应视为已放弃提出异议的权利”的规定，应视为四个公司已经放弃了对适用该程序提出异议的权利。因此，仲裁庭依照“多份合同，单个仲裁”程序进行仲裁并不违反《2013机构仲裁规则》规定。案涉仲裁符合《2013机构仲裁规则》第28条中“（c）请求依据多于一个的仲裁协议提出，而两个或所有仲裁中存在相同的法律或事实问题，请求救济的权利均涉及或源于同一交易或同一系列交易，且香港国际仲裁中心认定各仲裁协议彼此兼容”这一情形，香港国际仲裁中心据此依照“仲裁的合并”程序将四个案件合并为一个仲裁程序进行仲裁并不违反《2013机构仲裁规则》规定。<br/>　　至于某资源国际公司撤回在本案中对某能源公司提出的认可和执行仲裁裁决的申请，系当事人自由处分权利，对该申请予以许可。除因某资源国际公司撤回对某能源公司申请，就香港特别行政区香港国际仲裁中心HKIAC/A16171（A17037；A17038；A17039）号第二部分最终仲裁裁决第（1）项、第（6）项的（b）项涉及某能源公司部分不予处理外，案涉仲裁裁决其他部分予以认可和执行。<br/>　　天津市第三中级人民法院于2022年7月26日作出（2019）津03认港1号民事裁决：除香港特别行政区香港国际仲裁中心HKIAC/A16171（A17037；A17038；A17039）号第二部分最终仲裁裁决第（1）项、第（6）项的（b）项涉及某能源公司部分不予处理外，对香港特别行政区香港国际仲裁中心第HKIAC/A16171（A17037；A17038；A17039）号第二部分最终仲裁裁决其他部分予以认可和执行。案件申请费500元，由被申请人共同负担。</p>","<p>　　法院生效裁判认为，某资源国际公司与各公司分别签订的多份合同中均存在仲裁条款，但其中的任何一份合同均不能同时约束多个被申请人，对该四个案件适用“多份合同，单个仲裁”程序，不符合香港国际仲裁中心《2013机构仲裁规则》第29条关于适用该程序应当满足“导致仲裁的各仲裁协议分别约束仲裁所有当事人”这一条件的规定。但在仲裁庭组成后明确赋予当事人异议权的时间段内，四家公司均未正式提出异议，而是参加了仲裁程序。根据《2013机构仲裁规则》第29.2条关于“只要可以有效放弃，当事各方放弃基于依第29条开始单个仲裁而对仲裁庭作出的任何裁决的效力和/或执行提出任何的异议”的规定和第31条关于“当事人知道或理应知道未按本规则（包括一个或多个仲裁协议）的规定或其引发的要求行事，但仍继续参与仲裁而未立即提出异议的，应视为已放弃提出异议的权利”的规定，应视为该四家公司已经放弃了对适用该程序提出异议的权利。该案经向最高人民法院报核，裁定对案涉仲裁裁决予以认可和执行。</p>","<p>在审查仲裁庭对“多份合同，单个仲裁”作出仲裁裁决的程序适用性问题时，申请人提出仲裁申请的合同依据不能同时约束多个被申请人，被申请人应在仲裁庭组成后明确赋予当事人异议权的时间段内正式提出异议。被申请人在此阶段未向仲裁庭提出程序适用性异议而是参加仲裁程序，应视为被申请人已经放弃了对适用该程序提出异议的权利。本案所涉情形不属于仲裁程序违反仲裁规则的情形。</p>","<p>　　《最高人民法院关于内地与香港特别行政区相互执行仲裁裁决的安排》第1条<br/>　　</p><br/>######<p>　　一审：天津市第三中级人民法院（2019）津03认港1号民事裁决（2022年7月26日）</p>","\N","\N","2026-01-21 10:27:30","2026-01-21 10:27:30","07446304f2d9970670495b0d16cb916a","\N","20260426"
"1158","人民法院案例库","https://rmfyalk.court.gov.cn","民事-所有权纠纷","2024-07-2-479-001","宁波市奉化区人民法院","民事,所有权,遗产,村民委员会,村民会议,村民代表会议,无人继承,拆迁补偿","一审","2023.06.12","02","原告王某叶起诉称：宁波市奉化区某村村民王某君于2022年6月10日猝死。王某君的父母亲早于王某君去世。王某君生前无配偶、无子女、无兄弟姐妹，一直以来由原告王某叶即王某君的亲姑姑对其生活起居进行照顾，一起同住。王某君死亡时由原告王某叶操办丧事。王某君死亡后在某村中留下案涉农村宅基地房屋。2022年7月12日，被告宁波市奉化区某村民委员会同意将王某君的前述房屋归原告王某叶所有。由于王某君上述房屋部分因建造铁路被拆迁，第三人宁波市奉化区房屋征收办公室作为拆迁人要求对王某君的房屋征收拆迁补偿利益归属应由法院判决。故请求判令确认案涉房屋征收拆迁补偿利益归原告王某叶所有。    <br/>　　被告宁波市奉化区某经济合作社、宁波市奉化区某村民委员会共同答辩称：宁波市奉化区某经济合作社、宁波市奉化区某村民委员会同意案涉房屋征收拆迁补偿利益归原告王某叶所有，而且完全配合办理相应的手续，也出具了相应的证明。    <br/>　　第三人宁波市奉化区房屋征收办公室陈述称：原告诉请的征收拆迁补偿利益是宁波市奉化区房屋征收办公室和王某君签订的尚未结算的可得案涉房屋征收拆迁补偿利益。房屋安置补偿协议和补充协议合法有效，截止目前原告可得利益主要是安置用房的结算。宁波市奉化区房屋征收办公室希望司法机关裁判之后再履行安置补偿协议。    <br/>　　法院经审理查明：王某叶系王某君的姑姑，二人均系宁波市奉化区某村的村民。王某君生前在宁波市奉化区某村拥有案涉房屋。因王某君的上述房屋被列入宁波市奉化区某建设项目拆迁范围，宁波市奉化区房屋征收办公室作为拆迁人（甲方）与被拆迁人王某君（乙方）就王某君的上述房屋拆迁补偿签订了《集体土地上住宅房屋拆迁调产安置协议》（以下简称《安置协议》）。经统计，王某君在生前已领取案涉房屋征收拆迁补偿部分费用合计147480元。王某君于1967年9月15日出生，于2022年6月10日死亡。王某君在生前无配偶、无子女、无兄弟姐妹。王某君的母亲在王某君2岁时死亡，其父亲在其母亲死亡后未再结婚，其父亲死亡后于2011年3月23日被注销户口。王某君的父母、祖父母、外祖父母均早于王某君死亡。王某君的母亲死亡后，王某叶作为王某君的亲姑姑对王某君照顾较多。王某君在23岁时被同村人故意伤害致使脑部受伤。王某叶出钱为王某君治疗，挽救王某君的生命，但因王某君伤势过重导致其劳动能力受到影响，王某叶经常照顾王某君的日常生活。在王某君死亡后，王某叶及其子女出资为王某君办理丧葬事宜。    <br/>　　在王某君死亡后，被告宁波市奉化区某经济合作社、宁波市奉化区某村民委员会均同意王某君名下案涉房屋征收拆迁补偿利益归王某叶享有，并出具了书面的决定书和同意书。后王某叶于2022年11月18日向第三人宁波市奉化区房屋征收办公室邮寄了《王某君房屋拆迁安置可得利益告知书》，将被告宁波市奉化区某经济合作社、宁波市奉化区某村民委员会的上述决定告知了第三人宁波市奉化区房屋征收办公室。    <br/>　　 宁波市奉化区人民法院于2023年6月12日作出（2022）浙0213民初4595号民事判决：确认王某君名下尚未领取的位于宁波市奉化区某村的房地产的剩余可得征收拆迁补偿利益归原告王某叶享有。宣判后，原被告及第三人均未提起上诉，判决已发生法律效力。","法院生效裁判认为：按照法律规定，当事人有权在法律规定的范围内处分自己的民事权利；民事权利可以依据民事法律行为、事实行为、法律规定的事件或者法律规定的其他方式取得。本案中，王某君生前无配偶、子女、兄弟姐妹且其父母、祖父母、外祖父母均早于其死亡，其死亡后遗留的案涉房屋征收拆迁补偿利益，既无继承人继承，又无受遗赠的人接收遗赠，按照《中华人民共和国民法典》第一千一百六十条规定，应当归王某君所在的集体所有制组织所有。被告宁波市奉化区某村民委员会于2022年7月12日出具的《遗产继承同意书》以及被告宁波市奉化区某经济合作社、宁波市奉化区某村民委员会出具的《王某君拆迁安置可得利益决定书》均明确同意王某君可得的房屋征收拆迁补偿利益归王某叶所有，而且经过村民代表大会讨论同意，二被告在庭审中也明确表示由王某叶享受王某君可得的房屋征收拆迁补偿利益、二被告不主张相应的权利，故可认为二被告的上述行为实际上是对其民事权利的处分（即二被告将其享有的王某君名下可得的房屋征收拆迁补偿利益无偿转让给王某叶），且权利人也将该行为和事实通知了第三人宁波市奉化区房屋征收办公室，因此王某叶有权获得王某君名下可得的房屋征收拆迁补偿利益。<br/>　　王某叶作为王某君的亲姑姑在法律上对王某君并无照顾和扶养的法定义务，但是在王某君的母亲去世后对年幼的王某君进行照顾，在王某君被人故意伤害致劳动能力受到影响后长期对王某君进行照顾，在王某君死亡后又为王某君办理丧事，王某叶的上述行为体现了在新时代传承亲属之间“守望相助，疾病相扶持”的中华民族传统美德，践行了社会主义核心价值观，值得鼓励和赞扬。<br/>　　被告宁波市奉化区某经济合作社、宁波市奉化区某村民委员会基于王某君无继承人和遗赠人，以及王某叶作为王某君唯一在世的亲姑姑在王某君生前对王某君照顾较多，在王某君亡故后又为其操办丧事的事实，遵循公序良俗的原则，决定将王某君死亡后可得的房屋征收拆迁补偿利益交由王某叶享有，符合权利义务相一致的法律原则，并不违反法律相关规定，也是履行村委会调解民间纠纷、参与社会治理的职责体现，符合《中华人民共和国民法典》所弘扬的文明、和谐、友善等社会主义核心价值观。<br/>　　关于王某君可得的房屋征收拆迁补偿利益，第三人宁波市奉化区房屋征收办公室提出王某君在生前已经领取了补助和补偿费用等合计147480元，并提供了相应的证据予以证明，对此原告和二被告均无异议，故确认王某君已领取了房屋征收拆迁补偿利益费用147480元，王某君尚未领取的剩余房屋征收拆迁补偿利益归原告王某叶享有。","对于无人继承又无人受遗赠的遗产,财产所有人生前是集体所有制组织成员的，归所在集体所有制组织所有，该集体所有制组织对该财产享有处分权。村集体经济组织处分前述遗产时，需经村民会议或村民会议授权的村民代表会议讨论同意。<br/>","《中华人民共和国民法典》第129条、第130条、第1160条<br/>　　《中华人民共和国村民委员会组织法》（2018年修正）第24条<br/>######　　一审：浙江省宁波市奉化区人民法院（2022）浙0213民初4595号民事判决（2023年6月12日）<br/>","\N","\N","2026-01-21 10:27:30","2026-01-21 10:27:30","074e624966a15e7c7c3c45f518f20bd3","\N","20260426"
"1146","人民法院案例库","https://rmfyalk.court.gov.cn","民事-环境污染责任纠纷","2024-11-2-377-010","上海市崇明区人民法院","民事,环境污染责任,固体废物污染环境,危险废物,代为处置,合理费用","一审","2020.01.30","02","从2000年开始，徐某忠从上海某村民委员会处承租上海市崇明区长兴镇某老窑厂地块用于窑厂经营。2015年12月30日，徐某忠将部分房屋转租给张某用于加工五金机械及铝材加工。2016年1月起，张某在未办理环保审批、无任何环保设备的情况下，利用租用的崇明区长兴镇某老窑厂厂房开办加工厂，采用分拣原料后煤炉火法冶炼生产铝锭。其间，张某购入废电子元件作为原料堆放于该厂及附近土地上，继续使用前述方法进行生产，并将炼铝产生炉渣与他人炼铝炉渣一并堆放于此。2017年4月，龙某祥从徐某忠处转租约200平方米厂房用于生产，原从事空调散热片铜铝分解，后也搭建土炉，火化空调散热片铝片成铝锭出卖。2017年10月19日，张某、龙某祥因老窑厂失火被上海市公安局崇明分局行政处罚，予以行政拘留。拘留结束后，龙某祥停止火化炼铝生产。张某停止生产一段时间后，于2017年底在崇明区长兴镇某老窑厂东北角私自搭建厂房，继续从事非法利用、处置危险废物，火法炼铝生产，并继续随意露天倾倒危险废物。<br/>　　2018年3月29日，环保部门会同公安机关至上述地址检查，查获大量废电子元件及炉渣灰。经认定，该废电子元件、炼铝产生的炉渣均属于危险废物，即有毒物质，废物代码分别为900-045-49、321-024-48。后经对危险废物堆放处周边土壤进行检测，受污染土壤中铜、镉、锌等元素超过《上海市场地土壤环境健康风险评估筛选值（试行）》中的相应标准。<br/>　　2018年12月6日，张某因犯污染环境罪被上海铁路运输法院判处有期徒刑一年，并处罚金人民币15000元（币种下同）。<br/>　　案发后，上海某村民委员会委托某固体废物处理公司处置危废，危废处置单位从张某、龙某祥厂房所在的原窑厂区域内称重转运出废电子元件55.05吨、炉渣481.79吨，其中废电子元件装车5车，炉渣灰装车35车。后某固体废物处理公司与上海某村民委员会就处置费用发生争议，经上海市崇明区人民法院（2019）沪0151民初1584号民事判决，上海某村民委员会应支付该公司3103493元，该款已于2019年5月7日全额支付。上海某村民委员会负责某固体废物处理公司处置前的危废收集和装车，因此上海某村民委员会另行支出挖机台班费、人工费共计32134元。<br/>　　除张某、龙某祥，未有其他人员同期在老窑厂地区从事生产作业。审理中，案外人上海市崇明区长兴镇人民政府委托上海某环境科技有限公司对窑厂场地土壤进行鉴定，经过鉴定，危废处理后涉案老窑厂地块土壤指标已经恢复正常。<br/>　　    另查明：张某在2018年5月22日公安讯问笔录中陈述，龙某祥生产原料是空调散热片（空调水箱铝），案发后原料已经没有，且自2017年10月老窑厂厂房失火后没有从事生产行为。张某在2018年6月15日公安讯问笔录中陈述，龙某祥生产化铝原料是空调水箱铝一种，生产时间是2017年3月至10月，失火后将原料全部运走。再查明，上海某村民委员会与某固体废物处理公司签订的《工业废弃物收集、处置、运输合同》第一条约定，废电子元件收集、贮存处置费6500元每吨，二次运输费1250元每吨；炉渣灰收集、贮存处置费4900元每吨，二次运输费550元每吨；吨袋70元每个。上海市崇明区人民法院（2019）沪0151民初1584号民事判决认定某固体废物处理公司共处置炉渣灰481.79吨、废电子元件55.05吨，使用吨袋730个，废电子元件装车5车，炉渣灰装车35车。<br/>　　上海某村民委员会向上海市崇明区人民法院提起诉讼，请求判令：1.张某、龙某祥、徐某忠等三被告共同承担长兴镇某窑厂地块因环境污染而产生的危废处理费用3103493元；2.要求三被告支付2018年4月至7月期间上海某村民委员会为处理窑厂污染一案中的挖机台班费、人工费共计32134元。<br/>　　上海市崇明区人民法院于2019年12月25日作出（2019）沪0151民初3894号民事判决：一、张某于判决生效之日起十日内支付上海某村民委员会危废处理、土壤修复费用人民币437024.25元；二、张某、龙某祥于判决生效之日起十日内共同支付上海某村民委员会危废处理费用人民币2698602.75元；三、上海某村民委员会其余诉讼请求，不予支持。宣判后，各方当事人均未上诉，判决已发生法律效力。","法院生效裁判认为：民事主体从事民事活动，应当有利于节约资源、保护生态环境。一切单位和个人都有保护环境的义务。根据法律规定，因污染环境造成损害的，污染者应当承担侵权责任。本案中，被告张某非法处置废电子元件、倾倒炉渣灰，被告龙某祥倾倒炉渣灰，对老窑厂地块土壤造成损害，应当承担侵权责任。现该受损害土壤经原告处理、修复，指标已经恢复正常，被告张某、龙某祥应当承担危废处理费用及修复费用。根据法律规定，侵权人因同一行为应当承担行政责任或者刑事责任的，不影响依法承担侵权责任。因此，对被告张某关于其已承担刑事责任而不同意承担民事责任的抗辩理由，不予采纳。因被告徐某忠并非污染行为实施者，不存在加害行为，故原告要求被告徐某忠承担侵权责任的诉讼请求，以及被告龙某祥要求原告承担一定责任的抗辩理由均没有事实和法律依据，不予支持。&nbsp;&nbsp;&nbsp;&nbsp;关于责任承担，因废电子元件由被告张某个人采购、处置，处理费用应当由被告张某个人承担，而炉渣灰481.79吨，系被告张某、龙某祥共同倾倒、堆放，共同实施污染行为，导致了土壤污染，因此应当由被告张某、龙某祥承担连带责任。关于吨袋费用，共使用730个，70元每个，废电子元件装车5车，炉渣灰装车35车，法院酌定废电子元件用吨袋91个，炉渣灰用吨袋639个，故废电子元件使用吨袋费用6370元，炉渣灰使用吨袋费用44730元。关于废电子元件处理费用，废电子元件收集、贮存处置费6500元每吨，二次运输费1250元每吨，以及吨袋费用6370元，故废电子电子元件处理费用共计433007.5元，由被告张某个人承担。关于炉渣灰处理费用，炉渣灰收集、贮存处置费4900元每吨，二次运输费550元每吨，以及炉渣灰使用吨袋费用44730元，故炉渣灰处理费用总计2670485.5元，由被告张某、龙某祥共同承担。关于挖机台班费、人工费32134元，结合废电子元件、炉渣灰使用车次，酌定用于废电子元件挖机台班费、人工费4016.75元，用于炉渣灰挖机台班费、人工费28117.25元，故废电子元件处理、土壤修复费用共计437024.25元由被告张某负担；炉渣灰处理、土壤修复费用共计2698602.75元，由被告张某、龙某祥共同负担。故依法作出如上裁判。","当危险废物产生者不履行危险废物处置义务时，被侵权人代为处置所产生的合理费用应当由危险废物产生者承担。危险废物产生者以其已承担刑事责任为由对民事责任的承担提出抗辩的，人民法院不予支持。","《中华人民共和国民法典》第187条、第1229条（本案适用的是2010年7月1日施行的《中华人民共和国侵权责任法》第4条、第65条）<br/>　　《中华人民共和国环境保护法》（2014年修订）第64条<br/>　　《中华人民共和国固体废物污染环境防治法》第79条（本案适用的是2016年11月7日施行的《中华人民共和国固体废物污染环境防治法》第55条）<br/>######　　　　一审：上海市崇明区人民法院（2019）沪0151民初3894号民事判决（2019年12月25日）","\N","\N","2026-01-21 10:27:30","2026-01-21 10:27:30","075b0db10a863abcb917a0fb882b4624","\N","20260426"
"5376","人民法院案例库","https://rmfyalk.court.gov.cn","民事-产品责任纠纷","2015-18-2-373-001","最高人民法院","民事诉讼,管辖异议,再审期间","再审","2013.03.27","01","<p>　　原告韩凤彬诉被告内蒙古九郡药业有限责任公司（以下简称九郡药业）、上海云洲商厦有限公司（以下简称云洲商厦）、上海广播电视台（以下简称上海电视台）、大连鸿雁大药房有限公司（以下简称鸿雁大药房）产品质量损害赔偿纠纷一案，辽宁省大连市中级人民法院于2008年9月3日作出（2007）大民权初字第4号民事判决。九郡药业、云洲商厦、上海电视台不服，向辽宁省高级人民法院提起上诉。该院于2010年5月24日作出（2008）辽民一终字第400号民事判决。该判决发生法律效力后，再审申请人九郡药业、云洲商厦向最高人民法院申请再审。<br/>　　最高人民法院于同年12月22日作出（2010）民申字第1019号民事裁定，提审本案，并于2011年8月3日作出（2011）民提字第117号民事裁定，撤销一、二审民事判决，发回辽宁省大连市中级人民法院重审。在重审中，九郡药业和云洲商厦提出管辖异议。</p>","<p>　　法院生效裁判认为：对于当事人提出管辖权异议的期间，《中华人民共和国民事诉讼法》（以下简称《民事诉讼法》）第一百二十七条明确规定：当事人对管辖权有异议的，应当在提交答辩状期间提出。当事人未提出管辖异议，并应诉答辩的，视为受诉人民法院有管辖权。由此可知，当事人在一审提交答辩状期间未提出管辖异议，在案件二审或者再审时才提出管辖权异议的，根据管辖恒定原则，案件管辖权已经确定，人民法院对此不予审查。本案中，九郡药业和云洲商厦是案件被通过审判监督程序裁定发回一审法院重审，在一审法院的重审中才就管辖权提出异议的。最初一审时原告韩凤彬的起诉状送达给九郡药业和云洲商厦，九郡药业和云洲商厦在答辩期内并没有对管辖权提出异议，说明其已接受了一审法院的管辖，管辖权已确定。而且案件经过一审、二审和再审，所经过的程序仍具有程序上的效力，不可逆转。本案是经审判监督程序发回一审法院重审的案件，虽然按照第一审程序审理，但是发回重审的案件并非一个初审案件，案件管辖权早已确定。就管辖而言，因民事诉讼程序的启动始于当事人的起诉，确定案件的管辖权，应以起诉时为标准，起诉时对案件有管辖权的法院，不因确定管辖的事实在诉讼过程中发生变化而影响其管辖权。当案件诉至人民法院，经人民法院立案受理，诉状送达给被告，被告在答辩期内未提出管辖异议，表明案件已确定了管辖法院，此后不因当事人住所地、经常居住地的变更或行政区域的变更而改变案件的管辖法院。在管辖权已确定的前提下，当事人无权再就管辖权提出异议。如果在重审中当事人仍可就管辖权提出异议，无疑会使已稳定的诉讼程序处于不确定的状态，破坏了诉讼程序的安定、有序，拖延诉讼，不仅降低诉讼效率，浪费司法资源，而且不利于纠纷的解决。因此，基于管辖恒定原则、诉讼程序的确定性以及公正和效率的要求，不能支持重审案件当事人再就管辖权提出的异议。据此，九郡药业和云洲商厦就本案管辖权提出异议，没有法律依据，原审裁定驳回其管辖异议并无不当。<br/>　　综上，九郡药业和云洲商厦的再审申请不符合《民事诉讼法》第二百条第六项规定的应当再审情形，故依照该法第二百零四条第一款的规定，裁定驳回九郡药业和云洲商厦的再审申请。</p>","<p>当事人在一审提交答辩状期间未提出管辖异议，在二审或者再审发回重审时提出管辖异议的，人民法院不予审查。</p>","<p>　　《中华人民共和国民事诉讼法》第127条</p>","\N","\N","2026-01-21 10:27:30","2026-01-21 10:27:30","0764273cffff11a678d2e9d9563b6686","\N","20260426"
"4874","人民法院案例库","https://rmfyalk.court.gov.cn","民事-专利权权属、侵权纠纷","2023-13-2-160-037","最高人民法院","民事诉讼,侵害发明专利权,管辖权异议,审理范围,受移送法院","二审","2020.10.09","02","<p>　　某重型装备集团股份有限公司（以下简称某装备公司）诉烟台某核电设备有限公司（以下简称某设备公司）侵害其发明专利权。某设备公司提出管辖权异议，主张一审法院对本案没有管辖权，山东省高级人民法院在另案审理过程中已对相关加工模具进行了证据保全，在该案判决书中已经对相关加工模具的芯模是否满足相关技术特征进行了认定，在山东省审理本案有利于节约司法资源，保持法院审理尺度的一致性。从有利于案件调查审理的角度出发，本案应移送至山东省烟台市中级人民法院或山东省高级人民法院审理。<br/>　　四川省成都市中级人民法院于2020年3月19日作出（2017）川01民初2193号民事裁定：本案移送福建省福州市中级人民法院处理。某设备公司以一审法院认定不具有管辖权正确但将本案移送至福建省福州市中级人民法院处理不妥、在山东省审理本案有利于节约司法资源并保持法院审理尺度的一致性等为由，提起上诉。最高人民法院于2020年10月9日作出（2020）最高法知民辖终361号民事裁定：一、撤销四川省成都市中级人民法院（2017）川01民初2193号民事裁定；二、本案由四川省成都市中级人民法院管辖。</p>","<p>　　法院生效裁判认为：根据在案初步证据，某设备公司在四川省成都市实施了相关被诉侵权产品的投标行为，该行为属于许诺销售行为，四川省成都市中级人民法院作为被诉侵权产品许诺销售行为实施地的法院，对本案具有管辖权。某装备公司虽然并未提出上诉，某设备公司亦认为一审法院不具有管辖权，但是当事人关于案件管辖所享有的诉讼权利是管辖异议申请权，也即启动或者不启动对原受诉法院管辖权合法性审查的权利。管辖权异议程序的审理对象不限于管辖异议申请中提出的理由，而是原受诉法院的管辖是否合法有据。管辖权异议程序原则上只解决管辖权的问题，不解决管辖方便的问题。</p>","<p>人民法院在管辖权异议程序中的审理范围不以当事人的管辖权异议理由为限；原受诉法院不具有管辖权的，案件移送也不以当事人管辖权异议所请求的受移送法院为限。</p>","<p>　　《中华人民共和国专利法》第11条第1款（本案适用的是2008年12月27日修正的《中华人民共和国专利法》第11条第1款）<br/>　　《最高人民法院关于审理专利纠纷案件适用法律问题的若干规定》第5条<br/></p><br/>######<p>　　一审：四川省成都市中级人民法院（2017）川01民初2193号民事裁定（2020年3月19日）<br/>　　二审：最高人民法院（2020）最高法知民辖终361号民事裁定（2020年10月9日）</p>","\N","\N","2026-01-21 10:27:30","2026-01-21 10:27:30","07873c9a9b2495ce11d90b6ba96d4137","\N","20260426"
"3917","人民法院案例库","https://rmfyalk.court.gov.cn","民事-建设工程合同纠纷","2023-07-2-115-001","上海市第一中级人民法院","民事,建设工程施工合同,甩项工程,工程款支付条件","二审","2016.03.30","02","<p>　　原告上海某某建设公司诉称：2012年5月6日，原、被告签订《医用手套、检查手套机安全手套生产投资建设项目总包施工合同》，合同签订后，原告严格按合同约定组织施工，由于施工图纸修改、被告指定分包单位钢结构及水电安装等原因导致工期拖延。2013年9月10日，因原告要求，原、被告签订《工程甩项签证》，约定由于施工图纸和修改等等原因，对合同中未完的部分工作进行签证结算。另经被告验收，原告施工工程质量符合约定，被告退还了原告之前支付的履约保证金人民币1,000,000元。2013年11月17日，原告向被告提交《工程结算清单》，工程造价为23,198,005元。经原告多次催促，2014年1月8日，被告委托审价单位对原告施工的案涉工程造价进行审价，并与审价单位签订《建设工程造价咨询合同》，原告对此予以同意。后原、被告与审价单位就审价中相关问题进行多次会商，并出具了相关工作会商纪要，因被告多次反复，2014年7月16日审价单位才出具《工程审价审定单》，并同时送达原、被告双方。虽然审定数额偏低，但是原告为了尽快结清工程款，仍对审定单予以了盖章确认，但被告经审价单位多次催促，一直未予确认。审价单位审定工程总造价为18,710,294元，扣除被告已支付工程款13,181,348元，尚余5,528,946元未付。因被告在原告多次催讨后仍未支付，故起诉请求：（1）被告向原告支付工程款5,528,946元及利息损失（以未付款为基数，自2013年9月10日起至法院判决确定履行日止，按中国人民银行公布的同期贷款利率计算，暂计至2015年9月17日为645,028.34元）；（2）确认原告在被告欠付的第1项诉请所述工程范围内，对本案工程的折价或拍卖、变卖的价款享有优先受偿权。<br/>　　被告某某医疗公司辩称：案涉工程至今没有通过竣工验收，工程是否存在质量问题无法确认；因工程存在外墙裂缝、梁柱漏钢筋、屋面漏水渗水、1号生产车间原料池漏水等质量问题，验收通过方可结算，故请求先行对案涉工程质量进行鉴定。工程未经验收合格，审价没有意义；被告委托审价是考虑原告利益，竣工验收可与审价同时进行以缩短时间；审价单位具有相应资质无异议，但审价所依据的计价原则与计价方式违反了双方合同的约定；甩项签证金额应予扣除，己方也未对《工程审价审定单》盖章确认。因此，审价报告不能作为认定本案事实的有效证据，原告诉请工程款及利息损失没有依据。对于原告提供的全部证据材料的真实性均无异议，至于被告已付工程款金额尚须核实。<br/>　　法院经审理查明：原告为房屋建筑工程施工总承包二级资质企业。2012年5月6日，承包人原告与发包人被告签订《某某医疗科技（上海）有限公司医用手套、检查手套机安全手套生产投资建设项目总包施工合同》（以下简称案涉合同）。合同约定：工程名称为医用手套、检查手套及安全手套生产建设项目（一期）；工程内容为1#生产车间、2#仓库的15-22轴线、南北门卫的土建等工程（以下简称案涉工程）施工；按照发包方提供的工程量清单内容、承包方总包干造价为15,860,000元，合同价款的其他调整因素等由合同第二部分第23条另行约定。合同第二部分，第5.3条：发包人派驻施工场地履行合同的代表为袁某某，职权为申办与施工有关的各类手续、证件；根据有关标准，规范和涉及的要求，对工程设备、材料和施工质量进行检验；执行工程施工合同、监理合同，对承包人履行合同的情况进行检查、监督；组织协调工程建设有关单位的关系；工程业务联系单的签证；检查、监督工程施工的进度；在工程施工合同约定的范围内，工程款支付的审核和签认；管理、监督现场安全、文明施工；以书面形式委托的在授权范围其他职权。第15.2条：双方对质量有争议，由双方同意的工程质量检测机构鉴定……。第24条：本工程无预付款，履约保证金为1,000,000元，在合同签订生效时支付；工程开工基础完成一周内返还500,000元，剩余的50%等合同规定的工程竣工，经过双方内部验收通过后一周内退回。第26条：各项合同内工程经过业主验收后二周内，发包人支付至完工工程核实工程量80%的工程款；承包人向发包人提交合同内规定的各单项工程的施工方竣工资料，工程决算在三个月内审定；工程余款在24个月之内由发包方分期支付至决算总价的98%，剩余的2%作为质量保证金在竣工后三年内付清；发包人超过约定的支付时间不支付进度款，可与承包人协商签订延期付款协议，经承包人同意后可延期支付，延期支付工程款超过二周后将按照银行同期贷款至基准利息的两倍计算利息。第27.1条：发包人制定分包项目为桩基工程、钢结构安装工程、水电及设备安装工程。第32.7条：因特殊原因，发包人要求部分单位工程或工程部位甩项竣工的，双方另行签订甩项竣工协议，明确双方责任和工程实际结算价款支付方法。第33.1条：工程竣工验收报告经发包人认可合格后28天内，承包人向发包人递交竣工结算报告及完整的结算资料，双方按合同条款进行工程结算；审计时间在三个月以内完成。<br/>　　合同签订后，2012年8月24日、2012年11月8日及2013年1月5日，原告分别向被告发送了工程部分停工备忘录、工作联系单，就工程图纸修改及指定分包项目影响工程进度予以说明。2013年9月10日，由于施工图纸和修改等原因，对合同中未完成的部分工作进行签证结算二双方签订《工程甩项签证》。2013年11月13日，原告制作案涉工程《决算书》，决算工程总造价为23,198,005元，并于2013年11月17日送交被告。2014年1月8日，被告委托上海某建设工程咨询有限公司（下称审价单位）对案涉工程进行审价，并与之签订《建设工程造价咨询合同》，袁某某作为被告委托代理人在合同上签字。2014年1月22日，被告召集审价单位及与原告，对案涉工程审价事宜进行工作会商，各方对于审价依据、范围、方式等等事项予以明确。2014年6月，被告方袁某某召集审价单位及原告对审价初稿中存在的问题进行会商，并严明已包含了所有问题，以后不再调整。2014年7月16日，审价单位出具工程审价审定单，审定结算总造价为18,710,294元，原告同意并盖章予以确认，但被告未予盖章确认。2015年5月5日，审价单位出具关于要求医用手套、检查手套及安全手套生产建设项目审价初稿意见回复函，要求被告接函后15日内就2014年7月16日发出的初稿文件给予书面回复，反之将视认可，将直接出具正式审价报告，2015年4月22日、2015年5月14日，原告要求被告对案涉工程审价进行审定并发送了函及律师函。2015年8月26日，审价单位对案涉工程出具《审价报告》，审定结论同2014年7月16日审定造价。<br/>　　审理中，原、被告对审价单位具有相应资质均无异议，并双方确认案涉工程于2012年5月28日开工，原告施工至2013年9月10日双方签订《工程甩项签证》止，之后双方对于如何对已完工程结算及支付工程价款未另行签订协议；被告已将合同约定的履约保证金全部退还原告。原告另称，被告全部退还履约保证金印证了被告已接收工程并对工程质量不持异议；被告对原告的单方结算持异议而主动委托审价，其间又拖延时间致审价报告迟迟不能作出，无非为了拖延支付工程价款，故对被告的质量鉴定申请表示不予同意，同时请求法院对被告申请不予准许；双方在签订《工程甩项签证》后未对支付工程价款作出约定，被告应依法于交付工程之日支付工程价款。被告另称，双方签订《甩项工程签证》后至今甩项工程未全部完工，工程也未经验收；案涉合同对于袁某某的职权已作约定，其无权在审价过程中签署会商纪要；正因被告对案涉工程质量持有异议，故该审价其实也无意义，被告当然对工程审价审定单不予认可。另，庭审后，原告向本预案提交了其资质证书及已付款相关凭证；被告向法院提交了工程质量鉴定申请书及案涉工程现状的照片，但在其承诺的5天时间里未对其已付原告工程款金额的核实情况告知法院。<br/>　　上海市金山区人民法院于2015年12月28日作出（2015）金民三（民）初字第2896号民事判决：一、被告某某医疗公司应于本判决生效后十日内支付原告上海某某建设公司工程价款人民币5,528,945元及利息损失（以人民币5,528,945元为基数，自2014年7月16日起至本判决确定履行日止，按中国人民银行公布的同期同类贷款利率标准计算）；二、原告上海某某建设公司可就其完成的被告某某医疗公司1＃生产车间、2＃仓库的15-22轴线、南北门卫的土建（甩项签证部分除外）工程部分的拍卖或折价款行使优先受偿权，受偿范围限于工程价款人民币5,528,945元。宣判后，某某医疗公司提出上诉。上海市第一中级人民法院于2016年3月30日作出（2016）沪01民终1538号民事判决，驳回上诉，维持原判。</p>","<p>　　法院生效裁判认为，本案的争议焦点有两个。包括：一是质量异议是否是本案处理的前提；二是工程价款及利息损失的认定。<br/>　　关于质量异议是否是本案处理的前提。甩项工程是指某个单位工程，因急于交付使用，把按照施工图要求还没有完成的某些工程细目甩下，对整个单位工程先行验收，甩下的工程细目称为甩项工程。首先，双方签署甩项签证的行为表明，原告已将甩项工程外的案涉工程施工完毕并交付。其次，合同约定工程竣工后经双方内部验收通过退回剩余履约保证金，以及验收在前、尔后结算。从被告已退还原告剩余的履约保证金、原告制作结算并送达被告，以及被告主动委托审价等情形可以看出，双方已经进入结算阶段。案涉工程仅为被告建设工程中的一期，且其中甩项工程至今仍未完工。因被告接收案涉工程，工程质量可视为合格，人民法院对被告以未经验收通过为由拒付工程价款的抗辩不予采纳。至于被告庭后提出的有关工程质量问题可依据合同及相关法律规定另行处理。<br/>　　关于工程价款及利息损失。双方结算过程表明，被告在对原告单方结算持有异议后主动委托了审价单位审价；在审价过程中，作为委托代理人袁某某之行为符合合同约定的“以书面形式委托的在授权范围其它职权”，其行为对被告具有法律约束力。双方对于审价单位资质均无异议，经人民法院审查也未有不妥。双方在审价过程中对于审价依据、范围、方式等事项予以明确并适时进行了调整，已达成如何结算的一致意见。被告以工程未通过验收、审价无意义、审价依据与合同不符，以及未扣除甩项签证部分价款等异议不能成立。在审价单位及原告的催告下，被告无理由地未在工程审价审定单上盖章确认，对审价过程漫长负有不可推卸的责任。综上，鉴于被告委托审价，接受审价的单位具有相应资质，审价单位依据合同约定及时采纳双方的一致意见，遵守和采用相关技术标准和技术规范，结合案涉工程的实际情况作出的审价报告应予采纳，案涉工程总价款为18,710,294元。因被告在承诺的时间内对其已付工程款的金额未予回应，经法院释明后应视为默认，故确认被告已支付原告工程价款为13,481,349元（该金额为原告庭后提交付款凭证确认金额，与原告诉状所述金额多了1元）。据此，人民法院确认被告尚欠原告工程价款5,528,945元。案涉合同既约定了进度款的支付，同时也约定了特殊情形的处理，即甩项竣工的情形。双方签署甩项签证，而未另行签订甩项竣工协议，致使双方责任和工程实际结算价款的支付方法不明确。合同约定的进度款的支付时间节点及相应比例等均与竣工相关，而案涉工程至今未竣工，该约定已无适用余地。甩项竣工，应视双方对原合同约定的工程范围的变更，并以已完工程现状作为结算依据。考虑到工程总造价尚未确定、案涉合同约定了一定的审价期以及审价过程漫长、双方对案涉工程审价要素均无异议、以及审定金额与审价结论相同且被告拒绝审定的日期即2014年7月16日，可视双方已结算完毕，被告理应支付工程款。原告对利息损失主张的标准低于合同约定，系自行处分权利。原告主张的利息损失计算起始日由人民法院调整至视为双方结算完毕之日。被告在审价单位初审出具审定单后长达一年多的时间里，对审价单位及原告的催告不予理会的行为有失诚信，理应承担利息损失。<br/>　　至于原告主张的优先受偿权问题。建设工程发包人未按约定支付工程价款的，承包人可以就工程折价或者拍卖的价格优先受偿。原告在履行合同的过程中没有过错，鉴于案涉工程至今未竣工，工程总造价于2015年8月26日方最终确定，原告在法定的期限内向人民法院提起诉讼，主张享有优先受偿权，被告并无异议，人民法院应予支持。此外，优先受偿的建设工程款包括承包人为建设工程应当支付的工作人员报酬、材料款等实际支出的费用，不包括利息和因发包人违约所造成的损失。故本案中原告行使优先受偿权的范围限于工程款5,528,945元。</p>","<p>工程甩项后，发包人无权以未竣工验收为由拒付工程款。对于甩项工程，特别是承发包双方对工程验收以及工程款支付没有明确约定的甩项工程，工程未竣工验收不应作为工程款支付的阻却条件。应当结合双方将工程送审、退还履约保证金等行为探究当事人的真实意思表示，从而判断工程款支付条件是否成就。一般情况下，竣工验收是工程款结算的前提。工程验收合格的承包人有权主张工程款，验收不合格则无权主张工程款。但在工程甩项的情况下，工程后续施工及最终的竣工验收超出了承包人所能支配的范围，以工程竣工验收作为工程款的支付条件将会无限期拖延工程款支付，给承包人造成较大损失。实践中，甩项工程的发包人往往以工程未竣工验收为由拖延支付工程款，承包人处于十分被动的地位。因此，对于甩项工程应当通过探究当事人的真实意思表示进行判断，而非仅以验收作为支付工程款的条件。</p>","<p>　　《中华人民共和国民法典》第807条（本案适用的是1999年10月1日起施行的《中华人民共和国合同法》第286条）<br/>　　《最高人民法院关于审理建设工程施工合同纠纷案件适用法律问题的解释（一）》第19条<br/></p><br/>######<p>　　一审：上海市金山区人民法院（2015）金民三（民）初字第2896号民事判决（2015年12月28日）<br/>　　二审：上海市第一中级人民法院（2016）沪01民终1538号民事判决（2016年03月30日）</p>","\N","\N","2026-01-21 10:27:30","2026-01-21 10:27:30","07b154199377a84e57c86ea106c991ad","\N","20260426"
"4064","人民法院案例库","https://rmfyalk.court.gov.cn","民事-不正当竞争纠纷","2023-09-2-488-002","最高人民法院","民事,不正当竞争,仿冒,混淆,销售","再审","2022.09.30","02","<p>　　某某公司甲是核定使用在水龙头、地漏等商品上的“潜水艇”系列商标的商标权人。某某公司甲在某某公司乙经营的店铺内购买了地漏产品，该产品上标有“宁波市潜水艇卫浴有限公司”字样。某某公司甲认为，某某公司乙构成不正当竞争，遂提起诉讼，请求判令：某某公司乙停止销售标注“宁波市潜水艇卫浴有限公司”相关标识的涉案地漏产品，并赔偿5万元的经济损失。<br/>　　法院经审理查明：原告某某公司甲是核定使用在水龙头、地漏等商品上的“潜水艇”系列商标的商标权人。潜水艇商标经过使用具有一定知名度。<br/>　　山东省泰安市中级人民法院于2020年10月12日作出（2020）鲁09民初116号民事判决：认定诉侵权产品上标注的“宁波市潜水艇卫浴有限公司”中的“潜水艇”字号，是将他人注册商标作为企业名称中的字号使用，足以使相关公众对其商品来源产生混淆误认，其行为构成对某某公司甲的不正当竞争，涉案产品是不正当竞争产品。《中华人民共和国反不正当竞争法》（以下简称《反不正当竞争法》）第六条规定的经营者实施混淆行为是指使用行为，是直接使用行为，也就是生产商的生产、制造以及销售被诉侵权产品的行为，而不包括仅仅作为被诉侵权产品销售商的销售行为。故判决：某某公司乙立即停止销售标注“宁波市潜水艇卫浴有限公司”标识的地漏产品的行为，并赔偿某某公司甲合理开支3000元，但驳回某某公司甲的其他诉讼请求。某某公司甲不服，提起上诉。山东省高级人民法院于2021年3月25日作出（2021）鲁民终13号民事判决：驳回上诉，维持原判。某某公司甲不服，向最高人民法院申请再审。最高人民法院经审理认为，某某公司甲的再审申请成立，于2022年9月30日作出（2022）最高法民再230号民事判决：一、撤销山东省高级人民法院（2021）鲁民终 13 号民事判决；二、撤销山东省泰安市中级人民法院（2020）鲁09民初116号民事判决；三、某某公司乙于本判决生效之日起十日内赔偿某某公司甲经济损失及合理开支一万元；四、驳回某某公司甲的其他诉讼请求。</p>","<p>　　法院生效裁判认为，《反不正当竞争法》第六条规定，“经营者不得实施下列混淆行为，引人误认为是他人商品或者与他人存在特定联系：（四）其他足以引人误认为是他人商品或者与他人存在特定联系的混淆行为。”销售者销售的商品足以引人误认为是他人商品或者与他人存在特定联系的，构成《反不正当竞争法》规定的不正当竞争行为。<br/>　　从目的解释的角度来看，《反不正当竞争法》鼓励和保护公平竞争，制止不正当竞争行为，保护经营者和消费者的合法权益。销售者与生产者都是参与市场经营的主体，两者均为《反不正当竞争法》意义上的经营者。销售行为使仿冒产品进入市场流通领域，产生混淆误认的可能性，因此，不正当的销售行为与生产行为都对市场竞争秩序产生不利影响，损害经营者和消费者的合法利益，销售行为应当受到《反不正当竞争法》的规制。<br/>　　从体系化解释的角度来看，《反不正当竞争法》对仿冒行为进行规制的基础是经营者对商业标识享有合法权益，这与商标法的保护模式相近。《中华人民共和国商标法》（以下简称《商标法》）第五十七条明确规定销售侵权商品的行为构成侵权行为。因此，销售行为可以成为《反不正当竞争法》规制的对象。《商标法》第五十八条规定，将他人注册商标、未注册的驰名商标作为企业名称中的字号使用，误导公众，构成不正当竞争行为的，依照《反不正当竞争法》处理。故依据上述法律规定认定是否构成不正当竞争行为仍应当基于《反不正当竞争法》的相关规定作出。二审判决关于依据《商标法》的相关规定判断某某公司乙是否构成不正当竞争行为的认定错误。<br/>　　从利益平衡的角度，某某公司甲已就被诉侵权产品的生产者进行追诉，该生产者已被判令变更涉案企业名称。但被诉侵权产品仍有销售，应当给予某某公司甲救济途径。<br/>　　综上，销售者的销售行为属于《反不正当竞争法》第六条规定的使用行为，二审判决的相关法律适用错误，应当予以纠正。</p>","<p>经营者销售的商品足以引人误认为是他人商品或者与他人存在特定联系的，可以依法认定构成《反不正当竞争法》第六条规定的不正当竞争行为。</p>","<p>　　《中华人民共和国反不正当竞争法》第6条、第17条</p><br/>######<p>　　一审：山东省泰安市中级人民法院（2020）鲁09民初116号民事判决（2020年10月12日）<br/>　　二审：山东省高级人民法院（2021）鲁民终13号民事判决（2021年3月25日）<br/>　　再审：最高人民法院（2022）最高法民再230号民事判决（2022年9月30日）</p>","\N","\N","2026-01-21 10:27:30","2026-01-21 10:27:30","07c453c0da751975e7c162d53bd40971","\N","20260426"
"3210","人民法院案例库","https://rmfyalk.court.gov.cn","民事-生态环境保护民事公益诉讼","2023-11-2-466-028","广东省高级人民法院","民事,环境污染民事公益诉讼,环境检测机构,篡改检测数据,虚假检测报告,连带责任","二审","2022.05.09","02","<p>　　2016年1月至2018年3月期间，某环保公司接收50家污水处理厂产生的生活污泥共计483411吨，对污泥进行压滤脱水后，由徐某某联系人员全部非法倾倒，除6972吨倾倒于广州、东莞等地（另案处理）外，绝大部分倾倒地不明。某检测公司按某环保公司要求篡改污泥检测数据并出具符合有机肥标准检测报告。经鉴定，上述污泥为含有重金属的污染物、环境有害物质，存在环境污染和人体健康风险。广东省广州市人民检察院提起民事公益诉讼，请求：1.判令某环保公司、某检测公司、徐某某承担所倾倒污泥进行无害化处理的费用62155223元；2.判令某环保公司、某检测公司、徐某某承担所倾倒污泥的清运费用3893951.90元；3.判令某环保公司、某检测公司、徐某某在省级以上电视台或全国发行的报纸公开赔礼道歉。<br/>　　广东省广州市中级人民法院于2021年9月15日作出（2020）粤01民初1998号民事判决：（一）被告某环保公司、某检测公司、徐某某共同赔偿污泥无害化处理费用62155223元；（二）被告某环保公司、某检测公司、徐某某共同赔偿污泥清运费用3893951.90元；（三）被告某环保公司、某检测公司、徐某某自判决生效起十日内共同在省级以上电视台或者全国公开发行的报纸发表经本院认可的赔礼道歉声明。环保公司不服，提起上诉。广东省高级人民法院于2022年5月9日作出（2021）粤民终4125号民事判决：驳回上诉，维持原判。</p>","<p>　　法院生效裁判认为，根据《最高人民法院关于审理环境侵权责任纠纷案件适用法律若干问题的解释》第八条、《最高人民法院关于审理环境民事公益诉讼案件适用法律若干问题的解释》第二十三条、《最高人民法院、最高人民检察院关于检察公益诉讼案件适用法律若干问题的解释》第六条的规定，对于某环保公司接收案涉污泥的数量、未完成全流程处理的污泥重量及污泥后续治理费用等涉及环境损害事实的专门性问题，广东诚某信司法会计鉴定出具的司法鉴定意见书及司法鉴定意见补充书，有关单位及专家形成的《关于广州某环保公司污泥处置评估论证专家咨询意见》，以及广州市某水有限公司提供的污泥处置、运输单位明细及中标通知书等证据资料，均可作为解决的依据，法院予以采纳。因某环保公司、徐某某倾倒的案涉污泥存在去向不明的情形，故广州市人民检察院未主张某环保公司、某检测公司、徐某某修复受污染的场地或者承担受污染场地的修复费用，而是主张某环保公司、某检测公司、徐某某共同承担案涉污泥无害化处理费用及清运费用，并无不当，法院予以准许。根据上述专家意见、广州市某水有限公司提供的资料及最短运输距离，污泥无害化处理费用为62155223元及清运费用为3893951.90元。根据《最高人民法院关于审理环境民事公益诉讼案件适用法律若干问题的解释》第二十四条第一款的规定，上述费用应当用于修复被损害的生态环境。</p>","<p>环境检测机构在侵权行为人的要求下篡改检测数据并出具虚假检测报告，对造成环境污染和生态破坏负有责任的，应当与侵权行为人承担连带责任。</p>","<p>　　《中华人民共和国民法典》第1229条（本案适用的是2010年7月1日施行的《中华人民共和国侵权责任法》第65条）<br/>　　《最高人民法院关于生态环境侵权民事诉讼证据的若干规定》第16条（本案适用的是2015年6月3日施行的《最高人民法院关于审理环境侵权责任纠纷案件适用法律若干问题的解释》第8条）<br/>　　《最高人民法院关于审理环境民事公益诉讼案件适用法律若干问题的解释》第18条、第23条、第24条</p><br/>######<p>　　一审：广东省广州市中级人民法院（2020）粤01民初1998号民事判决（2021年9月15日）<br/>　　二审：广东省高级人民法院（2021）粤民终4125号民事判决（2022年5月9日）</p>","\N","\N","2026-01-21 10:27:30","2026-01-21 10:27:30","07ccc4fe2ad515d6fc8561dfb93c1d97","\N","20260426"
"6395","多元解纷案例库","https://dyjfalk.court.gov.cn/site/case/22867596-b8ce-4c91-aad7-7fa6c33a9242","民事-建筑物和物件损害责任纠纷","D2025-161-1-381-661","玉门市人民法院","民事,建筑物和物件损害责任纠纷,赔偿主体认定,赔偿比例划分,综治中心","","2025-10-09","\N","2024年3月11日，顾某在街面行走时，无意踩在下水井盖上，不慎掉入下水井并受伤，经送医诊断为肋骨骨折(左侧第6)、上肢损伤(双侧)等伤情，花去相应医疗费。顾某到法院咨询，请求相关管理责任方赔偿医药费及其各项花费。","法院经了解，认为该纠纷涉及行政机关责任主体认定、物件损害赔偿标准等专业问题，且需协调多方主体化解争议，故告知当事人综治中心职能优势。当事人同意到综治中心进行调解。综治中心收到申请后，根据纠纷特点，指派具有行政纠纷调解经验的专业调解员进行调解。 一是确定侵权主体。调解员查阅案件材料后，先与顾某单独沟通，核实受伤时间、地点、伤情诊断及费用支出明细，固定“损害事实已发生”的核心证据，明确顾某的核心诉求是“尽快拿到合理赔偿款”。之后，分别联系住建部门和街道办，核实井盖日常维护管理职责划分情况，住建部门称井盖由其与街道办共同管理，某街道办应共同承担侵权责任。调解员积极与街道办沟通，向其明确了物件损害责任以管理职责为核心判定标准，并结合双方均有参与井盖相关工作的事实，指出两方均存在管理责任漏洞。最终，某街道办同意参与调解。 二是明确赔偿比例。针对“两方责任如何分摊”的争议，调解员组织街道办、住建部门到场进行调解。调解过程中，调解员在入驻综治中心法官的指导下，采用“面对面协商+背对背疏导”相结合的方式，“面对面”向两方释明了各自履职瑕疵和管理漏洞；“背对背”分别讲清按此次事故中的法律关系，强调共同责任的法律依据和社会影响。经过调解员反复沟通，“一对一”明理释法，住建部门与街道办同意按5:5比例分摊主要责任。 三是确定赔偿金额。调解员帮助顾某梳理了受伤以来的费用清单，核定合理费用为24180元。同时，结合纠纷实际情况，引导顾某认识到事故中自身也存在过错，耐心说明自身过错对赔偿比例的影响，逐步缩小三方分歧。最终顾某自愿承担20%的责任，住建部门与街道办各承担40%的责任。 四是落实调后回访。调解成功后，调解员通过电话回访与线上沟通相结合的方式，了解住建部门、街道办是否按时足额支付赔偿款，并向住建部门、街道办了解后续井盖维护整改措施，推动从“个案化解”延伸至“源头治理”。","物件脱落、坠落损害责任纠纷不仅关系被侵权人合法权益的及时救济，还关乎行政机关公信力维护以及社会公共安全治理水平。此类纠纷具有责任主体难厘清、责任比例难划分、赔偿金额易争议的特点，若通过诉讼方式解决，存在责任认定周期长、流程复杂导致被侵权人难以快速获赔等弊端。本案中，综治中心发挥统筹解纷资源优势，指派经验丰富的专业调解员开展调解，并由入驻综治中心的法官提供专业法律支持，形成化解合力。调解过程中，调解员在法官指导下通过“背靠背沟通深挖诉求+面对面协商达成共识”的调解方法，梳理出“责任主体认定”、“赔偿比例划分”、“费用合理性核定”三大核心争议，明确《民法典》中物件损害责任、过失相抵等规则，向双方释明责任认定依据与赔偿金额计算标准，逐步打消各方顾虑，最终促成纠纷高效化解。调解结束后，通过跟踪回访，确认赔偿款足额履行、行政机关井盖安全排查整改完毕，不仅有力维护当事人合法权益，也通过以调促治的方式，由住建部门、街道办开展辖区井盖维护排查整改，从源头防范了同类安全隐患，实现了纠纷一次性实质化解与社会公共利益保护的双重效果。","《中华人民共和国民法典》第1253条","\N","","2026-01-27 09:49:12","2026-02-03 09:46:54","07e01f98b25cc874bc2ebc9ad5f11f0b","\N","20260426"
"3806","人民法院案例库","https://rmfyalk.court.gov.cn","民事-仓储合同纠纷","2023-10-2-118-001","湖南省高级人民法院","民事诉讼,仓储合同,港口货物,管辖异议协议真伪,海事法院专门管辖","二审","2021.09.21","02","<p>　　上诉人某仓储公司因与被上诉人某贸公司仓储合同纠纷一案，不服湖南省长沙市中级人民法院（2021）湘01民初552号之一号民事裁定，向湖南省高级人民法院提起上诉。<br/>　　原告某贸公司向长沙市中级人民法院提出诉讼请求：1、判决被告某仓储公司将原告存储的72，848.409公吨（价值约261，572，830.9元）的轻循环油返还给原告，或赔偿原告等值损失；2、判决被告向原告支付违约金1000万元；3、判令被告承担原告律师费、差旅费、保全保险等维权费用（暂计100万元）；4、判决被告承担本案保全费用、诉讼费用。事实与理由：原告与被告于2020年上半年开始合作。2021年1月11日，双方签订《仓储油罐租赁协议》，约定原告在被告处储存轻循环油37，000吨（编号：TL-06J-2101-005）；2021年1月25日，双方签订《仓储油罐租赁协议》（编号：TL-06J-2101-015），约定原告在被告处储存轻循环油37，500吨。协议第九条第2项第［8］款约定：若发生转卖、挪用等情形，被告应赔偿货值，并按货值的5％计算违约责任。第十一条第2项约定：争议由原告所在地法院管辖。第十三条第1款约定：违约方应赔偿守约方所产生的一切费用。协议签订后，被告分两次实际存储了74，667.459公吨轻循环油，两次出库后，现存72，848.409吨。轻循环油销售价格为每桶76.96美元，每吨为7.2桶，按照起诉日美元对人民币汇率6.48计算，货值为人民币261，572，830.9元（72848.409*7.2*76.96*6.48=261，572，830.9）。近期原告及原告的股东某盛要求被告对外发货时，被告拒绝发货，且不与原告核对库存。原告恐货物被被告私卖、挪用，为维护原告合法权益，诉至法院。<br/>　　某仓储公司在提交答辩状期间，对管辖权提出异议，请求依法将本案移送至浙江省舟山市中级人民法院审理。事实与理由：某贸公司诉称，于2021年1月11日与某仓储公司签订编号为TL-06J-2101-005《仓储油罐租赁协议》，储存轻循环油37 000吨，于2021年1月25日签订编号为TL-06J-2101-015《仓储油罐租赁协议》，储存轻循环油37 500吨，该等货物入库至罐号为TK321-02、TK321-03等储油罐。某和和某舟与被告签订有《仓储合同》，某和与某舟实际控制人涉嫌伪造被告印章，舟山市公安局新城分局已向被告出具了《调查证据通知书》，原告所称的与被告签订的合同等涉嫌系伪造被告印章签订。同时，原告所称轻循环油入库至被告TK321-02、TK321-03等储油罐，但该等储油罐系某和或某舟承租被告的，且舟山市公安局新城分局侦查某和与某舟合同诈骗案查封了罐号为TK321-02、TK321-03等储油罐的货物。依据《最高人民法院关于在审理经济纠纷案件中涉及经济犯罪嫌疑若干问题的规定》，原告诉请所称合同以及货物，因相关单位或责任人涉嫌刑事犯罪，侦查机关对涉嫌刑事犯罪的事实尚未查清前，法院不应当单独就民事部分进行审理。另外，为查明案情，侦查机关即被告所在地人民法院审理更为方便，故请求法院将本案依法移送至浙江省舟山市中级人民法院审理。<br/>　　长沙市中级人民法院于2021年6月2日作出（2021）湘01民初552号之一裁定：驳回某仓储公司对本案管辖权提出的异议。某仓储公司不服，提起上诉。湖南省高级人民法院于2021年9月21日作出（2021）湘民辖终45号裁定：一、撤销湖南省长沙市中级人民法院（2021）湘01民初552号之一号民事裁定；二、本案移送武汉海事法院管辖。</p>","<p>　　法院生效裁判认为，本案双方争议的焦点问题有：1.上诉人一审时未提出本案应由海事法院管辖的请求，二审是否应予审查；2.本案是否应由海事法院专门管辖；3.是否应在管辖异议审查中审查并确认案涉协议的真伪，并据此确定管辖法院；4.应如何确定本案管辖法院。<br/>　　1.关于上诉人一审时未提出本案应由海事法院管辖的请求，二审是否应予审查的问题<br/>　　经审查，长沙市中级人民法院受理本案后，某仓储公司在提交答辩状期间对管辖权提出异议，请求依法将本案移送至浙江省舟山市中级人民法院审理。长沙市中级人民法院作出（2021）湘01民初552号之一民事裁定，驳回某仓储公司的管辖异议。某仓储公司不服，向本院提起上诉，认为本案为港口货物仓储合同纠纷，应当由海事法院管辖，长沙市中级人民法院对本案无管辖权，请求将本案移送宁波海事法院或者由浙江省舟山市中级人民法院管辖。本院认为，管辖异议审查的本质是依据相关法律法规，确定不同级别、不同地域的人民法院对具体案件的管辖。在管辖异议上诉案件审查中，既要审查原审人民法院对本案是否具有管辖权，还要根据审查情况依法确定管辖法院。某仓储公司上诉时提出了本案应由海事法院管辖的新主张。从性质看，该主张既是请求，也是理由。由于《中华人民共和国民事诉讼法》和相关司法解释并未禁止当事人在管辖异议上诉案件中增加或补充理由，且依法确定管辖法院是人民法院审查管辖异议案件时应尽的工作职责，故二审应对该项上诉理由进行审查。<br/>　　2.关于本案是否应由海事法院管辖的问题<br/>　　二审询问中，双方对本案《仓储油罐租赁协议》所涉的碳钢储油罐为某仓储公司所有，并无异议。某仓储公司称，储油罐位置处于浙江省舟山市岑港港区烟墩作业区，属于港区范围。某贸公司在接受询问时，承认案涉储油罐位于岑港港区红线之内，但称不清楚是否在烟墩作业区。根据上述审查情况，可以确认案涉储油罐位于岑港港区作业范围。依据特别法优于普通法的法律适用原则，在海事法院受案范围有特别规定的情形下，依照《最高人民法院关于海事法院受理案件范围的规定》第二部分第32项的规定，应认定本案属于港口货物仓储合同纠纷，应由海事法院受理。<br/>　　3.关于是否应在管辖异议审查中审查并确认案涉协议的真伪，并据此确定管辖法院的问题<br/>　　经询问，双方对案涉油品存放在上述相关储油罐的事实，没有争议。双方存在争议的是《仓储油罐租赁协议》中加盖的“某仓储公司33090210000438”字样的公章是否系伪造，以及是否可依照案涉协议的约定确定管辖法院。<br/>　　人民法院在审查管辖异议时应依法审查该阶段双方提交的证据，对案件相关事实作出初步审查和判断，并据此确定管辖法院。在管辖异议审查中无法查清的实体问题，可待实体审理中予以查明并裁判。某仓储公司提交的用于证明案涉合同上“某仓储公司33090210000438”字样的印章系伪造，不应依据相关协议确定管辖的证据有：舟山市公安局新城分局《调取证据通知书》（复印件）、舟山市公安局舟新公（刑）鉴通字﹝2021﹞00037号《鉴定意见通知书》（复印件）、以及某仓储公司自行制作的印章对比图。经审查，该《鉴定意见通知书》并未附有相应的鉴定报告，其鉴定意见是“检材印章所盖印文与样本印文非同一”，该鉴定意见并未载明检材印章为伪造，更无法依据该鉴定意见得出“浙江自贸区某石化有限公司和某舟能源集团有限公司的实际控制人伪造了检材印章”这一事实。故，在管辖异议审查阶段，本院对某仓储公司提出案涉《仓储油罐租赁协议》的公章系伪造，不能依据上述协议确定管辖的上诉理由，不予支持。<br/>　　4.关于应如何确定本案管辖法院的问题<br/>　　基于前述分析，二审认为，本案为港口货物仓储合同纠纷，应由海事法院受理。根据《中华人民共和国民事诉讼法》第三十四条的规定，在当事人协议管辖的情形下，应依据当事人的协议为依据确定管辖法院，故本案所涉相关协议可以作为确定管辖的依据。根据《仓储油罐租赁协议》中关于“执行本协议所发生的或与本协议有关的一切争议，双方应通过友好协商解决；如30日以内协商不能解决，任何一方有权将争议提交原告方所在地人民法院诉讼解决”的约定，本案应由原告住所地的海事法院管辖。因本案原告住所地位于湖南省长沙市，根据《最高人民法院关于调整大连、武汉、北海海事法院管辖区域和案件范围的通知》（法发〔2002〕274号）的规定，该地区的海事案件属于武汉海事法院地域管辖，故本案应移送武汉海事法院管辖。综上，上诉人的上诉理由部分成立，原审裁定不当，应予纠正。</p>","<p>管辖异议审查中，二审法院应对二审中新提出的管辖异议理由进行审查，并依法作出判断。管辖异议审查中应依法审查管辖协议的真伪，在没有证据证明管辖协议不存在或无效时，可据协议约定依法确定管辖法院。</p>","<p>　　《中华人民共和国民事诉讼法》第34条（本案适用的是2022年1月1日施行的《中华人民共和国民事诉讼法》第34条）<br/>　　　　《最高人民法院关于海事法院受理案件范围的规定》第2部分第32项<br/>　　</p><br/>######<p>　　一审：长沙市中级人民法院（2021）湘01民初552号之一裁定（2021年6月2日）<br/>　　二审：湖南省高级人民法院（2021）湘民辖终45号裁定（2021年9月21日）</p>","\N","\N","2026-01-21 10:27:30","2026-01-21 10:27:30","07e80c49c1d2ade1ea70fc2728095928","\N","20260426"
"6197","多元解纷案例库","https://dyjfalk.court.gov.cn/site/case/5c3f9533-0b86-45b6-8b90-3469241a0cee","民事-财产损害赔偿纠纷","D2025-161-1-043-844","奇台县人民法院","民事,财产损害赔偿纠纷,房屋损害赔偿,三段递进式调解,无争议事实固定,综治中心,村委会排查化解","","2025-11-27","\N","某村突发强降雨并引发洪水，张某堆放在过桥木板上的麦草秸秆草包被洪水冲入泄洪渠造成堵塞，导致洪水蔓延至连某的三间住宅和一间棚圈，造成地基下沉、墙体塌陷。连某找到张某要求赔偿，张某认为连某的损失完全是天灾造成的，与其无关，双方各执己见、互不相让。","村委会得知该情况后迅速介入，通过“三段递进式”调解法开展以下工作： 一是安抚双方情绪，组织协商化解。村主任带领村干部入户了解情况，协助开展灾后救援，并就地组织调解。经了解，连某认为因张某不当堆放麦草秸秆草包行为造成其房屋受损，应赔偿全部损失。但张某认为主要原因是当天洪水量过大，即使泄洪渠未堵塞也无法起到泄洪作用，同时因各种树枝碎石等杂物堵塞泄洪渠，包括其自身在内村里有多户住宅被淹。村主任从邻里情谊角度出发，劝导双方缓和紧张情绪，积极协商解决，并指出需要进一步明确连某房屋受损是否由张某引发，如果确实对他人财产造成损害，依法应承担赔偿责任。 二是综治中心统筹，固定无争议事实。村委会及时将情况向综治中心反映，综治中心指派镇司法所工作人员与综治中心调解员共同开展调处工作。司法所工作人员、调解员来到事发地开展二次入户调解，通过实地查看被堵泄洪渠、现场模拟勘查，就事发当日张某不合理安放的麦草秸秆草包造成泄洪渠部分堵塞及连某房屋修建年代久远等无争议事实予以固定。张某态度有所缓和，承认对洪水蔓延至连某住宅负有一定责任，但认为其责任极其轻微。连某则提出之前已多次提醒张某尽快移走麦草秸秆草包。此外，双方对具体赔偿金额分歧较大。 三是法院指导调解，联动促成和解。鉴于多次调解未果，综治中心邀请法院指导调解，共同化解纠纷。指导法官根据前两次调解固定的无争议事实，明确争议焦点为连某的损失金额及各方承担的责任比例。考虑到双方年事较高，指导法官与调解员再次开展实地调解。指导法官选取人民法院案例库关于房屋损害赔偿案例，向张某详细释明损害赔偿的相关法律法规，使其认识到作为侵权方应对连某的房屋受损承担一定责任，并告知如进行鉴定可能需要支付较高的费用。同时，向连某指出其房屋修建于上世纪80年代，不仅存在年久失修问题，地势还低于路面，通过摆事实的方式让连某明白房屋受损还存在其他因素，引导其对赔偿金额形成合理预期。调解员在法官指导下，当即开展“背靠背”调解工作。经过耐心劝说，换位思考，双方都敞开心扉，张某同意承担赔偿责任，但顾虑调解后村里其他人会效仿，而连某则因张某事前不听其劝导心里憋着气。在引导双方算清“诉讼成本账”、“得理也饶人”的“情理账”后，连某表示谅解愿意让步，张某在了解调解的保密性后也打消了顾虑，最终双方达成调解，握手言和，并表示继续当好邻居。","本案系村民不当堆放麦草秸秆草包在洪水来临时堵塞泄洪通道引发的财产损害赔偿纠纷，双方系邻里关系，损失金额虽不大，却和老百姓利益密切相关，若未妥善化解，易影响邻里和谐。本案中，村委会排查了解该纠纷苗头后，迅速介入，通过“三段递进式”调解法开展就地调处工作。第一段，由村委会先行就地调解，发挥其熟悉乡情、民情优势，利用村约乡规缓和矛盾，促推和解，避免事态扩大。第二段，由乡镇综治中心发挥牵头统筹优势，集聚司法所等基层力量，结合纠纷类型选派调解员，在实地勘察基础上对无争议事实予以固定，理清关系、弱化矛盾，为推进调解工作奠定基础。第三段，在前两段调解未果后，邀请法院指导调解。法官充分发挥专业优势，通过运用前期调解确定的无争议事实，快速明确案件争议焦点，指导调解员从法律层面给双方当事人算清解纷成本账，从邻里层面算清情理帐，通过法与情的双重维度，力促双方打开心结，做到互谅互让，不仅高效化解纠纷，维护当事人合法权益，也修复了破裂的邻里关系，促使纠纷在基层得到实质性化解。","《中华人民共和国民法典》第238条、第1165条、第1184条","\N","","2026-01-27 09:48:42","2026-02-03 09:40:20","07fcfbfee187c9340110a6d48c472d7f","\N","20260426"
"1888","人民法院案例库","https://rmfyalk.court.gov.cn","民事-仿冒纠纷","2023-09-2-173-005","最高人民法院","民事,仿冒,不正当竞争,商业标识,特定称谓,知名度","再审","2012.02.28","02","<p>　　北京某艺术开发有限责任公司成立于1997年8月，法定代表人为张某甲。北京某陶艺厂和北京某艺术品有限公司分别于1982年11月和1994年7月成立，法定代表人均为张某乙，在经营中均使用了“泥人张”。清朝张明山在世时因精于捏塑被群众称为“泥人张”，张某甲系“泥人张”第五代传人之一，张明山的后代在经营活动中长期使用“泥人张”作为商业标识，2006年6月，“泥塑（天津泥人张）”入选第一批国家级非物质文化遗产名录。张某、张某甲、北京某艺术开发有限责任公司向北京市第二中级人民法院提起诉讼，请求判令张某乙、北京某陶艺厂、北京某艺术品有限公司停止侵权、赔礼道歉并赔偿经济损失110万元等。<br/>　　北京市第二中级人民法院于2006年12月20日作出（2006）二中民初字第1017号判决，判决如下：一、张某乙及北京某艺术品有限公司于判决生效之日起，立即停止关于“北京泥人张”及张某乙为“北京泥人张”第四代传人的宣传；二、被告北京某陶艺厂及北京某艺术品有限公司立即停止使用带有“泥人张”文字的产品名称、企业名称，立即停止在企业宣传中使用“泥人张”专有名称等侵权行为；三、被告立即停止使用泥人张互联网域名，并于判决生效之日起三十日内注销；四、被告北京某陶艺厂及北京某艺术品有限公司赔偿北京某艺术开发有限公司为本案诉讼支出的合理费用一万元；五、驳回原告其他诉讼请求。张某乙、北京某陶艺厂、北京某艺术品有限公司等不服上述判决，提起上诉，北京市高级人民法院于2007年9月20日作出（2007）高民终字第540号判决，判决如下：一、维持一审判决第四项；二、撤销一审判决一、二、三、五项；三、北京某艺术品有限公司于判决生效之日起三十日内，在其域名前附加区别性标识；四、驳回张某、张某甲、北京某艺术开发有限公司其他诉讼请求。张某、张某甲、北京某艺术开发有限责任公司不服二审判决，向最高人民法院申请再审，最高人民法院于2010年6月3日作出（2009）民申字第962号民事裁定，提审本案。经审理，最高人民法院于2012年2月28日作出（2010）民提字第113号判决：一、撤销二审判决；二、维持一审判决。</p>","<p>　　最高人民法院认为，本案涉及的主要问题包括被申请人使用“泥人张”或者“北京泥人张”有无合法合理依据，及被申请人使用“泥人张”或者“北京泥人张”是否构成不正当竞争等。<br/>　　关于被申请人使用“泥人张”或者“北京泥人张”有无合法合理依据，首先，被申请人提供的有关报道和文章记载内容的真实性难以确认。其次，从被申请人在二审和再审审理程序中提供的证人出庭作证情况来看，均不能证明被申请人在网络上和报纸上宣传的或者其主张的“北京泥人张”始于清朝道光年间或者同治年间这一内容，充其量只能证明曾有人将张桂山称为“泥人张”，但根本不能证明已经在具有法律意义的相关公众的范围内将张桂山称为“泥人张”。再次，被申请人关于“北京泥人张”历史渊源和师承关系的宣传和主张有前后不一、自相矛盾之处。一是被申请人在一审中提交的“北京泥人张四代传人概况”中称张延庆出生于清朝同治五年，但在此之前却一直宣传“北京泥人张”始于清朝道光年间。二是被申请人的证据中，《名师传艺记》与《北京工商史话》对于张桂山徒弟的数字表述相同，但人名表述明显不同。《名师传艺记》提及“张桂山收过五个弟子”，提到张桂山“大徒弟吉惠哲”“最小的徒弟李靖”和李靖的师姐“刘玉琦”；《北京工商史话》提到的五个徒弟是李延军、卢保田、王玉宝、齐永江和张林。此外，李某某作为被申请人的证人在二审庭审时出庭作证，其自称是张桂山的大徒弟，但其姓名与上述记载也有出入。复次，被申请人有关其家族几代人在解放前最先使“泥人张”成为知名商品的特有名称，且解放前北京“泥人张”的艺术成就和市场影响力远远高于天津“泥人张”的主张，缺乏证据支持。一方面，被申请人未能提供任何当时形成的文字记载等客观证据材料。另一方面，被申请人提供的证人均非待证的久远历史的亲历者，难以令人信服。<br/>　　最后，一个对人或者事物的称谓，要想成为具有商业意义的标识从而受到法律保护，必须在相关市场上为公众所知悉，具有商业标识意义，而非在极有限的时空范围内为少数人所知所用。本案中，即使可以认定被申请人出版物证据所记载内容和有关证人证言的真实性，充其量也只能说在北京市广安门内一带或者与被申请人及其先人有交往的一些人中将被申请人称为“泥人张”或“北京泥人张”，这尚不足以认定其具有构成民事权益的商业标识意义。况且，这些人的认知既不排除本身将被申请人与源自天津的“泥人张”相混淆，也不排除是对被申请人作为张姓泥塑艺人的艺术比拟或者文学夸张的称谓。综上，本案尚不足以认定被申请人及其家族已被相关公众称为“泥人张”或者“北京泥人张”。<br/>　　被申请人还主张，“泥人张”是对民间张姓泥塑艺人的通用称谓，没有唯一性和专属性，最高人民法院对被申请人的上述主张不予认可。所谓通用称谓即通用名称，是指在一定范围内普遍使用的名称，其本身不具有识别特定商品来源即商品提供者的功能。通用名称包括法定的或者约定俗成的两种情况。本案中的“泥人张”显然并非法定的通用名称。判断其是否为约定俗成的通用名称时，应当以全国范围内的相关公众的通常认识为标准，因为泥塑行业和商品在全国范围内均有分布。被申请人提供的相关证据真实性难以确认，证据本身在时间因素中不能证明在较长历史范围内社会公众已将“泥人张”用作通用称谓。此外，“泥人张”作为对张明山及其后几代人中泥塑艺人的称谓，历史悠久、声誉较高。媒体或者特定范围内的人称其他做泥人的艺人为“泥人张”，通常是一种文学上的比较手法，体现了对该艺人技艺的艺术性肯定或者夸张。被申请人提供的证据，不能充分说明“泥人张”是对张姓泥塑艺人的通用称谓，所有张姓泥塑艺人均可以在商业经营中使用“泥人张”这一名称。相反，根据上海辞书出版社2000年第1版《辞海》对“泥人张”这一名词的解释，真正的“泥人张”显然是特指张明山及其后几代人中的泥塑艺人。总之，“泥人＋姓氏”并非是对泥塑艺人的通用称谓，被申请人提供的证据不能证明全国范围内的张姓泥塑艺人均被普遍称为“泥人张”。<br/>　　被申请人又主张，北京某陶艺厂于1982年11月就注册成立，且于2010年7月在第21类商品上取得“泥人张”注册商标，而申请再审人对“泥人张”始终没有合法有效的商标权，无权限制被申请人将“泥人张”用于企业名称、服务商标和第21类商品商标。最高人民法院对此主张亦不认同。<br/>　　从法律规定和法理来说，企业名称（商号）权在性质上亦属于知识产权。北京某陶艺厂登记时实施的《工商企业登记管理条例》（1982年8月9日国务院发布）第3条、第6条以及后来我国企业名称登记管理方面的法律规定和实践操作，均实行企业名称由工商行政管理机关分级管理的做法，一个企业名称只要在同一行政辖区内与同行业其他企业不重名一般就可以获得登记，工商行政管理机关办理登记并进行审查时，一般不会考虑该企业名称的登记和使用是否会侵犯他人的合法权益。因此，一个企业名称的登记取得并不意味着该企业名称的取得和使用就是当然合法的，权利人并不因此而享有对该企业名称的绝对权利。<br/>　　本案中，北京某陶艺厂于1982年11月26日成立。虽然申请再审人在此之前没有将“泥人张”申请为注册商标或者登记为企业名称，但根据本案中1884年出版的《津门杂记》出版的《天津志略》、1956年出版的《泥人张的生平及其艺术》等证据，同时结合天津市高级人民法院（1996）高知终字第2号民事判决的认定，“泥人张”这一名称早在清朝时期就存在并产生了较高的知名度，远早于且由申请再审人家族世代传承和持续使用至北京某陶艺厂的成立前后；“泥人张”作为对申请再审人家族中泥塑艺人及其技艺、作品等的特定称谓，历史悠久且目前仍具有很高的知名度，其知名范围并不限于天津，甚至不限于中国境内，在国际上也享有知名度。北京某陶艺厂和北京某艺术品有限公司在没有合法合理依据的情况下将“泥人张”作为企业字号予以登记，具有明显的攀附故意。<br/>　　此外，北京某艺术品有限公司虽然申请注册第303364X号商标，商标评审委员会也裁定核准注册该商标，但张某不服该裁定，针对该裁定提起的有关行政诉讼案件目前尚在二审审理程序中，该裁定尚未发生法律效力。况且，更为关键的是，该商标申请注册在后，不能以此来反推被申请人此前使用“泥人张”具有合法合理依据。<br/>　　关于被申请人使用“泥人张”或者“北京泥人张”是否构成不正当竞争<br/>　　根据我国1993年施行的《反不正当竞争法》第2条，在本案中判断被申请人对“泥人张”或者“北京泥人张”的使用是否构成不正当竞争，关键在于两点：一是被申请人对“泥人张”或者“北京泥人张”的商业使用是否有合法合理依据，以及是否违反了诚实信用的原则和公认的商业道德；二是被申请人对“泥人张”或者“北京泥人张”的使用是否会导致消费者产生混淆、误认，即认为被申请人的商品或者服务出自“泥人张”权利人或者与权利人有特定联系，是否损害了“泥人张”经营者的合法权益，扰乱了社会经济秩序。<br/>　　第一，如前所述，被申请人使用“泥人张”或者“北京泥人张”并无合法合理依据。<br/>　　第二，被申请人张某乙、北京某陶艺厂、北京某艺术品有限公司对“泥人张”或者“北京泥人张”的使用显然违反了诚实信用的原则和公认的商业道德。主要表现在：（1）源自天津的“泥人张”具有很久、很高的社会知名度，作为同行业的经营者，被申请人在开始其涉案经营活动之时，不可能不知道源自天津的“泥人张”的存在及其知名度。因此，被申请人在开始有关“泥人张”或者“北京泥人张”的经营时应当已知源自天津的“泥人张”的存在及其知名度。（2）被申请人关于“北京泥人张”历史渊源的宣传与申请再审人“泥人张”的历史传承极为相似，均是始于清朝道光年间，至今有近160年的历史，已经发展到第四代传人，但被申请人却无法提供证据证明其关于“北京泥人张”创始于清朝道光年间的张延庆、至今已经传承四代的主张。而且，被申请人在其关于“北京泥人张”历史渊源的宣传和主张中有如前所述起源年代的矛盾之处。这也进一步表明，被申请人有故意攀附或者主观臆造之意。（3）被申请人在一审中还辩称其在宣传中一直使用“北京泥人张”字样，用以区别于天津泥人张，且双方产品具有较大差别，但从最高人民法院查明的事实来看，被申请人在商业经营和宣传中也显然直接使用了“泥人张”。被申请人直接使用“泥人张”的行为至少包括：①使用溥杰题字的“泥人张”，且该题字并非溥杰主动确定的内容，而实际是受被申请人的请托事先确定的题字内容。②注册和使用“www.nirenzhang.com”域名。③在买卖合同中直接使用“泥人张”指代其产品来源。<br/>　　第三，关于双方当事人的产品是否属于相类似及被申请人使用“泥人张”或者“北京泥人张”是否造成了相关公众的混淆、误认的问题。申请再审人的产品为彩塑艺术品，被申请人的产品为仿古陶艺制品。被申请人据此主张双方产品并不相类似。但是，根据涉案证据《中国工美报告—全国工艺美术行业普查报告书》和《陶瓷艺术与工艺》对彩塑与泥陶产品的原料、工艺的介绍，双方产品均属于雕塑工艺品，用材、工艺流程、功能用途均相似；同时，根据申请再审人在再审审理程序中提供的证据，两种产品均在被申请人开办的“北京泥人张古今艺术品服务部”出售。由于“泥人张”具有很高的知名度，对未经权利人许可作各种形式的商业使用，一般均足以导致相关公众的混淆、误认。<br/>　　综上，“泥人张”作为对张明山及其后几代人中泥塑艺人的特定称谓和他们所传承的特定技艺以及创作、生产作品的特定名称，已有百余年的使用历史，已经成为享有很高社会知名度的一种商业标识。被申请人在明知“泥人张”知名度的情况下，使用“泥人张”或者“北京泥人张”作为其企业名称中的字号和在经营活动中作为其商业标识，但又不能提供充分证据证明其使用“泥人张”或者“北京泥人张”的合法合理依据，显然具有借助他人商誉的主观故意，客观上也足以造成公众的混淆、误认，其行为违反诚实信用原则，违背公认的商业道德，构成不正当竞争。</p>","<p>具有较高知名度，用于指代特定人群以及该特定人群的技艺和作品的特定称谓，承载的商业价值极大，应当依法给予保护。<br/>　　在判断公开出版物记载内容的真实性时，要考虑出版物本身对真实性的要求、记载内容来源相同的不同出版物的相关内容是否一致、有无其他证据支持或者推翻相关记载内容等。<br/>　　在判断“行业（或商品）+姓氏”的称谓是否属于通用的称谓时，应当考虑该称谓是否属于仅有的称谓方法、该称谓所指的人物或者商品的来源是否特定、该称谓是否使用了文学上的比较手法等因素。</p>","<p>　　《中华人民共和国反不正当竞争法》（2019年修正）第2条（本案适用的是《中华人民共和国反不正当竞争法》（1993年施行）第2条）</p><br/>######<p>　　一审：北京市第二中级人民法院（2006）二中民初字第1017号民事判决（2006年12月20日）<br/>　　二审：北京市高级人民法院（2007）高民终字第540号民事判决（2007年9月20日）<br/>　　再审审查：最高人民法院（2009）民申字第962号民事裁定（2010年6月3日）<br/>　　再审：最高人民法院（2010）民提字第113号民事判决（2012年2月28日）</p>","\N","\N","2026-01-21 10:27:30","2026-01-21 10:27:30","08009f9e5e88647af0d1d2a04672ade9","\N","20260426"
"3117","人民法院案例库","https://rmfyalk.court.gov.cn","民事-不正当竞争纠纷","2023-09-2-488-018","广州知识产权法院","竞争,互联网不正当竞争,道德评价,比例原则,竞争效果评估,技术创新与竞争秩序维护","二审","2019.09.18","02","<p>　　湖南某互动娱乐传媒有限公司（下称某传媒公司）诉称：1.广州某软件股份有限公司（下称某软件公司）立即停止利用“720浏览器”通过技术手段屏蔽涉案网站片头广告及暂停广告、会员免广告功能按钮的不正当竞争行为；2.某软件公司赔偿其经济损失及合理费用共110万元。某传媒公司后于一审撤回了第一项诉请。<br/>　　某软件公司答辩称：一、720浏览器主要用于游戏竞技并非用于视频观看，其无侵权的主观意图。二、浏览器拦截广告行为不构成对视频网站的侵权。某传媒公司的“免费+广告”的商业模式不受法律保护。720浏览器软件符合技术中立原则。三、浏览器拦截广告的行为不构成不正当竞争。四、某传媒公司的诉请赔偿数额显失依据。请求法院驳回某传媒公司的全部诉讼请求。<br/>　　经审理查明，某传媒公司系某视频网站的经营者；某软件公司于2013年开始运营720浏览器。<br/>　　某传媒公司于2016年12月15日公证取证如下内容：1.某软件公司经营的网站网页上，以显著方式标示“看视频 无广告”，宣传“独特的广告屏蔽技术 让您欣赏视频快人一步”。2.某传媒公司2013年8月30日发布的720浏览器V1.0.1版本中，描述720浏览器的主要功能包括广告拦截功能（主要是视频、页面、弹窗广告）和可选择性广告拦截功能；2015年9月18日V43.0.0.0版本优化内容包括“优化广告拦截效果”。3.在安装720浏览器软件时，安装过程中，软件界面出现“720就是没广告！广告屏蔽，游戏辅助，娱乐平台”字样，并显示浏览器中的广告拦截插件已有180万人安装。4.运行720浏览器登录某视频网站时，浏览地址栏右侧出现“AD”图标，但使用者不需要进行额外操作选择便可以直接屏蔽该网站视频的片头广告、暂停广告以及会员免广告功能按钮；关闭该浏览器后改使用IE浏览器，对同样视频进行播放，正常呈现出片头广告和暂停广告以及会员免广告功能按钮。<br/>　　720浏览器的拦截屏蔽视频广告的功能是通过内置Adblock Plus插件实现的。关于Adblock Plus插件，当事人均认为该插件在2006年就已经存在，拦截屏蔽的阻止手段主要为改变广告来源的URL。此外，IE浏览器、QQ浏览器、chrome浏览器、搜狗高速浏览器、firefox浏览器等浏览器均不存在直接拦截视频广告的功能。根据某传媒公司提交的公证书显示，在不同的浏览器中分别下载安装Adblock Plus插件，对于相同视频网站的片头广告是否产生拦截屏蔽效果存在差异。<br/>　　广东省广州市黄埔区人民法院于2018年1月4日作出（2017）粤0112民初字737号民事判决：驳回某传媒公司的全部诉讼请求。宣判后，某传媒公司提起上诉，广州知识产权法院于2019年9月24日作出（2018）粤73民终1022号民事判决: 一、撤销广州市黄埔区人民法院（2017）粤0112民初737号民事判决；二、某软件公司赔偿某传媒公司经济损失及合理开支80万元；三、驳回某传媒公司的其他诉讼请求。</p>","<p>　　法院生效裁判认为：本案的被诉行为发生在2018年以前，应适用1993年施行的《中华人民共和国反不正当竞争法》（以下简称93年反不正当竞争法），由于93年反不正当竞争法对于涉案被诉行为未作特别规定，因此应当依据93年反不正当竞争法第二条的一般条款进行审查，即被诉行为是否属于违反诚实信用原则和公认的商业道德的行为，以及评估该种竞争行为对于社会经济秩序产生积极还是消极的效果，是否属于扰乱社会经济秩序的行为。<br/>　　一、被诉行为是否属于违反诚实信用原则和公认的商业道德的行为<br/>　　（一）被诉行为是否违反了互联网领域公认的商业道德。首先，《互联网广告管理暂行办法》第十六条规定，不得对他人正当经营的广告采取拦截、过滤、覆盖、快进等限制措施。其次，《互联网终端软件服务行业自律公约》第三条、第十九条约定，不得针对特定信息服务提供商拦截、屏蔽其合法信息内容及页面等。再次，现有证据显示，浏览器包含直接拦截视频广告的功能并非行业惯例。最后，由于被诉行为是某软件公司通过720浏览器设置的功能拦截屏蔽了某传媒公司网站视频中合法经营的广告，干扰和影响了某传媒公司对于其网站内合法经营的广告播放内容的处分权，属于对他人处分权的侵害行为。综合以上内容，被诉行为违反了互联网领域公认的商业道德。<br/>　　（二）关于某软件公司的主观过错问题。首先，某软件公司在其网站上大肆宣传“看视频 无广告”等内容，并在软件安装界面出现“720就是没广告！广告屏蔽，游戏辅助，娱乐平台”字样，故某软件公司对720浏览器屏蔽广告行为是明知且故意宣传的。其次，720浏览器使用的是Adblock Plus插件，在使用该插件时选择了包含针对某传媒公司网站视频广告的过滤规则却未加以合理排除，某软件公司的涉案行为已包含了对某传媒公司的针对性和指向性，其对拦截屏蔽后果在主观上具有放任的故意。再次，运行720浏览器登录涉案视频网站时，用户不需要选择便可以直接屏蔽该网站视频的片头广告、暂停广告以及会员免广告功能按钮，这种浏览器内置拦截屏蔽广告的功能并且默认开启的方式，相较于由用户自主选择是否开启使用而言，也明显更不恰当、主观过错更大。<br/>　　（三）关于某传媒公司主张的商业模式是否属于法定权利或权益而获得保护的问题。首先，包括涉案视频网站在内的众多视频网站目前所采取的“广告+免费视频”与“会员+无广告”的商业模式，属于双边市场的商业模式，用户资源是整个商业模式运转的关键，是广告费和会员费的基础。其次，某软件公司经营的720浏览器所采取的也是相同的双边市场商业模式，一边以其宣传的“看视频 无广告”作为区别于市场主流浏览器的免费主打产品用于集聚用户资源，另一边则是增值的网络游戏运营服务。由于法律上认可的绝对权利或权益具有一定的垄断性，故在法律没有明确规定时，给予绝对权利或权益的保护时应当慎重。鉴于商业模式应作为权利或权益受到保护没有法律明确规定，本案双方当事人均使用实质基本相同的双边市场商业模式，因此不应将某传媒公司主张的商业模式作为一种具体权利或权益单独赋予其。但即使如此，某软件公司仍然应当以质优价低、效能竞争等方式施以公平竞争集聚用户资源以经营发展其浏览器。而不应为了增加浏览器自身的用户资源以违反公认的商业道德的被诉行为干扰侵害某传媒公司对于涉案网站内合法经营的广告播放内容的处分权。<br/>　　综合，二审法院认定某软件公司的被诉行为属于违反诚实信用原则和公认的商业道德的行为。<br/>　　二、被诉行为对于社会经济秩序产生积极还是消极的效果，是否属于扰乱社会经济秩序的行为<br/>　　（一）被诉行为是否符合技术中立的原则、以及是否有利于技术创新。关于被诉行为是否符合技术中立的问题。虽然Adblock Plus插件的屏蔽广告技术本身是中立的，但某软件公司的被诉行为并非单纯向用户提供Adblock Plus插件技术，而是将插件作为一种工具使用在自己的浏览器中进行经营的行为。同时，某软件公司在浏览器中使用该插件，拦截屏蔽涉案网站的视频广告，其实际使用的目的并非单纯为消费者谋福利，而是为了增加浏览器自身的用户资源和谋求更多的交易机会。故某软件公司技术中立抗辩不成立。关于被诉行为是否有利于技术创新。（1）正如最高人民法院在（2013）民三终字第5号案中所认定的，互联网行业鼓励自由竞争和创新，但这并不等于互联网领域是一个可以为所欲为的法外空间。竞争自由和创新自由必须以不侵犯他人合法权益为边界。否则，任何人均可以技术进步为借口，对他人的技术产品或者服务进行任意干涉，就将导致借技术进步、创新之名，而行“丛林法则”之实。（2）Adblock Plus插件在2006年就已存在，因此即使720浏览器使用的确实是Adblock Plus插件，也不属于当下互联网领域的新技术。（3）屏蔽视频广告的结果会导致视频网站经营者的广告费和会员费等收入减少、甚至可能无法填补免费播放视频的运营成本而难以为继，但某软件公司在造成上述后果的同时却未能为用户继续观看免费视频的需求提供其他等效的替代解决方案，只见破坏而不见创新的行为不应获得肯定和鼓励。（4）关于视频网站防止广告拦截屏蔽的手段。双方当事人均确认目前拦截屏蔽的阻止手段主要为改变广告来源的URL，该方法并无太多的技术成分以及技术创新，而且防止拦截的方法相对于拦截屏蔽技术而言明显处于劣势地位。（5）将被诉行为认定为不正当竞争行为予以规制，只是对某软件公司将Adblock Plus插件作为一种工具使用在自己的浏览器中进行经营的行为作出否定评价，而非对于Adblock Plus插件这类技术本身作出否定评价（使用这类工具屏蔽恶意广告是应当支持的），也不会影响屏蔽技术的进一步创新发展。综上，被诉行为对于技术创新不具有积极效果。<br/>　　（二）被诉行为对于消费者长远利益的影响。某传媒公司的涉案视频网站已经为消费者是否观看视频的片头广告、暂停广告提供了不同选择与合理安排，并且通过视频页面的“会员免广告功能按钮”等方式予以提示。这种处理兼顾其填补播放免费视频所需的运营成本（包括支付视频的版权费用等），同时满足“消费者可以选择免费观看视频的需求”的利益；消费者亦可以在“广告+免费视频”与“会员+无广告”之间作出选择，以上选择是消费者意思自治的体现，所形成的视频网站与消费者之间的合意既保护了消费者整体的利益也不会影响消费者个体的自主选择权。对于被诉行为而言，某软件公司一则没有证据证明我国目前的经济发展水平足以让消费者轻松承担视频网站将广告费收入转嫁给消费者的成本；二则没有证据证明消费者付费观看网络视频的消费模式已然取代目前的模式在国内的互联网环境中占据绝对优势；三则没有证据证明其为用户继续观看免费视频的需求提供了其他等效的替代解决方案；四则没有证据证明消费者通过浏览器观看视频网站的视频相对于利用移动端App观看等其他方式而言已经降至极低比例，从而无论是否通过浏览器屏蔽视频广告均不影响视频网站存续的情形。被诉行为从长期而言则有可能令网络用户无法实现继续观看免费视频的需求，也没有提供其他等效的替代解决方案，对消费者的长远利益将产生负面的、消极的影响。<br/>　　本案中，鉴于某传媒公司的损失数额以及某软件公司的获利数额均难以计算，因此结合双方当事人的经营规模、涉案不正当竞争行为的性质、期间、后果以及某传媒公司为制止不正当竞争行为所支付的合理开支等因素，二审法院酌情判决某软件公司应向某传媒公司赔偿经济损失及合理费用合计80万元，对超出该金额的上诉请求二审法院不予支持。</p>","<p>本案主要涉及浏览器屏蔽视频网站广告的新型互联网不正当竞争行为的审查认定，人民法院应在不正当竞争诉讼特别是涉互联网案件中依据“多角度综合评价范式”进行详细论证：对于法律没有明确规定的网络环境下的竞争行为，综合运用道德评价、比例原则、竞争效果评估等方法，从竞争行为是否损害经营者的合法权益、是否违反互联网领域公认的商业道德、是否具有激励技术创新的积极效果、是否有利于消费者长远利益保护等多个角度对竞争行为的正当性进行审查认定。</p>","<p>　　《中华人民共和国反不正当竞争法》第2条、第20条<br/>　　《中华人民共和国民事诉讼法》第177条第1款第2项（本案适用的是2017年修正的《中华人民共和国民事诉讼法》第170第1款第2项）</p><br/>######<p>　　一审：广东省广州市黄埔区人民法院（2017）粤0112民初737号民事判决（2018年1月4日）<br/>　　二审：广州知识产权法院（2018）粤73民终1022号民事判决（2019年9月18日）</p>","\N","\N","2026-01-21 10:27:30","2026-01-21 10:27:30","0809359b2ebb01564e154a4125dcbc8f","\N","20260426"
"2428","人民法院案例库","https://rmfyalk.court.gov.cn","民事-买卖合同纠纷","2023-10-2-084-004","天津市第二中级人民法院","民事,国际货物买卖合同,一事不再理,当事人,诉讼标的,诉讼请求","一审","2013.12.18","02","<p>　　原告某进出口公司诉称：2009年2月17日，原告与被告山西某食品公司订立了一份编号为SW09-ASC487的《销售合同》，约定被告向原告出口50.01吨核桃仁。后，被告履行了合同项下34.38吨核桃仁的交付义务，尚余15.63吨核桃仁未交付。原告认为，被告拒绝履行交货义务的行为构成严重违约，根据《中华人民共和国合同法》第一百零七条的规定，被告应当承担继续履行、采取补救措施或者赔偿损失等违约责任。为此，原告诉至法院，请求判令：1、被告向原告继续履行SW09-ASC487号合同，在判决生效之日起三个月内，向原告交付该合同项下尚未交付的核桃仁15.63吨；2、被告承担本案的所有诉讼费用。<br/>　　  被告辩称：原告起诉属于重复诉讼，其本案诉讼请求已在（2011）二中民三初字第14号案件（以下简称14号案）中作过处理，14号案就SW09-ASC487号合同项下15.63吨核桃仁已进行过审理，判决已生效并执行完毕，故本案属于重复诉讼。具体理由如下：1、原告在14号案起诉状及证据目录中，对SW09-ASC487号合同项下15.63吨核桃仁明确提出主张；2、法院在14号案中对SW09-ASC487号合同项下15.63吨核桃仁已进行审理，判决已生效并执行；3、2010年11月8日、9日的电子邮件表明双方合同已解除，原告代理人在14号案中未提交该证据，导致案件事实认定发生偏差，其诉请未能得到满足，原告应自行承担不利后果。综上，请求法院驳回原告的诉请。<br/>　　  天津市第二中级人民法院经审理查明：原告曾因SW09-ASC487号合同与被告发生的纠纷向该院提起诉讼，案号为（2011）二中民三初字第14号，该案判决已发生法律效力，在双方均未提供相反证据的情况下，该院依据生效判决载明的内容，确认如下事实：2009年2月16日，原告与被告签订编号为SW09-ASC487的《销售合同》一份，约定被告向原告供应50.01吨糖衣核桃仁，单价5050美元/吨，交货方式为“CFR汉堡”，履行期为2009年4月至12月，根据买方的要求（交货）。根据原告订单，被告分别于2009年6月1日交付10.8吨、10月23日交付4.98吨，单价5050美元/吨。2009年12月17日，被告向原告发送电子邮件，要求将SW09-ASC487号合同项下未履行部分价格每吨提高500美元。2010年1月4日，原告就SW09-ASC487号合同项下12号订单修改价格问题给被告发去电子邮件，同意将价格提高至5550美元/吨。同日被告交付18.6吨。被告总计已履行34.38吨，余15.63吨至今未履行。2009年5月19日，原、被告签订编号为SW09-ASC493的《销售合同》一份，约定由被告向原告供应100.005吨糖衣核桃仁，单价5230美元/吨。被告已交付原告5.235吨，余94.77吨未履行。2009年12月6日，被告要求将SW09-ASC493合同项下货物加价到6330美元/吨。原告12月17日给被告的电子邮件明确表示不同意加价，要求被告继续履行合同。2009年12月18日，被告给原告发电子邮件表示，如果价格不能提高，被告将不履行合同。2009年11月20日，原告与案外人中国某土特产品有限公司签署一份《销售合同》，约定以6300美元/吨的价格向中国某土特产品有限公司采购90吨核桃仁。2010年4月20日，原告与中国某土特产品有限公司签署另一份《销售合同》，以6400美元/吨的价格向中国某土特产品有限公司采购45吨核桃仁。2011年7月，原告向该院提起诉讼，称在SW09-ASC487号、SW09-ASC493号合同中，共向被告采购150.015吨核桃仁，被告供货39.615吨，剩余110.4吨核桃仁虽经原告反复催促，被告拒绝履行。原告为继续履行与上一级购买方签署的供货合同，就被告不能交货部分以高于合同价款向中国某土特产品有限公司另行采购核桃仁，其中110.4吨用于弥补被告拒绝交货部分，原告为此多支出125476.4美元，折合人民币857543.36元，故请求该院判令：1、被告向原告支付因被告未全部履行交货义务，造成原告进行替代性采购而额外支出的经济损失人民币857543.36元；2.本案诉讼费用全部由被告承担。该院经审理认为，被告在签署上述两份合同后仅依据合同约定交付39.615吨货物，剩余110.4吨虽经原告催促，无正当理由拒绝供货，已经构成违约，应承担相应的违约责任。原告要求以替代采购的价格与合同差价作为损失数额，此种计算方式符合《中华人民共和国合同法》及《联合国国际货物销售合同公约》的规定。但在适用时首先需具备一个前提条件，即原、被告合同已经解除或被宣告无效。而SW09-ASC487号《销售合同》双方就价格进行了重新协商及变更，至2010年1月4日双方仍在履行，双方均未提出解除；原告于2009年11月20日与案外人签订的合同系在SW09-ASC493号合同履行期内，且无证据表明被告明确表示或以自己的行为表明不履行主要债务，原告的此采购行为不能认定为替代采购行为，不能依此主张损失赔偿；原告于2010年4月20日与案外人签订的合同，系在SW09-ASC493号合同解除后，应认定为替代性采购。综上，该院判决被告赔偿原告经济损失52650美元，驳回原告其他诉请。一审宣判后，原、被告均不服，向天津市高级人民法院提起上诉，后双方撤回上诉，一审判决发生法律效力。<br/>　　  另查明，2010年3月16日，原告发给被告“第5号，修改后的订单#13”，载明：“修改后第5号的订单，该订单项下的销售合同的合同号分别为SW09-ASC487#4，该合同项下货物为1×40英尺集装箱、1042箱×15千克、规格为4-14毫米的琥珀核桃仁，于2010年4月30日前装运……”2010年11月8日，原告给被告发邮件，标题为“关于：订单#13及2011年琥珀桃仁的真实价格”，具体内容如下：“尊敬的史先生：请再次参阅我方订单#13。我们已经多次要求您现在交货。如果您能反馈给我们您的答复，我们将非常感谢……”2010年11月9日，被告给原告发邮件，标题为：“关于：订单#13及2011年琥珀桃仁的真实价格”，具体内容如下：“尊敬的Otto先生：非常感谢您发来的邮件。坦率地讲，我们不能明白您的意图。一方面您要求我们发货，另一方面您却又授权律师来处理争议。我们很迷惑，也不知道如何与您继续合作。”<br/>　　  天津市第二中级人民法院于2013年12月18日作出(2013)二中民三初字第7号民事裁定书：驳回原告某进出口公司的起诉。宣判后，原告未提出上诉，裁定已发生法律效力。<br/>　　</p>","<p>　　法院生效裁判认为：关于法律适用问题。因本案为涉外案件，应当依法确定处理实体争议的准据法，由于原告所在国德意志联邦共和国和被告所在国中华人民共和国均为《联合国国际货物销售合同公约》的缔约国，原、被告双方达成的买卖协议未明确排除《联合国国际货物销售合同公约》的适用，因此本案应当适用《联合国国际货物销售合同公约》的有关规定。<br/>　　关于本案是否构成重复诉讼的问题。法院认为，原、被告双方签订的SW09-ASC487号合同，系双方当事人真实意思表示，未违反法律、行政法规强制性规定，应认定为有效。被告在履行了部分交货义务后，未再向原告交付剩余货物，其行为构成违约，应承担相应的法律责任。但原告在已经起诉要求被告承担赔偿损失的违约责任后，再行提起诉讼要求被告承担继续履行的违约责任，违反了“一事不再理”的原则，法院不应受理。首先，14号案与本案均为在同一合同项下，因被告拒绝履行交付义务，原告要求其承担违约责任的诉讼，从有关诉的理论上看，两案当事人相同，诉讼标的相同，属于典型的重复诉讼；其次，从相关法律规定来看，买卖合同的一方在认为对方构成违约的情况下，享有要求违约方承担继续履行、采取补救措施或者赔偿损失等违约责任的权利。本案原告在被告拒不交付剩余货物后，不仅主张已向案外人购买了相同的货物提供给上一级购买方，而且起诉要求被告赔偿全部损失，其已就要求被告承担违约责任的方式作出了选择并提出了明确的要求，在生效判决亦确认被告构成违约并应承担违约责任的情况下，无论原告据以计算赔偿的数额或方法能否获得支持，均不能成为其另诉违约责任的理由；再次，原告认为提起本案诉讼的主要原因是其在14号案中要求赔偿的诉请未得到支持，而且生效判决认为合同未解除，故原告提起要求继续履行的诉讼。对此，法院经审查认为，1、原告提交了其与被告在2010年11月8日、9日的往来邮件，以证明“被告已经明确表示不会与原告继续合作”，在被告明确表示拒绝履行合同义务的情况下，原告虽未直接提出解除合同的要求，但是，其主张已另行采购并起诉要求被告全额赔偿损失的行为，实际上已经做出了解除合同的意思表示并以诉讼的方式通知了被告，现其要求被告继续履行的主张与此前的诉讼行为相悖，亦与事实不符；2、就原告认为生效判决认定合同未解除产生了新事实的问题，法院认为，14号案生效判决关于合同未解除的认定，是法院在审核原告主张以替代性采购差额作为损失数额是否符合公约规定的条件时，认为在原告主张的替代性采购时间之前，双方均未提出解除，故不符合公约规定的赔偿计算的时间条件，从而对原告主张的赔偿数额未予支持，但法院并未认定原告提起诉讼并主张全额赔偿之后，双方仍在继续履行合同，故原告对生效判决理解有误，不能以此作为另诉的依据；3、赔偿损失作为合同一方当事人承担违约责任的一种形式，其据以计算的方法有多种形式。根据《联合国国际货物销售合同公约》第七十四条、第七十五条、第七十六条关于损害赔偿的规定，作为买方的原告，在被告违约的情况下，既可以取得合同价格和替代货物交易价格之间的差额以及按照第七十四条规定可以取得的任何其他损害赔偿，也可以在不满足按第七十五条规定进行购买的情况下取得合同规定的价格和宣告合同无效时的时价之间的差额以及按照第七十四条规定可以取得的任何其他损害赔偿。因此，本案原告在认为被告违约的情况下，在14号案中起诉要求被告赔偿损失时，有多种主张损失赔偿的计算方式，但原告在该案中仅要求按照替代性采购的差额计算其损失，未提出其他损失赔偿主张，也未要求法院酌情确定，其因替代性采购不符合法律规定条件造成的主张未获支持的后果，应当自行承担或者通过符合法律规定的途径补救，而非另行起诉改为要求被告承担继续履行的违约责任。因此，法院认为，原告在同一合同项下，就被告拒不履行交付义务的同一违约行为，无论要求其承担何种违约责任，均应在一案中一并解决，而非拆分成多个案件分别起诉，该行为既不符合法律规定，也人为增加了双方当事人的诉讼成本，不利于双方权利义务关系的稳定。</p>","<p>“一事不再理”原则，是指同一当事人，就同一法律关系提出同一的诉讼请求的案件，如果已在法院受理中或者已被法院裁判，就不得再起诉，法院也不应再受理，避免作出相互矛盾的裁判。从一事不再理原则的诉讼法理以及司法实践出发，是否满足一事不再理应当从三个方面同时考察：“当事人+诉讼标的+诉讼请求”。</p>","<p>　　《中华人民共和国民事诉讼法》第127条第5项</p><br/>######<p>　　一审：天津市第二中级人民法院（2013）二中民三初字第7号民事裁定（2013年12月18日）</p>","\N","\N","2026-01-21 10:27:30","2026-01-21 10:27:30","0809b4477208ac2f67f1a2bb77509a9f","\N","20260426"
"6114","多元解纷案例库","https://dyjfalk.court.gov.cn/site/case/2e393837-5b8b-4d3e-bc1f-c0684629cb42","民事-物业服务合同纠纷","D2025-161-1-121-920","新疆维吾尔自治区博尔塔拉蒙古自治州中级人民法院","民事,物业服务合同纠纷,业主拒交物业费,物业服务瑕疵,社区参与化解,特邀调解员","","2025-12-12","\N","某小区由某物业公司提供物业服务。部分业主以物业公司服务人员态度恶劣，环境卫生清洁不及时、不到位存在服务瑕疵为由拒绝交纳物业费。某物业公司则认为部分业主长期拖欠物业费的行为导致公司运营资金紧张，难以保障物业服务的正常开展，故诉至法院，要求40户业主支付拖欠的物业费及违约金。","法院收到起诉材料后，认为本案虽单案标的额较小，但涉及业主数量多、覆盖范围广，且双方因长期沟通不畅已形成积怨，若直接进入审理程序，易进一步加深矛盾，不利于实质化解，更可能影响社区和谐稳定。为此，经征得双方当事人同意，法院委托特邀调解员开展先行调解，并邀请社区参与，组成调解小组，开展以下调解工作： 首先，调解小组与双方进行前期沟通和信息核查，奠定调解基础。调解员通过电话沟通、线下约谈等方式，分别与某物业公司及业主代表对接，全面了解双方争议焦点，耐心释明调解的高效、低成本优势，引导双方放下对立情绪，主动协商解决。 其次，调解小组对物业公司进行实地调查，找准矛盾症结。为客观评估物业服务质量，调解员会同指导法官深入小区开展实地勘查，重点核查以下内容：物业公司服务人员的服务意识与响应效率、公共区域的卫生状况、安保人员的值守情况、公共设施的维护质量，形成直观的勘查记录。 然后，调解小组组织双方进行“面对面调解”，充分释法说理。调解小组组织物业公司、业主代表当面充分表达诉求。调解过程中，调解员从“情理”层面切入，强调和谐邻里关系与良好居住环境对业主生活、物业公司运营的重要意义，引导双方换位思考。指导法官则依据《民法典》相关规定，精准释明物业服务合同中双方的权利义务，既指出物业公司在环境卫生、服务态度等方面存在的瑕疵，明确其改进义务，也向业主强调“物业服务存在部分瑕疵不等于可以拒绝交纳物业费”的法律底线，增强双方的履约意识。通过多轮沟通磋商，双方逐步从“对立对抗”转向“理性协商”，分歧不断缩小，最终就物业费交纳金额、交纳期限及物业公司后续服务改进措施达成共识。 最后，调解小组建立“跟踪回访机制”，巩固调解成效。调解协议达成后，法院联合社区建立“跟踪回访机制”，定期通过电话、上门走访等方式，核查业主物业费交纳情况及物业公司服务改进进度，确保调解成果落地。","本案是物业服务合同纠纷，虽单案标的额小，但涉及业主较多，直接关系居民生活品质与基层治理，具有“牵一发而动全身”的示范效应。本案中，法院特邀调解员通过实地勘查、民意调研，精准定位“物业服务瑕疵”与“业主拒交物业费” 的双向矛盾；社区则发挥基层组织的群众沟通优势，运用灵活的调解技巧搭建协商平台；法官提供专业法律指导，确保在法律框架内推进调解工作，三方形成“1+1+1>3”的解纷合力。调解成功后，通过“跟踪回访机制”，及时了解业主物业费交纳情况及物业公司服务改进进度，确保调解成果落地，实现物业公司收回拖欠物业费，保障正常运营；业主通过协商促使物业公司承诺改进服务，提升居住体验的“双赢”效果，助力和谐社区建设。","《中华人民共和国民法典》第937条、第942条、第944条","\N","","2026-01-27 09:48:31","2026-02-03 09:40:09","081a76209808349ade23913fbd0b79d9","\N","20260426"
"5290","人民法院案例库","https://rmfyalk.court.gov.cn","民事-生命权、身体权、健康权纠纷","2020-18-2-001-002","信阳市平桥区人民法院","民事,生命权,劝阻,合理限度,自身疾病","一审","2019.12.30","01","<p>　　2019年9月23日19时40分左右，郭某骑着一辆折叠自行车从博士名城小区南门广场东侧道路出来，向博士名城南门出口骑行，在南门广场与5岁儿童罗某相撞，造成罗某右颌受伤出血，倒在地上。带自己孩子在此玩耍的孙伟见此情况后，将罗某扶起，并通过微信语音通话功能与罗某母亲李某1联系，但无人接听。孙伟便让身旁的邻居去通知李某1，并让郭某等待罗某家长前来处理。郭某称是罗某撞了郭某，自己还有事，需要离开。因此，郭某与孙伟发生言语争执。孙伟站在自行车前面阻拦郭某，不让郭某离开。<br/>　　事发时的第一段视频显示：郭某往前挪动自行车，孙伟站在自行车前方，左手拿手机，右手抓住自行车车把，持续时间约8秒后孙伟用右手推车把两下。郭某与孙伟之间争执的主要内容为：郭某对孙伟说，你讲理不？孙伟说，我咋不讲理，我叫你等一会儿。郭某说，你没事我还有事呢。孙伟说，我说的对不，你撞小孩。郭某说，我还有事呢。孙伟说，你撞小孩，我说你半天。郭某说，是我撞小孩还是小孩撞我？第二段视频显示，孙伟、郭某、博士名城小区保安李某2、吴某四人均在博士名城小区南门东侧出口从南往北数第二个石墩附近。孙伟左手拿手机，右手放在郭某自行车车把上持续时间约5秒左右。李某2、吴某劝郭某不要骂人，郭某称要拨打110，此时郭某情绪激动并有骂人的行为。<br/>　　2019年9月23日19时46分，孙伟拨打110报警电话。郭某将自行车停好，坐在博士名城小区南门东侧出口从南往北数第一个石墩上。郭某坐在石墩上不到两分钟即倒在地上。孙伟提交的一段时长14秒事发状况视频显示，郭某倒在地上，试图起身；孙伟在操作手机，报告位置。<br/>　　2019年9月23日19时48分，孙伟拨打120急救电话。随后，孙伟将自己孩子送回家，然后返回现场。医护人员赶到现场即对郭某实施抢救。郭某经抢救无效，因心脏骤停死亡。<br/>　　另，郭某曾于2019年9月4日因“意识不清伴肢体抽搐1小时”为主诉入住河南省信阳市中心医院，后被诊断为“右侧脑梗死，继发性癫痫，高血压病3级（极高危），2型糖尿病，脑血管畸形，阵发性心房颤动”。信阳市中心医院就郭某该病症下达病重通知书，显示“虽经医护人员积极救治，但目前患者病情危重，并且病情有可能进一步恶化，随时会危及患者生命”。信阳市中心医院在对郭某治疗期间，在沟通记录单中记载了郭某可能出现的风险及并发症，其中包含：脑梗塞进展，症状加重；脑疝形成呼吸心跳骤停；恶心心律失常猝死等等。郭某2019年9月16日的病程记录记载：郭某及其家属要求出院，请示上级医师后予以办理。<br/>　　郭某之妻刘明莲及其女郭丽丽、郭双双提起诉讼，要求孙伟承担侵权的赔偿责任，河南兰庭物业管理有限公司信阳分公司承担管理不善的赔偿责任。</p>","<p>　　法院生效裁判认为：本案争议的焦点问题是被告孙伟是否实施了侵权行为；孙伟阻拦郭某离开的行为与郭某死亡的结果之间是否有因果关系；孙伟是否有过错。<br/>　　第一，郭某骑自行车与年幼的罗某相撞之后，罗某右颌受伤出血并倒在地上。郭某作为事故一方，没有积极理性处理此事，执意离开。对不利于儿童健康、侵犯儿童合法权益的行为，任何组织和个人有权予以阻止或者向有关部门控告。罗某作为未成年人，自我保护能力相对较弱，需要成年人对其予以特别保护。孙伟见到郭某与罗某相撞后，为保护罗某的利益，让郭某等待罗某的母亲前来处理相撞事宜，其行为符合常理。根据案发当晚博士名城业主群聊天记录中视频的发送时间及孙伟拨打110、120的电话记录等证据证实，可以确认孙伟阻拦郭某的时间为8分钟左右。在阻拦过程中，虽然孙伟与郭某发生言语争执，但孙伟的言语并不过激。孙伟将手放在郭某的自行车车把上，双方没有发生肢体冲突。孙伟的阻拦方式和内容均在正常限度之内。因此，孙伟的劝阻行为是合法行为，且没有超过合理限度，不具有违法性，应予以肯定与支持。<br/>　　第二，郭某自身患脑梗、高血压、心脏病、糖尿病、继发性癫痫等多种疾病，事发当月曾在医院就医，事发前一周应其本人及家属要求出院。孙伟阻拦郭某离开，郭某坐在石墩上，倒地后因心脏骤停不幸死亡。郭某死亡，令人惋惜。刘明莲、郭丽丽、郭双双作为死者郭某的近亲属，心情悲痛，提起本案诉讼，可以理解。孙伟的阻拦行为本身不会造成郭某死亡的结果，郭某实际死亡原因为心脏骤停。因此，孙伟的阻拦行为与郭某死亡的后果之间并不存在法律上的因果关系。<br/>　　第三，虽然孙伟阻拦郭某离开，诱发郭某情绪激动，但是，事发前孙伟与郭某并不认识，不知道郭某身患多种危险疾病。孙伟阻拦郭某的行为目的是为了保护儿童利益，并不存在侵害郭某的故意或过失。在郭某倒地后，孙伟拨打120急救电话予以救助。由此可见，孙伟对郭某的死亡无法预见，其对郭某的死亡后果发生没有过错。</p>","<p>行为人为了维护因碰撞而受伤害一方的合法权益，劝阻另一方不要离开碰撞现场且没有超过合理限度的，属于合法行为。被劝阻人因自身疾病发生猝死，其近亲属请求行为人承担侵权责任的，人民法院不予支持。</p>","<p>　　《中华人民共和国侵权责任法》第6条</p>","\N","\N","2026-01-21 10:27:30","2026-01-21 10:27:30","082305a8c96779f84e75f1bd8535a2b6","\N","20260426"
"2482","人民法院案例库","https://rmfyalk.court.gov.cn","民事-借款合同纠纷","2024-08-2-103-008","上海市长宁区人民法院","民事,借款合同,先行支付利息,砍头息","一审","2015.02.13","02","<p>　　原告张某诉称：2014年3月11日，原告与被告某物流公司签订《抵押借款合同》。该合同约定，被告将位于上海市浦东新区浦明路258弄6号XXXX室、258弄地下车库地下一层车位XX作为担保物，向原告进行抵押借款，借款本金为1,200万元，月息为1.866%，借款期限为六个月。合同对抵押担保的范围以及违约责任均作了约定。同时，原告与被告王某签订《保证合同》，约定被告王某对被告某物流公司的全部债务向原告承担连带保证责任。上述两份合同均经公证处公证。此后，原告按被告某物流公司的要求于2014年3月14日、2014年3月17日共向被告某物流公司交付了借款650万元。但自2014年4月28日，被告某物流公司一直未向原告归还本金和支付利息，已构成严重违约，遂诉至法院请求判令：1.被告某物流公司归还原告借款本金650万元，支付利息（以650万元为基数，按月利率1.866%计算，自2014年5月2日起至付清借款本金之日止，暂算至2014年7月26日的应付利息266,838元），支付逾期违约金（以650万元为基数，按每日0.1%计算，自2014年5月2日起至付清借款本金之日止），赔偿律师费20万元；2.抵押担保物上海市浦明路258弄6号XXXX室及258弄地下车库地下一层车位XX，原告从抵押房产的处置价款中优先受偿；3.被告王某对被告某物流公司上述全部债务向原告承担连带保证责任；4.本案诉讼费由两被告共同承担。<br/>　　被告某物流公司、王某共同辩称：涉讼借款尚有本金6,324,500元未归还，而非原告主张的650万元，差额部分被告某物流公司在原告要求下，已以预先支付利息的方式返还原告（包括于2014年3月13日、2014年3月14日打入原告账户的两笔共计121,290元，以及于2014年3月13日、2014年3月14日打入案外人冯某账户的两笔共计54,210元）。另利息计算基数应以6,324,500元为准，对合同约定的利息计算标准无异议。<br/>　　法院经审理查明：2014年3月11日，原告张某与被告某物流公司签订《抵押借款合同》。该合同约定，被告某物流公司向原告张某借款并愿以其合法拥有的房屋所有权抵押给原告张某，作为借款及合同约定利息、违约金及相关费用的担保；借款金额为1,200万元，利息为年利率22.40%（月利息18.66‰），月利息支付方式为每月提前1日内支付当月利息（本合同所述的月，为自原告张某向被告某物流公司发放借款日至下一个月日历对应日的前一天），利息按月计算，不足一月，按一个月计算；借款期限自2014年3月11日起至2014年9月10日止，借款发放的具体时间、金额以借款收据或银行转账记录记载为准，且借款应在本合同约定的房地产抵押登记办妥后发放，如实际借款放款日与上述借款起始日不一致的，以实际放款日为借款期限起算日，则借款到期日相应顺延；被告某物流公司提供其名下所有的位于上海市浦东新区浦明路258弄6号XXXX室、258弄地下车库地下一层车位XX作为抵押物，抵押担保范围包括但不限于借款本金、利息、违约金、诉讼费、财产保全费、律师费、公证费等费用；抵押期限自2014年3月11日起至2014年9月10日止；本合同签订之日起5个工作日内，原告张某与被告某物流公司按照抵押房地产登记管理权限至相应的房地产登记部门申请办理房地产抵押登记，并申领相应的抵押登记凭证；借款到期2日内，被告某物流公司不履行债务或不能完全履行债务的，房地产抵押权即实现，原告张某有权行使抵押权，处分抵押房地产；如被告某物流公司未能按约支付利息的，则原告张某有权宣布全部借款立即到期应偿，并提前终止本合同，要求被告某物流公司立即归还到期的全部借款本金和支付借款利息；被告某物流公司应在收到原告张某宣布全部借款立即到期或提前解除本合同的通知后的1日内向原告张某归还全部借款本金和支付利息；被告某物流公司逾期还款超过5日，除应向原告张某归还本金外，还应按月支付利息（按月利率18.66‰计算）、按未还款总额的每日3‰支付违约金、原告张某在催讨本金期间发生的包括但不限于律师费等；所有通知的事项应寄往本合同首页所列的联系地址，自通知以上述方式发出的10日后，视为收件方已收悉（合同首页被告某物流公司联系地址为上海市浦明路258弄6号XXXX室）。该日，由上海市普陀公证处出具了（2014）沪普证经字第885号《具有强制执行效力的债权文书公证书》，对上述《抵押借款合同》进行公证并赋予该合同强制执行力。<br/>　　同日，被告王某与原告张某签订《保证合同》，就原告张某基于上述《抵押借款合同》对被告某物流公司的债权的实现提供连带责任保证；保证期间为借款期限届满之次日起2年，如原告张某宣布提前到期或提前收回的，则保证期间为原告张某向被告某物流公司通知的还款日之次日起2年；担保范围包括但不限于本金、利息、违约金、和实现债权的费用（包括但不限于诉讼费、保全费、公告费、律师费等）等；被告某物流公司或任何第三方就担保债务提供了物的担保的，被告王某愿意就本合同项下被担保的全部债务先于物的担保履行保证责任。就被告王某与原告张某签署上述《保证合同》事宜由上海市普陀公证处予以公证，并出具了（2014）沪普证经字第886号《公证书》。<br/>　　2014年3月13日，被告某物流公司就上海市浦东新区浦明路258弄6号XXXX室、258弄地下车库地下一层车位XX房屋办理了抵押登记手续，房地产权人为被告某物流公司，抵押权人原告张某，债权数额为1,200万元，债务履行期限为2014年3月11日至2014年9月10日止，登记证明号为浦20141401XXXX。<br/>　　同日，被告某物流公司通过农业银行网上银行向原告张某账户转账支付46,650元，附言标注为“利息”，作为250万元自2014年3月14日起至2014年4月13日止的借款利息（250万元*1.866%=46,650元）。<br/>　　2014年3月14日，原告张某通过广发银行网上银行向被告某物流公司转账支付250万元，附言标注为“房产抵押款”。<br/>　　2014年3月17日，被告某物流公司通过农业银行网上银行向原告张某账户转账支付74,640元，附言标注为“利息”，作为400万元自2014年3月17日至2014年4月16日止的借款利息（400万元*1.866%=74,640元）。同日，原告张某通过广发银行网上银行向被告某物流公司转账支付400万元，附言标注为“房产抵押款”。<br/>　　2014年4月30日，被告某物流公司通过农业银行网上银行向原告张某账户转账支付60,645元，附言标注为“往来”，作为650万元的借款利息，其中包括：250万元自2014年4月14日至2014年4月28日止（共计15天）的借款利息23,325元（=250万元*1.866%/2），以及400万元自2014年4月17日至2014年5月1日止（共计15天）的借款利息37,320元（=400万元*1.866%/2）。此后，被告某物流公司未再向原告张某账户支付任何款项。<br/>　　此外，被告某物流公司还分别于2014年3月13日、2014年3月17日、2014年4月30日向案外人冯某账户转账汇款20,850元、33,360元、27,105元（共计81,315元），附言备注分别为“服务费”、“服务费”、“往来”。<br/>　　2014年6月4日，上海市普陀公证处按上海市浦明路258弄6号XXXX室的地址向被告某物流公司发送《关于核实债权文书履行情况的函》，表示根据涉讼借款合同约定，被告某物流公司未按约偿还本金并支付利息，已构成违约，现原告张某向该处申请出具执行证书，要求向有管辖权的人民法院申请强制执行。执行标的：本金650万元，以及暂计至2014年6月3日计算的利息13,814元，违约金66,600元，律师费380,000元，以及至上述借款清偿之日止的全部利息及违约金，以及原告张某为实现债权而发生的全部费用，或处分抵押物的价款抵偿。该函件于2014年6月5日经被告某物流公司单位收发章签收。<br/>　　2014年7月4日，原告张某与案外人某律师事务所（以下简称某所）签订《聘请律师合同》，约定就本案聘请该所律师为其代理人，该所接收原告张某委托指派陈某律师为原告张某代理人，原告张某同意按照固定收费的方案，一次性支付律师代理人200,000元。2014年7月22日，原告张某通过广发银行向某所转账支付了200,003元，其中3元为手续费。2014年7月23日，某所向原告张某开具金额为20万元的增值税发票（编号为0128XXXX）。<br/>　　上海市长宁区人民法院于2015年2月13日作出（2014）长民二(商)初字第2459号民事判决：一、被告某物流公司应于本判决生效之日起十日内归还原告张某借款本金人民币6,378,710元；二、被告某物流公司应于本判决生效之日起十日内支付原告张某截止至2014年5月1日的借款利息人民币117,895元，以及自2014年5月2日起至本判决生效之日止的逾期还款利息（以人民币6,378,710元为基数，按月利率1.866%的标准计付）；三、被告某物流公司应于本判决生效之日起十日内支付原告张某逾期还款违约金（自2014年6月7日起至本判决生效之日止，以人民币6,378,710元为基数，按年利率2%的标准计算）；四、被告某物流公司应于本判决生效之日起十日内支付原告张某律师费损失人民币200,000元；五、若被告某物业公司到期未履行上述一、二、三、四项还款义务的，则原告某可以与被告某物流公司协议，以坐落于上海市浦东新区浦明路258弄6号XXXX室、258弄地下车库地下一层车位XX折价或者申请以拍卖、变卖该抵押物所得价款优先受偿；抵押物折价或者拍卖、变卖后，其价款超过债权数额的部分归被告某物流公司所有，不足部分由被告某物流公司继续清偿；六、被告王某对被告某物流公司上述第一、二、三、四项的付款义务承担连带清偿责任；被告王某在承担保证责任后，有权就已承担部分向被告某物流公司进行追偿。一审判决后各方当事人均未上诉，一审判决已生效。</p>","<p>　　法院生效裁判认为，关于涉讼借款本金。第一，利息为资金时间价值的表现形式，只有实际取得并使用资金后方产生利息。因此，利息的支付应以借款人实际占有借款为前提，在借款期限届满时或借款合同履行期间内按约分批支付。而本案中，被告某物流公司于2014年3月13日、17日支付的两笔款项均发生在原告放款前或放款同时，彼时被告某物流公司尚未能使用支配该资金。因此，预先支付利息虽能确保原告提前收回利息，但却从本质上背离了借款合同的实质特征，损害了被告某物流公司的利益，使得被告某物流公司实际得到的借款减少，影响被告某物流公司作为借款人的资金使用。第二，涉讼借款合同原约定由原告出借1,200万元，但原告实际仅分别于2014年3月14日、17日放款250万元、400万元，并于2014年3月13日、17日收取被告某物流公司46,650元及746,400元作为上述两笔放款一个月的利息。结合原告、被告某物流公司的庭审直接陈述及被告某物流公司预先支付两笔款项的数额来看，虽目前并无证据证明双方是否就原告放款安排有过合意，但从被告某物流公司支付的利息金额可以推定，双方就原告即将放款的金额和时间存在事先合意。法院认为，作为借款人，其签订借款合同的主要目的系为了在一定期限内从出借人处受让约定数额货币的所有权，并以支付相应利息作为代价。因利息数额与借款金额成正比，借款金额往往与借款人的实际资金需求密切相关，借款人通常不会过分超出自身实际需求向他人借款。反观本案，被告某物流公司原计划借款1,200万元，并为此向原告提供了足额的抵押物及保证人作为担保，而此后被告某物流公司仅分批从原告处获得650万元，该金额远不能满足被告某物流公司当时的资金需求。因此，在资金缺口仍然较大的情况下，被告某物流公司不可能自发性地向原告预先支付利息，以进一步减少其可支配资金。据此，就被告某物流公司提出原告要求提前支付利息系变相从本金中预先扣除利息的抗辩，法院予以采纳。综上，为了体现合同公平的原则，原告预先收取的2笔利息共计121,290元（=46,650元+74,640元）应从借款本金中扣除。而就两被告关于应在本金中扣除服务费的主张，因两被告明确表示无法提供证据证明该钱款支付与本案的关联性，亦未能提供案外人冯某的身份信息供法院调查，不予采信。就上述款项，可由被告某物流公司另案向案外人冯某主张。据此，法院依法认定本案涉讼借款本金为6,378,710元。<br/>　　关于利息问题。鉴于，两被告对原告主张的利息计算标准及起算点均无异议，法院认为，被告某物流公司应以法院认定的借款本金（即6,378,710元）为基数，按合同约定的月利率1.866%向原告支付利息。其中，就截止至2014年5月1日利息，因原告当庭表示，本案利息按整月主张，不再拆分至个别日，且两被告亦对此无异议，故扣除已支付的利息共计60,645元后，被告某物流公司还应向原告支付利息117,895元【=6,378,710X（1+0.5）X1.866%-60,645】。</p>","<p>1.对于借款人在放款日前（或同日）支付的利息是否构成“砍头息”，应在把握立法本意的基础上正确理解法条内容，以适用于形式多样的借贷纠纷。在借款合同关系中，借款数额和借款利息系构成借款合同的主要内容，借贷双方在订立借款合同时，通常要对借款数额、利息计算方式及支付期限做出明确的约定。一般而言，借款利息是在借款期限届满时或者合同履行期间按照约定分批偿付给出借人的。预先在本金中扣除利息的，应当将实际出借的金额认定为本金，以防止出借人重复计息或高于实际出借本金计息。<br/>　　2.是否构成“砍头息”的判定需要把握利息性质。利息的支付应以借款人实际占有借款为前提，并由借款人在借款期限届满时或借款合同履行期内按约定支付。在审理借款合同纠纷时，应牢牢把握该利息取得的前提和支付条件。<br/>　　3.通过探究合同法第二百条、《最高人民法院关于审理民间借贷案件适用法律若干问题的规定》第二十七条的立法目的，应意识到上述规定并非单纯制约出借人在发放借款时自行将利息从本金中扣除这种单一的情形，而是旨在防止出借人利用资金优势地位，假借利息名义谋取不当利益。因此，在司法实践中，不论出借人以何种手段谋取不当利益，均应以是否符合上述利息取得的前提及支付条件来判断相应钱款的性质，以及是否应在本金中予以扣除。</p>","<p>　　《中华人民共和国民法典》第577条、第670款、第674条、第675条、第676条、第688条、第700条、第410条、第413条（本案适用的是1999年施行的《中华人民共和国合同法》第107条、第200条、第205条、第206条、第207条；《中华人民共和国担保法》第18条、第31条、第53条）<br/>　　《中华人民共和国民事诉讼法》第144条（本案适用的是2022年施行的《中华人民共和国民事诉讼法》第144条）</p><br/>######<p>　　一审：上海市长宁区人民法院（2014）长民二（商）初字第2459号民事判决（2015年2月13日）</p>","\N","\N","2026-01-21 10:27:30","2026-01-21 10:27:30","0823a97dd4470a5fcde42e35df0d4f8e","\N","20260426"
"2054","人民法院案例库","https://rmfyalk.court.gov.cn","民事-技术合同纠纷","2023-09-2-152-007","最高人民法院","民事,技术委托开发合同,欺诈行为,虚假情况,受托方欺诈行为的认定","二审","2016.04.26","02","<p>　　某公司诉称，某大学以高新技术和国家产业政策导向为幌子，利用某公司对某大学的充分信任及对钒钛磁铁砂矿综合利用领域技术的不了解，虚构事实、隐瞒真相，捏造生产成本、市场价值等重要数据致使某公司做出错误的投资决策，与其签订《技术开发（委托）合同》及其合同附件，投入大量资金用于钒钛铁分离技术工业化示范项目建设，给某公司造成了巨大的经济损失，其行为已构成欺诈，请求判决撤销涉案合同，判令某大学即返还某公司已经支付的技术开发经费5796万元，赔偿经济损失2亿元,并承担本案的诉讼费用。<br/>　　北京市高级人民法院一审查明：某公司、某大学共同完成了“钒钛磁铁砂矿综合利用技术”研发，并就该技术成果取得了由中国有色金属工业协会出具的《鉴定证书》。《鉴定证书》中“鉴定意见”部分记载:1提供的技术资料齐全、数据可靠，符合鉴定要求。2该项目在我国首次利用滨海钒钛磁铁矿砂，有效地回收了铁、钛、钒，实现了资源的综合利用，将对缓解我国铁资源紧张具有重要意义。其技术特点和创新点如下:（1）采用转底炉直接还原熔分生产块铁———电炉深度还原熔分生产高钛渣新工艺，铁、钛、钒的回收率分别达到90％、85％和85％。（2）研究成功配方独特的添加剂和催化剂，使得块铁和高钒钛铁渣有效分离。（3）进一步将高钒钛铁渣通过电炉熔分和湿法冶金技术制得了二氧化钛和五氧化二钒产品。3该试验对工艺技术条件进行了优化，流程简单、技术先进，为工业试验提供了技术依据。预计将有较好的经济效益和社会效益，其工艺技术达到国际领先水平。4该项目的实施符合国家循环经济和节能减排政策，对难处理钒钛磁铁矿和低品位探矿资源化利用和清洁有重要意义。5建议尽快进行工业化试验和建设处理钒钛磁铁矿的工业示范基地。随后，某公司、某大学申请了名称为“从钒钛磁铁矿砂中直接制取铁和钒钛铝合金的工业化生产方法”的发明专利，并于2011年6月15日获得授权。<br/>　　2010年2月，某公司的代表陈某经人介绍认识了某大学材料科学与工程学院卢某教授。卢某教授向陈某介绍了其带领的科研团队研发世界领先的短流程转底炉技术，双方有意合作推进钒钛铁分离技术工业化示范项目的实施。随后某公司与某大学就钒钛铁分离技术工业化示范项目的合作问题举行了多次洽谈，某公司也多次到某大学考察相关技术。某大学向某公司提供了署名为某大学和中国钢研新冶高科技集团有限公司（以下简称新冶公司）的《示范项目申请报告》和《钒钛铁分离技术工业化示范项目节能专篇》。<br/>　　2010年3月30日，某公司作为甲方与乙方某公司签订《技术使用合同》，约定某公司以人民币700万元的价格取得某公司滨海钒钛磁铁矿砂半工业试验技术成果使用权，该合同已经得到实际履行。2010年4月10日，某公司与广西钦州市人民政府签订协议，决定将钒钛铁分离技术工业化示范项目落户钦州，并着手组建某公司。随后，某公司作为某公司为股东（发起人）在中国大陆成立的独资企业于2011年6月24日成立。<br/>　　2010年8月10日，某公司与某大学签订了《技术开发（委托）合同》，约定双方共同研究开发钒钛铁分离技术工业化示范项目，同日，双方还签订了该合同的技术附件，此后，双方又签订了《技术开发（委托）合同》的《合同附件（1）》《合同附件（2）》（统称涉案合同）。<br/>　　2013年7月26日，某公司组织了某钒钛磁铁矿项目技术交流会，并于2013年8月1日形成了《广西某公司专家评审意见》，指出钒钛磁铁矿原料来源的保障及稳定性问题现有实验不足以推理出40ｍ转底炉的工业生产可行性，而且项目可研报告中没有关于40ｍ转底炉的任何设计参数及应用成果鉴定项目产品成本分析中，部分关键材料的消耗量估算偏低报告对产品市场价格的分析过于乐观，与实际市场情况出入较大，项目生产规模太小，经济上很难盈利建议技术方对确定用于生产的砂矿开展系统的工艺流程，在此基础上开展项目规模化工业生产的技术经济可行性论证，然后方可委托有经验和资质的工程设计单位开展项目工程的初步设计工作。但一审法院认为该评审意见的鉴定对象主要是“钒钛分离技术工业化示范项目”是否可行而不是某大学提供的技术是否存在致命缺陷，鉴定目的是帮助某公司决策是否为“钒钛分离技术工业化示范项目” 投资参股，与会者看到的会议材料也不同于中国有色金属工业协会对钒钛铁分离技术进行鉴定时的会议材料，评审的组织者与相关结论具有直接的利害关系，故该评审意见尚不足以否定中国有色金属工业协会 《鉴定证书》 的权威鉴定结论，不足以认定某大学在 《技术开发（委托） 合同》 提供的技术存在致命缺陷，在没有足够有效证据证明某大学提供的技术存在致命缺陷的情况下，一审法院认定某大学并不存在欺诈。<br/>　　北京市高级人民法院于2014年8月25日作出（2014）高民知初字第3421号民事判决：驳回了某公司的全部诉讼请求。某公司不服，提起上诉，最高人民法院于2016年4月26日作出（2015）民三终字第8号民事判决：驳回某公司的上诉，维持原判。</p>","<p>　　最高人民法院认为，本案的主要争议焦点是:某公司能否依据《中华人民共和国合同法》（以下简称合同法）第五十四条第二款之规定，撤销其与某大学签订的涉案合同。<br/>　　（一）关于某大学是否实施了欺诈行为的问题<br/>　　1.关于某大学是否向某公司完整告知了钒钛磁铁砂矿综合利用技术半工业试验阶段真实情况的问题。涉案合同磋商阶段，某大学即向某公司提供了由中国有色金属工业协会出具的《鉴定证书》，用以说明钒钛磁铁砂矿综合利用技术半工业试验阶段的相关情况。此次鉴定的基础文件资料齐备、程序合法，一审法院对其予以采信并无不当。《示范项目申请报告》与《鉴定证书》虽有不同，但并不矛盾。《示范项目申请报告》是该技术规模化工业试验阶段的项目规划。某大学在《鉴定证书》所载钒钛磁铁砂矿综合利用技术半工业试验的基础上，对工业试验阶段的工艺作出了调整，这一工艺调整恰是《示范项目申请报告》与《鉴定证书》关于产品和数据描述不同的原因。且某大学在《示范项目申请报告》中也明确表述了钛渣中的二氧化钛含量为46％。综上，某大学完整地告知了某公司钒钛磁铁砂矿综合利用技术半工业试验阶段的真实情况，其未对涉案技术在这一研发阶段的情况实施欺诈，且依据现有证据难以认定《鉴定证书》所载钒钛磁铁砂矿综合利用技术系虚假技术。<br/>　　2.关于某大学是否向某公司完整告知了钒钛铁分离技术工业化示范项目真实规划的问题。技术研发活动具有阶段性，后一阶段并非前一阶段的简单复现和放大，不同研发阶段的产品可能存在差异；即便就同一研发阶段而言，不同工序也会对应不同产品——所谓“中间产品”本就不是一个指向固定的概念，中间产品为何物，取决于其对应的工序为何者。故对于产品的理解，特别是对中间产品的理解，既要考虑其所处的研发阶段，也要考虑其所对应的具体工序。本案中，《示范项目申请报告》中既有对《鉴定证书》所载钒钛磁铁砂矿综合利用技术半工业试验阶段的情况回顾，也有对该技术规模化工业试验阶段的项目规划；既有对钒钛铁分离技术示范项目一期工程的介绍，也有对后期工程的展望，因而其中所涉及的产品相对复杂。对于《示范项目申请报告》中“富钛渣”“高钛渣”“钛渣”“钒铁金属间化合物”“钒铁”等产品概念的理解，必须结合不同语境，明确其所指向的研发阶段和具体工序，不能简单因为报告中同时出现了上述概念就认定其自相矛盾或陈述不实。首先，《示范项目申请报告》中的“富钛渣”“高钛渣”基本都指向半工业试验阶段的钒钛磁铁砂矿综合利用技术或整个钒钛铁分离技术工业化示范项目，如前述例1、例2、例6。其次，《示范项目申请报告》中“钛渣”基本都指向钒钛铁分离技术工业化示范项目的一期工程，如前述例4、例5、例7。再次，根据《示范项目申请报告》第1页的记载，该报告中的“钒铁”均为“钒铁金属间化合物”的简称，故在该报告语境下“钒铁金属间化合物”和“钒铁”并无差异。最后，《示范项目申请报告》在产品描述方面也确有未尽精准之处，如前述例3，混杂出现了钛渣、富钛富钒渣、高钛渣等多个概念。但考虑到：一方面，“中间产品”的概念确有一定的不确定性，一个工艺流程包含若干不同工序，本就可以有多个不同的中间产品；另一方面，报告关于熔分后的产物为钛渣，钛渣中二氧化钛含量为46%的表述自始至终是清晰、一贯的，且这与涉案合同中关于钒钛铁分离技术工业化示范项目一期工程的产品为还原铁、钛渣、钒渣的明确约定也是一致的，故前述例3的表述并不涉及故意告知虚假情况或故意隐瞒真实情况等陈述不实之情形。综上，某大学在《示范项目申请报告》中关于产品的陈述与《鉴定证书》不矛盾，与涉案合同相一致，应当认定其并未虚报项目产品。<br/>　　　　3.关于某大学是否虚报了项目产品的问题。《示范项目申请报告》中既有对《鉴定证书》所载钒钛磁铁砂矿综合利用技术半工业试验阶段的情况回顾，也有对该技术规模化工业试验阶段的项目规划，既有对钒钛铁分离技术示范项目一期工程的介绍，也有对后期工程的展望，因而其中所涉及的产品相对复杂。对于其中“富钛渣”“高钛渣”“钛渣”“钒铁金属间化合物”“钒铁”等产品概念的理解，必须结合不同语境，明确其所指向的研发阶段和具体工序，不能简单因为报告中同时出现了上述概念就认定其自相矛盾或陈述不实。鉴于《示范项目申请报告》关于熔分后的产物为钛渣，钛渣中二氧化钛含量为46％的表述自始至终是清晰、一贯的，且这与涉案合同中关于钒钛铁分离技术工业化示范项目一期工程的产品为还原铁、钛渣、钒渣的明确约定也是一致的，二审法院认定，某大学并未虚报项目产品。<br/>　　4.关于某大学是否虚报了项目开发成本的问题某大学向新某公司发包生产线制造项目的1亿元仅是钒钛铁分离技术工业化示范项目技术开发成本的一部分，而该项目的技术开发成本也仅是整个合同定价的考虑因素之一。某公司将项目生产线的制造费用等同于整个技术开发成本，又将技术开发成本等同于涉案合同价款，既不符合技术开发成本的客观构成，也不符合技术开发合同定价的基本规律，其关于某大学虚报技术开发成本的主张，缺乏依据。鉴于某大学完整告知了钒钛磁铁砂矿综合利用技术半工业试验阶段的真实情况，以及钒钛铁分离技术工业化示范项目的真实规划，二审法院认为，某大学不构成对某公司的欺诈。<br/>　　（二）关于某公司是否因受欺诈而陷于错误判断，并在此基础上做出违背其真实意思表示的问题。某大学并未对某公司实施欺诈行为，故本就不存在某公司因受欺诈而陷于错误判断，做出违背其真实意思表示的问题。更何况某公司理应明确知悉合同项下钒钛铁分离技术工业化示范项目一期工程的工艺和产品与《鉴定证书》所载半工业试验阶段的钒钛磁铁砂矿综合利用技术之间的区别，并在此基础上估算项目产值，核算项目成本，做出是否签订涉案合同的商业判断。鉴于涉案合同载明的还原铁、钛渣、钒渣等项目一期工程产品均系行业内的常见产品，某公司完全有能力自行估算项目产值，并在此基础上判断以3亿元的对价签订涉案合同是否符合其商业利益。某公司主张某大学虚报项目成本和产值，使其陷入错误判断，缺乏依据。综上，二审法院判决驳回某公司的上诉。</p>","<p>对于技术委托开发合同中受托方欺诈行为的认定，必须尊重技术开发活动本身的特点和规律，区分技术开发的不同阶段，以合同签订之时的已知事实和受托方当时可以合理预知的情况作为判断其是否告知了虚假情况或隐瞒了真实情况的标准。</p>","<p>　　《中华人民共和国民法典》第148条 （本适用的是《中华人民共和国合同法》第54条第2款）</p><br/>######<p>　　一审：北京市高级人民法院（2014）高民知初字第3421号民事判决（2014年8月25日）<br/>　　二审：最高人民法院（2015）民三终字第8号民事判决（2016年4月26日）</p>","\N","\N","2026-01-21 10:27:30","2026-01-21 10:27:30","086e9cda0858df6f1fdcab8e5d482cb7","\N","20260426"
"5750","人民法院案例库","https://rmfyalk.court.gov.cn","民事-继承纠纷","2025-07-2-476-004","徐州市泉山区人民法院","民事,继承,遗嘱继承,自书遗嘱,必留份,缺乏劳动能力,没有生活来源,折价款,酌定,不宜分割","一审","2021.09.16","02","孙某升与盖某原系夫妻关系，于1989年育有一子孙某成。孙某升与盖某离婚后，于2011年与皇甫某美再婚。2014年12月，孙某升所有的徐州市某宿舍房屋以产权调换方式置换为某小区2701室房屋（即案涉房屋）。<br/>　　2019年6月，孙某升订立自书遗嘱一份，载明:“我所有的房产及家里的一切财产，待我百年后，由妻子皇甫某美一人继承，产权归皇甫某美一人所有。”2019年11月28日，孙某升去世。2021年5月，原告皇甫某美提起本案诉讼，请求法院判令按照上述遗嘱内容，由其继承案涉房屋。<br/>　　被告孙某成辩称：其身患重病，丧失劳动能力，亦无生活来源。孙某升虽留有遗嘱，但该遗嘱未按照法律规定为其留有必要份额，故该遗嘱部分无效，其有权继承案涉房屋的部分份额。<br/>　　法院经审理查明，孙某成于2006年患肾病，并于2016年开始接受透析治疗，2020年出现脑溢血。审理过程中，原告称因被继承人长期治病花销，遗产只剩涉案房屋，被告亦未提出还有其他财产需要分割。<br/>　　江苏省徐州市泉山区人民法院于2021年9月16日作出（2021）苏0311民初3960号民事判决：一、案涉房屋由原告皇甫某美继承；二、皇甫某美给付被告孙某成房屋折价款人民币85000元。宣判后，双方均未提起上诉，判决已发生法律效力。","本案遗嘱生效时适用的法律为《中华人民共和国继承法》。其第五条规定：“继承开始后，按照法定继承办理；有遗嘱的，按照遗嘱继承或者遗赠办理；有遗赠扶养协议的，按照协议办理。”第十九条规定：“遗嘱应当对缺乏劳动能力又没有生活来源的继承人保留必要的遗产份额。”故而，自然人可以立遗嘱将个人财产指定由法定继承人中的一人或者数人继承，但必留份制度是对遗嘱自由的限制，旨在平衡遗嘱自由和法定继承人的利益，以求最大限度地保护缺乏劳动能力又没有生活来源的继承人的生存权利。《最高人民法院关于贯彻执行〈中华人民共和国继承法〉若干问题的意见》第三十七条规定：“遗嘱人未保留缺乏劳动能力又没有生活来源的继承人的遗产份额，遗产处理时，应当为该继承人留下必要的遗产，所剩余的部分，才可参照遗嘱确定的分配原则处理。”  <br/>    本案中，案涉房屋由被继承人孙某升个人所有房屋产权置换所得，可以作为遗产进行继承，孙某升在自书遗嘱中指定原告皇甫某美为唯一继承人虽是其真实意思表示，但因被告孙某成作为孙某升的法定继承人身患肾病多年，缺乏劳动能力，又无生活来源，故应为其保留必要份额。结合案涉房屋价值和双方实际生活情况，为保障一方生活，平衡双方的利益，不宜对房屋作实物分割，结合所涉遗产价值、原被告实际生活情况，酌定由皇甫某美给付孙某成部分房屋折价款。","遗嘱人未保留缺乏劳动能力又没有生活来源的继承人的遗产份额，遗产处理时需依法为该继承人留下必要份额，但该遗产不适宜作实物分割的，对该必要份额可以采用给付折价款的方式处理。","《中华人民共和国民法典》第1141条（本案适用的是1985年10月1日施行的《中华人民共和国继承法》第19条）<br/>　　《最高人民法院关于适用〈中华人民共和国民法典〉继承编的解释（一）》（法释〔2020〕23号）第25条（本案适用的是1985年9月11日施行的《最高人民法院关于贯彻执行〈中华人民共和国继承法〉若干问题的意见》（法（民）发〔1985〕22号）第37条）<br/>######　　　　一审： 江苏省徐州市泉山区人民法院（2021）苏0311民初3960号民事判决（2021年9月16日）","\N","","2026-01-21 10:27:30","2026-01-21 10:27:30","0876fc4245deb2152395e3f2786621b4","\N","20260426"
"6188","多元解纷案例库","https://dyjfalk.court.gov.cn/site/case/1a5929c2-db00-4006-b3ea-764d34650a95","民事-土地承包经营权合同纠纷","D2025-161-1-135-853","重庆市璧山区人民法院","民事,土地承包经营权合同纠纷,拖欠租金,承租面积变化,实地勘察,“一庭两所”联动化解机制","","2025-11-30","\N","2017年，刘某与伍某等33户村民签订土地承包合同，由刘某租赁某村33户村民80余亩土地用于农业生产，租期7年，租金一年一付。合同履行过程中，因刘某逾期支付租金，伍某等33户村民诉至法院，要求支付租金和违约金，部分村民要求解除合同。","法院收到起诉材料后，考虑到本案涉及村民人数较多、土地面积较大，为缓和双方矛盾，保障土地流转秩序，在征得当事人同意后，启动“一庭两所”联动化解机制，并联合镇政府、村委会共同组成调解小组，开展先行调解工作。 一是理清事实，找准矛盾症结。调解小组及时与村民代表联系，了解村民意见与诉求，村民代表表示刘某已拖欠一年的租金，既拒绝出面协商，也未归还租赁土地，部分村民希望刘某继续按时支付租金，部分村民则希望解除合同、收回土地，调解员对不同村民的诉求进行分类总结，以便后续分类调解。调解小组经多方协调与刘某取得联系，了解未按合同约定支付租金的原因，刘某表示目前经营面临困难，且因铺设森林防火通道占用了刘某承租的部分土地，刘某对森林防火通道铺设后的实际承租面积和租金存有异议，因此未依约支付该期间的租金。调解小组认为化解纠纷的关键在于确认刘某实际承租的土地面积。 二是实地勘察，测算承租面积。调解小组组织村民代表、刘某实地勘察承租土地，确定承租土地以及森林防火通道的范围。通过测量确定森林防火通道占用了刘某近20亩承租土地，并了解到森林防火通道于一年前铺设，相关补助也已发放给对应的村民。调解小组进一步对森林防火通道范围内不同村民的被占区域进行核算，计算出在森林防火通道铺设后对应村民出租的实际面积及租金。最终确定自森林防火通道铺设至今，刘某的实用面积为60余亩，实际欠付租金为5万余元。 三是情理融合，批量化解纠纷。调解小组在了解情况后，决定到该村组织就地调解。派出所维持现场秩序，引导村民理性维权，并组织刘某进行解释说明，安抚村民情绪，确保调解有序开展。考虑到农业生产长线投入的特点，调解员围绕刘某的投入与产出情况说明刘某目前的经济困境，结合村民普遍年龄偏高、劳动不便的情况，着重向希望解除合同的村民说明合同解除后土地闲置、收益减少等不利情况，引导双方互谅互让。镇政府、村委会结合政策讲解森林防火通道的公益属性、补助发放情况，引导村民换位思考，重新确定刘某的承租面积和租金。司法所和指导法官共同释法说理，说明合同履行中的权利义务，最终引导双方就土地租金支付等事宜达成一致意见，并在此基础上指导双方结合森林防火通道的占地面积调整合同内容。","本案系因承租土地使用面积变化引发的纠纷。农村土地承载着农民的生活、生产权益，该类纠纷如不能及时妥善化解，会影响农民的合法权益，不利于农村土地有序流转。为此，法院依托“一庭两所”联动化解机制，邀请派出所、司法所参与纠纷化解，并根据案件实际邀请镇政府、村委会共同组成调解小组，联合开展实地走访、勘察和纠纷化解工作。调解过程中，调解小组以实地勘察的客观结果为基础，合理确定土地实际面积，并据此确认应付租金。之后，围绕双方矛盾症结和顾虑，以接地气的方式摆事实、讲道理，引导双方互谅互让，通过政策讲解引导村民换位思考，通过释法明理促成当事人就租金支付达成一致意见。针对部分村民解除合同的诉求，帮助分析继续履行合同的好处，提出专业意见，促使各方继续履行合同、纠纷实质性化解，有力维护了农民生活、生产权益，促进农村土地稳定流转，保障农业生产有序开展。","《中华人民共和国民法典》第339条、第543条、第577条、第722条","\N","","2026-01-27 09:48:40","2026-02-03 09:40:19","088338fd748bc287b14597bf1c6b8ddb","\N","20260426"
"530","人民法院案例库","https://rmfyalk.court.gov.cn","民事-合同纠纷","2025-07-2-483-003","辽宁省高级人民法院","民事,承揽合同,修理合同,更换汽车发动机型号,以低充高,消费欺诈,惩罚性赔偿","再审","2021.04.15","02","<p>　　原告徐某栋诉称：其在被告大连某汽车销售服务有限公司（以下简称某汽车服务公司）更换发动机维修服务过程中，某汽车服务公司隐瞒擅自更换的发动机型号，“以低充高”的行为构成消费欺诈。遂诉至法院，请求判令：被告某汽车服务公司按照发动机购置价格的三倍赔偿原告徐某栋损失人民币223067.55元（币种下同）。<br/>　　被告某汽车服务公司辩称：1.某汽车服务公司在维修车辆过程中没有任何欺诈行为，不同的机动车共用同一款发动机是常见情况。某汽车服务公司给徐某栋更换的发动机，就是来自同一生产厂家。2. 徐某栋在某汽车服务公司是保修车辆修理，其没有任何支出，也没有任何损失，并不适用消费者权益保护法规定的惩罚性赔偿。3. 另案徐某栋诉某集团大连汽车贸易有限公司（以下简称某汽车贸易公司）产品销售者责任纠纷，已判决某汽车贸易公司退还徐某栋购车款654760元，徐某栋将车辆退给某汽车贸易公司。该判决已履行完毕，徐某栋不再是该车辆所有权人，无权再就同一事实和理由向销售公司、维修公司两次主张权利。故请求驳回徐某栋的诉讼请求。<br/>　　法院经审理查明：2015年3月19日，徐某栋与案外人某汽车贸易公司签订《汽车销售合同》，约定某汽车贸易公司将型号为15款XJ2.0典雅商务版捷豹汽车出售给徐某栋，合同价款为654760元。3月21日，某汽车贸易公司为徐某栋出具发票，徐某栋已付全部购车款604730元、精品款23230元。3月24日，徐某栋支付车辆购置税70200元。后某汽车贸易公司向徐某栋交付车辆，并向徐某栋出具《进口机动车辆随车检验单》《车辆一致性证书》，车辆型号为XJ2.0。<br/>　　2017年9月12日，徐某栋在行驶过程中，案涉车辆突然出现发动机熄火。某汽车服务公司将案涉车辆拖至其店内检修后，通知徐某栋须更换车辆发动机。9月25日，某汽车服务公司通知徐某栋原装发动机已到，可以进行更换安装。9月30日，某汽车服务公司更换完发动机，告知徐某栋需等待生产厂家将检验合格证及报关所需材料后，由徐某栋自费到大连车管所办理新的机动车登记证书。10月17日，某汽车服务公司将一份由上海某国际物流有限公司申报的报关单交给徐某栋，该报关单显示，案涉所更换的C2D22823（XF2.0车型）发动机系2017年9月1日进口。同日，某汽车服务公司亦将捷某集团（中国）投资有限公司（进口商，以下简称捷某投资公司）于2017年9月29日出具的一份《致大连车辆管理所函》交给徐某栋，该函确认和承诺向徐某栋提供的配件是由捷某投资公司向英国工厂直接进口。其后，徐某栋携带上述材料去大连车管所交付材料办理机动车登记证书。办理时，被告知案涉车辆更换的发动机并不是原装发动机，大连车辆管理所拒绝为徐某栋车辆办理变更登记。<br/>　　经徐某栋、某汽车贸易公司确认，案涉车辆发动机的市场购置价格为74355.85元。<br/>　　另查明，案涉车辆的发动机的进口商为捷某投资公司，实际维修人某汽车服务公司的授权即来自于捷某投资公司。某汽车服务公司于2016年1月4日成立的从事汽车维修等业务的企业法人，徐某栋购买的案涉车辆在2016年4月之后的维修保养服务均由某汽车服务公司提供，包括本次更换发动机的维修服务。某汽车服务公司在为徐某栋提供维修服务后，即应向捷某投资公司发送多项技术报告，捷某投资公司技术部通过报告给某汽车服务公司提供维修方案，某汽车服务公司向捷某投资公司订购配件，由捷某投资公司进口并向某汽车服务公司提供发动机以及完整的书面文件证明，某汽车服务公司完成安装后，再向捷某投资公司索赔维修费用。<br/>　　辽宁省大连市甘井子区人民法院于2019年1月21日作出（2018）辽0211民初11282号民事判决：被告某汽车服务公司自本判决发生法律效力之日起十日内赔偿原告徐某栋损失223067.55元。宣判后，某汽车服务公司不服，提起上诉。辽宁省大连市中级人民法院于2019年6月4日作出（2019）辽02民终3593号民事判决：一、撤销大连市甘井子区人民法院（2018）辽0211民初11282号民事判决。二、驳回徐某栋的全部诉讼请求。辽宁省人民检察院向辽宁省高级人民法院提起抗诉。辽宁省高级人民法院于2020年11月19日作出（2020）辽民抗50号民事裁定再审本案，并于2021年4月15日作出（2021）辽民再16号民事判决：一、撤销辽宁省大连市中级人民法院 （2019）辽02民终3593号民事判决；二、维持辽宁省大连市甘井子区人民法院（2018）辽0211民初11282号民事判决；三、驳回徐某栋其他诉讼请求。</p>","<p>　　本案的争议焦点为：某汽车服务公司提供维修服务过程中是否存在欺诈行为以及应否承担惩罚性赔偿责任。<br/>　　其一，《中华人民共和国消费者权益保护法》的立法目的是为保护消费者合法权益，其规范的是经营者为消费者提供生产、销售的产品或提供的服务。本案中，徐某栋与某汽车服务公司存在修理合同关系，徐某栋系消费者，某汽车服务公司为其提供售后修理服务。虽然徐某栋对于某汽车服务公司的修理行为未直接支付相应对价，但某汽车服务公司是基于某汽车贸易公司与徐某栋的车辆销售合同为徐某栋提供售后维修服务，原销售合同约定了保修服务，某汽车服务公司在庭审中也自认是基于“三包义务”而对案涉车辆维修，维修服务与原合同权利义务关系具有承继性。尽管徐某栋未另行支付维修费用，但亦不属于无偿接受维修服务的范畴。故本案纠纷处理，应当适用消费者权益保护法。<br/>　　其二，消费者权益保护法第八条第一款规定：“消费者享有知悉其购买、使用的商品或者接受的服务的真实情况的权利。” 根据该条规定，消费者享有知悉其购买、使用的商品或者接受的服务的真实情况的权利。发动机是汽车特别重要的组成部分。4S店作为专业汽车销售服务机构，在维修车辆时应当告知消费者更换发动机的型号、功能、价格等重要信息。本案中，某汽车服务公司系专门从事汽车销售服务的专业机构，应当知道案涉XJ2.0车辆所安装的发动机与XF2.0车型上的发动机在生产制造商、价格、功能等方面所存在的重大区别。对于车辆特别重要组成部分的更换，某汽车服务公司应告知却未予告知，其“以低充高”、隐瞒事实的行为构成了消费者权益保护法所指向的欺诈消费者。<br/>　　其三，消费者权益保护法第五十五条第一款规定：“经营者提供商品或者服务有欺诈行为的，应当按照消费者的要求增加赔偿其受到的损失，增加赔偿的金额为消费者购买商品的价款或者接受服务的费用的三倍；增加赔偿的金额不足五百元的，为五百元。法律另有规定的，依照其规定。” 该条款是关于经营者提供商品或者服务有欺诈行为的，应当承担惩罚性赔偿责任的规定，其立法宗旨为保护消费者合法权益，制裁经营者的欺诈行为，通过惩罚性的规定，形成威慑力，遏制市场不诚信行为。三倍赔偿责任的规定主要是针对欺诈行为，具有惩罚性质，与消费者所受损失大小并无必然关系。本案中，尽管某汽车贸易公司在销售汽车中不存在欺诈行为，但某汽车服务公司在售后服务维修中，应当为徐某栋更换的发动机型号为XJ2.0型，而其实际更换的型号为XF2.0型，且并未如实告知消费者更换发动机的真实情况，构成欺诈。因此，虽然某汽车贸易公司已在另案中与徐某栋完成了退车返款等行为，但不能构成某汽车服务公司在售后修理中实施欺诈的免责事由。<br/>　　综上，某汽车服务公司提供维修服务过程中有欺诈行为，徐某栋作为消费者有权请求经营者承担惩罚性赔偿责任。某汽车服务公司应按照案涉发动机总价款74355.85元三倍标准，赔偿徐某栋经济损失223067.55元。</p>","<p>消费者享有知悉其购买、使用的商品或者接受的服务的真实情况的权利。发动机是汽车特别重要的组成部分，4S店作为专门从事汽车销售服务的专业机构，应当知道不同车辆、不同型号、不同功率的发动机，在生产制造、价格、功能等方面存在着重大区别。在车辆维修时，未履行告知义务且未经车主同意的情况下，隐瞒事实，擅自用同一品牌的低功率发动机更换原厂标配的高功率发动机，属于侵犯车主的知情权和财产权。该“以低充高”的行为属于消费者权益保护法规定的消费欺诈，经营者应当依法承担“退一赔三”的赔偿责任。对于经营者承担发动机总价款“退一”的补偿性赔偿责任后，消费者请求经营者继续承担“赔三”的惩罚性赔偿责任的，人民法院依法予以支持。</p>","<p>　　《中华人民共和国消费者权益保护法》（2013年修正）第8条第1款、第55条第1款</p><br/>######<p>　　一审：辽宁省大连市甘井子区人民法院（2018）辽0211民初11282号民事判决（2019年1月21日）<br/>　　二审：辽宁省大连市中级人民法院（2019）辽02民终3593号民事判决（2019年6月4日）</p><p>　　再审：辽宁省高级人民法院（2021）辽民再16号民事判决（2021年4月15日）</p>","\N","\N","2026-01-21 10:27:30","2026-01-21 10:27:30","0885a8e807dc1280d06bd83ecf245e5c","\N","20260426"
"6896","多元解纷案例库","https://rmfyalk.court.gov.cn","民事-租赁合同纠纷","D2025-161-1-111-171","娄底市娄星区人民法院","民事,租赁合同纠纷,商铺租赁,拖欠租金,示范调解,化解潜在纠纷","","2025-03-06","\N","2022年，某物业公司整体租赁了某商业中心300多户门面并进行整合分租。后因该商业中心生意下滑，租户纷纷退场退租，很多门面处于空置状态，故物业公司向业主提出减免租金的请求，其中200多户业主同意减免租金，但100多户业主与某物业公司未达成一致意见，其中35户业主诉至法院，请求解除与某物业公司的租赁合同，由物业公司支付租金及逾期付款利息。","法院收到起诉材料后，认为该批纠纷涉及人数众多，如处理不好，易激化矛盾，导致整个商业区经营瘫痪，为此，法院在征得当事人同意后，开展以下调解工作： 一是开展现场勘查。指导法官邀请人民调解员共同参与调解，并邀请双方当事人一起到现场了解情况。经调查，商业中心的租赁物共四层，一楼处于正常经营状态，二楼、三楼有很多门面处于空置状态。某物业公司解释，因经营不善大量租户申请退租，虽物业公司通过减租方式留下部分租户，但还是出现面门大面积空置的情况。35户业主对物业公司面临的困难表示理解同情，但认为双方签订的合同中对租金有明确约定，某物业公司不能因经济形势不好将经营风险转嫁给业主。 二是耐心沟通劝导。通过“背对背”“面对面”调解，双方当事人表达了各自的难处和苦衷。指导法官趁热打铁，从共赢角度，引导某物业公司看到经济回暖带来的信心，劝导依约履行合同；同时引导业主与物业公司共渡难关，指出只有物业公司稳健发展，才能使业主实际利益得到长久保障。 三是发挥示范调解引领作用。在前期沟通基础上，部分业主愿意在租金上作出一定让步，并同意马上签订调解协议，某物业公司主动按照调解协议履行支付租金义务，形成“示范调解”。其他业主也纷纷表示愿意调解，指导法官以“首案”调解为示范，分别向其他业主释法说理，通过积极沟通，其他20多户业主也表示愿意通过调解方式解决，最终，全部业主与某物业公司达成调解协议。","本案系中心商业区商铺集体委托管理引起的租赁合同纠纷，所有权人将各自商铺统一租赁给物业公司使用、经营，物业公司按期支付租金并转租他人使用。在商业区的店铺多数采取此类委托管理模式，一旦产生纠纷，往往会涉及大量商铺，处理不当，易激化矛盾。本案的典型意义在于，对于商业区店铺大面积拖欠租金问题，指导法官会同人民调解员通过示范调解，为其他业主通过调解方式化解纠纷提供指引，并为后续拟起诉的近100户业主提供参考，防止已签订减免租金协议的200多户业主再次提起诉讼，一次性化解潜在的众多商铺拖欠租金纠纷，既有利于保障业主合法权益，又最大限度减轻物业公司解纷成本，同时避免了物业公司因诉讼周期长陷入经营困难，进而导致商业区商铺大面积闲置问题，维护了当地经济秩序稳定，实现“化解一案，治理一片”的效果。","《中华人民共和国民法典》第721条 《最高人民法院办公厅、住房城乡建设部办公厅关于建立住房城乡建设领域民事纠纷“总对总”在线诉调对接机制的通知》（法办〔2023〕358号） 《湖南省高级人民法院、湖南省住房和城乡建设厅关于推进住建领域纠纷诉调对接工作的意见》（湘高法〔2023〕44号）","\N","","2026-01-27 09:50:35","2026-01-27 09:50:35","08870b853d6284b0c94eadfa5bdfc1a3","\N","20260426"
"323","人民法院案例库","https://rmfyalk.court.gov.cn","民事-申请确认仲裁协议效力","2025-10-2-444-001","广东省深圳市中级人民法院","民事,申请确认仲裁协议效力,先裁后诉,或裁或诉,合同效力","其他审理程序","2021.04.07","02","2017年9月5日，官某彬与魏某强签订了一份《租赁合同》，合同约定：“本合同在履行中发生争议，应由双方协商解决。若协议不成，则通过仲裁程序解决，双方一致同意以深圳仲裁委员会作为争议的仲裁机构。仲裁不成的依法向当地人民法院起诉”。双方在履约过程中发生纠纷，魏某强向深圳国际仲裁院（深圳仲裁委员会）申请仲裁，官某彬随后提出仲裁反请求。  <br/>　　    仲裁首次开庭前，官某彬向广东省深圳市中级人民法院申请确认双方之间的仲裁条款无效，主要理由为：1.涉案房屋未取得建设工程规划许可证，根据《最高人民法院关于审理城镇房屋租赁合同纠纷案件具体应用法律若干问题的解释》第二条规定，双方签订的《租赁合同》是无效的，故《租赁合同》中约定的仲裁条款也应属无效；2.双方在《租赁合同》第中既约定了仲裁又约定了诉讼，属于“或裁或诉”的情形，根据《最高人民法院关于适用〈中华人民共和国仲裁法〉若干问题的解释》第七条规定，涉案仲裁条款应属无效。    <br/>　　    魏某强答辩意见：1.根据《中华人民共和国合同法》《中华人民共和国仲裁法》相关规定，即使涉案《租赁合同》无效，也不影响双方之间仲裁协议的效力；2.《租赁合同》有约定明确的仲裁机构，不属于约定为“或诉或裁”的情形。该条款中“仲裁不成的依法向当地人民法院起诉”只是约定了当事人在实体权益和程序权益受到侵犯时通过法院救济的渠道；3.官某彬在仲裁过程中提出反请求，其行为已经确认了深圳仲裁委员会有管辖权，视为其已承认仲裁条款的效力并愿意将纠纷提交深圳仲裁委员会审理。官某彬向法院申请确认仲裁协议效力并非为了解决纠纷，而是想方设法拖延解决双方之间的纠纷。综上，双方在《租赁合同》中约定的仲裁条款有效，请求法院驳回官某彬的申请。<br/>　　  广东省深圳市中级人民法院于2021年3月25日作出（2020）粤03民特885号民事裁定，驳回申请人官某彬确认涉案《租赁合同》约定的仲裁条款无效的申请。","本案系申请确认国内仲裁协议效力之诉，人民法院依照仲裁法及司法解释相关规定进行审查。    <br/>　　    其一，涉案《租赁合同》第十九条第一款前一句有明确的仲裁意思表示，约定了仲裁事项并选定了明确的仲裁机构，已经具备仲裁法第十六条第二款规定的有效仲裁协议的各项要素，应认定构成一份有效的仲裁协议。    <br/>　　    其二，涉案《租赁合同》第十九条第一款后一句约定“仲裁不成的依法向当地人民法院起诉”，该部分约定违反了仲裁法第九条第一款关于“仲裁实行一裁终局的制度。裁决作出后，当事人就同一纠纷再申请仲裁或者向人民法院起诉的，仲裁委员会或者人民法院不予受理”之规定，属于无效约定。但本案双方当事人意图“先裁后诉”，并非约定“或裁或诉”，不属于《最高人民法院关于适用〈中华人民共和国仲裁法〉若干问题的解释》第七条规定的情形。    <br/>　　    其三，仲裁协议的性质系当事人针对争议解决方式签订的合同，在仲裁法对合同效力及解释没有特别规定的情况下，应当适用合同法关于合同效力及解释的一般规定。根据合同法关于“合同部分无效，不影响其他部分效力的，其他部分仍然有效”之规定，涉案《租赁合同》第十九条第一款后一句约定无效，不影响前一句当事人约定争议提交仲裁的条款之有效性。    <br/>　　    其四，官某彬在收到仲裁通知后，已向仲裁机构提出反请求，也应视为其自愿接受仲裁机构的管辖。官某彬另以租赁合同无效主张仲裁协议无效，但仲裁协议独立存在，合同的变更、解除、终止或者无效，不影响仲裁协议的效力。因此，涉案《租赁合同》中当事人约定仲裁的部分有效，当事人应当依约将其争议提交选定的仲裁委员会通过仲裁方式解决。","根据《最高人民法院关于适用〈中华人民共和国仲裁法〉若干问题的解释》相关规定，“或裁或诉”条款因当事人提交仲裁的意思表示不明，应为无效。至于约定“先裁后诉”的争议解决条款，虽然关于“仲裁不成的依法向当地人民法院起诉”的约定无效，但不影响将争议提交仲裁的约定的效力。<br/>","《中华人民共和国仲裁法》第16条、第19条、第20条<br/>　　《中华人民共和国民法典》第156条（本案适用的是1999年10月1日起施行的《中华人民共和国合同法》第56条）<br/>######　　其他审理程序：广东省深圳市中级人民法院（2020）粤03民特885号民事裁定（2021年4月7日）<br/>","\N","\N","2026-01-21 10:27:30","2026-01-21 10:27:30","08a9d44c73e2ac33b91671742e339fa0","\N","20260426"
"6138","多元解纷案例库","https://dyjfalk.court.gov.cn/site/case/5f3439a6-e13f-4855-833a-c41b6bdebecf","民事-劳务合同纠纷","D2025-161-1-139-897","安新县人民法院","民事,劳务合同纠纷,拖欠劳务报酬,“法院+劳动监察”联动化解","","2025-12-05","\N","范某甲承包了某鞋厂的帮工车间，刘某、范某乙、崔某自2024年起为范某甲提供车工等劳务服务，完工后范某甲未能及时结清劳务报酬，后经双方对账，范某甲尚欠刘某等3人19644元,并出具欠条，对上述事实予以确认。后经3人多次催要，范某甲均未支付。刘某等3人投诉至劳动保障监察大队，并诉至法院，要求范某甲给付劳务报酬。","法院收到起诉材料后，为高效化解纠纷，保障劳动者合法权益，征得当事人同意后，法院积极与劳动保障监察大队对接，聚焦范某甲是否应当向刘某3人给付劳务报酬及给付金额这一争议焦点，联动开展先行调解工作。 一是审查证据，明确事实。劳动保障监察大队围绕提供劳务模式、计薪方式、欠薪总额等情况向刘某3人进行询问，核实其提交的欠条等书面证据，了解到刘某3人以工作量计薪，进而核算出刘某3人各自应获得的劳务报酬，初步明确欠条所载欠付金额的真实性。 二是摆出证据，释法明理。指导法官与劳动保障监察大队工作人员“背对背”向范某甲核实案件情况，发现与刘某3人所述案情相符，范某甲对欠付刘某3人劳务费一事及欠条所载欠付金额予以认可。随后指导法官向范某甲释明了拖欠工人劳务报酬可能面临的法律责任，同时了解到范某甲目前资金周转紧张，需花费时间筹措资金。 三是耐心劝导，互谅互让。指导法官、劳动保障监察大队工作人员通过深入细致地释法明理、耐心劝导、解析利弊，范某甲深刻认识到了拖欠工人劳务报酬的错误行为，表示愿意积极筹措资金支付劳务报酬，刘某3人亦相信范某甲有给付意愿，表示可以给其几天时间以筹措资金。最终，双方就还款时间达成一致意见。该纠纷得以高效化解。","本案系劳务合同纠纷，案情相对简单明了，各方当事人的主要争议焦点在于劳务报酬应否给付以及给付金额、给付时间及方式等方面。本案中，为高效化解纠纷，法院在全面摸清双方诉求基础上，联动劳动保障监察大队，积极应用“法院+劳动保障监察”一站式解纷机制，由劳动保障监察大队对案情走向先行了解，明确诉求并合理引导，之后两单位发挥各自职能优势，联动对各方当事人进行“背对背”调解，同时释法明理、明确责任，促进互谅互让，最终促使纠纷高效、实质性化解，缓和了用工双方之间的对立情绪，切实保障了工人合法权益，实现案结事了人和。","《中华人民共和国民法典》第509条、第579条","\N","","2026-01-27 09:48:33","2026-02-03 09:40:14","08b6ffdad3dce1963b6540af2ee789e4","\N","20260426"
"1300","人民法院案例库","https://rmfyalk.court.gov.cn","民事-抚养纠纷","2024-14-2-022-001","北京市房山区人民法院","民事,抚养费,抚养,离婚,前置条件","一审","2022.04.27","02","<p>u3000u3000原告王小某诉称：王小某（系化名）与王某系父子关系，2009年8月28日王小某出生。在王小某成长过程中，其开销一直由母亲张某承担，父亲王某在经济上没有承担王小某的抚养费，生活上也没有对王小某给予照顾、关心和教育，没有尽到作为父亲的抚养和教育责任。故诉请王某按照每月3082元的标准支付自2016年1月1日至王小某满18周岁的抚养费。<br/>u3000u3000被告王某辩称：不同意支付抚养费，自己没有钱，还有网贷，没有能力支付。<br/>u3000u3000法院经审理查明：张某（女）和王某于2006年登记结婚，2009年生育一子王小某。2015年、2016年，王小某因就近上学，与母亲张某搬离房山区，和父亲王某分开居住。2017年、2018年左右，王某去外地生活。王某自结婚至今没有工作，也没有给过孩子抚养费，家庭开销一直由张某承担，王某在生活上未对孩子给予照顾、关心和教育，没有尽到作为父亲的抚养和教育的责任。张某身有残疾，因身体原因待岗，月收入不足5000元。张某与王某目前仍为夫妻关系。<br/>u3000u3000北京市房山区人民法院于2022年4月27日作出民事判决：1.王某于本判决生效之日起十日内按每月800元的标准支付王小某2016年1月至本判决生效之月的抚养费；2.自本判决生效之月起，王某每月5日前支付王小某抚养费800元，至王小某年满18周岁止；3.驳回王小某的其他诉讼请求。宣判后，双方当事人均未提起上诉，判决已发生法律效力。</p>","<p>u3000u3000法院生效裁判认为：《中华人民共和国民法典》第一千零六十七条规定：“父母不履行抚养义务的，未成年子女或者不能独立生活的成年子女，有要求父母给付抚养费的权利。”父母不履行抚养义务的，未成年子女或者不能独立生活的成年子女，有要求父母给付抚养费的权利。婚姻关系存续期间，父母双方或者一方拒不履行抚养子女义务，未成年子女或者不能独立生活的成年子女请求支付抚养费的，人民法院应予支持。本案中，王小某主张2015年、2016年其与母亲住到中关村后，与父亲王某分开居住，王某予以认可，且王某自述其自结婚至今一直没有工作，也没有给过孩子抚养费。关于王小某要求王某支付抚养费的诉讼请求，于法有据，法院予以支持。抚养费的数额，法院综合考虑子女的实际需要、父母双方的负担能力和当地的实际生活水平等情况依法予以酌定。</p>","<p>婚姻关系存续期间，父母双方或者一方拒不履行抚养子女义务，未成年子女或者不能独立生活的成年子女请求支付抚养费的，人民法院应予支持。</p>","<p>u3000u3000《中华人民共和国民法典》第1067条<br/>u3000u3000《最高人民法院关于适用〈中华人民共和国民法典〉婚姻家庭编的解释（一）》（法释〔2020〕22号）第43条、第49条</p><br/>","\N","\N","2026-01-21 10:27:30","2026-01-21 10:29:48","08d80a4f849f136e35a849ca391ffd8f","\N","20260426"
"2294","人民法院案例库","https://rmfyalk.court.gov.cn","民事-商标权权属、侵权纠纷","2024-09-2-159-001","湖北省高级人民法院","民事,侵害商标权,驰名商标,外文商标,中文译名","二审","2023.11.08","02","<p>　　原告某某林集团总公司（以下简称某某林公司）诉称，其1980年注册的第136402号“MICHELIN”商标及1990年注册的第519749号“米其林”商标（核定使用在第12类轮胎等商品上），经过持续的使用和宣传推广，已经构成驰名商标，且已有数十次驰名商标认定及保护记录。“米芝莲”是“MICHELIN”在香港、澳门及广东等粤语地区的粤语翻译，且已被中国相关公众所知悉；尤其是某某林公司出版发行的餐厅评价指南“Michelin Guide”(被翻译为《米芝莲指南》或《米其林指南》，其权威性被全球及中国公众所广泛知悉和认可。被告上海米某某餐饮管理有限公司（以下简称上海米某某公司）自2013年开始，在其直营及下属加盟的奶茶餐饮店中使用“米芝莲”商标；上海米某某公司在自己的官方网站品牌故事页面中宣传介绍称“我的名字叫‘米芝莲’。在香港话里，‘米芝莲’就是米其林的意思，是全球最顶级的那个餐厅指南……”。某某林公司请求认定其“MICHELIN”及“米其林”商标为驰名商标，并请求制止上海米某某公司使用“米芝莲”标识的行为。<br/>　　被告上海米某某公司辩称，“米芝莲”并不是对第12类“MICHELIN”“米其林”商标的翻译、摹仿。中国相关公众未称呼过某某林公司的轮胎为“米芝莲轮胎”。某某林公司在中国内地未投入使用“米芝莲”标识。<br/>　　国家商标局在相关不核准案外人“米芝蓮”、“米芝莲”商标注册申请的决定中指出，“米芝莲”与 “MICHELIN”构成对应关系，且经过某某林公司长期大量使用，其“米芝莲”标识在餐饮行业已具有一定知名度，被异议商标使用在与该行业密切关联的商品上，易导致消费者混淆误认，对其不予核准注册。国家知识产权局在相关裁定中以在案证据表明“米芝莲”与“MICHELIN”建立了稳定的对应关系为由，亦对上海米某某公司申请的多个“米芝莲”及其相关商标裁定不予注册、无效宣告。<br/>　　湖北省武汉市中级人民法院于2021年8月16日作出（2018）鄂 01 民初 3552 号民事判决：一、上海米某某公司、武汉市江汉区某某山泡芙蛋糕店于判决生效之日立即停止侵犯某某林公司第 136402 号“MICHELIN”、第 519749 号“米其林”注册商标专用权的行为，即立即停止在店铺、网站、微信公众号等经营活动中使用“米芝莲”“米芝蓮”标识；二、上海米某某公司于判决生效之日停止将“米芝莲”作为其企业字号，且变更后的企业名称不得含有与“米芝莲”“米其林”“MICHELIN”相同或近似的文字；三、上海米某某公司于判决生效之日立即停止使用并注销“www.**mizhilian.com”域名；四、上海米某某公司于判决生效之日起十日内赔偿某某林公司经济损失（含维权合理费用）1000 万元；五、武汉市江汉区某某山泡芙蛋糕店、尤某红对判决第四项确定的赔偿金额在 2 万元内承担连带责任；六、上海米某某公司于判决生效之日起十日内在《中国知识产权报》刊登声明，消除其侵权行为造成的影响（声明内容需于判决生效后五日内提交一审法院审核，逾期不履行，一审法院将在《中国知识产权报》刊登判决主要内容，所需费用由上海米某某公司负担）；七、驳回某某林公司的其他诉讼请求。如果未按判决指定的期间履行给付金钱义务，应当依照《中华人民共和国民事诉讼法》（2019年修正）第二百五十三条规定，加倍支付迟延履行期间的债务利息。上海米某某公司等不服一审判决，上诉至湖北省高级人民法院。湖北省高级人民法院于2023年11月8日作出（2022）鄂知民终190号民事判决：驳回上诉，维持原判。</p>","<p>　　法院生效裁判认为，某某林公司所主张认定驰名商标的“MICHELIN”“米其林”商标已构成驰名商标。驰名商标制度上规定的“翻译”，是指被诉商标将他人驰名商标以不同的语言文字予以表达，且该语言文字已与他人驰名商标建立对应关系，并为相关公众所熟知或习惯使用，或者易使相关公众误认为该语言文字与他人驰名商标具有相当程度的联系。商标的外文翻译，不仅仅是语言翻译，更是一种文化翻译，并非简单的语言置换，而要从跨文化角度将不同种语言、文化相融合。对于外文商标的中文译名，事实上既可能、也可以存在多个不同的中文译名，属于特定的语言现象。<br/>　　具体到本案，虽然“MICHELIN”的普通话翻译为“米其林”，且在中国更多的接受并使用“米其林”作为“MICHELIN”对应的中文翻译，但并不能因此而否认“米芝莲”与“MICHELIN”的语言对应关系。虽然“MICHELIN”的中文翻译之一为“米其林”，但是通过某某林公司所举证的中国的网络媒体、报纸、期刊所涉及“米芝莲”的报道或介绍，包括部分词典对“米芝莲”的英文翻译，以及中国粤语传播范围等，可以确定，在中国，“米芝莲”与“MICHELIN”“米其林”存在不可分割的语言对应关系，该种称呼和使用方式，不仅为中国香港、澳门的公众所熟知并使用，也为中国的相关公众所知晓。综合全案情况，法院认定上海米某某公司使用“米芝莲”商标构成商标侵权。</p>","<p>驰名商标制度上规定的“翻译”，是指被诉商标将他人驰名商标以不同的语言文字予以表达，且该语言文字已与他人驰名商标建立对应关系，并为相关公众所熟知或习惯使用，或者易使相关公众误认为该语言文字与他人驰名商标具有相当程度的联系。在判断相关语言是否具有翻译关系时，不仅需要考虑相应语言习惯、地域差异，还要尊重市场现状，平衡市场主体之间的利益，保护消费者免受来源混淆的合法权益。</p>","<p>　　《中华人民共和国商标法》第13条</p><br/>######<p>　　一审：湖北省武汉市中级人民法院（2018）鄂01民初3552号民事判决（2021年8月16日）<br/>　　二审：湖北省高级人民法院（2022）鄂知民终190号民事判决（2023年11月8日）</p>","\N","\N","2026-01-21 10:27:30","2026-01-21 10:27:30","08e95eb07d5afe4978342083404e3213","\N","20260426"
"6882","多元解纷案例库","https://rmfyalk.court.gov.cn","民事-房屋买卖合同纠纷","D2025-161-1-091-185","安乡县人民法院","民事,房屋买卖合同纠纷,商品房买卖,未及时办理房屋所有权证,违约金赔偿数额,示范调解","","2025-03-14","\N","鲁某、许某与某开发公司签订了商品房买卖合同。合同签订后，某开发公司未按照合同约定为鲁某、许某办理房屋所有权证，两人向法院提起诉讼。","征得当事人同意后，法院指派调解经验丰富的调解员组织开展调解工作。调解员经与双方当事人多次沟通，全面了解纠纷具体情况，随后开展一系列化解工作： 一是释法说理，明确各方权利义务。调解员向开发公司释明，其与鲁某、许某签订的房屋买卖合同系基于双方合意，为合法有效的合同。根据双方合同约定，如果开发公司未在规定时间内协助鲁某、许某取得房屋所有权证书，鲁某、许某有权要求开发公司根据合同约定支付违约金。 二是总结焦点，明确违约金具体数额。双方争议焦点为违约金金额。按照合同约定，违约金的数额为自合同约定的取得房屋所有权证书的时间届满之次日起至实际取得房屋所有权证书之日止，按日计算房屋价款总金额万分之一。 三是与双方当事人沟通，促成尽快达成调解方案。一方面，调解员向开发公司说明，根据法律规定及合同约定，鲁某、许某请求支付违约金属于维护自身合法权益的行为，开发公司延迟协助鲁某、许某取得房屋所有权证书，损害了鲁某、许某的切身利益，其有义务向鲁某、许某支付违约金。另一方面，调解员积极劝说鲁某和许某，向其说明某开发公司延迟协助办证涉及一百余名买房人，需要支付的违约金较高，当前开发公司经营运转困难，支付能力确实有限。为防止损失进一步扩大，确保当事人权益及时得到实现，调解员建议鲁某、许某考虑适当减少违约金索赔数额。经与当事人多次沟通，最终双方各退一步，达成调解协议。 四是开展示范调解，化解批量潜在诉讼。以该纠纷调解方案作为示范，为其他面临相同情况的一百余名买房人通过调解、和解方式解决纠纷提供指引，促成化解批量潜在诉讼。","本案系因商品房买卖合同签署生效后未及时办理房屋所有权证引发的纠纷。开发公司与房屋买受人签订房屋买卖合同后，因种种客观原因，未及时履行合同约定义务导致违约的情况时有发生。该类纠纷往往涉及人数众多，且关系百姓安居乐业，处理不好，易激化矛盾。对于此类纠纷，促成双方当事人调解解决，不仅有利于最大限度减少当事人损失，对于稳定商品房买卖市场也具有积极意义。本案纠纷化解的难点在于违约金赔偿数额的确定。调解员通过向双方当事人分析利弊，在保证公平的前提下促推形成双方都能认可的调解方案，高效化解纠纷，节约当事人解纷成本。同时，通过示范调解，为潜在一百多件同类纠纷的妥善化解提供指引，从源头预防形成批量诉讼，做到调解一案、化解一片。","《中华人民共和国民法典》第577条、第585条","\N","","2026-01-27 09:50:33","2026-01-27 09:50:33","098e6910303b995b5c7bf9e761a47cfd","\N","20260426"
"2039","人民法院案例库","https://rmfyalk.court.gov.cn","民事-合同纠纷","2023-01-2-483-004","上海市高级人民法院","民事诉讼,合同,管辖权异议,协议管辖,争议标的,合同履行地","二审","2021.02.01","02","<p>　　原告某科技公司诉称：被告一某集团公司至今未按照《资产收购协议》约定，履行股权、知识产权等资产交付与变更登记义务。因《资产收购协议》项下出售的大部分资产属于被告一的关联企业所有，而非被告一所有，而所有资产的收购价款7.35亿元却由被告一统一收取，已构成各被告间的财产混同；而且7名被告之间还存在经营地址混同、人员混同等情况，各被告之间已构成“人格混同”。除被告一外，其余6名被告也是基于《资产收购协议》所签署的分项转让协议的资产转让义务人，应与被告一构成共同收款人。故请求判令：一、解除原告与被告一某集团公司于2015年4月18日签订的资产收购协议；二、被告一向原告返还其支付的资产收购价款7.35亿元；三、被告一向原告赔偿律师费用100万元；四、某软件公司等6名被告就上述第2项、第3项诉讼请求承担连带责任等。<br/>　　7名被告在提交答辩状期间提出管辖权异议认为，案涉该《资产收购协议》第8.2款是附条件的协议管辖条款，“发出争议、争端或权利主张通知后10日内未能通过协商达成和解”是适用约定管辖（即向甲方所在地法院提起诉讼）的前提条件。原告起诉前未按约定发出通知，前提条件未成就，而且其余6名被告并非《资产收购协议》的当事方，故本案不应适用该附条件的协议管辖，应适用法定管辖规定，依法应由被告住所地或者合同履行地江苏省无锡市中级人民法院管辖。原告辩称，原告与被告一某集团公司之间自2015年就开始发生争议，双方一直在进行沟通，通知只是一个形式而已。即便进行通知，双方也无法在十日内达成和解，且通知也非约束性条款，无法排除适用《资产收购协议》第8.2条的约定管辖。原告对其余六名被告的主张系基于各被告人格混同而要求其承担连带责任，故应按照案件基础法律关系中的协议管辖确定本案管辖。<br/>　　上海市第一中级人民法院于2020年11月4日作出（2020）沪01民初253号之一民事裁定：驳回某集团公司等7名被告对本案管辖权提出的异议。某集团公司不服，以案涉《资产收购协议》存在伪造可能，应当先进行鉴定；《资产收购协议》中的协议管辖条款系附条件的协议管辖，所附先行和解的条件未成就，不应按照协议管辖条款确定管辖法院等为由，向上海市高级人民法院提起上诉。上海市高级人民法院于2021年2月1日作出（2021）沪民辖终3号民事裁定：驳回上诉，维持原裁定。</p>","<p>　　法院生效裁判认为，本案争议焦点有三个。一是应否先行鉴定案涉《资产收购协议》的真实性；二是协议管辖能否附条件；三是本案管辖约定是否明确及被告住所地或者合同履行地法院有无管辖权。<br/>　　一、应否先行鉴定案涉《资产收购协议》的真实性。首先，本案尚在审查确定管辖权阶段，还未开庭审理，《资产收购协议》的真实性需要结合有关证据综合认定，在实体审理阶段予以审查更为妥当。原审法院在管辖权异议审查阶段，还未开庭审理的情形下，以本院查明的形式认定案涉《资产收购协议》有关事实，存在不当，予以纠正。其次，为诉讼之效率，本案管辖权应根据当事人诉请所依据的法律关系以及当事人提交的诉讼材料进行形式审查予以确定。从形式审查看，被上诉人某科技公司提交了盖有上诉人与被上诉人印章的《资产收购协议》，并述称：“案涉《资产收购协议》系双方公司代表携带公司印章当面签署，上诉人法定代表人刘某某也在现场见证了签署过程，且《资产收购协议》是在合作框架协议中明确需要配套签订的协议，上诉人对合作框架协议未提出过异议，且印章也在上诉人处。”上诉人虽于2020年10月9日提交鉴定申请，要求对《资产收购协议》的形成时间、印文真实性等进行鉴定，并于此后对《资产收购协议》真实性再次提出质疑，但上诉人于申请鉴定前的2020年10月4日提交的《管辖权异议申请书》，并未否认或质疑《资产收购协议》的真实性，且对《资产收购协议》第8.2款发表了意见，认为：“该条款系附条件的协议管辖条款，本案不应适用该协议管辖条款，应适用法定管辖。”民事诉讼应当遵循诚实信用原则，在上诉人未提供证据证明《资产收购协议》系伪造的情况下，本案应根据形式上的《资产收购协议》确定管辖。最后，如果后续经实体审理认定上诉人就《资产收购协议》真实性作恶意否认或质疑并恶意申请鉴定，或者经实体审理认定《资产收购协议》确系被上诉人伪造，原审法院可以依法对上诉人或者被上诉人进行制裁。<br/>　　二、协议管辖能否附条件。首先，《中华人民共和国民法总则》第一百五十八条规定，民事法律行为可以附条件。但该法第一百三十三条同时规定，民事法律行为是民事主体通过意思表示设立、变更、终止民事法律关系的行为。而协议管辖，是当事人合意确定争议解决方法、旨在产生民事诉讼法上效果之诉讼契约的民事诉讼行为，即规定在当事人因实体权利义务发生纠纷时，约定把这种争议提交给所选择的法院进行解决，并不是设立、变更、终止当事人民事实体权利义务的行为，也即它并不是民事实体法意义上的设立、变更、终止民事法律关系的民事法律行为。因此，协议管辖不能按照民事实体法关于“民事法律行为可以附条件”的规定，进行附条件。其次，根据《中华人民共和国民事诉讼法》（以下简称《民事诉讼法》）第一百二十三条规定，人民法院应当保障当事人依照法律规定享有的起诉权利。同时出于民事诉讼安定性要求和防止诉讼拖延考量，协议管辖作为一种民事诉讼行为，与民事法律行为不同，在民事诉讼法没有明确规定可以附条件的情况下，不得附条件。最后，根据《民事诉讼法》第三十四条规定，只要在不违反级别管辖和专属管辖的情况下，合同或者其他财产权益纠纷的当事人就可以书面协议选择被告住所地、合同履行地、合同签订地、原告住所地、标的物所在地等与争议有实际联系的地点的人民法院管辖。也就是说，管辖协议只要符合上述规定，就合法有效，被协议选择的上列法院就取得了案件管辖权，当事人就可以直接向协议选择法院起诉。上诉人主张“发生争议、争端或权利主张通知后十日内未能和解”是适用第8.2款约定管辖“向甲方所在地法院起诉”的前提条件，明显违反《民事诉讼法》上述规定和精神，既妨碍了当事人依法直接向协议选择法院行使起诉权，又妨碍了被协议选择法院依法及时行使管辖权，不予采纳。<br/>　　三、本案管辖约定是否明确及被告住所地或者合同履行地法院有无管辖权。首先，《最高人民法院关于适用&lt;中华人民共和国民事诉讼法&gt;解释》（以下简称《民事诉讼法解释》）第三十条规定，根据管辖协议，起诉时能够确定管辖法院的，从其约定；不能确定的，依照民事诉讼法的相关规定确定管辖。案涉《资产收购协议》第8.2款明确约定，向甲方所在地的人民法院提起诉讼。约定的管辖法院具体明确，能够依照管辖协议确定管辖法院。因此，案涉《资产收购协议》第8.2款关于管辖的约定，合法有效。其次，被上诉人起诉要求解除与上诉人签订的《资产收购协议》，并要求原审被告某软件公司等六家公司对上诉人向被上诉人返还资产收购款等承担连带责任。原审被告某软件公司等六家公司虽不是《资产收购协议》的当事人，但被上诉人系基于《资产收购协议》提起诉讼，因此，应根据上诉人与被上诉人之间的《资产收购协议》形成的基础法律关系即合同关系来确定管辖。根据《资产收购协议》关于管辖的约定，本案依法只能由甲方即被上诉人所在地法院管辖，而被上诉人住所地位于原审法院辖区，且本案属于中级人民法院管辖。因此，本案只有原审法院有管辖权，原审被告住所地或者合同履行地法院并无管辖权。原审裁定认为，根据《民事诉讼法》第三十五条规定，被上诉人是以要求七名被告承担连带责任为由主张权利的，原告可以向其中一个人民法院提起诉讼。该裁定理由存在不当，予以纠正。最后，需要指出的是，《民事诉讼法解释》第十八条第二款规定的三种情形，分别针对争议标的为给付货币、交付不动产和其他标的，只考虑了给付之诉的情形。所谓争议标的，是指当事人诉讼请求所指向的合同义务，并非当事人未履行合同义务而应承担的合同责任。本案系请求解除合同的形成之诉，其争议标的并非合同中的具体义务，而是合同法律关系是否解除的问题，并不能按照《民事诉讼法解释》第十八条第二款规定来确定本案合同履行地。因此，上诉人关于“本案合同履行地为接收货币方（原审被告）住所地和交付标的资产股权、知识产权的履行地点”的主张不能成立，不予采纳。</p>","<p>1.管辖权异议应采取形式审查原则。管辖权异议审查属程序问题，应根据当事人诉请所依据的法律关系以及当事人提交的诉讼材料进行形式审查确定案件管辖权，不宜在管辖权异议审查阶段，对含有协议管辖条款的案涉基础合同真实性进行审查。<br/>　　2.协议管辖不得附条件。为保障当事人依照法律规定享有的起诉权利，在民事诉讼法没有规定协议管辖可以附条件的情况下，不得附条件。本案《资产收购协议》第8.2款约定“发出争议、争端或权利主张通知后10日内未能通过协商达成和解，可以向甲方所在地法院提起诉讼”，该协议约定的管辖法院具体明确，且不违反级别管辖和专属管辖规定，应当依照管辖协议确定管辖法院。对方当事人主张该条款系附条件的协议管辖条款没有法律依据。<br/>　　3.《民事诉讼法解释》第18条第2款规定的3种情形，分别针对争议标的为给付货币、交付不动产和其他标的，只考虑了给付之诉的情形。而“争议标的”，是指当事人诉讼请求所指向的合同义务，并非当事人未按约定履行合同义务而应承担的合同责任。不能把“争议标的”的理解等同于诉讼请求。单纯地请求解除合同的形成之诉，其争议标的并非合同中的具体义务，而是合同法律关系是否解除的问题，不能据此规定来确定合同履行地。</p>","<p>　　《中华人民共和国民事诉讼法》第13条、第35条、第126条（本案适用的是2017年7月1日施行的《中华人民共和国民事诉讼法》第13条、第34条、第123条）<br/>　　《最高人民法院关于适用&lt;中华人民共和国民事诉讼法&gt;解释》第18条、第30条<br/>　　《中华人民共和国民法典》第133条、158条（本案适用的是2017年10月1日施行的《中华人民共和国民法总则》第133条、第158条）</p><br/>######<p>　　一审：上海市第一中级人民法院（2020）沪01民初253号之一民事裁定（2020年11月4日）<br/>　　二审：上海市高级人民法院（2021）沪民辖终3号民事裁定（2021年2月1日）</p>","\N","\N","2026-01-21 10:27:30","2026-01-21 10:27:30","0993e7c2f90b460997d3bf30f0fe273d","\N","20260426"
"5458","人民法院案例库","https://rmfyalk.court.gov.cn","民事-借款合同纠纷","2025-16-2-103-005","上海市第二中级人民法院","民事,借款合同,民间借贷,夫妻共同债务,超出日常生活开支,个人名义负债","再审","2023.06.21","02","2013年3月26日至2014年1月29日，原告陈某芬先后向被告何某琴转账共计1313.7万元。同一时期，何某琴先后向陈某芬转账共计592.8万元。2014年2月12日，何某琴向陈某芬出具借款协议一份，内容为：“本人何某琴因公司业务周转，向陈某芬借款人民币共计800万元整（￥捌佰万元整），借款期限以双方约定为准，利息每月支付17万人民币（壹拾柒万人民币），以个人资产担保。”2019年7月25日何某琴重新向陈某芬出具借条，内容为：“2014年借陈某芬人民币捌佰万元整至今，归还日双方协商定（预计2019年年底归还100万，2020年归还200万，2021年归还300万，2022年还清）。”<br/>u3000u3000    因何某琴未按约定偿还借款，陈某芬以前述债务系被告何某琴与被告罗某的夫妻共同债务为由，向法院起诉，请求判令：1.何某琴、罗某归还借款人民币800万元（币种下同）；2.何某琴、罗某支付以800万元为基数，自2014年6月1日起至实际清偿之日止，按全国银行间同业拆借中心公布的贷款市场报价利率四倍计算的利息。<br/>u3000u3000    何某琴辩称：其与陈某芬是好朋友，2014年2月12日和2019年7月25日的借条都是补写的。其从1998年起一直做企业注册代理、税务记账等，赚的钱用来买房子、开公司了。其于2010年在杨浦区工商局注册某投资管理有限公司，注册资本1000万元，自己占股90％，系法定代表人，其母亲占股10％。2020年8月该公司注销。其与罗某原系夫妻关系，双方于1996年6月11日登记结婚，育有一子一女。约2007、2008年后开始分室居住，2020年10月17日协议离婚。分室居住后自己带着与前夫所生的儿子生活，其与罗某所生的女儿2011年前往英国读书，期间生活费、学费大部分也都是她个人出的。平时其与罗某沟通很少，但是女儿出国的事罗某是知道的。<br/>u3000u3000    罗某辩称：其是杨浦区某局的公务员，每月工资单收入11000元左右，不包括奖金。其对何某琴所有债务的来源和去向都不清楚，借债总额、问谁借的、何某琴的账户往来情况，都不清楚。家里的开销都是AA制的。其女儿2011年前往英国读初中，一年学费和生活费在70万元左右；2015年开始在英国读高中，学费和生活费也是在70万元左右；2017年在伦敦读大学，一年学费和生活费在50万元左右；2019年其女儿回国。大部分费用都是何某琴出的，都是经商所得。<br/>u3000u3000    上海市杨浦区人民法院于2021年1月20日作出（2020）沪0110民初25343号民事判决：一、何某琴、罗某应于判决生效之日起十日内归还陈某芬借款800万元；二、何某琴、罗某应于判决生效之日起十日内支付陈某芬以800万元为基数，自2014年6月1日起至实际清偿之日止，按全国银行间同业拆借中心公布的贷款市场报价利率四倍计算的利息。<br/>u3000u3000    宣判后，罗某不服，提起上诉。上海市第二中级人民法院于2021年8月3日作出（2021）沪02民终4056号民事判决：一、撤销上海市杨浦区人民法院（2020）沪0110民初15343号民事判决；二、何某琴应于判决生效之日起十日内归还陈某芬借款800万元；三、何某琴应于判决生效之日起十日内支付陈某芬利息（以800万元为基数，自2014年6月1日起至实际清偿之日止，按全国银行间同业拆借中心公布的贷款市场报价利率四倍计算）；四、对陈某芬的一审其余诉讼请求，不予支持。<br/>u3000u3000    陈某芬不服，向上海市高级人民法院申请再审。上海市高级人民法院于2023年3月24日作出（2022）沪民申506号民事裁定：一、指令上海市第二中级人民法院再审本案；二、再审期间，中止原判决的执行。<br/>u3000u3000    上海市第二中级人民法院于2023年6月21日作出（2023）沪02民再21号民事判决：一、撤销上海市第二中级人民法院（2021）沪02民终4056号民事判决；二、维持上海市杨浦区人民法院（2020）沪0110民初15343号民事判决。","本案的争议焦点为：何某琴尚欠陈某芬的800万元借款是否认定为夫妻共同债务，罗某应否承担共同还款责任。<br/>u3000u3000   《中华人民共和国民法典》第一千零六十四条第二款规定，夫妻一方在婚姻关系存续期间以个人名义超出家庭日常生活需要所负的债务，不属于夫妻共同债务；但是，能够证明该债务用于夫妻共同生活、共同生产经营或者基于夫妻双方共同意思表示的除外。<br/>u3000u3000    根据本案查明事实，案涉借款发生时，何某琴与罗某仍在婚姻关系存续期间。所有借款协议及借条均由何某琴一人出具，其在不到一年的时间内借款800万元，明显超出一般家庭日常生活所需，但根据相关证据及当事人陈述，何某琴很早就从事企业注册代理、税务记账等工作，赚的钱也用于买房子等家庭生活开支。何某琴向陈某芬所借款项虽用于赚取利差的经营投资，但其女儿在英国留学的大部分费用，依靠该经营收入。相应地，罗某并未举证证明其收入足以支持包括女儿留学、买房子等家庭大额开销，故可以认定何某琴的经营收入用于家庭共同生活，系争债务为夫妻共同债务，应由夫妻双方共同偿还。<br/>u3000u3000    综上，根据相关法律规定，基于本案事实、证据，法院依法认定，陈某芬的再审请求成立，予以支持。原二审以陈某芬未能举证证明系争债务用于夫妻共同生活、共同生产经营或基于夫妻双方共同意思表示，对陈某芬要求罗某共同还款的请求未予以支持，有所不当，应予纠正。原一审判决结果正确，应予维持。","夫妻一方在婚姻关系存续期间以个人名义所负的、用于个人投资经营的债务，投资经营收入用于家庭购买车辆、房产及支付未成年子女的学费等用途的，属于民法典第1064条第二款规定的“用于夫妻共同生活”的债务，依法应当认定为夫妻共同债务，由夫妻共同偿还。<br/>","《中华人民共和国民法典》第1064条第2款<br/>######u3000u3000一审：上海市杨浦区人民法院（2020）沪0110民初25343号民事判决（2021年1月20日）<br/>u3000u3000二审：上海市第二中级人民法院（2021）沪02民终4056号民事判决（2021年8月3日）<br/>u3000u3000再审：上海市第二中级人民法院（2023）沪02民再21号民事判决（2023年6月21日）<br/>","\N","\N","2026-01-21 10:27:30","2026-01-21 10:27:30","09a4f7432cbd8af1e4fc411065be3f68","\N","20260426"
"6105","多元解纷案例库","https://dyjfalk.court.gov.cn/site/case/c6890f25-217a-40e3-9e78-cf77ac00316f","民事-人身保险合同纠纷","D2025-161-1-334-929","天津铁路运输法院","民事,人身保险合同纠纷,非医保用药,伤残鉴定标准,“总对总”在线诉调对接机制","","2025-12-15","\N","案外人孙某驾驶电动自行车将驾驶普通二轮摩托车的庞某撞伤，某公安局交通管理支队某大队作出道路交通事故认定书，认定孙某、庞某承担事故同等责任。经鉴定，庞某伤情构成十级伤残。庞某在某保险公司投保了意外伤害保险且事故发生在保险期间，但某保险公司因不认可庞某的伤残鉴定结果而拒绝赔付保险金。庞某遂诉至法院，要求某保险公司赔偿意外医疗保险金、意外伤残保险金。","法院收到起诉材料后，考虑到案情并不复杂，具有较大的调解空间，经征得当事人同意，依托最高人民法院与国家金融监管总局建立的“总对总”在线诉调对接机制，通过人民法院调解平台委托银行业保险业调解组织开展先行调解。调解员通过电话联系双方当事人，充分了解当事人诉求金额的构成和某保险公司的拒赔理由等，详细梳理案情后，与指导法官沟通明确了类案的裁判标准及处理方法，并开展以下调解工作： 一是深入梳理案情，辨析争议焦点。调解员在法官指导下组织双方当事人开展“面对面”调解，引导庞某详细说明事故经过、伤情诊断、鉴定过程，并提供了所有的医疗费票据、病历、伤残鉴定报告等，由某保险公司根据核赔标准一一审核，明确拒赔或部分拒赔的具体理由及依据，并指出其认为不合理或存疑的具体费用项目及金额。指导法官对非医保用药及鉴定报告依据标准两个主要的争议焦点，结合人民法院类似案件裁判规则向双方当事人进行了答疑并就相关法律规定作了详细的解释说明。 二是详细释法明理，着力促成和解。双方对于本次事故是否属于保险赔偿责任并无争议，仅对赔付金额存在较大分歧，调解员及指导法官围绕争议焦点分别继续开展“背靠背”的电话调解。一方面，注重安抚庞某情绪，以生效类似裁判案例为切入点，解释其主张的精神损害抚慰金、被扶养人生活费、交通费等费用确实存在争议或可能不被支持，引导其调整合理预期。另一方面，向某保险公司指出，庞某伤残鉴定报告系另案中因同一交通事故由其他法院委托产生，若某保险公司因该鉴定报告采用的鉴定标准而拒赔，因其未提交证据佐证载明鉴定标准的条款已经送达至庞某知悉，不足以证明其完成了法定的提示说明义务，可能存在败诉风险，要求其从专业角度重新审视赔付方案。 三是明确赔付细节，高效化解纠纷。经深入沟通，庞某表示不再主张不合理的诉请金额，某保险公司表示不再拒赔并提出了对合理必要费用进行赔付的方案。调解员就双方趋同的调解意向又分别进行多次沟通，最终双方就赔偿金额达成一致，并在线签订调解协议。至此，该纠纷得以成功化解。","本案系保险公司拒赔引发的人身保险合同纠纷，伤者需获赔保险金以填补医疗、生活支出，如无法及时赔付，可能会造成当事人权益受损，激化双方矛盾。本案中，双方对于涉诉事故属于保险责任均无异议，仅就赔偿数额不能达成一致意见。为此，法院依托最高人民法院与国家金融监管总局建立的“总对总”在线诉调对接机制，委托行业专业调解组织开展调解工作，充分发挥其熟悉保险方面法律法规、掌握人民法院类似案件裁判规则并具有丰富调解经验的优势。调解过程中，调解员把握最佳调解时机，围绕争议焦点，以“面对面”方式开展调解。一方面安抚被保险人情绪，根据处理类案的经验，由调解员讲解实际案例为被保险人调整合理赔付预期，由指导法官释法析理，引导当事人提出有证据支撑的合理赔付请求，另一方面，发挥调解员善于沟通的优势，引导保险人改变对调解的消极态度，向其释明人民法院类似案件裁判规则及举证责任分配，促使保险人充分了解诉讼可能结果，逐步弥合双方认知差距，最终促成纠纷实质性化解，保障了当事人合法权益，助力保险行业良性发展。","《中华人民共和国民法典》第509条 《中华人民共和国保险法》（2015年修正）第14条","\N","","2026-01-27 09:48:30","2026-02-03 09:40:08","09b928eb35191e8c73b0ed344dcc88e1","\N","20260426"
"1880","人民法院案例库","https://rmfyalk.court.gov.cn","民事-串通投标不正当竞争纠纷","2023-09-2-181-001","最高人民法院","民事,串通投标,不正当竞争,招投标,经营信息,投标文件","再审","2018.12.20","02","<p>　　克拉玛依某运输服务有限公司成立于2014年1月2日，谭某于2014年1月15日起任克拉玛依某运输服务有限公司执行董事兼经理、法定代表人，陈某任车辆调度员。2014年11月26日，谭某、陈某共同发起成立克拉玛依市某油田技术服务有限公司，注册资金500万元，陈某担任监事，克拉玛依市某油田技术服务有限公司经营范围与克拉玛依某运输服务有限公司相同。2015年10月克拉玛依某运输服务有限公司经理安排谭某、陈某办理克拉玛依某运输服务有限公司在招标方新疆石油工程建设监理有限公司越野车服务合同的投标工作，三人在投标前商定标底下浮8%的幅度。与此同时，克拉玛依市某油田技术服务有限公司亦派法定代表人廖某参加了此次招投标，且以标底下浮10%的优势取得评标审查第一名。2016年1月1日，克拉玛依市某油田技术服务有限公司与招标单位签订《值班车服务合同》，中标工作量为第一标段；而克拉玛依某运输服务有限公司中标工作量为第三标段。服务合同签订后，克拉玛依某运输服务有限公司认为克拉玛依市某油田技术服务有限公司能够中标第一名的原因在于谭某、陈某将其投标书内容泄露给了克拉玛依市某油田技术服务有限公司，因此以克拉玛依市某油田技术服务有限公司、谭某、陈某侵犯商业秘密为由，向新疆维吾尔自治区克拉玛依市中级人民法院提起诉讼。<br/>　　新疆维吾尔自治区克拉玛依市中级人民法院于2016年6月20日作出（2016）新02民初87号民事判决：克拉玛依市某油田技术服务有限公司、谭某、陈某连带赔偿因其商业秘密侵权行为给克拉玛依某运输服务有限公司造成的经济损失。克拉玛依市某油田技术服务有限公司、谭某不服一审判决，遂向新疆维吾尔自治区高级人民法院提起上诉，新疆维吾尔自治区高级人民法院于2017年5月8日作出（2017）新民终53号民事判决：驳回克拉玛依某运输服务有限公司全部诉讼请求。克拉玛依某运输服务有限公司不服二审判决，向最高人民法院提起再审。最高人民法院于2018年9月10日作出（2018）最高法民申5号裁定，提审本案。经审理，最高人民法院于2018年12月20日作出（2018）最高法民再389号再审判决：撤销一、二审判决，改判克拉玛依市某油田技术服务有限公司、谭某在判决生效后十日内连带赔偿克拉玛依某运输服务有限公司经济损失及合理开支30万元，驳回克拉玛依某运输服务有限公司其他诉讼请求。</p>","<p>　　最高人民法院认为，本案的争议焦点主要为克拉玛依市某油田技术服务有限公司、谭某是否侵害了克拉玛依某运输服务有限公司的商业秘密以及法律责任的承担。<br/>　　一、关于克拉玛依市某油田技术服务有限公司、谭某是否侵害于克拉玛依某运输服务有限公司的商业秘密<br/>　　《反不正当竞争法》第10条第3款规定：“本条所称的商业秘密，是指不为公众所知悉、能为权利人带来经济利益、具有实用性并经权利人采取保密措施的技术信息和经营信息。”商业秘密应当具有实用性、秘密性和保密性。实用性是指能为权利人带来经济利益，它能使商业秘密的所有人因掌握商业秘密而获得竞争上的优势。秘密性是指不为公众所知悉，即不为社会公众包括通常处理所涉信息范围的人普遍知道或者容易获得。保密性是指采取保密措施，即所有人主观上将该信息视为秘密，并且采取适当的保密措施以维持信息的保密性。<br/>　　投标文件由投标人自行制作，在开标之前必然采取密封措施，这是招投标活动的应有之义。涉案标书内容中的标底降幅不为公众和其他投标单位所知晓，因此具有秘密性。《最高人民法院关于审理不正当竞争民事案件应用法律若干问题的解释》（以下简称不正当竞争若干问题解释）第11条规定：“权利人为防止信息泄漏所采取的与其商业价值等具体情况相适应的合理保护措施，应当认定为《反不正当竞争法》第10条第3款规定的‘保密措施’。人民法院应当根据所涉信息载体的特性、权利人保密的意愿、保密措施的可识别程度、他人通过正当方式获得的难易程度等因素，认定权利人是否采取了‘保密措施’。”本案中克拉玛依某运输服务有限公司主张的经营信息载体为投标标书，克拉玛依某运输服务有限公司标书的制作限于参与投标活动的人员范围，并且标书的天然秘密属性要求任何知道标书内容的人都应负有保密的义务，标书所有人对标书进行封存即可看作是对标书采取了保密措施，而且这种保密措施也达到了法律要求的标准，因此具有保密性。不正当竞争若干问题解释第十条规定，有关信息具有现实的或者潜在的商业价值，能为权利人带来竞争优势的，应当认定为《反不正当竞争法》第10条第3款规定的“能为权利人带来经济利益、具有实用性”。结合涉案的招标文件中评标办法的内容，商务报价占总评分分值的30%，并且每下浮1%，加2分。在百分制的评分中，标底降幅的作用是显而易见的。因此，在标书开封之前，竞标者的标底降幅能使其保有一定的竞争优势，一旦中标就能给所有人带来经济利益。因此，虽然能否最终中标取决于竞标者的技术部分及商务部分的综合得分，但是不能据此否认标底降幅在竞标能力中的贡献。尤其在标底降幅为其他竞标者获悉的情况下，不仅将使该竞标人丧失竞争优势，更使其处于不利境地。因此，克拉玛依某运输服务有限公司主张的标底降幅符合商业秘密的构成要件，属于商业秘密中的经营信息，应当予以保护。二审判决认定涉案标底降幅不符合商业秘密的法定条件存在认定错误。<br/>　　《反不正当竞争法》第10条规定，经营者不得采用下列手段侵犯商业秘密：……（三）违反约定或者违反权利人有关保守商业秘密的要求，披露、使用或者允许他人使用其所掌握的商业秘密。第三人明知或者应知前款所列违法行为，获取、使用或者披露他人的商业秘密，视为侵犯商业秘密。本案中，克拉玛依某运输服务有限公司的标书中列明的联系人为谭某，在案证据能够证明谭某代表克拉玛依某运输服务有限公司参与了涉案招投标活动。谭某作为克拉玛依某运输服务有限公司参与投标的直接经办人员，理应尽到忠诚和保密义务，其作为克拉玛依市某油田技术服务有限公司的发起人，在明知克拉玛依某运输服务有限公司参与了此次招投标活动还让克拉玛依市某油田技术服务有限公司参与竞标，难谓善意。克拉玛依某运输服务有限公司10%的标底降幅为谭某知悉，考虑到谭某的双重身份，克拉玛依市某油田技术服务有限公司设定8%标底降幅，难谓巧合。克拉玛依市某油田技术服务有限公司在标底降幅上获得了较大的竞争优势，最终以86.43分获得评标第一名，中标第一标段。克拉玛依某运输服务有限公司获取评标82分第三名，中标第三标段。法院认为，克拉玛依市某油田技术服务有限公司对克拉玛依某运输服务有限公司的得分领先优势几乎是在标底降幅上产生的4分差距。谭某在克拉玛依某运输服务有限公司举报后不久即迅速转让了其在克拉玛依市某油田技术服务有限公司的股权。结合本案的案情，可以认定谭某存在违反保密义务向克拉玛依市某油田技术服务有限公司泄露标底的行为，克拉玛依市某油田技术服务有限公司亦存在明知谭某违法披露仍然获取并使用克拉玛依某运输服务有限公司商业秘密的行为。综上，二审法院认定谭某、克拉玛依市某油田技术服务有限公司的被控侵权行为未侵害克拉玛依某运输服务有限公司的商业秘密，不构成不正当竞争，认定事实和适用法律均有错误，应予以纠正。<br/>　　二、法律责任的承担<br/>　　谭某与克拉玛依市某油田技术服务有限公司共同侵害了克拉玛依某运输服务有限公司的商业秘密，应当就克拉玛依某运输服务有限公司的经济损失承担赔偿责任。本案中，克拉玛依某运输服务有限公司仅获得招标单位评标第三名、中标第三标段的成绩，虽然后来克拉玛依市某油田技术服务有限公司由于违规被招标单位解除了车辆服务合同，但仍少于评标第二名、中标第二标段的克拉玛依友联实业公司 5辆服务车辆。克拉玛依某运输服务有限公司再审申请主张一审法院仅支持了一年的经济损失 39．6万元，而未考虑两年合同期的问题。根据查明的事实，无论是由于克拉玛依某运输服务有限公司并没有足够运力原因还是招标单位整体调低了全部已中标签约单位的实际用车数量指标，可以确定的是克拉玛依某运输服务有限公司涉案值班车服务合同客观上并未全部履行。此外，由于克拉玛依市某油田技术服务有限公司被取消中标资格，亦无违法获利，考虑克拉玛依友联实业公司、克拉玛依某运输服务有限公司、克拉玛依市某油田技术服务有限公司给招标单位的报价底价、标底降幅以及克拉玛依市2．5-3．0升四驱越野车服务市场平均盈利水平，同时考虑克拉玛依某运输服务有限公司涉案值班车服务合同客观上并未全部履行、克拉玛依市某油田技术服务有限公司亦无违法获利等因素，酌情确定30万元已经足以覆盖克拉玛依某运输服务有限公司的实际损失，对于克拉玛依某运输服务有限公司主张的经济损失赔偿数额超出部分不予支持。<br/>　　克拉玛依某运输服务有限公司支付谭某的工资及社保系基于双方的劳动雇佣关系，谭某同时还从事克拉玛依某运输服务有限公司安排的其他工作，故克拉玛依某运输服务有限公司关于谭某应当赔偿已支付的工资及社保缺乏依据，不予支持。</p>","<p>投标文件由投标人自行制作，在开标之前必然采取密封措施，标底降幅不为公众和其他投标单位所知晓，具有秘密性。标书的制作限于参与投标活动的人员范围，并且标书的天然秘密属性要求任何知道标书内容的人都应负有保密的义务。标书所有人对标书进行封存即可视为对标书采取了保密措施。在标书开封之前，竞标者的标底降幅能使其保有一定的竞争优势，一旦中标就能带来经济利益。因此，标底降幅符合商业秘密的构成要件，属于商业秘密中的经营信息的，应当予以保护。</p>","<p>　　《中华人民共和国反不正当竞争法》（2019年修正）第9条（本案适用的是1993年12月1日施行的《中华人民共和国反不正当竞争法》第10条）</p><br/>######<p>　　一审：新疆维吾尔自治区克拉玛依市中级人民法院（2016）新02民初87号民事判决（2016年6月20日）<br/>　　二审：新疆维吾尔自治区高级人民法院（2017）新民终53号民事判决（2017年5月8日）<br/>　　再审审查：最高人民法院（2018）最高法民申5号民事裁定（2018年9月10日）<br/>　　再审：最高人民法院（2018）最高法民再389号民事判决（2018年12月20日）</p>","\N","\N","2026-01-21 10:27:30","2026-01-21 10:27:30","09c8cb3fdca93c4f8ab375eb796829bd","\N","20260426"
"2513","人民法院案例库","https://rmfyalk.court.gov.cn","民事-财产保险合同纠纷","2023-08-2-333-006","上海市闵行区人民法院","民事,财产保险合同,无责不赔,格式条款,效力,无效","一审","2009.12.29","02","<p>　　原告某安全器材公司诉称：2008年11月14日，原告就其所有的奥德塞多用途乘用车向被告投保机动车商业保险，其中第三者责任险200,000元、车辆损失险183,420元，保险期限自2008年11月21日零时起至2009年11月20日二十四时止。2009年1月31日，原告法定代表人秦某驾驶该车行驶至丁张线6.8KM宜兴林场时，与浙A牌号轿车发生碰撞，造成车辆损坏的保险事故。保险事故发生后，原告即向被告报案。被告派员对出险车辆查勘拍照加以证实并对出险车辆进行定损。同时，原告委托评估机构对车辆损失进行评估。当原告向被告递交理赔材料要求理赔时，被告以原告事故无责拒不理赔。原告认为，本次事故虽然原告无责，但造成被保险车辆损失，且事故性质属保险责任，被告应对原告承担赔付责任。故要求被告给付保险赔偿金132,638元。<br/>　　被告某保险公司辩称，原告就其车辆向被告投保机动车辆保险属实，机动车辆保险条款第十五条规定“保险机动车一方无事故责任或无过错的，保险人不承担赔偿责任”，本案交通事故中秦某不承担事故责任，故被告不应承担赔偿责任。另肇事车辆驾驶员虽逃逸无从查找，但该车主作为确定的第三方，应承担连带赔偿责任，本案亦不适用条款第十七条的规定。故原告发生的车损不属于保险责任范围，被告不承担赔偿责任。<br/>　　法院经审理查明：2008年11月14日，原告就其所有的奥德塞多用途乘用车向被告投保机动车交通事故强制责任保险、第三者责任险（不计免赔）、车辆损失险（不计免赔）、基本险不计免赔等保险，车辆损失险的保险金额为183,420元，保险期间自2008年11月21日零时起至2009年11月20日二十四时止。机动车损失保险条款第十五条规定：除本保险合同另有约定外，保险人依据保险机动车一方在事故中所负责任比例，承担相应的赔偿责任。公安交通管理部门处理事故中未确定事故责任比例且出险地的相关法律法规对事故责任比例没有明确规定的，保险人按下列规定承担赔偿责任：保险机动车一方负全部事故责任的，保险人按100%事故责任比例计算赔偿；保险机动车一方负主要事故责任的，保险人按70%事故责任比例计算赔偿；保险机动车一方负同等事故责任的，保险人按50%事故责任比例计算赔偿；保险机动车一方负次要事故责任的，保险人按30%事故责任比例计算赔偿；保险机动车一方无事故责任或无过错的，保险人不承担赔偿责任。第十七条规定：保险机动车发生保险责任范围内的损失，应由第三方负责赔偿却无法找到第三方的，保险人予以赔偿，但在符合赔偿规定的金额内实行30%的绝对免赔率。第二十四条规定，保险人在承保时，应向投保人说明投保险种的保险责任、责任免除、保险期间、保险费及支付方法、赔偿处理、投保人和被保险人义务等内容。<br/>　　2009年1月31日，原告法定代表人秦某驾驶被保险车辆在江苏省宜兴市境内发生交通事故。宜兴市公安局交通巡逻警察大队认定，肇事驾驶员驾驶浙A牌号轿车沿丁张线由西向东行驶至宜兴林场时，越过中心实线，驶入对向车道与被保险车辆相撞，致秦某和被保险车辆上的两名乘员不同程度受伤、两车损坏；浙A车辆驾驶员弃车逃逸，负事故的全部责任，秦某及两名车上乘员不负事故责任。浙A车辆驾驶员现尚未找到。<br/>　　原告此后向被告要求理赔。被告于2009年4月11日出具机动车辆定损单，确认被保险车辆损失总金额为75,000元，并在定损单中注明“本单仅确定损失金额，不作理赔承诺”。后因被告不予赔偿，原告遂委托评估机构对被保险车辆的损失情况进行评估。评估机构于2009年6月9日出具物损评估意见书，确认该车直接物质损失为132,638元。<br/>　　上海市闵行区人民法院于2009年12月29日作出（2009）闵民二（商）初字第1590号民事判决：被告某保险公司于判决生效之日起十日内支付原告某安全器材公司92,846.60元。判决宣告后，原被告双方均未提起上诉，判决已生效。</p>","<p>　　法院生效裁判认为，本案的争议在于，原告驾驶员在本起交通事故中无事故责任，是否可以获得保险理赔。被告认为其对原告此次交通事故造成的损失不应理赔，其依据是机动车损失保险条款第十五条中“保险机动车一方无事故责任或无过错的，保险人不承担赔偿责任”的规定。法院认为，保单所附的机动车损失保险条款系格式条款，根据我国相关法律规定，提供格式条款的一方应当遵循公平原则确定当事人之间的权利和义务，并采取合理的方式提请对方注意免除或者限制其责任的条款并加以说明。合理方式包括在合同订立时采用足以引起对方注意的文字、符号、字体等特别标识；未作提示或者明确说明的，该条款不产生效力。对于是否已尽合理提示及说明义务的举证责任人为提供格式条款的一方。<br/>　　原告现主张的是由于此次交通事故造成的车辆损失，该索赔基于原告向被告投保的车辆损失险。车辆损失险非责任保险，而是对非故意、非可预见性、非可控的风险引起的车辆损失设定的保险，其目的在于及时补偿因意外原因受损的损失，不论这种意外原因是自然原因还是第三者的责任。被告在其提供的车辆损失保险条款第十五条规定“保险机动车一方无事故责任或过错的，保险人不承担保险责任”，将财产损失险与责任保险混同，免除了自身责任，加重了对方责任，被告应当举证证明其在投保单、保险单或其他保险凭证上作出足以引起原告注意的提示，并对该条款内容向原告作过明确说明。但保险单正面均无明显提示，被告亦未能就此进行举证，故该条款系无效条款，不产生效力，被告据该条款作为拒赔的理由不能成立。被告应当就原告在此次交通事故中造成的车辆损失进行赔偿。被告在赔偿后，可以在赔偿金额范围内代位行使被保险人对第三者请求赔偿的权利。<br/>　　系争机动车保险条款第十七条还规定，保险机动车发生保险责任范围内的损失，应由第三方负责赔偿却无法找到第三方的，保险人予以赔偿，但在符合赔偿规定的金额内实行30%的绝对免赔率。该条款是双方对赔偿具体比例的约定，不属于免除一方责任、加重对方责任，该约定合法有效，对双方具有约束力。系争交通事故由第三方过错引起，应由第三方负责赔偿，但肇事车辆驾驶员弃车逃逸，车主亦至今未能找到，故被告应在车辆损失70%的范围内进行赔偿。<br/>　　关于车辆实际损失的金额，被告曾经出具过定损单，对被保险车辆的损失进行过认定，但原告不同意该损失金额，并委托评估机构对被保险车辆的损失情况进行了评估，评估的损失高于被告认定的损失。法院认为，保险公司作为事故受损车辆的理赔单位，既评估车辆损失，又进行赔偿，有失公允，故被告所确定的车辆损失只能作为保险公司与被保险人之间确定损失的参考依据，只有双方都确认的情况下才具有约束力。现原告对被告认定的损失不予确认，故车辆损失应以具有评估资质的专业单位确定的实际损失价格为准。</p>","<p>1.保险条款属于格式条款，提供格式条款的一方应当采取合理的方式提请对方注意免除或者限制其责任的条款并加以说明；未作提示或说明的，该条款不产生效力。<br/>　　2.保险公司在其提供的车辆损失保险条款中规定被保险车辆无责不赔，系免除自身责任、加重对方责任等内容，但在保险单正面却无明显提示，保险公司亦未能就此举证其对投保人进行了提示说明的，该条款系无效条款，对被保险人不产生效力，保险公司应当就被保险人的车辆损失进行赔偿。</p>","<p>　　《中华人民共和国民法典》第119条、第490条第2款、第497、第509条第1款（本案适用的是1999年施行的《中华人民共和国合同法》第8条、第39条第1款、第40条、第60条第1款）<br/>　　《中华人民共和国保险法》第14条、第17条</p><br/>######<p>　　一审：上海市闵行区人民法院（2009）闵民二（商）初字第1590号民事判决（2009年12月29日）</p>","\N","\N","2026-01-21 10:27:30","2026-01-21 10:27:30","09cbc0bb2cde9a79d64e2393ef5aabe4","\N","20260426"
"3373","人民法院案例库","https://rmfyalk.court.gov.cn","民事-不正当竞争纠纷","2023-09-2-488-013","北京市第一中级人民法院","民事,不正当竞争,商业道德,过滤视频广告,浏览器","二审","2014.09.12","02","<p>　　某信息技术公司诉称：其为某酷网（网址为http://yo**u.com）的合法经营者，面向行业广告客户提供在线网络视频的广告制作和发布服务，同时也面向终端用户提供在线网络视频点播服务。对用户所点播的网络视频合法且适当投放广告。经核实，某豹安全浏览器（以下简称某豹浏览器）通过一系列技术措施，主动向终端用户提供“页面广告过滤”功能。当最终用户打开该功能后访问某酷网，某酷网原本合法投放的视频广告会被过滤。北京某安全软件公司为某豹浏览器的开发者、版权人，某安全技术公司为某豹网站（网址为http://li**ao.cn）的经营人，为某豹浏览器提供官方发布和推广平台，北京某网络科技公司既是某豹浏览器的版权人，也是某豹网站的版权人。根据《反不正当竞争法》第2条规定，三被告共同通过某豹浏览器所实施的行为对某信息技术公司构成不正当竞争，已造成严重的损害后果，故诉至法院，请求判令：1.三被告立即停止不正当竞争行为，即停止恶意修改或诱导用户，修改某酷网服务和产品参数；2.发表公开声明，承诺不再以类似方式侵害某信息技术公司的合法权利，消除影响；3.赔偿某信息技术公司经济损失及合理开支500万元（合理开支包括律师费25万元、公证费1万元）。<br/>　　北京某安全软件公司、某安全技术公司共同辩称，其二者与某豹浏览器及某豹网站无关，不应承担法律责任。<br/>　　北京某网络科技公司辩称：1.其与某信息技术公司不存在竞争关系。2.浏览器具备过滤网络广告的功能属于行业惯例，国内外主要的浏览器都具备广告过滤功能。3.某信息技术公司的公证环境中存在360相关软件，都能过滤视频广告，某信息技术公司所主张的视频广告被过滤的效果不排除为360软件作用的结果，或是因某酷网视频播放器的记忆播放功能、刷新网页所致。4.某豹浏览器的广告过滤功能默认是关闭的，需要用户主动开启才发生作用。互联网自律公约明确用户享有知情权、选择权，用户可以选择不看视频广告，某酷网提供不可关闭的视频广告属于强制交易。某豹浏览器仅是提供给用户使用的工具，具有技术中立特点，并未代替用户选择过滤广告。5.某信息技术公司并未因视频广告被过滤而受到任何损失，相反在某信息技术公司公证期间，其收入不断上涨。具备视频广告过滤功能的某豹浏览器存在时间非常短，对某信息技术公司的影响很小。我公司不同意某信息技术公司的诉讼请求。<br/>　　法院经审理查明：<br/>　　某信息技术公司为某酷网（网址为http://www.yo**u.com）的经营者，该网站为视频网站，其中设有电视剧、电影、综艺、音乐、动漫等栏目。某信息技术公司解释某酷网的营利模式包括以下两种：一为收费模式。付费用户每月支付7.5元即可在观看视频时选择不观看某酷网提供的广告，但该模式并非网站主要的营利模式。二为广告模式。该模式为主要营利模式，针对的是免费用户，免费用户观看视频时需观看某酷网站中投放的广告，而无法跳过广告直接观看视频。<br/>　　某豹浏览器官方各版本由某豹网站（网址为www.li**ao.cn）提供下载服务，该网站的经营者在2013年3月11日之前为某安全技术公司，之后变更为北京某网络科技公司，北京某网络科技公司认可其为某豹浏览器的版权人和经营人。<br/>　　某信息技术公司主张不仅北京某网络科技公司及某安全技术公司应对被诉某豹浏览器提供行为承担责任，北京某安全软件公司亦应对该行为承担责任，并提交了相应的证据。<br/>　　某信息技术公司提交公证书并主张，在某豹浏览器3.8版本之前全部版本均具有过滤某酷网视频片头广告的功能，某安全技术公司、北京某网络科技公司、北京某安全软件公司提供上述版本的行为均构成不正当竞争行为。<br/>　　北京市海淀区人民法院于2013年12月19日作出（2013）海民初字第13155号民事判决：1.北京某安全软件公司、北京某网络科技公司刊登声明，为某信息技术公司消除影响；2.北京某安全软件公司、北京某网络科技公司于本判决生效之日起十日内赔偿某信息技术公司经济损失及合理开支共计30万元；3.驳回某信息技术公司的其他诉讼请求。宣判后，北京某安全软件公司、北京某网络科技公司提出上诉。北京市第一中级人民法院于2014年9月12日作出（2014）一中民终字第3283号民事判决，驳回上诉，维持原判。</p>","<p>　　法院生效裁判认为：<br/>　　1993年反不正当竞争法（以下简称《反不正当竞争法》）第2条规定，“经营者在市场交易中，应当遵循自愿、平等、公平、诚实信用的原则，遵守公认的商业道德。本法所称的不正当竞争，是指经营者违反本法规定，损害其他经营者的合法权益，扰乱社会经济秩序的行为。”<br/>　　由《反不正当竞争法》的具体规定可以看出，《反不正当竞争法》的目的在于通过保护经营者的正当经营活动不受损害，从而维护合法有序的竞争秩序。因只有具有竞争关系的经营者的竞争行为才可能会对其他经营者经营活动造成损害，并最终损害竞争秩序，因此，竞争关系的存在是判断不正当竞争行为的前提条件。<br/>　　虽然对于何为竞争关系，《反不正当竞争法》中并无明确规定，但通过对《反不正当竞争法》相关规定中进行分析可以看出，竞争关系的构成不取决于经营者之间是否属于同业竞争，亦不取决于是否属于现实存在的竞争，而应取决于经营者的经营行为是否具有“损人利己的可能性”。具体而言，取决于以下两个条件：该经营者的行为是否具有损害其他经营者经营利益的可能性（即是否具有损人的可能性）；该经营者是否会基于这一行为而获得现实或潜在的经营利益（即是否具有利己的可能性）。也就是说，如果经营者的行为不仅具有对其他经营者的经营利益造成损害的可能性，且该经营者同时会基于这一行为而获得现实或潜在的经营利益，则可以认定二者具有竞争关系。否则无法得出这一结论。但至于其是同业经营者还是非同业经营者，其是现实的经营者还是潜在经营者，均不会影响竞争关系的认定。<br/>　　具体到本案，虽然某信息技术公司从事视频网站的经营行为，而北京某网络科技公司与北京某安全软件公司从事被诉某豹浏览器的开发及提供等经营行为，就经营内容而言二者并非同业经营者。但因竞争关系的认定并不以是否为同业经营者为判断依据，而被诉某豹浏览器所具有的视频广告过滤的功能不仅可能对某信息技术公司的免费视频加广告这一经营活动及其所带来的经营利益造成损害，同时亦可能会使北京某网络科技公司及北京某安全软件公司由此获得更多用户从而获利，因此，北京某网络科技公司及北京某安全软件公司实施的被诉行为具有损人利己的可能性，某信息技术公司与北京某网络科技公司、北京某安全软件公司具有竞争关系。<br/>　　北京某网络科技公司与北京某安全软件公司开发并向用户提供具有视频广告过滤功能的某豹浏览器的行为属于破坏某信息技术公司正常经营活动的行为 ，亦属于不当利用某信息技术公司经营利益的行为。因被诉某豹浏览器的视频广告过滤功能客观上并未有利于社会公共利益，且北京某网络科技公司及北京某安全软件公司开发并提供被诉浏览器的行为亦并非基于公益目的，故北京某网络科技公司有关公共利益的主张均无法成立。</p>","<p>竞争关系的构成不取决于经营者之间是否属于同业竞争，亦不取决于是否属于现实存在的竞争，而应取决于经营者的经营行为是否具有“损人利己的可能性”。<br/>　　商业模式的优劣应由市场选择决定，而非其他经营者以破坏性手段方式进行评判。他人以技术中立等名义过滤视频网站提供的视频贴片广告，违反了诚实信用原则和商业道德，属于破坏经营者正常经营的不正当竞争行为。</p>","<p>　　《中华人民共和国反不正当竞争法》第2条（本案适用的是1993年12月1日施行的《中华人民共和国反不正当竞争法》第2条）</p><br/>######<p>　　一审：北京市海淀区人民法院（2013）海民初字第13155号民事判决（2013年12月19日）<br/>　　二审：北京市第一中级人民法院（2014）一中民终字第3283号民事判决（2014年9月12日）</p>","\N","\N","2026-01-21 10:27:30","2026-01-21 10:27:30","09ede1bf7dec3779184b2383263216af","\N","20260426"
"12135","人民法院案例库-未成年","https://rmfyalk.court.gov.cn/view/content-juvenile.html?id=33%2Ff56RG4XSz%2BJaTVS010DS8IcT5IrfD9f6rZYqRF38%3D&lib=ck&source=zgy","民事-申请变更监护人","2023-14-2-415-001","上海市长宁区人民法院","民事,申请撤销监护人,撤销监护人资格","一审","2014.11.18","02","<p>　　申请人秦某某、周某某称，两人原系被申请人周某的养父母。被监护人周某一系被申请人非婚生育的女儿，自2005年出生后一个多月便随两申请人共同生活。被申请人周某仅偶尔来看望，且从未给付过抚养费。2013年2月后，被申请人周某未再出现。两申请人申请应当撤销其监护人资格，变更两申请人为周某一的监护人。<br/>　　被申请人周某未到庭发表意见。<br/>　　法院经审理查明：申请人秦某某、周某某系夫妻关系，1978年6月领养了被申请人周某。1999年至2000年，秦某某、周某某因周某吸食毒品屡教不改并偷拿家中财物导致矛盾激化，双方于2000年11月21日经上海市长宁区人民法院主持调解，解除了秦某某、周某某与周某之间的养父母子女关系。2005年3月23日，周某在外非婚生育一女，取名周某一。2005年6月，周某找到秦某某、周某某希望二人能暂时代为照顾周某一。但当秦某某、周某某接手孩子后，周某只是每年偶尔过来看望孩子，未曾支付过抚养费。自2013年2月起，周某未再看望过周某一，也未履行抚养义务。秦某某、周某某多次电话联系，均无法和周某取得联系。周某一现就读于上海市某小学四年级，成绩优良，但因申请人周某未履行监护职责，未能办理户籍。<br/>　　庭审中，法院对被监护人周某一开展了社会观护。社会观护员反映，周某一自幼由两申请人照顾，被申请人偶尔回家一两次，现已经一年多没有回家或者联系周某一。申请人秦某某、周某某对被监护人周某一的日常起居和学习照顾细致。周某一明确表示希望和两申请人共同生活。另查，被监护人周某一住所地居委会也同意由两申请人担任监护人。<br/>　　上海市长宁区人民法院于2014年11月18日作出民事判决：一、撤销被申请人周某的监护人资格；二、变更申请人秦某某、周某某为被监护人周某一的监护人。</p>","<p>　　法院生效裁判认为：父母是未成年子女的法定监护人，有保护被监护人的身体健康，照顾被监护人的生活，管理和保护被监护人的财产等义务。当父母不履行监护职责或者侵害被监护人的合法权益时，人民法院可以依据有关单位和人员的申请，撤销监护人的资格，变更监护人。本案中，两申请人虽为年迈老人，且与未成年人周某一无法律关系、无抚养义务，但出于对未成年人的关爱之情，长期抚养周某一，与未成年人周某一形成密切之关系，并经所在居民委员会同意，有权向人民法院提出撤销周某的监护人资格。而在周某一的生父尚不明确情况下，生母周某作为唯一法定监护人不切实履行抚养周某一的义务，不承担抚养费用，甚至近一年多时间里，音讯全无，符合不履行监护职责的情况，不宜再担任周某一的监护人。鉴于两申请人长期抚养周某一，具有抚养能力，双方形成亲密抚养关系，且相关证据亦表明未成年人周某一在两申请人的照顾下成长状况良好，学习成绩优良，可以认为两申请人具备监护周某一的资格和条件。从对未成年人“儿童利益最大化”原则和“特殊、优先”保护原则考虑，由两申请人担任周某一的监护人，有利于更好地保护未成年人周某一的生存权、受教育权等权利。</p>","<p>本案系上海市首例法定监护人不尽抚养义务而被剥夺监护权的案例。不同于法定监护人虐待、严重侵害未成年人合法权益而被剥夺监护权的案件，本案被申请人周某长期拒不履行抚养义务致使未成年人权益受侵害、生活无着，同样也应剥夺监护权。2014年，最高人民法院、最高人民检察院、公安部、民政部联合发布的《关于依法处理监护人侵害未成年人权益行为若干问题的意见》，也对此明确进行了规定。</p>","<p>　　《中华人民共和国民法典》第27条、第36条（本案适用的是1987年1月1日实施的《中华人民共和国民法通则》第16条、第18条）<br/>　　《中华人民共和国未成年人保护法》第108条（本案适用的是2012年10月26日修正的《中华人民共和国未成年人保护法》第53条）<br/></p><br/>","\N","","2026-02-26 10:07:11","2026-02-26 10:07:11","09f3ca85195af8819287f469eb6b88e2","\N","20260426"
"6464","多元解纷案例库","https://rmfyalk.court.gov.cn","民事-借款合同纠纷","D2025-161-1-103-592","重庆市第一中级人民法院","民事,借款合同纠纷,民间借贷,示范文本应用","","2025-09-04","\N","苏某甲与苏某乙是同胞姐妹关系。苏某甲与何某原系夫妻，在婚姻关系存续期间，苏某甲、何某多次通过银行卡转账方式向苏某乙出借款项共计132万元。苏某甲与何某协议离婚时，约定：该132万元借款债权抵扣苏某甲、何某应支付给苏某乙房租费22.5万元，剩余债权109.5万元，由苏某甲享有，并告知了苏某乙。之后，苏某甲多次向苏某乙索要借款，苏某乙一直推诿不还，苏某甲遂诉至法院，要求苏某乙支付借款本息。","法院收到起诉材料后，考虑到当事人双方为同胞姐妹关系，调解不仅能高效解决纷争，也有利于修复姐妹亲情，征得双方当事人同意后，委托在特邀调解组织担任调解员的退休法官开展先行调解工作。 一是应用示范文本，比对要素，快速锁定争议焦点。调解员发现，苏某甲主张的借款包含6笔转款，但其准备的证据材料并不完备，便向其介绍起诉状示范文本，指导其参照示范文本梳理诉求、事实和依据，并提醒其对照示范文本充分准备证据材料。调解当日，因苏某乙未准备书面材料，且其口头表述较为情绪化。经苏某乙同意，调解员指导其应用答辩状示范文本，针对性回应苏某甲的诉求。指导填写后，调解员迅速比对、梳理诉辩状中的关键要素，确认双方对借款抵扣房租费后剩余109.5万元款项未偿还并无异议，但苏某乙认为借款出借人为苏某甲、何某，其只应向苏某甲偿还一半的借款，且不应支付利息。据此，调解员精准锁定如下争议焦点：1.苏某乙向苏某甲偿还的借款本金金额问题；2.苏某甲主张借期内利息有无事实依据和法律依据。 二是讲明法律，解读类案，充分开展释法说理。明确争议焦点后，调解员组织双方“面对面”调解，结合本案实际，讲明相关法律规定，并解读人民法院案例库中同类案例裁判观点。关于苏某乙应向苏某甲偿还借款本金金额问题，调解员当场向当事人双方讲解民法典有关“离婚时夫妻共同财产可由双方协议处理”的规定，并提出，根据现有证据，苏某甲、何某协议离婚时，约定案涉借款抵扣房租费后剩余109.5万元款项的债权由苏某甲享有，该约定不违反法律规定，且苏某甲、何某已告知苏某乙，苏某乙有义务向苏某甲偿还109.5万元剩余借款。关于苏某甲主张借期内利息问题，调解员释明，根据民法典及相关司法解释规定，民间借贷纠纷中，如借贷双方没有约定利息，视为没有利息，现无证据证明双方约定了利息，故苏某甲无权主张借期内利息。释明相关法律后，调解员引导当事人双方检索人民法院案例库中民间借贷相关案例，并为其讲解生效类案的裁判理由及结果。释法说理后，苏某甲认识到借期内利息主张没有事实依据和法律依据，主动表示放弃对借期内利息的诉求。 三是修复亲情，解决困难，促进达成调解协议。调解员了解到，苏某甲、苏某乙姐妹以往感情甚好，苏某甲因此多次向苏某乙出借款项，帮助苏某乙解决“燃眉之急”，后苏某乙未及时偿还借款，导致姐妹关系逐渐疏远。为解“法结”，更为化“心结”，释法说理后，调解员遂从姐妹俩手足之情的角度，逐个进行劝导。苏某甲经劝导后认为既然是亲姐妹，退一步也合情合理，愿意给苏某乙必要的还款准备时间。对苏某乙，调解员还从调解省时、节费、促和等优势出发，对其进行疏解和劝导。通过耐心劝导，苏某乙表示并非不愿意偿还借款，只是一次性还款确有困难。对此，调解员本着化解纠纷、解决困难并重原则，提出分期还款方案，当事人双方均表示同意，并就分期还款达成一致意见。","本案系亲属间因借款久拖未还引发的纠纷，情感与法律交织的特点明显，涉及债务承担、亲情修复等问题，通过调解方式化解更有利于弥合感情，平息矛盾。本案中，法院充分考虑案件性质和纠纷特点，及时委托退休法官开展调解，充分发挥其专业优势、经验优势。针对双方诉求未全面、清晰表述的情况，引导、指导当事人双方参照起诉状、答辩状示范文本表达诉求，对照要素，调解员快速理清案件事实和争议焦点。调解过程中，围绕双方争议焦点，采取“面对面”方式，针对性释明相关法律规定，并运用人民法院案例库示范案例充分释法说理，让当事人明确各自权利义务，在此基础上，从定分止争、解决实际困难、修复亲情相结合出发，提出分期偿还借款的方案，并通过调解员讲情理，解“法结”，化“心结”，妥善化解纠纷，既保护了当事人合法权益，也促进了家庭关系和谐，做到案结事了人和。","《中华人民共和国民法典》第568条、第668条、第675条、第679条、第680条、第1087条 《最高人民法院关于审理民间借贷案件适用法律若干问题的规定》（法释〔2020〕17号）第1条、第9条、第24条","\N","","2026-01-27 09:49:33","2026-01-27 09:49:33","0a12015d41239f197ab19734f3a7b55e","\N","20260426"
"3316","人民法院案例库","https://rmfyalk.court.gov.cn","民事-申请指定遗产管理人","2023-07-2-406-001","太仓市人民法院","民事,申请指定遗产管理人,利害关系人","\N","2022.12.07","02","<p>　　顾某甲、顾某乙、顾某丙申请人民法院指定江苏省太仓市民政局为杨某某的遗产管理人。<br/>　　　　经审理查明：杨某某系聋哑孤寡老人。政府相关单位协调安排杨某某生活时，杨某某选择由顾某甲、顾某乙、顾某丙照顾其晚年生活。因杨某某生活不能自理，顾某乙、顾某甲对其进行日常照顾，并帮其雇佣护工照料。杨某某生病住院及康复治疗期间，顾某甲、顾某乙、顾某丙定期对其进行探望，护工费、伙食费、医疗费等费用由顾某甲负责。顾某甲、顾某乙、顾某丙在杨某某死亡后，负责处理了丧葬事宜，并将杨某某与其父母一并安葬，按照当地风俗进行祭拜。杨某某死亡后遗留房屋一处，没有继承人。<br/>　　　　江苏省太仓市人民法院于2022年12月7日作出（2022）苏0585民特32号民事判决：指定太仓市民政局作为杨某某的遗产管理人。</p>","<p>　　法院生效裁判认为：杨某某于2021年1月30日死亡，其无继承人，符合民法典第一千一百四十五条、第一千一百四十六条所界定的申请指定遗产管理人的情形。<br/>　　　　因申请人顾某甲、顾某乙、顾某丙在杨某某生前对其扶养较多，符合民法典第一千一百三十一条规定“可以分给适当的遗产”的条件，故三申请人有权作为利害关系人，申请人民法院指定遗产管理人。<br/>　　　　第一，根据民法典第一千一百三十一条的规定，继承人以外的对被继承人扶养较多的人，可以分给适当的遗产。该条基于权利义务相一致的原则，赋予继承人以外的对被继承人扶养较多的人酌情分得遗产的权利。本案中，申请人顾某甲、顾某乙、顾某丙并非杨某某的继承人，但对杨某某生前的饮食、医疗等极尽照顾，生活上扶助较多。因三申请人对杨某某进行了事实上的扶养，故依据上述法律规定，三申请人符合民法典第一千一百三十一条规定的“可以分给适当的遗产”情形，有权作为利害关系人申请指定遗产管理人。<br/>　　　　第二，本案中，申请人顾某甲、顾某乙、顾某丙虽然与杨某某无血亲和姻亲关系，没有赡养杨某某的法定义务，但基于祖辈与杨某某的特定关系，三申请人与杨某某在生活中联系紧密。尤为重要的是，杨某某选择三申请人照顾其晚年生活，三申请人亦尽心照料、陪伴杨某某多年，给予其精神上的慰藉，直至杨某某病故，使其得以安享晚年。在杨某某去世后，三申请人负责其全部丧葬事宜，并按照风俗祭祖，符合中华民族赡养老人、扶残救济的传统美德，这也是社会主义良好道德风尚的具体体现，应予鼓励。因此，准予三申请人作为利害关系人申请指定遗产管理人，有利于弘扬文明、和谐、诚信、友善的社会主义核心价值观。<br/>　　　　第三，在无法确定遗产管理人的情况下，遗产存在毁损、灭失、侵占等风险，继承人、受遗赠人、遗产债权人等利害关系人的权益可能受到损害。为避免损害发生，民法典设定遗产管理人制度，以保障遗产的安全性和相关民事主体的合法利益。本案中，杨某某无法定继承人、受遗赠人和遗产债权人，如不允许申请人顾某甲、顾某乙、顾某丙申请指定遗产管理人，不利于遗产的保存、管理和处理。<br/>　　　　鉴于民政部门承担社会救济、社会福利事业、社区服务等工作，比较了解辖区内公民的家庭关系、财产状况等，有能力担任遗产管理人，故对申请人顾某甲、顾某乙、顾某丙申请指定杨某某生前住所地的民政部门即太仓市民政局作为遗产管理人的请求，依法予以支持。</p>","<p>根据民法典第一千一百三十一条规定, 对继承人以外的对被继承人扶养较多的人，可以分给适当的遗产。可以分得适当遗产的人属于民法典第一千一百四十六条规定的利害关系人，有权申请指定遗产管理人。</p>","<p>　　《中华人民共和国民法典》第1131条、第1146条</p><br/>######<p>　　特别程序：江苏省太仓市人民法院（2022）苏0585民特32号（2022年12月7日）</p>","\N","\N","2026-01-21 10:27:30","2026-01-21 10:27:30","0a23bb8a8474d4b2f2a4bbf9ed55fa10","\N","20260426"
"2518","人民法院案例库","https://rmfyalk.court.gov.cn","民事-执行异议之诉","2024-16-2-471-002","最高人民法院","民事,执行异议之诉,申请执行人执行异议,一人有限责任公司,股东财产,连带责任","再审","2021.06.30","02","<p>　　某甲公司诉请：1、请求依法判决追加庞某为被执行人，并判决其对某乙公司债务承担连带责任；2、判令某乙公司与庞某共同承担本案全部诉讼费用。某乙公司、庞某辩称：在某乙公司与某甲公司的执行案件中，庞某不应当被追加为被执行人，某乙公司的法定义务应由公司自行承担。<br/>　　法院经审理查明：某甲公司提交的某乙公司营业执照以及企业登记信息显示，某乙公司类型为自然人独资的有限责任公司，为一人有限责任公司；成立日期为1998年9月14日，营业期限截至2028年9月14日，期间经过某乙公司2001年12月18日进行的一次股东变更，庞某成为公司唯一股东。对于庞某自2001年12月18日起成为某乙公司唯一股东的事实，某乙公司与庞某均予认可。一审期间，庞某、某乙公司提交了山东某会计师事务所有限公司2008年6月16日出具的鲁泽会检（2008）240号审计报告、济南某税务师有限公司2008年7月12日出具的济泉税师字（2008）第01127号企业所得税汇算清缴纳税申报鉴证报告、山东某会计师事务所有限公司2019年8月16日出具的鲁大华会审字（2019）第2862号审计报告等三份证据，用以证明某乙公司财务独立，股东个人财产独立于公司财产。一审法院经质证后认为，某乙公司的提交的上述三份报告均不具有及时性、完整性和规范性，不符合法律要求，一审法院对其真实性、合法性和关联性均不予确认。<br/>　　山东省高级人民法院于2020年6月8日作出（2019）鲁民初128号民事判决：追加庞某为被执行人，对山东某置业有限公司债务承担连带责任。庞某不服一审判决，提起上诉。最高人民法院于2020年12月31日作出（2020）最高法民终1240号民事判决：驳回上诉，维持原判。庞某不服二审判决，向最高人民法院申请再审。最高人民法院于2021年6月30日作出（2021）最高法民申3711号民事裁定：驳回庞某的再审申请。</p>","<p>　　法院生效裁判认为，根据原审查明的事实，在2007年6月20日至今14年间，执行法院没有强制执行到某乙公司任何款项，庞某虽然主张某乙公司通过各种途径筹集资金偿还债务，特别是通过诉讼向济南市人民政府追索土地补偿款，但该案尚未审结，尚不能确定某乙公司能否获得补偿款以及补偿款的数额，故原审认定某乙公司的财产已不足以清偿案涉生效法律文书所确定债务的基本事实并不缺乏证据证明。某乙公司成为一人有限公司后,违反《中华人民共和国公司法》第六十二条的规定,未在每一会计年度终了时编制财务会计报告并经会计师事务所审计。虽然庞某提交了会计师事务所出具的某乙公司审计报告等证据材料以证明公司财产独立,但根据原审查明的事实，以上审计报告对可通过公开查询获知的案涉执行债务都没有纳入某乙公司的资产负债表，存在明显的审计失败情形，原审不予采信并无不当，故原审认定某乙公司财务管理混乱，庞某作为公司唯一股东应当承担公司财产混同不利后果的基本事实并不缺乏证据证明。根据《中华人民共和国公司法》第六十三条、《最高人民法院关于民事执行中变更、追加当事人若干问题的规定》的规定，原审认定庞某应当对某乙公司的债务承担连带责任并追加为被执行人适用法律并无不当。</p>","<p>根据《中华人民共和国公司法》第六十二条的规定, 一人有限公司应在每一会计年度终了时编制财务会计报告并经会计师事务所审计。未履行上述义务的一人有限公司的股东，如果未举示充分的证据证明公司财产独立于股东自己的财产，应对公司债务承担连带责任。</p>","<p>　　《中华人民共和国公司法》第62条、第63条</p><br/>######<p>　　一审:山东省高级人民法院（2019）鲁民初128号民事判决（2020年6月8日)</p><p>　　二审:最高人民法院（2020）最高法民终1240号民事判决（2020年12月31日）<br/>　　再审:最高人民法院（2021）最高法民申3711号民事裁定（2021年6月30日）<br/></p>","\N","\N","2026-01-21 10:27:30","2026-01-21 10:27:30","0a25f735087a3549d1db5fd83acf7d01","\N","20260426"
"2495","人民法院案例库","https://rmfyalk.court.gov.cn","民事-委托合同纠纷","2024-08-2-119-003","上海市第一中级人民法院","民事,委托合同,诉讼代理合同,律师,忠诚义务,违约责任","二审","2010.06.01","02","<p>　　原告上海某股份有限公司诉称：开庭时宋某莘律师并未到庭参加诉讼，并且在原告被上海市第一中级人民法院（下简称一中院）判令给付市某公司欠款人民币2300余万元（以下币种同）后，被告又指派宋某莘律师代理市某公司向法院申请强制执行该项判决，由于宋某莘律师在代理原告期间掌握了财产线索，造成了原告的不动产被法院拍卖。被告的行为构成双方代理，违反了相关规定，请求判令被告赔偿原告律师费43万元及利息。<br/>　　被告上海市某律师事务所辩称：首先，被告指派的律师未出庭参加诉讼事先已征得原告原法定代表人同意，况且在之后的调解、谈话过程中，被告指派律师始终全程参与；其次，被告代理市某公司向法院申请强制执行仍是经过原告的授意，被告并不存在违约行为；最后，原告之诉讼已过时效。综上，请求驳回原告的诉讼请求。<br/>　　法院经审理查明：2001年2月21日原、被告签订“聘请律师合同”一份。合同规定：原告因与市某公司间的欠款纠纷一案，聘请被告的律师出庭代理；被告接受原告的委托指派宋某莘律师为原告与市某公司欠款纠纷案的第一审代理人；代理权限为特别授权代理；承办律师必须认真负责，依法维护原告合法权益，如因故不能出庭，被告应指派其他律师接替，并于事先征得原告同意；原告应向被告缴纳办案手续费1000元，标的费43万元。合同订立当日，原告向一中院出具书面委托书，委托被告的宋某莘律师为该院受理的市某公司诉上海某股份有限公司（本案原告）欠款纠纷一案中作为该案被告上海某股份有限公司（本案原告）的代理人。该案于2001年3月21日公开开庭进行了审理，宋某莘律师作为本案原告代理人未出庭参加诉讼。经审理，一中院于同年7月4日以（2001）沪一中民初字第83号民事判决书判决该案被告上海某股份有限公司（本案原告）偿付市某公司工程款23,198,808.50元。该案生效后，市某公司向一中院申请强制执行。执行中，一中院查明“被执行人上海某股份有限公司涉案众多，其财产已分别被相关法院查封”，故该院经市某公司申请，向其发放债权凭证，并裁定终结该案执行程序。嗣后，被告于2003年4月28日又与市某公司签订“聘请律师合同”，双方约定：鉴于市某公司与上海某股份有限公司欠款纠纷一案已被一中院中止执行，现市某公司欲恢复对该案件的强制执行，被告指派宋某莘律师为市某公司申请对原案件恢复执行一案中的执行代理人；执行代理权限为申请恢复执行、提供证据、执行和解等；代理费为实际执行到位金额的20％。2005年4月及8月宋某莘律师作为市某公司执行代理人至一中院参与了该案的执行程序。期间经一中院对原告财产强制拍卖，市某公司受偿了部分欠款（宋某莘律师与市某公司的代理关系于2005年8月终止）。2007年7月2日原告以被告指派的律师在同一案件中既代理己方又代理对方为由，向上海市司法局及律师协会进行投诉。双方协商未成，原告遂起诉来院。<br/>　　另查明：原、被告间的“聘请律师合同”生效后，原告于2001年10月31日以现金支付被告部分律师费5万元，剩余律师费38万元原告于2003年4月10日以转让案外人的位于杭州的房产予以清偿。<br/>　　原上海市卢湾区人民法院于2010年2月1日作出（2009）卢民二(商)初字第1319号判决：一、被告上海市某律师事务所退还原告上海某股份有限公司律师费人民币43万元；二、被告上海市某律师事务所赔偿原告上海某股份有限公司利息损失（自2007年7月3日起至本判决生效之日止，以本金人民币43万元按银行同期贷款利率计付）。<br/>　　一审宣判后，被告不服，提起上诉。上海市第一中级人民法院于2010年6月1日作出（2010）沪一中民四(商)终字第811号判决：驳回上诉，维持原判。</p>","<p>　　法院生效裁判认为，本案被告既代理原告，又同时代理案件另一方当事人申请强制执行，显然违反了法律赋予其相关的附随义务。由于“不得双方代理”不仅仅是诚实信用规则之使然，在规范律师执业活动的相关法律法规中也是明令禁止的，被告该项违约行为严重背离了律师事务所作为法律服务机构应具备的职业道德，属根本违约，应承担退还全部律师费及赔偿利息损失的违约责任。</p>","<p>律师提供诉讼法律服务合同系委托代理合同，该类合同履行的效果与否取决于代理律师与当事人间所形成的信赖关系，而律师与当事人建立良性的信赖关系有赖于律师的忠诚义务。律师的忠诚义务源于律师与当事人之间的委托关系，除非当事人间存在特别约定，律师在其为当事人进行代理活动的所有场合，都负有而且仅仅负有为被代理人利益实施法律行为的义务，其中当然包括律师不得同时代理对方当事人的限制，否则将承担违约责任。</p>","<p>　　《中华人民共和国民法典》第509条、第577条（本案适用的是1999年施行的《中华人民共和国合同法》第63条、第107条）<br/>　　《中华人民共和国律师法》第39条（本案适用的是2008年6月1日施行的《中华人民共和国律师法》第39条）</p><br/>######<p>　　一审：原上海市卢湾区人民法院（2009）卢民二（商）初字第1319号民事判决（2010年2月1日）<br/>　　二审：上海市第一中级人民法院（2010）沪一中民四（商）终字第811号民事判决（2010年6月1日）</p>","\N","\N","2026-01-21 10:27:30","2026-01-21 10:27:30","0a80152731b9071c5e0d5af63d0a76a3","\N","20260426"
"6557","多元解纷案例库","https://rmfyalk.court.gov.cn","民事-服务合同纠纷","D2025-161-1-137-500","云阳县人民法院","民事,服务合同纠纷,消费者权益保护,预付式消费,“示范性诉讼＋批量化调解”","","2025-08-15","\N","王某经营多家某美容连锁店，为县城及临近乡镇居民提供美容服务。2022年至2024年期间，袁某、高某等人与王某经营的美容连锁店建立服务合同关系，办理预付消费卡，约定先充值后服务。2024年3月，王某采取关门、注销经营主体的方式“闭店”及“跑路”，拒绝继续提供服务。袁某、高某向消费者权益保护委员会（以下简称消保委）投诉。","消保委了解情况后，联动市场监管部门和法院，并邀请人民调解组织共同组成调解小组，开展以下调处工作： 一是多方联动，确定解纷思路。消保委多次联系经营者王某，王某均以各种理由回避。经市场监管部门摸排，了解到王某因资金短缺导致无力经营，虽有一定偿还能力，但持有“逃债”心态；跟袁某、高某存在类似情况的消费者共有183人，其中部分消费者未消费金额较大。考虑到受损消费者人数较多、矛盾突出，调解小组决定以“示范性诉讼＋批量化调解”的方式化解该系列纠纷。 二是支持起诉，警示“跑路”后果。按照工作方案，消保委支持起诉，由袁某、高某2人先行向法院提交诉状，同时动态关注其他消费者情况，引导依法维权。法院收到诉状，立即与王某联系，告知拒不到庭、逃避债务的法律后果。王某到庭后，法官对王某进行了有力度、有温度的释法明理和诉讼后果提示，对其“跑路”行为予以警示，让当事人对案件法律适用和裁判结果产生合理预期，并促使两案先行调解。 三是定制方案，批量化解矛盾。两案调解后，法院指导消保委综合考量消费者诉求、王某偿还能力，“定制”三种解纷方案——分期返款、实物折抵、第三方承接服务，供当事人选择。随后，调解小组以“人民调解+行政调解+消保委调解”的方式，对其余消费者进行释明引导，支持消费者参照已经作出的“示范调解”，选择以非诉方式解决纠纷。最终，其余181名消费者结合自身情况，优选解纷方案与王某自行达成调解协议。该系列纠纷得以妥善化解。","预付式消费已成为公众日常选购消费产品、消费服务的重要消费方式之一，但经营者未按约履行，关门“跑路”的行为常见多发，严重损害消费者合法权益，如无法妥善化解，易引发连锁反应。本案中，经营者“闭店”“跑路”导致受损消费者人数较多、矛盾突出，消保委联动市场监管部门和法院确定“示范性诉讼＋批量化调解”的解纷思路，通过示范诉讼，法院予以释法明理，开展风险提示，引导当事人对结果产生合理预期，促成达成示范调解协议。针对其余纠纷，法院指导消保委因案制宜，定制不同解纷方案，引导其余消费者参照示范调解，优选符合自身诉求的解纷方案，最终促成183件纠纷全部调解解决，大大减轻当事人解纷成本，有力保障了消费者合法权益。","《中华人民共和国民法典》第509条、第577条 《中华人民共和国消费者权益保护法》（2013修正）第53条","\N","","2026-01-27 09:49:52","2026-01-27 09:49:52","0a92ad450b0a14cefba9beffab4872de","\N","20260426"
"1859","人民法院案例库","https://rmfyalk.court.gov.cn","民事-借款合同纠纷","2023-08-2-103-007","最高人民法院","民事,借款合同,担保人,债权人,质权,涉及刑事犯罪","二审","2021.06.30","02","<p>　　2013年，海安经济技术开发区管理委员会（以下简称海安管委会）、某开发总公司（以下简称某总公司）、某工程项目管理海安有限公司（以下简称某海安公司）三方签订了《海安经济技术开发区2013年基础设施融资建设项目合同书》，该合同约定由某总公司负责“海安经济技术开发区2013年基础设施融资建设项目”的工程施工，同时某总公司在海安经济技术开发区设立某海安公司，负责项目的资金筹集、工程款支付、资本管理等投、融资工作。工程建成后，按合同约定的时间和程序移交海安管委会，海安管委会按合同约定的回购时间、核对方式，经某总公司同意将回购总价支付给某海安公司。<br/>　　2016年1月15日，某证券投资有限公司（以下简称某证券公司）作为委托人和受益人与受托人某信托公司签订《信托合同》，约定某证券公司交付信托资金预计3亿元给某信托公司，指令其向某总公司发放信托贷款。合同签订后，某证券公司向某信托公司提供了3亿元。2016年1月25日，某信托公司作为贷款人与某总公司签订了《信托贷款合同》，约定贷款总额3亿元整。同日，某海安公司与某信托公司签订《应收账款质押合同》，将某海安公司对海安管委会享有的第一期应收账款以及后续形成的各期应收账款，作为《信托贷款合同》的担保。之后，某信托公司向某总公司提供了3亿元。2016年1月26日，双方就第一期应收账款502300000元办理了质押登记。其后，某海安公司追加质押了536100000元并办理了质押登记。2018年9月13日，因某总公司未按约定支付利息，某信托公司宣告贷款加速到期。2018年9月13日，某信托公司与某证券公司合意终止信托，并将信托贷款项下全部债权及担保权利转让于某证券公司。<br/>　　一审法院认为，经甘肃政法大学司法鉴定中心鉴定，《质押合同》所附的《应收账款确认函》《应收账款追加确认函》《应收账款质押通知函》上加盖的“海安经济技术开发区管理委员会”印章与海安管委会提交的印章不一致。与《海安经济技术开发区2013年基础设施融资建设项目合同书》上加盖的“海安经济技术开发区管理委员会”印章也不一致。故本案有经济犯罪嫌疑，应依法驳回某证券公司的起诉，将该案件移送刑事犯罪侦查机关，某证券公司可待刑事犯罪侦查机关的侦查情况或刑事案件的处理结果依法另行主张自己的权利。<br/>　　甘肃省高级人民法院于2020年10月19日作出（2018）甘初字277号民事裁定：驳回某证券公司的起诉。<br/>　　某证券公司不服一审裁定，向最高人民法院提起上诉。<br/>　　最高人民法院于2021年6月30日作出（2021）最高法民终654号民事裁定：一、撤销甘肃省高级人民法院（2018）甘民初277号民事裁定；二、本案指令甘肃省高级人民法院审理。</p>","<p>　　《最高人民法院关于在审理经济纠纷案件中涉及经济犯罪嫌疑若干问题的规定》第1条规定：“同一自然人、法人或非法人组织因不同的法律事实，分别涉及经济纠纷和经济犯罪嫌疑的，经济纠纷案件和经济犯罪嫌疑案件应当分开审理。”第11条规定：“人民法院作为经济纠纷受理的案件，经审理认为不属经济纠纷案件而有经济犯罪嫌疑的，应当裁定驳回起诉，将有关材料移送公安机关或检察机关。”依据上述规定，涉及经济纠纷和涉嫌经济犯罪属同一事实是法院驳回起诉将有关材料移送刑事犯罪侦查机关的必备条件。<br/>　　本案中，第一，某证券公司与某总公司是金融借款合同关系，与某海安公司是质押合同关系。上述法律关系的设立系签订合同的双方当事人真实意思表示，不存在合同无效的情形。本案争议的金融借款合同纠纷与海安管委会所称伪造公章涉嫌犯罪所涉的法律关系并非同一法律关系。本案民事纠纷要解决的是案涉《信托贷款合同》及《应收账款质押合同》的效力和责任承担问题，刑事案件涉及的是作为《应收账款质押合同》附件的《应收账款确认函》《应收账款追加确认函》《应收账款质押通知函》上是否存在涉嫌伪造海安管委会印章的犯罪事实。而海安管委会印章的真实与否，并不影响本案金融借款合同关系的成立，亦不影响本案民事案件的审理。且某证券公司作为债权人，并未主张追究相关当事人的刑事责任，而是请求债务人某总公司及担保人某海安公司承担民事责任。<br/>　　第二，在民事法律关系的形成过程中，当事人或其他自然人的行为虽涉及犯罪，但对民事法律行为的性质、效力、责任等不产生实质影响的相关事实为关联事实。本案中，涉嫌伪造海安管委会印章的行为仅对《应收账款质押合同》的附件《应收账款确认函》《应收账款追加确认函》《应收账款质押通知函》的真实性产生影响，虽与案涉金融借款合同纠纷有关联，但其本身不是借贷行为，涉嫌伪造公章的行为并不是借贷行为不可或缺的组成部分。因此，应当对本案的金融借款合同纠纷继续审理，而仅就涉嫌伪造海安管委会印章的犯罪线索移送侦查机关。<br/>　　第三，根据案涉《应收账款质押合同》第8条保证条款的约定：“因下列原因致使质权未设立或无效的，出质人应对债务人在主合同项下的债务承担连带保证责任：（1）出质人未按第1.4条、第6.5条第（1）款的约定提供和/或追加提供足额的质押物，以及未按照第4.1条约定协助办理质押登记和/或追加提供足额的质押物，以及未按照第4.1条约定协助办理质押登记和/或追加质押登记手续；（2）出质人在第五条项下所作的陈述与保证不真实；（3）因出质人方面的其他原因。”某海安公司存在对案涉贷款承担连带保证责任的可能性，《应收账款确认函》《应收账款追加确认函》《应收账款质押通知函》上涉嫌伪造印章的问题并不对某证券公司民事权益的实现产生必然影响。</p>","<p>在金融借款合同关系中，担保人与债权人签订应收账款质押合同，并承诺在质权未设立或无效情形下，担保人作为出质人对债务人在主合同项下的债务承担连带保证责任。债权人起诉要求债务人及担保人承担还款责任，担保人主张质押合同附件中的《应收账款确认函》存在涉嫌伪造印章的犯罪事实，因《应收账款确认函》的确认方是担保人的债务人，与担保人（出质人）的债权人（质权人）无关，故该涉嫌犯罪事实并不影响应收账款质押合同的成立，故人民法院应当继续进行审理，同时将涉嫌伪造应收账款的债务人印章的犯罪线索移送侦查机关处理。<br/>　　</p>","<p>　　《最高人民法院关于在审理经济纠纷案件中涉及经济犯罪嫌疑若干问题的规定》（法释〔1998〕7号）第1条</p><br/>######<p>　　一审：甘肃省高级人民法院（2018）甘初字277号民事裁定（2020年10月19日）<br/>　　二审：最高人民法院（2021）最高法民终654号民事裁定（2021年6月30日）</p>","\N","\N","2026-01-21 10:27:30","2026-01-21 10:27:30","0a9bc0821781b7a8fd06b0eafef3693b","\N","20260426"
"12147","人民法院案例库-未成年","https://rmfyalk.court.gov.cn/view/content-juvenile.html?id=ZpH2Aizpn7yNsYCOIvFXb%2B4X%2BsZRQ1BHxCws3NIV3JI%3D&lib=ck&source=zgy","民事-未成年人保护民事公益诉讼","","河北省石家庄市中级人民法院","民事,未成年人保护民事公益诉讼,电竞酒店,司法建议,未成年人保护","一审","2023.12.19","04","某酒店在未取得互联网上网服务经营许可的情况下，在21间营业客房配备联网电脑，同时提供电子竞技娱乐和住宿服务，且未在酒店入口显著位置悬挂未成年人禁入标志。自2021年起，该酒店多次接待未成年人入住并提供电子竞技娱乐服务。人民检察院向人民法院提起民事公益诉讼，法院判决该酒店于判决生效之日起三十日内在国家级媒体上公开赔礼道歉，禁止该酒店违规接待未成年人，并在酒店入口显著位置悬挂未成年人禁入标志。<br/>u3000u3000    针对新业态的电竞酒店在经营管理中存在的问题，法院向公安局、文化广电和旅游局发出司法建议；针对未成年学生的网络素养以及德育和法治教育，向教育局发出司法建议，并将司法建议抄送给市政府。市政府高度重视，迅速组织召开电竞酒店监管工作专题调度会，对加强监管工作进行协调部署，推动各职能部门协调联动，坚决禁止电竞酒店违规接待未成年人，切实保护未成年人合法权益。市公安局、文化广电和旅游局、教育局根据司法建议内容，积极开展专项整治行动，采取多项举措，对电竞酒店加强管理，并将相关举措和成效及时向法院反馈。","","加强人民法院司法建议工作，对于推进全面依法治国，建设社会主义法治国家具有重要意义，也是人民法院参与社会治理的重要抓手。法院针对案件审理中发现的电竞酒店经营管理漏洞，及时向有关部门发出司法建议，积极推动社会综合治理，一方面推动切实堵塞电竞酒店管理漏洞，合理引导新业态电竞酒店行业健康有序发展，另一方面推动共同构建关爱、保护未成年人的安全机制，共同防范和杜绝可能发生的侵害未成年人权益案件，为未成年人健康成长提供良好社会环境。","《中华人民共和国未成年人保护法》第58条、第106条 <br/>u3000u3000《中华人民共和国民法典》第179条、第1004条、第1005条、第1165条<br/>","\N","","2026-02-26 10:07:24","2026-02-26 10:09:17","0aa3ca9241e2c53d60001c85d7aa2671","\N","20260426"
"558","人民法院案例库","https://rmfyalk.court.gov.cn","民事-借款合同纠纷","2025-18-2-103-001","最高人民法院","民事/金融借款合同/普通诉讼时效/时效中断/最长权利保护期间/二十年","再审","2024.03.11","01","<p>1997年10月至12月，德惠市某原种场与某银行德惠市支行等签订四份《抵押担保借款合同》，约定德惠市某原种场向某银行德惠市支行以土地使用权抵偿积欠并抵押贷款共计人民币538.1万元（币种下同）。<br/>　　　　1998年6月30日，借款合同约定的履行期限届满，德惠市某原种场未偿还贷款本息，也未完成土地使用权抵押手续。某银行德惠市支行于2006年12月12日向德惠市某原种场发出《债务逾期催收通知书》，德惠市某原种场加盖公章并签署“情况属实”字样。此后，某银行德惠市支行及某银行吉林省分行（2010年案涉贷款划归某银行吉林省分行管理）分别于2008年10月22日、2010年8月18日、2012年6月12日、2014年4月8日向德惠市某原种场发出《债务逾期催收通知书》，德惠市某原种场加盖公章予以签收。2015年10月21日，某银行吉林省分行就案涉债权进行公告催收。2016年8月，某银行吉林省分行将案涉债权转让给某资产管理公司长春办事处，并通知债务人德惠市某原种场；某资产管理公司长春办事处同时向德惠市某原种场催收债权。2016年9月，某资产管理公司长春办事处将案涉债权转让给长春某泽投资有限公司，并通知债务人德惠市某原种场。<br/>　　2019年8月20日，原告长春某泽投资有限公司提起本案诉讼，请求法院判令：确认德惠市某原种场以土地使用权抵偿某银行德惠市支行的约定以及抵押担保条款无效，德惠市某原种场偿还借款本金538.1万元及利息等（其他诉讼请求略）。法院审理中，被告德惠市某原种场提出诉讼时效抗辩，认为原告长春某泽投资有限公司的请求超过二十年最长权利保护期间，请求驳回原告诉讼请求。</p>","<p>本案的争议焦点为：在债权人持续向债务人主张权利且普通诉讼时效因多次中断而期间未届满的情形下，是否适用二十年最长权利保护期间的规定。<br/>　　　　民法典第一百八十八条规定：“向人民法院请求保护民事权利的诉讼时效期间为三年。法律另有规定的，依照其规定。”“诉讼时效期间自权利人知道或者应当知道权利受到损害以及义务人之日起计算。法律另有规定的，依照其规定。但是，自权利受到损害之日起超过二十年的，人民法院不予保护，有特殊情况的，人民法院可以根据权利人的申请决定延长。”从上述规定看，我国民事法律对普通诉讼时效期间的起算点采用的是主观标准，即“自权利人知道或者应当知道权利受到损害以及义务人之日起计算”。为避免法律关系始终处于不确定状态，该条同时规定了起算点采客观标准的最长权利保护期间，即“自权利受到损害之日起超过二十年的，人民法院不予保护”。根据法律规定，最长权利保护期间主要是解决在权利人长时间不知道其权利受到损害或者不知道义务人、无法主张权利的情形下，如何确定保护期间的问题。对于是否适用二十年的最长权利保护期间，人民法院应当根据权利人知道或者应当知道权利受到损害以及义务人的时间节点并结合普通诉讼时效期间是否经过等事实综合认定。<br/>　　　　本案中，案涉借款于1998年6月30日履行期限届满后，债务人德惠市某原种场已于2006年12月12日通过在《债务逾期催收通知书》上盖章并签署“情况属实”字样对原债务进行了重新确认，此后债权人通过向德惠市某原种场发出《债务逾期催收通知书》以及刊发催收公告等方式多次主张权利，上述行为均构成了普通诉讼时效的有效中断。在此情形下，尽管原告长春某泽投资有限公司提起本案诉讼时，距案涉借款履行期限届满之日已超过二十年，但不适用民事法律关于二十年最长权利保护期间的规定。主要理由如下：<br/>　　　　第一，从立法目的看，诉讼时效制度旨在督促权利人及时行使权利，维护社会关系、交易秩序的稳定。本案中，债权人持续主张权利，并未怠于行使权利，依法构成诉讼时效中断。同时，最长权利保护期间主要是解决权利人长时间不知道其权利受到损害以及不知道义务人、无法主张权利的情形下如何确定保护期间的问题，而本案不属于该种情形，不应适用民事法律关于二十年最长权利保护期间的规定。<br/>　　　　第二，从价值导向看，法律制度及其理解适用应尽可能减少诉讼，而不是相反。诉讼时效制度的功能在于督促权利人及时行使权利，在债权人持续主张权利且债务人认可的情形下，如果仅因债权人未在二十年的期间内通过诉讼方式主张权利而发生“人民法院不予保护”的法律后果，无异于是鼓励债权人以起诉方式保存权利，既损害交易双方的信任基础，又增加司法资源的耗费，不符合法律制度的目的和精神。同时，债务人在催收通知书上签字盖章，该行为使债权人对债务人能够履行债务具有合理期待并可能基于此种信赖推迟诉讼。在此情形下，债务人又提出时效抗辩有违诚实信用原则，该行为不应鼓励。故对于债权人持续向债务人主张权利且普通诉讼时效因多次中断而期间未届满的，不应以超过二十年最长权利保护期间为由，对债权人的权利不予保护。</p>","<p>在债权人持续向债务人主张权利，普通诉讼时效因多次中断而期间未届满的情形下，债务人依据《中华人民共和国民法典》第一百八十八条关于“自权利受到损害之日起超过二十年的，人民法院不予保护”的规定提出诉讼时效抗辩的，人民法院不予支持。</p>","<p>　《中华人民共和国民法典》第188条</p>","\N","\N","2026-01-21 10:27:30","2026-01-21 10:27:30","0ac4982d4e87a4460a268dc93f26e382","\N","20260426"
"5503","人民法院案例库","https://rmfyalk.court.gov.cn","民事-植物新品种权权属、侵权纠纷","2025-13-2-161-004","最高人民法院","民事,植物新品种权权属、侵权,侵害植物新品种权,许可使用费,提供包装袋费用","二审","2024.07.12","02","原告安徽皖某种业股份有限公司（以下简称皖某公司）诉称：经“淮麦44”小麦植物新品种权（以下简称案涉品种）的品种权人授权，皖某公司在安徽省享有涉案品种的实施权。利辛县光某种业有限公司（以下简称光某公司）、胡某未经授权生产、销售“淮麦44”种子，侵害了案涉品种权。故提起诉讼，请求法院判令：光某公司、胡某立即停止侵害“淮麦44”植物新品种权的行为，并连带赔偿皖某公司经济损失及因制止被诉侵权行为所支付的合理开支人民币300万元（币种下同），即以100万元赔偿为基数，适用三倍惩罚性赔偿。<br/>　　被告光某公司辩称：被诉侵权的“淮麦44”小麦种子经皖某公司许可生产，因包装袋破损而进行二次包装后销售，光某公司不存在未经授权生产、销售“淮麦44”小麦种子的侵权行为，不应承担侵权责任。<br/>　　被告胡某辩称：其被诉侵权行为系职务行为，不应承担侵权责任。<br/>　　法院经审理查明：皖某公司经案涉品种权人授权，在安徽省享有案涉品种的实施权。皖某公司在2019年9月20日至2020年6月30日委托光某公司进行制种，此后委托光某公司进行销售。在委托制种期间，皖某公司向光某公司收取品种权使用费和包装袋费用等，其中品种权使用费为0.2元/公斤，15公斤含量的包装袋为每条1元。根据在案证据，可以认定光某公司在安徽省内使用“白皮袋”包装销售“淮麦44”种子。<br/>　　安徽省合肥市中级人民法院于2022年3月2日作出（2021）皖01民初2555号民事判决：一、光某公司于该判决生效之日立即停止侵犯“淮麦44”植物新品种权的行为；二、光某公司于本判决生效之日起十日内赔偿皖某公司经济损失及合理支出15万元；三、驳回皖某公司其他诉讼请求。皖某公司以一审判决未适用惩罚性赔偿、判赔数额过低，且未认定胡某承担连带责任为由；光某公司以其未实施被诉侵权行为，且一审判决认定赔偿数额过高为由，分别提起上诉。最高人民法院于2024年7月12日作出（2022）最高法知民终1742号民事判决：一、维持一审判决第一、第三项；二、撤销一审判决第二项；三、光某公司于判决生效之日起十日内赔偿皖某公司经济损失424000元、维权合理开支1万元；四、胡某对上述第三项给付义务承担连带责任；五、驳回光某公司的上诉请求。","本案争议焦点包括：一、光某公司生产、销售“淮麦44”种子的行为是否构成侵权；二、一审判决认定光某公司应承担的赔偿数额是否适当。<br/>　　    关于第一个争议焦点。皖某公司和光某公司自2018年至2020年6月30日期间存在委托制种关系，此后存在委托销售关系。在合作经营期间，光某公司受托生产的种子由皖某公司提供包装袋进行包装，光某公司按包装袋数量支付相应款项；皖某公司提供给光某公司销售的种子，按照约定由皖某公司提供成品包装种子。上述情形中，均不需要光某公司另行使用包装袋包装。光某公司用“白皮袋”包装种子进行销售明显违反我国对种子标签使用的管理规定，亦未提供任何证据支持所包装的种子为经过合法授权生产。即使被诉侵权种子确系光某公司在受托制种期间生产，其采用“白皮袋”包装销售的被诉侵权种子，显然也超出双方合同约定的规模，皖某公司有权追究光某公司的侵权责任。<br/>　　    关于第二个争议焦点。根据《最高人民法院关于审理侵害植物新品种权纠纷案件具体应用法律问题的若干规定（二）》第十七条规定，光某公司使用“白皮袋”包装种子进行销售，其“以无标识、标签的包装销售授权品种”的行为，属于侵权行为情节严重，应适用惩罚性赔偿。《最高人民法院关于审理侵害知识产权民事案件适用惩罚性赔偿的解释》第五条规定：“人民法院确定惩罚性赔偿数额时，应当分别依照相关法律，以原告实际损失数额、被告违法所得数额或者因侵权所获得的利益作为计算基数。该基数不包括原告为制止侵权所支付的合理开支；法律另有规定的，依照其规定。”“前款所称实际损失数额、违法所得数额、因侵权所获得的利益均难以计算的，人民法院依法参照该权利许可使用费的倍数合理确定，并以此作为惩罚性赔偿数额的计算基数。”根据本案实际情况，二审参照许可使用费的合理倍数来确定赔偿基数。但是，植物新品种权许可使用费的收取存在多种方式，可以采取固定单位许可费、从推广收益中提成等方式收取。在品种权的许可使用中，标注了品种名称的包装袋往往由许可人提供，由于包装袋涉及种子标签，其中使用的品种名称与品种权许可密切相关，对标注品种名称的包装袋收取费用也是实现品种权经济利益的重要方式。在确定品种权的许可使用费时，可以将品种权人就包装袋收取的费用作为许可使用费的重要因素予以考虑。<br/>　　双方在委托制种期间约定的品种权使用费、包装袋费用均属于皖某公司许可光某公司生产“淮麦44”获得的收益，可以折合为整体许可费。本案许可使用费由当事人双方约定，且按照种子重量收取，较为客观地反映品种权的经济利益，可以在确定本案赔偿数额时予以参照。根据查明的种植面积为400亩、亩产量为500公斤，光某公司在被诉侵权行为发生的年度可以生产“淮麦44”种子共200000公斤，应向皖某公司支付品种权使用费4万元（0.2元/公斤×200000公斤）和包装袋费用约13000元（200000公斤÷15公斤/条×1元/条），共计53000元。考虑到被诉侵权行为系未经许可的生产、销售行为，有别于正常市场条件下经协商谈判达成的许可使用，故许可使用费应适当上浮，生效裁判参照上述许可使用费的二倍确定赔偿基数为106000元。考虑到光某公司在诉讼中对其被诉侵权行为的规模拒不如实陈述，坚持主张只是进行二次包装，存在不诚信诉讼的情形，依法适用三倍惩罚性赔偿。故而，光某公司应当赔偿皖某公司经济损失424000元[106000元×（3+1）]。","种子标签中的品种名称与品种权许可密切相关，对标注品种名称的包装袋收取费用是品种权人实现其经济利益的方式之一。在审理侵害植物新品种权纠纷案件中，人民法院依法参照权利许可使用费确定侵权损害赔偿数额时，可以将应当收取的包装袋费用认定为许可使用费的组成部分。","《中华人民共和国种子法》第28条，第72条第3款、第4款（本案适用的是2016年1月1日施行的《中华人民共和国种子法》第28条，第73条第3款、第4款）<br/>　　《最高人民法院关于审理侵害知识产权民事案件适用惩罚性赔偿的解释》（法释〔2021〕4号）第1条第1款，第3条第1款、第2款第3项，第5条<br/>　　《最高人民法院关于审理侵害植物新品种权纠纷案件具体应用法律问题的若干规定（二）》（法释〔2021〕14号）第17条第1款第4项、第2款<br/>######　　　　一审：安徽省合肥市中级人民法院（2021）皖01民初2555号民事判决（2022年3月2日）<br/>　　二审：最高人民法院（2022）最高法知民终1742号民事判决（2024年7月12日）","\N","\N","2026-01-21 10:27:30","2026-01-21 10:27:30","0ad31fc8e3275c95460f6c244089c643","\N","20260426"
"4364","人民法院案例库","https://rmfyalk.court.gov.cn","民事-股东知情权纠纷","2023-10-2-267-003","上海市第二中级人民法院","民事,股东知情权,外资公司公司利益,同业竞争,不正当目的","二审","2014.07.24","02","<p>　　上海某甲公司成立于2007年11月23日，系有限责任公司，股东为案外人上海某丙贸易有限公司(以下简称某丙公司)(占股45%、德国某甲国际有限责任公司(以下简称德国某甲公司)(占股55%)。董事会成员分别为德国某甲公司委派的伍某(U)、苏某(S)、格(G)，及某丙公司委派的陆某某、陆某。其中伍某(U)任董事长，陆某某任副董事长兼任总经理，监事为德国某甲公司法定代表人格(G)及上海某甲公司法定代表人刘某某。公司章程载明的经营范围为“设计、生产自动化控制系统设备，销售自产产品并提供相关技术咨询和技术服务”，主营产品为“控制电缆及附件、LSC布线控制系统及附件”。<br/>　　2011年10月9日，某丙公司董事陆某某给德国某甲公司法定代表人格(G)发送一份电子邮件称：上海某甲公司经营资金困难，希望德国某甲公司注资100万元人民币或10万欧元，德国某甲公司对此未予支持。<br/>　　2012年1月21日，德国某甲公司致函上海某甲公司表示：“我们在此要求对上海某甲公司自设立起至今完整的会计账簿和在上海某甲公司召开过的每一次董事会会议的所有会议记录进行审阅……我们此项审阅要求的目的在于：⑴你拒绝公司监事K先生于2011年9月13日对公司进行完整调查的要求；⑵你拒绝公司股东F于2011年9月13日对公司账簿进行审阅的要求；⑶你拒绝在2011年10月20日和21日召开的董事会上提供公司经济和商业运营情况的详细信息的要求，以上三点均表明你对监事和董事会蓄意隐瞒；⑷在上述提及的董事会前你在给U先生的邮件中声明上海某甲公司(上海)有限公司正处于资金困难的情况；⑸我们从我们得到的有限的信息中得知你滥用公司总经理权力严重损害上海某甲公司(上海)有限公司利益……”上海某甲公司收悉该函件后，未与德国某甲公司达成共识。<br/>　　2012年9月26日，德国某甲公司提起本案诉讼，请求判令：1、上海某甲公司向德国某甲公司提供设立至今的包括原始凭证在内的全套完整财务账簿以供查阅；2、上海某甲公司向德国某甲公司提供公司设立至今的全部董事会决议进行查阅、复制；3、本案诉讼费由德国某甲公司负担。<br/>　　案外人某乙贸易(上海)有限公司（以下简称某乙公司）系有限责任公司，股东为某丁(该公司住所地同德国某甲公司住所地)，经营范围为“交通和自动化行业的电气、电子设备、机械零部件的批发、佣金代理(拍卖除外)及进出口，提供其他相关配套服务和咨询服务”。董事会成员为苏(S)、格(G)、O等，监事为伍某(U)。<br/>　　2012年2月1日，德国某甲公司发送给上海某甲公司的传真记载：“……因为你们逾期没有付货款，所以你们的账户被封锁了，我们不能够帮你们下订单也不能安排发货……”<br/>　　二审法院经审理查明，原审查明的事实中除“2011年10月9日，上海某甲公司董事陆某某给德国某甲公司法定代表人格(G)发送一份电子邮件称：上海某甲公司经营资金困难，希望德国某甲公司注资100万元人民币或10万欧元，德国某甲公司对此未予支持”该部分表述与原邮件载明内容有出入外，其余事实属实，二审法院予以确认。<br/>　　二审法院另查明以下事实：<br/>　　1、德国某甲公司在原审中提交的2011年10月9日陆某某(office@lutze.com.cn)发送给伍某(UXX@luetze.de)的电子邮件载明：“……伍某先生，我说过我看到你的消息就把2009年到2010年详细的会计账簿给了松某先生。剩下的你们想要看到的都是上海某甲公司销售部门的商业秘密。我应当保留这些秘密不被你和上海某丙公司看到。”2011年10月11日，伍某(UXX@luetze.de)回复陆某某(office@lutze.com.cn)：“作为上海某甲公司的股东，我十分关心合资公司履行法定义务，尤其是员工方面的义务……这正是我为什么让松某先生在上海查看审计报表，这样董事会才能全方位掌握公司的财务状况……”<br/>　　上海某甲公司对该往来邮件的真实性无异议。<br/>　　2、上海某甲公司在原审中提交了一组电子邮件证据，其中2011年10月14日陆某某(office@lutze.com.cn)发送给伍某(UXX@luetze.de)的电子邮件载明：“……我已经让他们取得了2009年和2010年全部详细账册，按公司法规定是看账册，但他们还要看凭证，给他们看了一个月凭证，又私自复印，这除了想知晓详细的商业秘密—合资公司的客户名单，联系地址、电话外，有什么意义？……”<br/>　　2011年11月2日陆某某(office@lutze.com.cn)发送给伍某(UXX@luetze.de)的电子邮件载明：“…我们已经将S先生要求的2009年和2010年账册打印给你们了，只有销售客户名单没有给。如果合资公司有财务问题，你的助手们应该从财务账册中看出问题了…我们看出了你的用心是想借查账之名，行窃取合资公司商业秘密，恶意竞争的目的……”<br/>　　2012年5月18日陆某某(office@lutze.com.cn)发送给伍某(UXX@luetze.de)的电子邮件载明：“从2009年10月你提出按合资企业净资产收购上海某丙公司在合资企业的股份或关掉合资企业的政策以来，你的错误态度没有任何变化……事实是德国某甲公司想改变已经成立的合资企业，想搞一个独资的某甲中国公司，想独占在中国的利益。①你不准合资企业贷款，尽管合资企业成立时政府已批准20万美元的贷款额度；②你2010年5月14日成立了某乙公司，在某甲的官网上放上了它的名称、地址、通讯信息及德国某甲公司所有产品的样本，取消了德国某甲公司上海合资企业的全部信息；③你关闭了合资企业网上销售的渠道和网上采购信息；④你借口维修关闭了FEBA电脑系统，使合资企业无法查询德国库存和货期；⑤对合资企业又规定了小到仅10000欧元的进口限额，使合资企业的订货客户无货可供，自动转向了某乙公司……为表示我的诚意，合资企业审计报告DHL给你。我们的客户不可能等4个月还不交货，早已去吕铁购买，因此，所有订单只能取消了。”<br/>　　2012年6月21日陆某某(office@lutze.com.cn)发送给格某(G@luetze.de)的电子邮件载明：“……你们需要的2011年11月、12月某甲公司报表和2011年的审计报告，都已经按照你们的要求寄送给德国某甲公司，这也表示了我们的诚意，但看不到对我们丝毫改变。你们在坚持不供货、不贷款的情况下，合资企业已不可能正常运行，客户也大量流失……”<br/>　　2012年8月31日陆某某(office@lutze.com.cn)发送给格某(G@luetze.de)的电子邮件载明：“……你提出要审查所有账册等等，我已回复你多次：我们账册没有什么不可告人的问题，完全可以供你检查。但是在你开设某乙公司，董事会又是与某甲公司上海同一批人，最近又增资13万欧元，虽然办公室只有15平方米，但坚持千方百计与某甲公司上海非法竞争的情况下，不能向你提供合资企业的商业秘密，特别是客户机密，只有你恢复某甲公司上海在某甲公司官网上的信息，恢复对某甲公司上海的供货，某乙公司不能非法销售我们合资合同上规定的只能由某甲公司上海销售的产品如LSC，合资公司可以供你们查看……”<br/>　　德国某甲公司对上述电子邮件的真实性无异议。<br/>　　3、上海某甲公司在原审中提交的某甲公司国际集团官方网页信息变更对比载明：在2004年1月12日登录该网站“LUTZE技术系统”页面，显示某甲公司集团下设“德国”“中国”“美国”“奥地利”“法国”及“英国”区域代理，其中“中国”区域显示的公司名称为“上海某甲公司”；在2012年12月28日登录该网站时，“中国”区域显示的公司名称变更为“某乙公司”，该网页同时显示某乙公司的“系统技术”为“产品覆盖控制电缆到LSC布线系统，接口技术，抑制技术，电源技术，总线技术及网络技术”。<br/>　　4、上海某甲公司在二审中提交的其销售部工程师任某某出具的情况说明载明：2014年2月16日，爱某(上海)制造系统工程有限公司向上海某甲公司对LOCC-BOX及LSC-D进行询价，后因交货期太长，转与某乙公司商谈订购事宜，并在2014年2月22日向上海某甲公司表示不必再报价参与；2012年5月-7月，某丁(上海)公司共向上海某甲公司订购了26套LSC-D型产品合同，后在合同履行期间另与某乙公司签订了24套LSC-D型产品的订购合同。<br/>　　5、《中国上海某甲公司(上海)有限公司章程》第四十四条载明：“合资公司的财务审计和检查应由一位在中国注册的会计师进行，其结果报告应以中文和英文准备，并提交董事会和合资双方。任何一合资方有权任命全权授权的人员随时检查合资公司的账簿，费用由该方支付。”<br/>　　6、《中国上海某甲公司(上海)有限公司合同》(合资合同)第43.2条载明：“在中国市场销售的产品应直接由合资公司或通过合资公司指定的代理商进行销售。在合资公司的期限内，合资双方在这里同意，在中国市场销售的上述合同产品，应由合资公司独占性地销售或指定的代理商销售。”<br/>　　上海市闸北区人民法院于2014年3月25日作出(2012)闸民二（商）初字第S589号民事判决：上海某甲公司于判决生效之日起十五日内提供自公司成立以来的会计账簿供德国某甲公司查阅，提供自公司成立以来的董事会决议供德国某甲公司查阅、复制。上海某甲公司不服，提起上诉。上海市第二中级人民法院于2014年7月24日作出（2014）沪二中民四(商)终字第S488号民事判决：支持德国某甲公司查阅、复制董事会决议并驳回其要求查阅原始会计凭证的诉讼请求，驳回德国某甲公司要求查阅上海某甲公司自成立以来的会计账簿的诉讼请求。</p>","<p>　　法院生效裁判认为：本案的争议焦点在于，德国某甲公司要求查阅公司会计账簿是否具有不正当目的。判断德国某甲公司是否存在不正当目的，应着重审查以下事实：<br/>　　一、某乙公司的设立、经营范围及产品。根据原审查明的事实及德国某甲公司自述，某乙公司即为德国某甲公司在中国境内投资成立的独资公司，其三名高管成员与上海某甲公司的三名德方董事完全一致；某乙公司章程载明的经营范围与上海某甲公司的经营范围基本一致，主要为“自动化行业设备”的销售及技术服务；某乙公司主营的产品与上海某甲公司有较大重合，均包括“控制电缆设备、LSC布线控制系统、接口技术”等大类产品。<br/>　　二、某乙公司与上海某甲公司之间的竞争关系。根据二审法院另查明内容，陆某某于2012年5月18日发送给某甲公司及2012年8月31日发送给格某的电子邮件中均陈述了某乙公司与上海某甲公司存在同业竞争、客户流失的情况，对方未提出异议；上海某甲公司提交的其工程师任某某的证词也直接陈述了具体客户流失的事实。德国某甲公司对该员工的证词虽不确认真实性，但也未提供相反证据，且该证词内容与上述邮件内容、上海某甲公司提供的其他证据及其原审一贯陈述相印证，可以证明两家公司相互竞争的事实。<br/>　　三、德国某甲公司查阅的目的。根据双方确认的往来邮件内容及庭审陈述，上海某甲公司对德国某甲公司试图关闭合资公司、切断供货来源、取消优惠、关闭网上销售渠道等行为表达了不满，并多次对其为扶持某乙公司、试图获取合资公司客户信息等商业秘密的目的表示了严重担忧。此外，上海某甲公司也称一直在向德方股东提供公司财务报表、资产负债表、损益表等财务信息。而德国某甲公司所称提起本案诉讼的主要理由系基于2011年10月9日合资公司提出的100万元增资要求，事实上，合资公司实际提出增资请求系在2009年10月，且已被德国某甲公司拒绝。<br/>　　结合上述事实，二审法院认为，在某乙公司与上海某甲公司之间存在同业竞争关系和竞争事实，上海某甲公司有理由怀疑德国某甲公司查阅会计账簿存在不正当目的的情况下，德国某甲公司应当对其查阅的目的作出合理解释。而德国某甲公司已经查阅了公司审计报告、财务报表等信息，既未对其真实性提出异议，也未合理说明实现股东利益与查阅会计账簿之间的必要性。二审法院进一步认为，股东行使权利应尽可能选择对公司和其他股东影响最小的方式，其查阅的目的也应当与该权利的救济程度相适应。在上海某甲公司明确表示愿意通过第三方独立审计的方式确保股东权利实现时，德国某甲公司完全可以通过其他合适的途径了解公司真实的经营状况。<br/>　　因此，从本案具体情况来看，上海某甲公司以德国某甲公司存在不正当目的、可能损害公司合法利益为由拒绝其查阅会计账簿，具有事实和法律依据。公司章程中有关股东查阅权的规定不能阻却法律赋予公司的对股东不正当目的的抗辩。故二审法院对于上海某甲公司的上诉请求，依法予以支持。</p>","<p>股东知情权是公司法赋予股东了解公司经营状态、财务状况等重要信息的一项法定权利。但是，由于股东知情权涉及公司与股东之间的利益平衡，在保护股东权利的同时亦应兼顾公司整体利益，以避免股东滥用知情权影响公司的正常经营或者利用知情权损害公司利益。因此，股东提出查阅会计账簿的请求应当基于正当、善意之目的，并与其作为股东的身份或者利益直接相关。如果股东违反诚实信用、善意原则，为了开展同业竞争、获取商业秘密等目的破坏公司日常经营，公司就有权拒绝其查询要求。此时，公司章程中保障股东查阅权的规定，亦不能阻却法律赋予公司对股东不正当目行使抗辩权。</p>","<p>　　《中华人民共和国涉外民事关系法律适用法》第14条第1款<br/>　　《中华人民共和国公司法》第33条（本案适用的是2006年1月1日施行的《中华人民共和国公司法》第34条）<br/>　　</p><br/>######<p>　　一审：上海市闸北区人民法院（2012）闸民二（商）初字第S589号民事判决（2014年3月25日）<br/>　　二审：上海市第二中级人民法院（2014）沪二中民四（商）终字第S488号民事判决（2014年7月24日）</p>","\N","\N","2026-01-21 10:27:30","2026-01-21 10:27:30","0ad940aa4eeeff75a8854454ebb418bb","\N","20260426"
"3082","人民法院案例库","https://rmfyalk.court.gov.cn","民事-证券交易代理合同纠纷","2023-08-2-310-001","浙江省杭州市中级人民法院","民事,证券交易代理合同,反洗钱,个人信息,违约责任","二审","2020.08.17","02","<p>　　2008年1月8日，宣某作为甲方，某证券公司作为乙方，签订《证券交易委托代理协议》一份，就委托证券公司代理证券（包括证券衍生品）交易及其他相关事宜达成协议，其中约定：身份资料等重要资料变更时，甲方应及时通知乙方并按乙方要求办理变更手续，如乙方有理由认为甲方向其提供的资料、证件严重失实，可要求甲方限期纠正，甲方不能按期纠正或拒不纠正的，乙方可视情形依法终止其与甲方的委托代理关系或暂停甲方对其账户的使用。宣某在《开户申请表（个人）》中填写了其姓名、性别、出生日期、国籍、证件类型、证件号码、证件有效期、固定电话、联系地址等身份信息。2019年3月29日，某证券公司在其网站及手机APP 发布公告，告知开展个人客户身份信息核实工作和更新工作。 2019年7月30日，某证券公司以宣某身份信息不完整为由中止提供金融服务，对其股票交易账户进行冻结。2019年8月14日，某证券公司解除宣某股票交易账户的冻结，但又于同日以宣某未更新电话号码、职业代码为由进行冻结。2019年8月15日，宣某与某证券公司员工通过微信进行通话并予以录音。后因某证券公司未解除冻结，宣某诉至法院，主张某证券公司存在违法和违约行为，要求其赔偿损失242729.70元及利息4854.59元（暂计算至2019年9月1日，此后以本金242729.70元为基数，按年利率24%计算至解冻之日止，并支付30%的违约金72818.91元以及交通费1091元。<br/>　　浙江省杭州市余杭区人民法院于2019年11月20日作出(2019）浙0110民初16569号民事判决：一、某证券公司于判决生效后十日内解除对宣某股票交易账户的冻结；二、某证券公司于判决生效后十日内赔偿宣某利息损失1456.13元（以总资产152725.87元为基数，按年利率4.35%自2019年8月14日暂计算至2019年11月1日，此后至账户解除冻结之日的利息损失按上述标准）；三、驳回宣某的其他诉讼请求。一审判决后，双方均提出上诉。浙江省杭州市中级人民法院于2020年8月17日作出（2020）浙01民终696号民事判决：一、撤销杭州市余杭区人民法院(2019）浙0110民初16569号民事判决。二、某证券公司于本判决生效后十日内支付宣某赔偿金10000元。三、驳回宣某的其他诉讼请求。</p>","<p>　　法院生效裁判认为：1.根据我国《反洗钱法》的规定，金融机构应当建立健全客户身份识别、客户身份资料制度，履行反洗钱义务，对先前获得的客户身份资料的真实性、有效性或者完整性有疑问的，其应当重新识别客户身份。《金融机构客户身份识别和客户身份资料及交易记录保存管理办法》明确了金融机构的自然人客户的身份基本信息包括职业以及联系方式。<br/>　　2.本案中，某证券公司有权依法开展客户身份信息核实工作，包括获知其电话号码和职业信息，客户亦应当依法予以配合。就需要核实的信息内容以及拒不配合的行为后果，某证券公司负向客户提前告知的义务，特别对年岁较长的客户，应以合理方式履行相应通知义务。本案某证券公司告知客户的形式为在官网以及APP上发布公告，而在其公告的截止日期之前，宣某并未下载其APP，且在本案审理过程中，宣某明确表示并未收到或者知晓相应公告，故无法认定某证券公司首次对宣某账户采取限制措施之前，已履行对客户的告知义务，其在未告知宣某的情况下，径行对宣某的账户采取限制措施有违双方合同约定。<br/>　　3.2019年8月14日，某证券公司解除宣某股票交易账户的限制措施，后工作人员远程指导宣某更新身份信息，此时可推定宣某已知晓客户身份核实需求及拒不提供的后果，其应向某证券公司提供相关信息。宣某未在当日向某证券公司提供相关信息，某证券公司根据《金融机构客户身份识别和客户身份资料及交易记录保存管理办法》的要求，对其账户采取限制措施符合金融机构操作的流程规范。<br/>　　4.在本案一审审理过程中，某证券公司已获知客户的相应身份信息，已可完成信息核实工作，但对案涉账户的限制措施却仍延续实施数月，其行为再次违反合同约定，存在不当。故本案争议双方在合同履行过程中均存在违反合同约定的行为，考虑到案涉账户采取限制措施后对客户所能造成的损失以及宣某账户内的证券市值情况，结合直至二审中，某证券公司才对案涉账户解除限制措施的事实，酌情确定某证券公司应向宣某支付赔偿金10000元。</p>","<p>金融机构应当依照我国《反洗钱法》的规定，建立健全客户身份识别、客户身份资料制度，履行反洗钱义务。金融机构依法开展身份识别工作，客户应当予以配合，但金融机构须依照与客户的合同约定履行相应的告知义务，即告知需要核实的内容以及拒不配合的后果，特别对如老年群体等客户，应以合理方式告知。</p>","<p>　　《中华人民共和国反洗钱法》第3条、第16条</p><br/>######<p>　　一审：浙江省杭州市余杭区人民法院（2019）浙0110民初16569号民事判决（2019年11月20日）<br/>　　二审：浙江省杭州市中级人民法院（2020）浙01民终696号民事判决（2020年8月17日）</p>","\N","\N","2026-01-21 10:27:30","2026-01-21 10:27:30","0ae4f8e10f610cc9370126f79cc38715","\N","20260426"
"2490","人民法院案例库","https://rmfyalk.court.gov.cn","民事-证券欺诈责任纠纷","2024-18-2-314-001","重庆市高级人民法院","民事,证券虚假陈述责任,会计师事务所,勤勉义务,连带赔偿责任,比例原则","二审","2023.03.27","02","<p>　　欢某世纪联合股份有限公司（以下简称欢某股份公司），系深圳证券交易所上市公司。2016年1月29日，欢某股份公司董事会和监事会审议通过了重大资产重组报告书草案及摘要。2016年2月1日，欢某股份公司公告《重组报告（草案）》，以非公开发行股份的方式购买欢某世纪影视传媒股份有限公司（以下简称欢某影视公司）100%股权，并募集配套资金。北京兴某会计师事务所（以下简称北京某事务所）为此次重大资产重组的审计服务机构，先后出具三份均为标准无保留意见的财务报表审计报告。<br/>　　2019年11月，证监会重庆监管局对欢某股份公司作出两份《行政处罚决定书》，认定欢某影视公司在2013年至2016年期间存在虚增营业收入、虚构收回应收款项、虚增利润总额等，并基于前述违法事实对欢某股份公司及相关个人作出警告、罚款等行政处罚。<br/>　　2021年4月，证监会重庆监管局对北京某事务所作出《行政处罚决定书》，认定北京某事务所未勤勉尽责，导致出具的审计报告存在因提前确认收入虚增营业收入、财务报表批准报出事项存在虚假记载等情况。针对前述违法行为，证监会重庆监管局对北京某事务所作出责令改正、没收审计业务收入208.83万元、罚款626.49万元等行政处罚。<br/>　　许某成等92人认为欢某股份公司虚假陈述导致其投资该公司股票亏损，遂诉请欢某股份公司与北京某事务所连带赔偿其投资损失。<br/>　　重庆市第三中级人民法院于2022年7月8日作出（2022）渝03民初69号民事判决：一、欢某股份公司赔偿许某成等92名投资者投资损失共计1280.36万元；二、北京某事务所分别对许某成等92名投资者投资损失的10%承担连带赔偿责任；三、驳回许某成等92名投资者其他诉讼请求。宣判后，欢某股份公司、北京某事务所提起上诉。重庆市高级人民法院于2023年3月27日作出（2022）渝民终872号民事判决：驳回上诉，维持原判。</p>","<p>　　法院生效裁判认为：证监会重庆监管局已认定欢某股份公司在重大资产重组过程中披露信息存在虚假记载及重大遗漏，并据此对欢某股份公司予以行政处罚。欢某股份公司实施的行为构成虚假陈述，虚假陈述的内容具有重大性。投资者于虚假陈述实施日后、揭露日前购入相关证券，并造成投资损失，应当认定投资者的投资决定与虚假陈述之间的交易因果关系成立。欢某股份公司应对投资者的损失予以赔偿。关于投资者损失金额，确认自揭露日（2017年7月18日）起第30个交易日（2017年9月18日）为基准日，该期间每个交易日收盘价的平均价格为基准价格，以全国性证券期货纠纷公益调解机构中证资本市场法律服务中心有限公司出具的《证券投资者损失测算意见书》中的“投资者损失计算表”为计算依据，扣除非系统性风险等所致损失后，欢某股份公司应当赔偿许某成等92名投资者投资损失共计1280.36万元。<br/>　　北京某事务所在确认销售收入审计过程中，在收集的相关销售合同存在明显问题的情况下，未保持合理的职业判断和职业怀疑，未设计、实施恰当的审计程序核实收入确认的时点是否准确，进行的审计工作未能提供审计准则所要求的合理保证，未勤勉尽责，导致出具的审计报告有虚假记载，应认定其存在过错，依法应对投资者的投资损失承担连带赔偿责任。<br/>　　北京某事务所连带责任的承担份额，应考虑以下因素：一是过错程度，根据北京某事务所的过错程度判定责任承担比例。二是行为与投资者损失的因果关系，欢某股份公司虚假陈述是直接、主要原因，起着主导作用；而北京某事务所未勤勉尽责，导致出具的审计报告存在虚假记载，给投资者造成的损失是间接、次要原因，起着辅助作用。综合以上因素，酌定北京某事务所对投资者的投资损失承担10%的连带赔偿责任。</p>","<p>会计师事务所未保持必要的职业谨慎，未设计、实施恰当的审计程序核实上市公司的财务报告，导致出具的审计报告存在虚假记载，依法应对投资者的损失承担相应的连带赔偿责任。连带责任的比例，应当综合会计师事务所的过错程度、造成投资者损失的原因力大小等予以确定。</p>","<p>&nbsp; &nbsp; &nbsp; &nbsp;《中华人民共和国证券法》（2019年修订）第85条、第163条（本案适用的是2014年修正的《中华人民共和国证券法》第69条、第173条）<br/>　　《最高人民法院关于审理证券市场虚假陈述侵权民事赔偿案件的若干规定》（法释〔2022〕2号）第18条、第19条、第21条</p><br/>######<p>　　一审：重庆市第三中级人民法院（2022）渝03民初69号民事判决（2022年7月8日）<br/>　　二审：重庆市高级人民法院（2022）渝民终872号民事判决（2023年3月27日）</p>","\N","\N","2026-01-21 10:27:30","2026-01-21 10:27:30","0ae65207b1c980d4fe43069e2cd7ccbb","\N","20260426"
"6622","多元解纷案例库","https://rmfyalk.court.gov.cn","民事-房屋买卖合同纠纷","D2025-161-1-091-435","重庆市荣昌区人民法院","民事,房屋买卖合同纠纷,价格认定,综治中心,“行政调解+人民调解+司法调解”联动化解","","2025-07-21","\N","某房地产公司系某小区商品房开发商，该小区竣工验收数年后，部分业主发现房屋卧室飘窗顶板、室内局部墙面内保温层存在与基层脱离、开裂现象等不同程度的问题，严重影响房屋正常使用。部分业主与某房地产公司协商未果后，拟进行集体维权。","综治中心了解相关情况后，牵头住建、发改委、法院、公安、司法行政、街道办事处、社区等部门及专业调解组织成立调解小组，就当事人争议的问题进行实地调查、分析研判，通过“三调联动”开展纠纷调处工作： 一是掌握纠纷情况，打好调解基础。由综治中心、公安、司法行政、社区及调解组织负责当事人情绪疏导工作，引导其依法维权，防止矛盾升级、产生次生纠纷，并由司法行政部门对业主提供法律援助；由街道办事处、社区负责接待业主，统一登记业主反映的具体情况，方便后续有针对性的逐户上门调查，同时对采用外墙内保温工艺的楼房逐一进行统计。根据业主反映的情况，由住建等部门负责对该小区的外墙内保温层脱层、开裂等问题逐户进行调查核实，全程邀请住建委专家现场分析研判。调解小组通过登记情况、实地调查，厘清业主基数，最终确定有内保温脱层、开裂现象问题的房屋共涉及19栋楼，建筑面积约8.6万㎡，涉及户数935户。在掌握纠纷基本情况后，调解小组通过向双方当事人充分释明调解省时、节费、促和的优势，促使双方当事人积极配合调解工作，同时鉴于业主方人数众多，为提高沟通效率，调解小组还推动业主共同推选出业主代表，为后期顺利开展调解工作打下基础。 二是确定争议焦点，形成调解思路。在前期工作基础上，调解小组研判后决定由法院指导人民调解委员会开展先行调解工作。调解员召集某房地产公司与业主代表“面对面”沟通、充分交换意见。沟通过程中，业主提出了维修方式、维修范围或赔偿安置补偿费和维修金等诉请。调解员经研究，明确争议焦点为：某房地产开发公司是否应当承担责任以及责任承担方式和责任范围。围绕争议焦点，调解小组进一步了解情况，该小区外墙内保温脱层、开裂等房屋问题系某房地产公司采用外墙内保温工艺导致，经过释法明理，某房地产公司认识到自己的过错，表示愿意承担修复、赔偿等违约责任，并形成两种解决方案：1.某房地产公司组织维修；2.业主自行维修，某房地产公司赔偿相应维修费用。最终，业主选择自行维修并由某房地产公司赔偿相应维修费用的初步调解方案，但对责任范围和维修费用计算标准仍不能达成一致意见。 三是评估维修费用，达成调解协议。针对双方当事人对责任范围和维修费用标准未达成一致意见的情况，调解小组研究确定了以“单位面积维修价格乘以维修面积”的计算方式，制定了维修费用评估方案，同时邀请发改委价格认证中心特邀调解员参与调解工作。首先，由住建委、发改委牵头成立维修费用评估小组，对问题房屋随机抽样，评估出维修墙面裂缝、墙体返潮、墙纸墙布破损等所需维修费用的单位面积价格，制作并公示《维修项目单价评估表》。其次，由街道办、社区成立测量小组，某房地产公司与业主代表全程参与，逐一邀请案涉业主参与测量需维修的房屋面积，并当场签署《房屋维修面积确认表》。最后，调解员组织双方依据上述两表，确定赔偿维修费具体金额，并签订调解协议。同时，开通专项便民通道，做到当日受理、当场协定、当面支付。","本案系房屋买卖合同系列纠纷，涉及的住房问题既是民生问题也是发展问题，关系广大业主切身利益。本案双方争议较大，涉及业主多、波及范围广、处理难度大、社会关注度高，若不能及时化解，不仅易激化矛盾，也带来系列衍生问题。综治中心对苗头问题，牵头统筹有关部门，及时启动联合调处机制，成立调解小组，发挥行政调解、人民调解、司法调解“三调合一” 联动协同化解优势，与房屋鉴定、价格认证等专业机构“多元配合”，按“排查受理—分流交办—联合调处—反馈结案”四步流程，推动各单位群策群力，发挥各自职能优势，由社区纾解群众情绪、司法行政部门提供法律援助、住建部门调查房屋问题、发改委评估维修费用、法院发挥调解指导职能等，推动矛盾纠纷实质化解。通过“三调联动”、分工合作，既妥善解决了近千户业主急难愁盼的住房问题，切实保障群众安居乐业，也纾解了企业压力，平等保护了民营企业合法权益，实现案结事了人和。","《中华人民共和国民法典》第509条、第577条、第582条、第617条 《最高人民法院关于审理商品房买卖合同纠纷案件适用法律若干问题的解释》（法释〔2020〕17号）第10条","\N","","2026-01-27 09:50:01","2026-01-27 09:50:01","0b17a195fe5ca12683cc67b68b845346","\N","20260426"
"5360","人民法院案例库","https://rmfyalk.court.gov.cn","民事-房屋买卖合同纠纷","2016-18-2-091-001","最高人民法院","民事,商品房买卖合同,借款合同,清偿债务,法律效力,审查","二审","2015.10.08","01","<p>　　原告汤龙、刘新龙、马忠太、王洪刚诉称：根据双方合同约定，新疆鄂尔多斯彦海房地产开发有限公司（以下简称彦海公司）应于2014年9月30日向四人交付符合合同约定的房屋。但至今为止，彦海公司拒不履行房屋交付义务。故请求判令：一、彦海公司向汤龙、刘新龙、马忠太、王洪刚支付违约金6000万元；二、彦海公司承担汤龙、刘新龙、马忠太、王洪刚主张权利过程中的损失费用416300元；三、彦海公司承担本案的全部诉讼费用。<br/>　　彦海公司辩称：汤龙、刘新龙、马忠太、王洪刚应分案起诉。四人与彦海公司没有购买和出售房屋的意思表示，双方之间房屋买卖合同名为买卖实为借贷，该商品房买卖合同系为借贷合同的担保，该约定违反了《中华人民共和国担保法》第四十条、《中华人民共和国物权法》第一百八十六条的规定无效。双方签订的商品房买卖合同存在显失公平、乘人之危的情况。四人要求的违约金及损失费用亦无事实依据。<br/>　　法院经审理查明：汤龙、刘新龙、马忠太、王洪刚与彦海公司于2013年先后签订多份借款合同，通过实际出借并接受他人债权转让，取得对彦海公司合计2.6亿元借款的债权。为担保该借款合同履行，四人与彦海公司分别签订多份商品房预售合同，并向当地房屋产权交易管理中心办理了备案登记。该债权陆续到期后，因彦海公司未偿还借款本息，双方经对账，确认彦海公司尚欠四人借款本息361398017.78元。双方随后重新签订商品房买卖合同，约定彦海公司将其名下房屋出售给四人，上述欠款本息转为已付购房款，剩余购房款38601982.22元，待办理完毕全部标的物产权转移登记后一次性支付给彦海公司。汤龙等四人提交与彦海公司对账表显示，双方之间的借款利息系分别按照月利率3%和4%、逾期利率10%计算，并计算复利。</p>","<p>　　法院生效裁判认为：本案争议的商品房买卖合同签订前，彦海公司与汤龙等四人之间确实存在借款合同关系，且为履行借款合同，双方签订了相应的商品房预售合同，并办理了预购商品房预告登记。但双方系争商品房买卖合同是在彦海公司未偿还借款本息的情况下，经重新协商并对账，将借款合同关系转变为商品房买卖合同关系，将借款本息转为已付购房款，并对房屋交付、尾款支付、违约责任等权利义务作出了约定。民事法律关系的产生、变更、消灭，除基于法律特别规定，需要通过法律关系参与主体的意思表示一致形成。民事交易活动中，当事人意思表示发生变化并不鲜见，该意思表示的变化，除为法律特别规定所禁止外，均应予以准许。本案双方经协商一致终止借款合同关系，建立商品房买卖合同关系，并非为双方之间的借款合同履行提供担保，而是借款合同到期彦海公司难以清偿债务时，通过将彦海公司所有的商品房出售给汤龙等四位债权人的方式，实现双方权利义务平衡的一种交易安排。该交易安排并未违反法律、行政法规的强制性规定，不属于《中华人民共和国物权法》第一百八十六条规定禁止的情形，亦不适用《最高人民法院关于审理民间借贷案件适用法律若干问题的规定》第二十四条规定。尊重当事人嗣后形成的变更法律关系性质的一致意思表示，是贯彻合同自由原则的题中应有之意。彦海公司所持本案商品房买卖合同无效的主张，不予采信。<br/>　　但在确认商品房买卖合同合法有效的情况下，由于双方当事人均认可该合同项下已付购房款系由原借款本息转来，且彦海公司提出该欠款数额包含高额利息。在当事人请求司法确认和保护购房者合同权利时，人民法院对基于借款合同的实际履行而形成的借款本金及利息数额应当予以审查，以避免当事人通过签订商品房买卖合同等方式，将违法高息合法化。经审查，双方之间借款利息的计算方法，已经超出法律规定的民间借贷利率保护上限。对双方当事人包含高额利息的欠款数额，依法不能予以确认。由于法律保护的借款利率明显低于当事人对账确认的借款利率，故应当认为汤龙等四人作为购房人，尚未足额支付合同约定的购房款，彦海公司未按照约定时间交付房屋，不应视为违约。汤龙等四人以彦海公司逾期交付房屋构成违约为事实依据，要求彦海公司支付违约金及律师费，缺乏事实和法律依据。一审判决判令彦海公司承担支付违约金及律师费的违约责任错误，本院对此予以纠正。</p>","<p>借款合同双方当事人经协商一致，终止借款合同关系，建立商品房买卖合同关系，将借款本金及利息转化为已付购房款并经对账清算的，不属于《中华人民共和国物权法》第一百八十六条规定禁止的情形，该商品房买卖合同的订立目的，亦不属于《最高人民法院关于审理民间借贷案件适用法律若干问题的规定》第二十四条规定的“作为民间借贷合同的担保”。在不存在《中华人民共和国合同法》第五十二条规定情形的情况下，该商品房买卖合同具有法律效力。但对转化为已付购房款的借款本金及利息数额，人民法院应当结合借款合同等证据予以审查，以防止当事人将超出法律规定保护限额的高额利息转化为已付购房款。</p>","<p>　　《中华人民共和国物权法》第186条<br/>　　《中华人民共和国合同法》第52条</p>","\N","\N","2026-01-21 10:27:30","2026-01-21 10:27:30","0b31197988cd0949e3437d4f902ea8ef","\N","20260426"
"1591","人民法院案例库","https://rmfyalk.court.gov.cn","民事-建设工程合同纠纷","2024-01-2-115-002","广东省高级人民法院","民事诉讼,建设工程合同,分包合同,不动产,专属管辖","其他","2022.03.29","02","<p>　　广东富某建设有限公司诉称：2020年5月15日，广东金某集团有限公司与新兴县新某投资有限公司签订《广东省建设工程标准施工合同》，约定广东金某集团有限公司承包新兴县新某投资有限公司“新兴县某院易地新建工程”项目。后广东金某集团有限公司将其承包的上述工程项目中的消防及空调工程分包给广东富某建设有限公司。2020年11月26日、12月10日，广东金某集团有限公司告知广东富某建设有限公司前往项目现场确认已完成的工作界面及确认工程量并提交相关资料。因新兴县新某投资有限公司已将相关工程款项支付给广东金某集团有限公司，广东富某建设有限公司发送《支付申请表》与《催款联络函》，要求广东金某集团有限公司支付相关款项，但广东金某集团有限公司未依约支付，故诉请法院判令广东金某集团有限公司、新兴县新某投资有限公司向其承担违约责任、赔偿责任等。<br/>　　广东省新兴县人民法院经审查认为，本案为承揽合同纠纷，案涉《合同书》中已明确约定发生争议由广东省开平市人民法院管辖，于2021年11月29日作出（2021）粤5231民初2443号民事裁定：本案移送广东省开平市人民法院处理。广东省开平市人民法院认为移送不当，逐级报请广东省高级人民法院指定管辖。<br/>　　广东省高级人民法院于2022年3月29日作出（2022）粤民辖137号民事裁定：一、撤销广东省新兴县人民法院（2021）粤5231民初2443号民事裁定；二、本案由广东省新兴县人民法院审理。</p>","<p>　　法院生效裁判认为，根据《建设工程质量管理条例》第二条的规定，建设工程是指土木工程、建筑工程、线路管道和设备安装工程及装修工程。本案中的消防及空调工程包括线路管道和设备安装工程等，因此，本案属于建设工程分包合同纠纷。根据《最高人民法院关于适用〈中华人民共和国民事诉讼法〉的解释》第二十八条第二款的规定，本案应当由不动产所在地的人民法院专属管辖。涉案工程位于广东省新兴县人民法院辖区内，广东省新兴县人民法院对本案具有管辖权。</p>","<p>《最高人民法院关于适用〈中华人民共和国民事诉讼法〉的解释》第二十八条第二款规定，农村土地承包经营合同纠纷、房屋租赁合同纠纷、建设工程施工合同纠纷、政策性房屋买卖合同纠纷，按照不动产纠纷确定管辖。实践中，消防及空调安装工程，不仅包括消防和空调设施设备安装，还涉及大量管网铺设等隐蔽工程，施工成果直接添附于总工程项目上，与项目工程本身的关联性高，属于建设工程范畴。因此，当事人因履行消防及空调安装工程合同发生的纠纷，不宜认定为承揽合同纠纷，应当认定为建设工程分包合同纠纷，根据民事诉讼法司法解释第二十八条的规定，按照不动产纠纷确定管辖。</p>","<p>　　《中华人民共和国民事诉讼法》第34条<br/>　　《最高人民法院关于适用〈中华人民共和国民事诉讼法〉的解释》（法释〔2015〕5号，2021年修正）第28条第2款</p><br/>######<p>　　移送管辖：广东省新兴县人民法院（2021）粤5231民初2443号民事裁定（2021年11月29日）<br/>　　指定管辖：广东省高级人民法院（2022）粤民辖137号民事裁定（2022年3月29日）</p>","\N","\N","2026-01-21 10:27:30","2026-01-21 10:27:30","0b3796c34f847e8189660db1bd38a009","\N","20260426"
"6813","多元解纷案例库","https://rmfyalk.court.gov.cn","民事-知识产权权属、侵权纠纷","D2025-161-1-487-254","漯河市召陵区人民法院","民事,知识产权权属、侵权纠纷,不正当竞争,仿冒,制止侵权,“法院+知识产权快速维权中心”联动调解","","2025-05-20","\N","2024年1月初，某知名食品企业发现本地某肉食品企业生产的肉类商品在售，该款产品使用的商品名称、包装、装潢与某知名食品企业的肉类产品名称、包装、装潢高度近似，十分容易导致消费者混淆误认。某知名食品企业对该行为公证取证后诉至法院，要求某肉食品企业立即停止不正当竞争行为、消除影响并赔偿经济损失50万元。","法院征得当事人同意后，委托知识产权快速维权中心开展纠纷调处工作，并指派调解经验丰富的法官指导调解工作。调解员通过前期电话沟通，得知某食品企业因生产的产品包装经常被仿冒，给企业正常经营造成较大影响；某肉食品企业在沟通中则表示，受行业竞争激烈等多重因素叠加影响，公司经营已不太理想，对商品包装没有专门设计，不得已才采取简单模仿，但愿意通过和解方式解决。 调解员将上述情况反馈指导法官后，法院指导调解员开展一系列纠纷化解工作：一是梳理双方争议焦点。从沟通情况看，争议焦点有三方面：第一，某肉食品企业侵权赔偿数额；第二，某肉食品企业案涉产品还有部分包装未使用如何处理；第三，对之后发生的仿冒行为如何制止。二是与某食品企业沟通，明确并固定请求项目和金额。三是约谈本地某肉食品企业，从法律规定的义务等方面，引导某肉食品企业尽快拿出切实可行的调解方案。四是进行专业指导。法院、市场监管部门、行业协会等共同参与调解，及时进行释法明理，就专业问题加强指导。与此同时，指导法官针对某肉食品企业法律意识不强、知识产权观念淡薄情况，对企业负责人及高管进行了专项普法，最终促推本案纠纷实质化解。","本案系仿冒知名企业产品包装引发的不正当竞争纠纷，涉案企业均系本地知名企业，各方主体诉求复杂。法院与知识产权快速维权中心加强联动，探索“强化全流程联动+促进多维度衔接+扩大延伸性保障”工作方法，建立区域知识产权类纠纷专业性“融调解”工作机制，通过企业动态、法院立案等信息反馈，及时摸排知识产权纠纷苗头隐患，并开展联动调解。本案中，法院在征得当事人同意后，委托知识产权快速维权中心进行调解，发挥专业调解组织的优势作用，快速确定争议焦点，并制定切实可行的调解方案，法院则发挥指导调解法定职能，通过府院联动、释法明理等方式，督促企业履行法律义务和企业责任，促使该起纠纷得到实质性化解。调解成功后，法院针对企业生产经营中暴露的典型性、关键性法律问题，向相关企业发送知识产权风险法律提示，激发企业守法依规内生动力，助推形成良好的营商环境。","《中华人民共和国反不正当竞争法》第6条 《国家知识产权局、司法部关于加强知识产权纠纷调解工作的意见》（国知发保字〔2021〕27号) 《最高人民法院办公厅、国家知识产权局办公室关于建立知识产权纠纷在线诉调对接机制的通知》","\N","","2026-01-27 09:50:25","2026-01-27 09:50:25","0b6a290b81add955adffce771dc3ad4f","\N","20260426"
"6051","多元解纷案例库","https://dyjfalk.court.gov.cn/site/case/6f2e809a-df5d-483a-865f-e6cefa3945af","民事-合同纠纷","D2025-161-1-483-977","舒兰市人民法院","民事,合同纠纷,机动地承包费抵顶工程款,基层单位联动化解","","2025-12-22","\N","2005年，某村委会修建村村通水泥板路，该工程由徐某承建。工程完工后，该村三社未向徐某支付工程款，后该社召开村民大会，决定用社里15亩机动地2006年至2025年的承包费抵顶欠付徐某的工程款，上述机动地当年由三社任某、张某、娄某等7户村民耕种。村民大会后由于村委会工作人员调整，徐某未收到承包费。2021年，徐某向耕种案涉机动地的村民索要承包费，部分村民以150元/亩/年的价格与徐某达成和解并支付了承包费，任某、张某、娄某以和徐某之间没有承包合同为由不同意支付。2024年3月，徐某诉至法院，请求某村三社、任某给付承包费。","法院收到起诉材料后，考虑到此时正值春耕备耕的关键时刻，如不能及时化解，不仅会延误农时，还会激化矛盾。为及时妥善化解纠纷，法院征得当事人同意后，与该乡镇的司法所、当事人所在村民委员会取得联系，组建“法院+司法所+村委会”联合调解团队，联动开展纠纷化解工作。 一是梳理案情，确定调解基础。调解团队为查明徐某主张欠款及以机动地承包款抵顶工程款的真实情况，先后三次赴村委会调取土地台账，实地走访，入户调查，最终查明：2005年该村三社将本社5块机动地的承包费抵顶了徐某的修路款，社里答应将承包费收回后给徐某，后因村班子成员调整，且村民耕种的机动地地块不同，承包费价格一直有争议，徐某多次索要，但村民坚持将承包费交到社里，再由社里统一处理，双方始终无法达成一致，徐某仅收回了部分承包费。 二是分工负责，发挥优势调解。为尽快化解纠纷，调解团队决定按照机动地的地块和年限确定每块地的承包费价格，做到承包费抵顶工程款有理有据。方案制定后，首先由村委会向任某出示徐某承建村村通工程合同及该村三社社员代表与徐某签订的机动地承包款抵顶工程款抵帐协议，同时又结合地块差异，从2005开始按年分段计算承包费，明确任某履行义务的基础。调解团队通过情理疏导，使徐某接受了按地块实际情况分段计算承包费的方案。通过耐心细致的工作，有效缓和了双方的对立情绪。 三是共同协商，确定调解方案。双方同意协商后，调解团队又结合任某家庭困难及徐某近20年未要回工程款的实际情况，通过晓之以礼、动之以情的调解，达成了徐某减免部分费用、任某当场付清的协议。任某与徐某一案调解成功后，同样欠款的张某、娄某主动与徐某达成和解协议，并及时履行了给付承包费的义务。该纠纷得以妥善化解。","本案系农村机动地承包费抵顶工程款引发的纠纷，涉及农村集体土地经营、工程价款、债权实现等多重法律关系，且纠纷时间跨度近20年，期间村集体管理模式、土地耕种条件均发生变化，承包费计算标准缺乏书面约定，事实查明难度大，且纠纷发生于春耕备耕期，如不能及时处理，易引发连锁反应。本案中，法院邀请村委会、司法所等基层单位联合开展调处工作，充分发挥其熟悉基层情况的优势，实现司法资源与基层治理力量深度融合、协同联动，形成纠纷化解合力。调解过程中，调解团队找准双方发生矛盾纠纷的切入点，明确承包费抵顶工程款的合法性，通过沟通劝解、释法明理、唤醒双方共鸣，建立信任关系，促使当事人主动履行，最终纠纷得以高效化解，不仅保障了农时，避免了春耕延误，也促使乡村矛盾就地化解，实现“小事不出村、大事不出镇、矛盾不上交”。","《中华人民共和国民法典》第509条","\N","","2026-01-27 09:48:25","2026-02-03 09:40:02","0b6aa6c70fec30c9a099479244e9cedd","\N","20260426"
"5471","人民法院案例库","https://rmfyalk.court.gov.cn","民事-赠与合同纠纷","2025-18-2-102-001","四川省高级人民法院","民事,赠与合同,夫妻共同财产,违背公序良俗,赠与无效,返还全部财产","再审","2022.10.31","02","<p>　　原告冯某慧（女）与第三人何某荣于2009年8月3日登记结婚。2017年8月起，被告李某在广东省东莞市某沐足场所从事管理工作。何某荣因经常在该沐足场所消费而与李某相识，并与李某产生婚外情。2017年8月至2019年9月，何某荣通过其持有的中国农业银行卡账户向李某转账14笔共人民币20.19万元（币种下同）；2017年8月至2019年11月，何某荣通过其微信向李某转款278笔共17.75万元。上述银行转账和微信转款两项合计37.94万元，其中微信转款包含伴有特殊含义的金额，如1314元、520元等。2017年8月至2019年10月，李某通过其微信向何某荣转账共计9.13万元，代何某荣支付沐足消费款5.64万元，两项合计14.77万元。<br/>　　原告冯某慧诉请：1.判决确认第三人何某荣在婚姻关系存续期间赠与被告李某财产的行为无效；2.判决被告李某返还原告冯某慧38.58万元，并支付利息。<br/>　　被告李某辩称：第三人何某荣与被告李某不存在不正当关系，二人之间的转账不属于赠与，而是合作投资等正常经济往来，请求判决驳回原告诉讼请求。<br/>　　四川省宣汉县人民法院于2020年4月30日作出（2020）川1722民初34号民事判决：驳回冯某慧的诉讼请求。宣判后，冯某慧、李某均不服，提起上诉。冯某慧上诉请求改判支持其一审诉讼请求；李某上诉请求纠正一审判决认定其与何某荣存在不正当男女关系的部分事实，何某荣向其转账不属于赠与，是双方正常合作关系和经济往来，但请求维持一审判决结果。<br/>　　四川省达州市中级人民法院经审理认定何某荣违背夫妻忠实义务，向李某转款37.94万元，其财产处分行为未得到冯某慧追认，赠与行为无效。赠与款项中有50%份额属于冯某慧，何某荣系无权处分。何某荣向李某赠与金额37.94万元，在扣减李某向何某荣转款金额14.77万元后，余下23.17万元，其中50%份额属于冯某慧所有，李某应予以返还，遂于2020年8月18日作出（2020）川17民终1207号民事判决：一、撤销四川省宣汉县人民法院（2020）川1722民初34号民事判决；二、李某于本判决生效后十日返还冯某慧11.59万元并支付利息。三、驳回冯某慧的其他诉讼请求。冯某慧不服，向检察机关申请监督。四川省人民检察院向四川省高级人民法院提出抗诉。四川省高级人民法院于2022年3月15日作出（2022）川民抗3号民事裁定提审本案，并于2022年10月31日作出（2022）川民再204号民事判决：一、撤销四川省达州市中级人民法院（2020）川17民终1207号民事判决及四川省宣汉县人民法院（2020）川1722民初34号民事判决；二、李某于本判决生效后十日内返还冯某慧23.17万元并支付利息；三、驳回冯某慧的其他诉讼请求。</p>","<p>　　本案争议焦点有二：一是何某荣向李某转款行为的效力；二是李某应向冯某慧退还的金额。<br/>　　本案事实发生在《中华人民共和国民法典》颁布前，根据《最高人民法院关于适用〈中华人民共和国民法典〉时间效力的若干规定》第一条第二款的规定，本案应适用民法典施行前的相关法律及司法解释。<br/>　　第一，关于何某荣向李某转款行为的效力问题。案涉转款行为构成赠与，但因违背公序良俗，应当认定为无效。行为时有效的《中华人民共和国民法总则》（以下简称民法总则）第八条规定：“民事主体从事民事活动，不得违反法律，不得违背公序良俗。”第一百五十三条第二款规定：“违背公序良俗的民事法律行为无效。”本案中，原告冯某慧与第三人何某荣系夫妻关系，案涉款项是原告与第三人夫妻关系存续期间的共同财产。现有证据能够认定第三人何某荣与被告李某通过沐足消费认识后双方发生了婚外情。何某荣在与李某不正当关系存续期间，违背夫妻相互忠实义务，向李某大额转款，该赠与行为基于其与李某之间的婚外不正当关系，有悖公序良俗，故何某荣对李某的赠与行为无效。<br/>　　第二，关于李某应向冯某慧退还的金额。行为时有效的《中华人民共和国婚姻法》（已废止）第十七条规定：“夫妻在婚姻关系存续期间所得的下列财产，归夫妻共同所有：（一）工资、奖金；（二）生产、经营的收益；（三）知识产权的收益；（四）继承或赠与所得的财产，但本法第十八条第三项规定的除外；（五）其他应当归共同所有的财产。夫妻对共同所有的财产，有平等的处理权”。行为时有效的《最高人民法院关于适用〈中华人民共和国婚姻法〉若干问题的解释（一）》（法释〔2001〕30号）第十七条第二项规定：“婚姻法第十七条关于‘夫妻对夫妻共同所有的财产，有平等的处理权’的规定，应当理解为：……（二）夫或妻非因日常生活需要对夫妻共同财产做重要处理决定，夫妻双方应当平等协商，取得一致意见……”。本案中，何某荣向李某赠与的37.94万元为何某荣和冯某慧夫妻共同共有，是不可分割的整体。本案涉及多笔转账，累计数额达37万余元，在婚姻关系存续期间，不属于家庭日常生活所需支出。何某荣对此款项进行处分，属于对夫妻共同财产作出重要处分，已超出一般家事代理范围。在冯某慧、何某荣夫妻二人未对赠与款项进行协商处分的情况下，不应进行分割。<br/>　　民法总则第一百五十七条规定：“民事法律行为无效、被撤销或者确定不发生效力后，行为人因该行为取得的财产，应当予以返还；不能返还或者没有必要返还的，应当折价补偿。有过错的一方应当赔偿对方由此所受到的损失；各方都有过错的，应当各自承担相应的责任。法律另有规定的，依照其规定。”<br/>　　据此，赠与行为被认定无效后，受赠人取得赠与财产已无合法依据，应当全部返还。无过错一方有权向受赠人追回全部赠与财产。在无过错方起诉婚外第三者返还财产案件中，夫妻双方均未提出分割共同财产请求的，应当返还全部赠与财产。何某荣向李某转账共计37.94万元，李某向何某荣转账9.13万元，并代何某荣支付沐足消费款5.64万元，两项合计14.77万元，冯某慧认可应扣减两笔代付的费用。故李某向何某荣转款及垫付的14.77万，应当予以扣减。李某虽辩称双方存在投资合作等其他经营往来关系，但并无充分证据予以证明，故对其主张不予支持。综上，何某荣向李某赠与的金额为23.17万元（37.94万元-14.77万元）。故，李某应当返还23.17万元。</p>","<p>婚姻关系存续期间，夫妻一方违反忠实义务，因婚外情擅自将夫妻共同财产赠与婚外第三者的，该赠与行为违背公序良俗，依法应当认定无效。无过错的夫妻一方起诉婚外第三者，请求返还上述赠与财产的，人民法院依法予以支持。<br/></p>","<p>《中华人民共和国民法典》第8条、第153条、第157条（本案适用的是《中华人民共和国民法总则》第8条、第153条、第157条）<br/>　　《最高人民法院关于适用〈中华人民共和国民法典〉婚姻家庭编的解释（一）》（法释〔2020〕22号）第25条[本案适用的是《最高人民法院关于适用〈中华人民共和国婚姻法〉若干问题的解释（一）》（法释〔2001〕30号）第17条]</p><br/>######<p>一审：四川省宣汉县人民法院（2020）川1722民初34号民事判决（2020年4月30日）<br/>二审：四川省达州市中级人民法院（2020）川17民终1207号民事判决（2020年8月18日）<br/>再审：四川省高级人民法院（2022）川民再204号民事判决（2022年10月31日）<br/></p>","\N","\N","2026-01-21 10:27:30","2026-01-21 10:27:30","0b7680cb1f3ff7378e91ce1e7d2bdab2","\N","20260426"
"6717","多元解纷案例库","https://rmfyalk.court.gov.cn","民事-服务合同纠纷","D2025-161-1-137-345","龙游县人民法院","民事,服务合同纠纷,教育培训退费,示范调解,消费者协会参与调解,人民调解","","2025-06-13","\N","2024年上半年，巩某等8位学员陆续在网络平台观看某培训公司直播。某培训公司承诺即将开展的某招考项目45周岁以下人员有岗位可供报考。巩某等8位学员遂与该公司签订教育培训合同，巩某等人购买了相应的培训课程。后巩某等人在实际报考中发现35周岁以上并无相应岗位可报考，遂诉至法院，要求退还全部费用。","法院收到起诉材料后，经综合研判，认为该批纠纷具有当事人分布广泛、诉求趋同性强、潜在纠纷多等特点，征得当事人同意后，委托人民调解进行先行调解，并邀请消费者协会一同参与调解，法院指派经验丰富的法官指导调解。为促推纠纷高效化解，调解员确定了先针对巩某诉求开展示范调解，再通过示范调解促推其他纠纷批量化解的工作思路，并开展以下工作： 一是精确锁定争议焦点。经梳理发现，双方分歧点在于退款金额。巩某认为某培训公司前期承诺45周岁以下有岗位报考与实际报考情况不符，存在虚假宣传，坚持要求退还全部费用。某培训公司认为合同约定的退款条款为：按照课时收费（课程周期为12周左右，每周课时价415元），如不足一周的按一周算，且所有退款均加收课程总费用30%的运营服务费，坚持退还费用应扣除实际履约成本。 二是用心用情沟通。针对巩某提出的全额退费诉求，调解员采取“背对背”方式，由指导法官进行类案检索分析，告知类似案件可能的判决结果，调解员则对双方当事人进行情绪疏导，消费者协会工作人员客观评估服务质量，通过三方协同释明合同效力、类案裁判标准以及如果通过法院审理程序解决需要承担的成本，引导双方回归理性协商。最终，巩某与某培训公司达成一致意见，由某培训公司扣除课时费用后退还剩余款项。 三是示范调解批量处理。以巩某调解成功的退款方案为样本，结合其他个案履约进度、服务内容差异等要素，再与各当事人逐个沟通，形成个性化调解方案。 四是做好督促履行。达成协议后，调解员主动提醒某培训公司积极履行退款义务。某培训公司自动履行，该批量纠纷得以实质化解。","本案系教育培训服务合同纠纷。近年来，随着“公考热”持续升温，公务员招录、事业单位聘用及军队文职考试等培训市场呈现井喷态势，相关培训机构数量激增且服务水平参差不齐，由此引发的退费纠纷呈快速增长态势。此类纠纷因培训服务具有受众面广、课程同质化程度高、收费周期集中等特点，往往形成“一案引多诉”的连锁反应，若化解不及时，易激化矛盾。本案中，法院指导人民调解参与化解，发挥人民调解沟通协调优势，做好双方当事人沟通工作，同时，邀请消费者协会共同参与，发挥消费者协会的专业优势，形成协同解纷合力。针对涉及人员较多、诉求存在一定差异性的情况，用好“示范调解”机制，通过形成类案标准化的化解范本，推动同类纠纷一揽子高效化解，形成“调解一案，解决一片”的规模化效应，既保障了消费者合法权益，也避免培训公司因陷入批量诉讼影响正常经营，实现双赢共赢。","《中华人民共和国民法典》第509条、第562条、第566条","\N","","2026-01-27 09:50:13","2026-01-27 09:50:13","0b7b879bad39e322d761b5255d8e66bb","\N","20260426"
"4222","人民法院案例库","https://rmfyalk.court.gov.cn","民事-合同纠纷","2023-11-2-483-009","最高人民法院","民事,合同纠纷,自然保护区,社会公共利益,合同效力","再审","2022.09.29","02","<p>　　某矿业公司申请再审称：（一）关于案涉合同的效力问题。二审判决适用《中华人民共和国合同法》第五十二条认定案涉《合同变更协议》无效系适用法律错误，《合同变更协议》应为有效协议。《整合开发沙巴台煤炭资源合同》《〈整合开发沙巴台煤炭资源合同〉补充合同》为当事人真实意思表示，已经实际履行。已生效的宁夏回族自治区高级人民法院（2016）宁民终59号民事判决认定两份合同有效，并据此支持了某矿业公司的诉讼请求。《合同变更协议》系各方当事人基于在《整合开发沙巴台煤炭资源合同》《〈整合开发沙巴台煤炭资源合同〉补充合同》履行过程中出现的情况进行的补充约定，三份合同的性质和效力相同，同属于一个整体，不能分割，也无法分割。某煤业公司的采矿权早在2008年已设立，《合同变更协议》未重新设定采矿权及采矿权相关的权利义务，未改变案涉合同的款项性质，仅对案涉合同的付款额度及付款时间进行了变更，不存在《中华人民共和国合同法》第五十二条第四项、第五项规定的情形，二审判决关于《合同变更协议》系无效合同的认定错误。（二）关于案涉款项的性质问题。《整合开发沙巴台煤炭资源合同》《〈整合开发沙巴台煤炭资源合同〉补充合同》中约定的价款系某电力公司对某矿业公司此前投入进行的补偿，某矿业公司的投入在《整合开发沙巴台煤炭资源合同》签订前已经形成，退出产生的损失在《整合开发沙巴台煤炭资源合同》签订时已经确定。补偿本应一次性履行完毕，考虑到某电力公司的支付能力，双方约定采取分期的方式支付，如认定《合同变更协议》为无效合同，则某矿业公司无法就某电力公司未付的补偿款主张权利，对某矿业公司显失公平。综上，某矿业公司依据《中华人民共和国民事诉讼法》第二百零七条第六项之规定申请再审。<br/>　　某电力公司提交意见称：（一）二审判决认定《合同变更协议》无效，适用法律正确。签订《合同变更协议》时，案涉沙巴台矿区已经纳入国家级自然保护区核心区，《合同变更协议》违反法律、行政法规的强制性规定，应被认定为无效。（二）案涉2490万元款项的性质为某矿业公司矿产资源补偿款，而非实际投入补偿款，某矿业公司依法无权获得该款项，亦无权要求某电力公司向其支付该2490万元。某矿业公司的再审请求缺乏事实和法律依据，请求依法驳回其再审申请。<br/>　　法院经审理查明：2015年9月14日，宁夏回族自治区林业厅对某煤业公司发出宁贺林罚责通字[2015]第09号《责令停止违法行为通知书》，责令某煤业公司立即停止违法行为，限期恢复原状。2015年12月19日，宁夏贺兰山国家级自然保护区管理局作出《关于某煤业公司申请恢复生产的复函》，认为某煤业公司在贺兰山自然保护区核心区内开采与《中华人民共和国自然保护区条例》和宁夏回族自治区人民政府通告的有关规定不符。2016年3月19日，宁夏回族自治区人民政府办公厅下发《关于印发宁夏贺兰山国家级自然保护区总体整治方案的通知》，要求某煤业公司矿井于2016年5月20日前停产，于2018年12月31日前关闭并退出贺兰山自然保护区，拆除生产设施设备。而某矿业公司、某电力公司、某煤业公司在明知沙巴台矿区处于贺兰山国家级自然保护区核心区，全部生产经营活动已按国家有关政策规定停止的情况下，于2016年12月5日签订《合同变更协议》，对处于贺兰山国家级自然保护区核心区内的煤炭资源开发事项重新约定了合同履行主体、价款、支付方式和期限等内容。<br/>　　一审法院宁夏回族自治区石嘴山市中级人民法院2020年5月18日作出（2019）宁02民初250号民事判决，判决某电力公司于判决生效之日起十五日内向某矿业公司支付拖欠价款24900000元。二审法院宁夏回族自治区高级人民法院2021年12月28日作出（2020）宁民终344号民事判决，撤销宁夏回族自治区石嘴山市中级人民法院（2019)宁02民初250号民事判决，驳回某矿业公司的诉讼请求。最高人民法院2022年9月29日作出（2022）最高法民申788号民事裁定，驳回某矿业公司的再审申请。</p>","<p>　　法院生效裁判认为，本案系当事人申请再审案件，应当围绕某矿业公司申请再审的理由是否成立进行审查。本案需要审查的问题为：（一）二审判决认定《合同变更协议》无效是否有误；（二）二审判决未予支持某矿业公司要求某电力公司支付2490万元款项的诉讼请求是否有误。<br/>　　根据《最高人民法院关于适用〈中华人民共和国民法典〉时间效力的若干规定》第一条第二款有关“民法典施行前的法律事实引起的民事纠纷案件，适用当时的法律、司法解释的规定，但是法律、司法解释另有规定的除外”之规定，本案诉争事实发生在《中华人民共和国民法典》施行前，故依法应适用当时的法律、司法解释的规定。<br/>　　（一）二审判决认定《合同变更协议》无效是否有误<br/>　　《中华人民共和国自然保护区条例》第二十六条规定：“禁止在自然保护区内进行砍伐、放牧、狩猎、捕捞、采药、开垦、烧荒、开矿、采石、挖沙等活动；但是，法律、行政法规另有规定的除外。”第三十二条第一款规定：“在自然保护区的核心区和缓冲区内，不得建设任何生产设施……”《中华人民共和国合同法》第五十二条规定：“有下列情形之一的，合同无效：（一）一方以欺诈、胁迫的手段订立合同，损害国家利益；（二）恶意串通，损害国家、集体或者第三人利益；（三）以合法形式掩盖非法目的；（四）损害社会公共利益；（五）违反法律、行政法规的强制性规定。”本案中，2015年9月14日，宁夏回族自治区林业厅对某煤业公司发出宁贺林罚责通字［2015］第09号《责令停止违法行为通知书》，责令某煤业公司立即停止违法行为，限期恢复原状。2015年12月19日，宁夏贺兰山国家级自然保护区管理局作出《关于某煤业公司申请恢复生产的复函》，认为某煤业公司在贺兰山自然保护区核心区内开采与《中华人民共和国自然保护区条例》和宁夏回族自治区人民政府通告的有关规定不符。2016年3月19日，宁夏回族自治区人民政府办公厅下发《关于印发宁夏贺兰山国家级自然保护区总体整治方案的通知》，要求某煤业公司矿井于2016年5月20日前停产，于2018年12月31日前关闭并退出贺兰山自然保护区，拆除生产设施设备。而某矿业公司、某电力公司、某煤业公司于2016年12月5日签订的《合同变更协议》，系各方当事人在明知沙巴台矿区××区，全部生产经营活动已按国家有关政策规定停止的情况下，对处于贺兰山国家级自然保护区××区内的煤炭资源开发事项重新约定了合同履行主体、价款、支付方式和期限等内容。二审判决根据以上事实认定案涉《合同变更协议》违反了法律、行政法规的强制性规定，损害了社会公共利益，为无效合同并无不当。<br/>　　（二）二审判决未予支持某矿业公司要求某电力公司支付2490万元款项的诉讼请求是否有误<br/>　　经审查，案涉《合同变更协议》签订后，某煤业公司未再开采案涉矿区。2018年1月26日，宁夏回族自治区国土资源厅发出《关于注销某煤业公司沙巴台煤矿采矿许可证的通知》，注销了某煤业公司沙巴台煤矿的采矿许可证。因《合同变更协议》无效，某矿业公司基于该协议约定要求某电力公司向其支付2490万元缺乏事实依据，二审判决未予支持其该项诉讼请求并无不当。</p>","<p>当事人签订的在自然保护区内开采矿产资源合同，违反法律、行政法规的强制性规定、损害社会公共利益的,人民法院应依法认定合同无效，一方当事人请求履行合同的，人民法院不予支持。</p>","<p>　　《中华人民共和国自然保护区条例》第26条、第32条第1款<br/>　　《中华人民共和国民法典》第153条（本案适用的是1999年10月1日施行的《中华人民共和国合同法》第52条）</p><br/>######<p>　　一审：宁夏回族自治区石嘴山市中级人民法院（2019）宁02民初250号民事判决（2020年5月18日）<br/>　　二审：宁夏回族自治区高级人民法院（2020）宁民终344号民事判决（2021年12月28日）<br/>　　再审：最高人民法院（2022）最高法民申788号民事裁定（2022年9月29日）</p>","\N","\N","2026-01-21 10:27:30","2026-01-21 10:27:30","0b933d7e99dc6240b79f5ef698ec141f","\N","20260426"
"786","人民法院案例库","https://rmfyalk.court.gov.cn","民事-不正当竞争纠纷","2024-09-2-488-008","北京知识产权法院","民事,不正当竞争,帮助侵权,提供包装装潢,提供商标","二审","2024.02.26","02","原告蓝某（中国）有限公司（以下简称蓝某公司）诉称：其生产的某品牌洗衣液于2010年投入市场，销售范围遍及全国各省市，经过多年持续使用和宣传推广，洗衣液及其包装、装潢已在相关公众中产生一定影响。该包装装潢可以识别商品来源，属于有一定影响的商品包装、装潢。北京普惠某有限公司（以下简称北京普惠某公司）在其经营的拼多多店铺销售的哚哚馨瓶装及袋装洗衣液（以下统称被诉侵权商品）擅自使用了与某品牌洗衣液包装、装潢近似的包装、装潢。被诉侵权商品使用了天津某日用品店享有商标权的“哚哚馨”商标，且哚哚馨瓶装洗衣液外包装上标注了天津市某生物科技有限公司（以下简称天津某科技公司）和北京普惠某公司的企业信息，哚哚馨袋装洗衣液外包装上标注了北京普惠某公司的企业信息，北京普惠某公司、天津某科技公司、天津某日用品店在明知某品牌洗衣液具有极高知名度的情况下，共同实施了生产被诉侵权产品的行为，主观恶意明显，属于擅自使用与知名商品的包装、装潢近似的标识的不正当竞争行为，给蓝某公司造成巨大损失。刘某林、田某分别作为自然人独资的有限责任公司北京普惠某公司、天津某科技公司的唯一股东，不能证明公司财产独立于股东自己的财产，应当对公司债务承担连带责任。李某作为个体工商户天津某日用品店的经营者，应当与天津某日用品店承担连带赔偿责任。<br/>　　被告北京普惠某公司和刘某林共同辩称：不同意蓝某公司的诉讼请求。1.案涉袋装洗衣液的外包装，系北京普惠某公司于2021年9月22日从案外人处采购进行灌装封口，案涉瓶装洗衣液的外包装，包括瓶、瓶盖、瓶贴均是天津某科技公司提供的，后北京普惠某公司用生产的洗衣液进行灌装封口。实际销售的只有蓝某公司取证购买的，其余均是进行刷单使用或免费赠送亲友使用。蓝某公司第一项诉讼请求已经实现。2.蓝某公司主张的侵权获利计算方式错误。案涉拼多多店铺后台显示销量为30721，其中3万的销量是第三方运营修改出来的，剩余销量721是第三方运营刷单691、亲友帮忙刷单29和蓝某公司下单1件。北京普惠某公司实际经营亏损，没有获利，故不同意赔偿。3.北京普惠某公司与天津某科技公司、天津某日用品店不存在共同生产、销售行为。北京普惠某公司系从天津某科技公司购买洗衣液的生产设备和瓶装洗衣液的外包装，北京普惠某公司自己灌装生产并自行销售。北京普惠某公司与天津某日用品店没有直接往来，购买设备的合同系与天津某科技公司签订，品牌授权书系天津某科技公司向北京普惠某公司提供的。瓶贴系天津某科技公司提供模板，北京普惠某公司在背面瓶贴下方增加北京普惠某公司企业名称、厂区名称、地址、邮编，并在正面瓶贴修改哚哚馨商标的位置。<br/>　　被告天津某科技公司和田某共同辩称：不同意蓝某公司的诉讼请求。1.天津某科技公司未参与被诉不正当竞争行为。天津某科技公司仅提供洗衣液生产设备、生产技术，并不提供其他服务或商品。天津某科技公司未参与案涉洗衣液的生产和销售，只是向北京普惠某公司销售洗衣液生产设备，并向北京普惠某公司提供了天津某日用品店出具的品牌授权书。2.天津某科技公司与天津某日用品店是合作关系，天津某日用品店系哚哚馨商标的专用权人，但将哚哚馨商标的使用权和对外授权的权利都给了天津某科技公司。3.天津某科技公司未向北京普惠某公司提供过案涉瓶装洗衣液的外包装，仅向北京普惠某公司提供了生产、销售案涉瓶装洗衣液的外包装的案外人的联系方式，具体外包装样式和瓶贴均是北京普惠某公司与案外人自行协商购买，款项也是直接向案外人支付的，并未经过天津某科技公司；案涉袋装洗衣液系北京普惠某公司自行联系购买的外包装，天津某科技公司不知情。<br/>　　被告天津某日用品店和李某共同辩称：不同意蓝某公司的诉讼请求。天津某日用品店未参与被诉不正当竞争行为。哚哚馨商标是天津某日用品店的注册商标，但天津某日用品店在2020年就将该商标授权给天津某科技公司独占使用且天津某科技公司可以对外授权使用，天津某科技公司如何使用该商标或者授权给谁使用，天津某日用品店不参与也不知情。天津某日用品店的营业执照和店铺印章均交给天津某科技公司使用，天津某日用品店并未实际经营。<br/>　　法院经审理查明：某品牌洗衣液市场占有率高，且其包装与市场上其他品牌洗衣液产品包装装潢存在明显区别。北京普惠某公司在其拼多多店铺销售了哚哚馨品牌的案涉瓶装洗衣液和袋装洗衣液。案涉瓶装洗衣液与某品牌洗衣液的外包装瓶型、颜色几乎完全一致，瓶贴形状基本一致，正面瓶贴在居中大字下方均有粉红色彩带样图案，背面瓶贴的内容模块及所在位置几乎完全一致；案涉袋装洗衣液与某品牌洗衣液外包装颜色、粉蓝白三色彩带样图案、背面文字内容模块及所在位置几乎完全一致。被诉侵权商品上使用的“哚哚馨”系天津某日用品店的注册商标，使用的条形码显示对应企业系天津某日用品店。天津某科技公司使用天津某日用品店的营业执照在1688开设店铺，销售洗衣液生产设备，宣传“厂家直销”“免费提供技术配方”“免费提供产品商标授权”“免费产品检测报告”“免费提供产品上市条形码”。天津某科技公司在淘宝开设店铺，销售洗衣液生产设备，宣传“配方、手续、上百种产品、一机多用”“免费使用哚哚馨注册商标、商号，享受公司品牌效应，提升产品知名度”“包装支持长期提供各系统产品包装”。网络店铺宣传图片中均显示与案涉哚哚馨瓶装洗衣液近似的商品包装。<br/>　　北京市丰台区人民法院于2023年10月9日作出（2023）京0106民初333号民事判决：一、本判决生效之日起，北京普惠某公司、天津某科技公司、天津某日用品店立即停止涉案不正当竞争行为；二、本判决生效之日起十日内，北京普惠某公司赔偿蓝某公司经济损失30000元、合理支出6000元，共计36000元，刘某林、天津某科技公司、田某、天津某日用品店承担连带责任；三、驳回蓝某公司的其他诉讼请求。宣判后，北京普惠某公司、刘某林不服，提起上诉。北京知识产权法院于2024年2月26日作出（2023）京73民终3835号民事判决：驳回上诉，维持原判。","根据《中华人民共和国反不正当竞争法》的规定，经营者不得擅自使用他人有一定影响的商品包装、装潢等相同或者近似的标识，引人误认为是他人商品或者与他人存在特定联系。本案中，首先，某品牌洗衣液的包装装潢在其瓶装形状、瓶装上文字图案及整体颜色结构上设计独特，具有区别于其他商品标识的显著特征，且该装潢经蓝某公司长期使用并投入大量成本广泛宣传已在洗衣液市场上具有较高知名度，具有识别商品来源的功能，故构成具有一定影响的商品的包装装潢。北京普惠某公司生产销售的哚哚馨洗衣液正面瓶贴文字的字体、颜色及位置与某品牌洗衣液十分相似；其使用的包装的瓶型与某品牌洗衣液基本一致，瓶装颜色均为蓝色。虽北京普惠某公司主张瓶贴文字内容不一致，蓝色为通用颜色且瓶型为洗衣液通用样式，但对于包装、装潢的比对应注重整体比对，二者在整体包装、装潢的商品外观上相似度较高。在某品牌洗衣液已经具有一定知名度的情况下，北京普惠某公司生产的哚哚馨洗衣液使用其设计独特，用色鲜明的包装、装潢，容易造成混淆，使消费者误认其销售的商品系蓝某公司的商品，客观上实施了擅自使用他人具有一定影响的商品装潢的混淆行为。虽北京普惠某公司主张其瓶装包装由天津某科技公司提供，对该产品的侵权情况不知情，但结合蓝某公司在洗衣液市场的知名度，可以推定北京普惠某公司在使用与该洗衣液基本一致的装潢销售同类产品时具有攀附知名品牌的主观恶意。综上，北京普惠某公司擅自生产、销售包装、装潢与某品牌洗衣液近似的侵权商品，存在减少蓝某公司交易机会的可能，构成不正当竞争，应当承担停止侵权、赔偿损失的法律责任。<br/>　　根据在案证据，北京普惠某公司使用的瓶装哚哚馨洗衣液的外包装系天津某科技公司提供，商标和条形码系天津某日用品店授权天津某科技公司提供，袋装哚哚馨洗衣液的商标和条形码系天津某日用品店授权天津某科技公司提供，但无证据证明天津某科技公司和天津某日用品店与北京普惠某公司共同生产销售被诉侵权商品，故天津某科技公司和天津某日用品店的行为构成帮助侵权，应与北京普惠某公司承担连带责任。<br/>　　刘某林作为北京普惠某公司的唯一股东，田某作为天津某科技公司的唯一股东，二人均未提供任何证据证明公司财产独立于股东个人财产，故刘某林应对北京普惠某公司的债务承担连带责任，田某应对天津某科技公司的债务承担连带责任。个体工商户天津某日用品店和经营者李某在诉讼权利和法律地位上具有同一性和一致性，且李某作为天津某日用品店的经营者，以其个人财产或家庭财产承担天津某日用品店的债务，故不再判决李某单独承担法律责任。<br/>　　在蓝某公司未提交明确证据证明其因侵权行为遭受的损失或北京普惠某公司的获利情况的情形下，综合考虑某品牌洗衣液的知名度、北京普惠某公司、天津某科技公司、天津某日用品店各自行为的性质、情节、主观过错程度酌情确定赔偿数额。","在侵权商品因“擅自使用他人有一定影响的商品包装、装潢等相同或者近似的标识”而构成侵权的情况下，侵权商品上的商标、条形码和外包装的提供者因其提供行为对侵权商品的生产起到了帮助作用，构成帮助侵权，应当与侵权商品的实际生产者承担连带责任。<br/>","《中华人民共和国民法典》第56条、第1169条<br/>　　《中华人民共和国反不正当竞争法》（2019年修正）第6条、第17条<br/>######　　一审：北京市丰台区人民法院（2023）京0106民初333号民事判决（2023年10月9日）<br/>　　二审：北京知识产权法院（2023）京73民终3835号民事判决（2024年2月26日）<br/>","\N","\N","2026-01-21 10:27:30","2026-01-21 10:27:30","0c24c7d24e1b03dd84b507db0247f62e","\N","20260426"
"34843","多元解纷案例库","https://dyjfalk.court.gov.cn/site/case/7bbea6df-bac4-49ef-a8e3-cfea80c31787","民事-建设工程合同纠纷","D2026-161-1-115-244","宁波市奉化区人民法院","民事,建设工程合同纠纷,多次鉴定,工程量认定,专业调解,以鉴促调","","2026-04-22","\N","某建设公司为某置业公司开发项目进行施工，双方约定工程建造总价为470万元。该工程竣工并验收通过后，某建设公司将工程结算资料报送某置业公司进行结算，但某置业公司迟迟未结算完毕。某建设公司认为某置业公司拖欠其工程款2395776.07元，遂诉至法院，要求某置业公司支付剩余工程款及逾期付款利息。","法院收到起诉材料后，考虑到案件所涉工程时间跨度较长，且因材料缺失导致鉴定难度较大，为妥善化解纠纷，法院在综治中心统筹下，会同鉴定机构开展以下调处工作： 一是“鉴定+调解”双轨并行，打破僵局。面对工程量争议大、鉴定程序屡次中断的困境，法院转变思路，突破“先鉴定后审判”的传统模式，在委托某咨询公司启动第三次鉴定的同时，征得当事人同意，同步开展先行调解。法院主动向双方说明解纷周期、鉴定成本及执行风险，引导双方从“对抗”转向“协商”，并为后续专业调解奠定程序基础。 二是借力专业评估厘清焦点，以鉴促调。某咨询公司依据已质证的关键材料，围绕争议较大的项目单价、工程量计算规则等，分阶段出具《专业咨询意见书》和《初步工程量评估说明》。该意见虽非最终鉴定结论，但从专业技术角度厘清了工程量的可能区间和计价依据，为双方提供了相对客观的参照标准，有效缩小了双方之间对工程款数额的心理预期差距，避免了争议在模糊状态下持续扩大。 三是综治中心统筹疏导，促进对话沟通，弥合立场分歧。镇综治中心发挥其贴近基层、熟悉民情的优势，指派入驻调解员组织双方进行多轮“背靠背”“面对面”沟通。一方面，协助鉴定机构向当事人解释专业术语和评估方法，提升双方对技术意见的理解与接受度；另一方面，关注双方情绪变化和核心诉求，及时疏导对立情绪，引导当事人聚焦于实际履约情况和合作历史，增强互信基础。 四是多元协同引导实质解纷，定分止争。在综治中心统筹、法院主持、鉴定机构参与下，双方当事人召开协调会，围绕工程量差异最大的部分逐项核对、分类讨论。鉴定机构现场答疑，说明各项工程量认定的技术依据；指导法官结合法律规定提示履约责任与风险；综治中心调解员则从商业合作、社会稳定等角度建议务实解决方案。通过多次磋商，双方逐步在主要工程量项目上达成一致，并共同确认了192万余元的工程款支付数额。 五是提供专业法律指引与风险提示，持续释法明理。法院在调解过程中持续进行法律释明，强调如调解不成进入审理程序可能面临的诉讼成本、时间投入及执行不确定性，促使当事人理性权衡利益；同时，指导双方在调解协议中明确工程款支付、发票开具等权利义务，保障协议的可执行性与合法性。最终，双方就工程款支付事宜达成一致，纠纷得以实质化解。","本案系当事人因工程量认定分歧引发的建设工程合同纠纷，需要专业鉴定固定争议事实。本案中，双方就工程量争议较大，且因部分材料缺失导致鉴定受阻、程序停滞，纠纷解决一度陷入僵局。法院通过“鉴定+调解”双轨并行模式，在综治中心统筹下，联合鉴定机构组织双方当事人开展调解，通过“专业介入+司法引导”，提升纠纷化解质效。调解过程中，在充分了解案涉工程项目实际情况及双方诉求的基础上，鉴定机构从专业角度出发，阐明案涉工程鉴定目标及要求，明确鉴定事项、鉴证材料及实际困难。法官则从法律程序、时间成本及诉讼可能结果等方面引导双方当事人综合权衡利弊。最终，通过多方合力，双方就剩余工程量、工程款支付方案达成调解协议，实现纠纷实质性化解，有效降低当事人解纷成本，做到案结事了人和。","《中华人民共和国民法典》第807条","\N","","2026-04-23 17:03:48","2026-04-23 17:03:48","0c2a5b50a2f7eb50178083c0117a254e","\N","20260426"
"6086","多元解纷案例库","https://dyjfalk.court.gov.cn/site/case/de2a9405-d1ff-430b-8345-31edcb3e5fa9","民事-著作权权属、侵权纠纷","D2025-161-1-158-947","山东省枣庄市中级人民法院","民事,著作权权属、侵权纠纷,销售盗版图书,版权纠纷“总对总”在线诉调对接机制,示范裁判","","2025-12-17","\N","某出版公司出版发行了某畅销儿童系列漫画，深受小读者喜爱。2021年以来，某出版公司发现诸多书店售卖的该系列漫画为盗版图书。经公证取证后，某出版公司陆续向法院提起侵害作品发行权纠纷22件，还有尚未提交起诉材料的潜在诉讼28件，要求涉案书店及经营者承担侵权责任。","法院收到起诉材料后，了解到关联纠纷数量较多，且具有相关主体单一案情相似等因素，为高效化解纠纷，经征得当事人同意，依托最高人民法院与中宣部国家版权局建立的“总对总”在线诉调对接机制，委托知识产权纠纷人民调解委员会进行先行调解。调解员在法官指导下，确定了“依法保护、合理平衡”的调解原则，制定了“分步递进”调解方案，分层次推进以下工作： 首先，梳理案情，通俗普法。经调解员梳理案件材料，发现涉案书店经营者对著作权等知识产权专业知识了解不足，认识上存在误区，是侵权纠纷发生的根本原因。结合当事人的诉求，调解员将争议焦点归纳为两点，一是涉案书店的被诉行为是否构成著作权侵权，二是如构成侵权，书店经营者应当如何承担责任。为解开“心结”，调解员结合以往调解经验及法院同类型案件判决情况，通过集中普法，用浅显易懂的语言深入浅出地阐明销售盗版图书的危害和侵权后果，降低涉案书店的抵触情绪，为下一步调解奠定良好基础。 其次，抓住症结，审调互促。以“示范裁判”找准化解纠纷的平衡点，选取一案先行开庭审理，并邀请类案当事人旁听庭前会议。通过查明事实，引导涉案书店经营者对构成侵权的事实有直观的认识，并就侵权情节和法律后果释法明理，引导当事人就停止侵权达成一致，某出版公司在考虑书店的实际情况和难处后，表示愿意退让一步，双方达成适度赔偿的一致意见并当场履行。调解员则“趁热打铁”组织类案当事人进行现场调解，“情、理、法”相结合，促成多数纠纷当事人达成和解。 再次，府院联动，刚柔并济。针对心存侥幸的侵权人，一方面升级调解方案，联合属地文旅、市场监管部门上门“一对一”调解，并监督侵权人现场停止侵权，销毁侵权图书库存；另一方面继续柔性调解，以典型案例剖析侵权人面临的民事赔偿责任、声誉损害及对经营带来的不利后果，最终促使该少部分侵权人在考虑诉讼成本和败诉风险后，摒弃侥幸心理，与某出版公司达成支付赔偿款的和解协议，该批关联纠纷得以圆满化解。 最后，源头预防，协同共治。向市场监管、文化行政执法部门移送线索，推动执法部门开展专项整治行动；向文旅部门提出“关于打击销售盗版图书”的建议，推动建立盗版图书跨区域执法办案协作机制、信息共享机制，既有效维护了图书市场的正常秩序和广大读者的身心健康，又从源头上减少同类纠纷的发生。之后，该辖区盗版图书知识产权纠纷量同比下降超三成。","本案系销售盗版图书引发的系列著作权侵权纠纷，该类纠纷争议标的额不大，争议事实较为清晰，且侵权主体多为个体工商户，宜通过“合并处理”，在前端“一揽子”调解解决。本案中，法院依托版权纠纷“总对总”在线诉调对接机制，通过“示范裁判”和“分步递进”调解思路，促推一揽子解决了同一权利人起诉不同侵权人的批量知识产权纠纷。调解过程中，指导法官与行业调解员、行政执法人员分工协作，优势互补。一方面发挥行业调解员专业优势，当好当事人的“知心人”，通过前期集中普法，阐明知识产权侵权风险和法律后果，让当事人放下芥蒂，积极参与协商；另一方面法院通过“示范裁判”，邀请类案当事人旁听，巧妙地抓住当事人的心理变化，精准找到各方利益的“平衡点”，引导当事人考量侵权情节、经营规模等因素，促成双方就赔偿金额达成共识，并为其他纠纷当事人后续调解提供合理预期，促推纠纷批量化解。同时，发挥行政监管优势，针对个别仍有顾虑的当事人，联合开展上门调解，形成“行业调解-示范裁判-行政调解”联动闭环，最终促成所有纠纷高效化解。此外，针对调解过程中发现的问题，由市场监管、文旅等职能部门加强源头治理工作，取得“调解一批、治理一片”的良好效果。","《中华人民共和国著作权法》（2020年修正）第10条、第52条、第53条、第54条 《最高人民法院关于审理著作权民事纠纷案件适用法律若干问题的解释》第7条、第25条、第26条 《最高人民法院办公厅、中央宣传部办公厅<关于建立版权纠纷“总对总”在线诉调对接机制的通知>》（法办〔2024〕194号）","\N","","2026-01-27 09:48:28","2026-02-03 09:40:06","0c35212caf2667c3a3a9fa754962d0e8","\N","20260426"
"2612","人民法院案例库","https://rmfyalk.court.gov.cn","民事-专利权权属、侵权纠纷","2024-13-2-160-013","最高人民法院","民事,侵害实用新型专利权,租赁关系,合法来源抗辩","二审","2023.06.13","02","<p>　　潍坊某科技有限公司（以下简称某科技公司）诉称：其于2020年12月16日向国家知识产权局申请专利号为202023028655.X、名称为“直冷式螺旋预冷机降温装置”的实用新型专利，于2021年7月16日获得授权，并已将其实际用于产品的制造、销售。目前该项专利权仍在保护期内，合法有效。山东某泽食品科技有限公司（以下简称某泽公司）、山东某益食品科技有限公司（以下简称某益公司）制造、使用涉嫌侵害涉案专利权的预冷机；经过比对，被诉侵权技术方案完全落入涉案专利权保护范围，构成侵权。遂诉至法院，请求判令：1.某泽公司立即停止制造侵害涉案专利权产品的行为，某益公司立即停止使用侵害涉案专利权产品的行为；2.某泽公司、某益公司销毁制造侵权产品所使用的专用设备、模具以及专用工具；3.某泽公司赔某科技公司经济损失及合理开支280万元，某益公司赔偿某科技公司经济损失及合理开支20万元；4.某泽公司和某益公司承担某科技公司律师代理费及本案保全费、诉讼费。<br/>　　某泽公司辩称：某科技公司提供的证据不能证明某泽公司存在侵权行为。根据某科技公司提供的照片，明显看出被诉侵权技术方案与涉案专利权利要求不相同，也不等同，不构成侵权。在涉案专利申请日前，被诉侵权产品已经制造、使用，某泽公司享有先用权，不应承担侵权责任。被诉侵权产品是某泽公司雇佣案外人制作，某泽公司只提供材料，并已支付定做设备发生的费用。预冷机构造简单，广泛应用于屠宰行业，即使被诉侵权产品与涉案专利的技术特征存在相同之处，也属于公知常识，某泽公司没有侵权的故意或过失。某科技公司诉请的损失赔偿金额缺少依据。<br/>　　某益公司辩称：自2022年2月开始某益公司租赁某泽公司的厂房和设备，某益公司使用被诉侵权产品具有合法来源，不应承担赔偿责任。<br/>　　法院经审理查明：某科技公司系涉案专利权人。经某科技公司申请，一审法院于2022年5月24日对位于某益公司所租赁的厂区内的被诉侵权产品予以证据保全，某益公司的工作人员在场并在笔录上签字确认。一审庭审中，某泽公司认可本案证据保全时拍摄视频内的被诉侵权产品系其制造，并租赁给某益公司。某益公司认可本案证据保全时拍摄视频内的被诉侵权产品系其租赁使用。2022年2月1日，某泽公司与某益公司签订《资产及土地租赁合同》，某泽公司同意将现在状况下的资产（包括土地，设备，车间、厂房、宿舍、供水、供电、通讯设备及污水处理设施等）租赁给某益公司，某益公司享有对所有租赁资产的使用权、改造权（改造时须与甲方沟通并征得某泽公司同意后改造），租赁时间自2022年2月1日至2027年1月31日，共计5年。某益公司已向某泽公司支付第一年租金400万元。<br/>　　山东省青岛市中级人民法院于2022年9月30日作出(2022)鲁02知民初69号民事判决：一、某泽公司于判决生效之日起立即停止生产侵害某科技公司专利号202023028655.X、名称为“直冷式螺旋预冷机降温装置”实用新型专利权的产品的行为；二、某泽公司于判决生效之日起十日内赔偿某科技公司经济损失及合理开支15万元；三、某益公司于判决生效之日起十日内赔偿某科技公司合理开支1万元；四、驳回某科技公司的其他诉讼请求。某泽公司不服，提出上诉，最高人民法院于2023年6月13日作出（2022）最高法知民终2869号民事判决：驳回上诉，维持原判。</p>","<p>　　法院生效裁判认为，某科技公司关于某益公司合法来源的抗辩不成立，根据专利法第七十七条、《最高人民法院关于审理侵犯专利权纠纷案件应用法律若干问题的解释（二）》第二十五条的规定，为生产经营目的使用、许诺销售或者销售不知道是未经专利权人许可而制造并售出的专利侵权产品，且举证证明该产品合法来源的，对于权利人请求停止上述使用、许诺销售、销售行为的主张，人民法院应予支持，但被诉侵权产品的使用者举证证明其已支付该产品的合理对价的除外。不知道，是指实际不知道且不应当知道。合法来源，是指通过合法的销售渠道、通常的买卖合同等正常商业方式取得产品。对于合法来源，使用者、许诺销售者或者销售者应当提供符合交易习惯的相关证据。本案中，某益公司提交证据证明其租赁了被诉侵权产品使用并支付了合理对价，至一审判决作出前，其租赁期限并未到期，且某益公司已支付部分租金，据此一审判决认定某益公司合法来源抗辩成立，并对某科技公司请求某益公司停止使用侵害涉案专利权产品的行为并销毁被诉侵权产品的诉请未予支持，具有事实和法律依据。如某科技公司认为某益公司在已支付合理对价范围之外继续使用被诉侵权产品的行为侵害某科技公司涉案专利权的，可依法另行提起诉讼。</p>","<p>被诉侵权人能够提交证据证明，侵权产品系其租赁而来且租赁期限尚未届满，其已支付合理租金且不知道也不应当知道该产品系侵权产品的，人民法院可以认定其合法来源抗辩成立。</p>","<p>　　《中华人民共和国专利法》第77条<br/>　　《最高人民法院关于审理侵犯专利权纠纷案件应用法律若干问题的解释（二）》第25条</p><br/>######<p>　　一审：山东省青岛市中级人民法院（2022）鲁02知民初69号民事判决（2022年9月30日）<br/>　　二审：最高人民法院（2022）最高法知民终2869号民事判决（2023年6月13日）</p>","\N","\N","2026-01-21 10:27:30","2026-01-21 10:27:30","0c3e01c07e812cdc0abd555132c7bd4c","\N","20260426"
"6422","多元解纷案例库","https://rmfyalk.court.gov.cn","民事-物业服务合同纠纷","D2025-161-1-121-634","晋中市榆次区人民法院","民事,物业服务合同纠纷,拖欠物业费,“法院+住建部门+行业调解”联动化解,“听—释—看—换—解”工作法","","2025-09-22","\N","某小区多名业主拒绝交纳物业费。某物业公司催收未果后，将25名业主诉至法院，要求交纳拖欠3年的物业费及违约金。","法院收到起诉材料后，考虑到涉及小区业主较多，经征得当事人同意，依托与住建部门建立的多元解纷机制，在线委托房地产行业调解组织以及住建部门调解工作站共同开展先行调解。调解员认真查阅案件材料，并与双方进行电话沟通，详细询问了某物业公司提供物业服务的具体情况及业主不交纳物业费的原因后，梳理出本案争议焦点，随即通知双方到调解工作站“面对面”沟通，并采用“听—释—看—换—解”方法分步开展以下工作： 第一步，认真听取双方诉求和观点。业主认为某物业公司未按照物业服务合同提供服务，小区物业管理存在不到位等问题，小区绿化、环境卫生等方面均不能达到要求，影响了业主正常生活。此外，业主表示，某物业公司收费标准不合理，故拒交物业费。某物业公司则认为其已经按照合同约定提供了物业服务，是业主找借口不交物业费。双方各执一词。 第二步，耐心释明相关法律法规。调解员围绕《民法典》第944条规定，并结合本案实际情况向双方阐释相关法理及权利义务关系。在调解员耐心讲解下，双方当事人同意坐下来沟通交流，解决问题，调解工作迈出了关键一步。 第三步，深入小区实地察看问题所在。住建部门工作人员、调解员共同来到当事人所在的小区实地察看小区绿化情况，问询其他业主对物业服务的评价与态度。有业主表示，物业服务整体不错，比如遇到需要整修的地方反馈给物业公司时，物业公司态度积极，并能快速解决问题，也有业主反映小区维护保养等问题。 第四步，引导双方当事人换位思考。掌握第一手资料后，调解员再次组织双方坐下来沟通，引导双方当事人站在对方立场进行思考。业主表示，其并不是不交物业费，是物业服务不到位，小区环境差，住着不舒心才不交。物业公司也觉得很委屈无奈，小区的保洁费、垃圾清理费、绿化维护、公共区域电费等每年支出的费用也不是小数目，却得不到业主的配合与认可。调解员听着双方当事人争论不休，于是给双方当事人算了一笔账：物业服务不到位，业主不交物业费，物业服务质量降低，更多业主拒交物业费，结果是物业公司无法维持正常运营，如此恶性循环，将严重影响业主生活环境，甚至可能贬损房屋价值。双方当事人听完后，态度有所松动。 第五步，圆满解决系列矛盾纠纷。调解员本着“依法调解，以德协商”原则，深挖调解无法达成共识的根源，要求物业公司对业主提出的建议回应不及时、小区的维护和保养工作不到位、物业费不透明、没有明确的费用清单、遇到问题反馈后部门之间互相推诿得不到有效解决等问题做出整改方案。在调解员努力下，双方当事人情绪缓和，物业公司表示对业主反映的情况将作出整改，并承诺将不断提升物业服务水平，服务好业主，共同营造和谐美好的家园。业主对某物业公司的态度表示认可，并主动交纳物业费。","本案系业主拖欠物业费引发的物业服务合同纠纷。近年来，物业服务合同纠纷呈逐年上升态势，这类纠纷往往具有批量化特征，若不能妥善化解，易激化矛盾，不利于物业公司健康运行，久而久之，也影响业主居住环境。本案中，通过“法院+住建部门+行业调解”多元解纷机制，多单位协同发力，发挥各自作用并形成优势互补。住建部门依托对物业行业的监管职责，核查物业公司服务质量是否达标、收费标准是否合规，同时向业主与物业公司解读物业行业政策，化解双方因政策认知偏差产生的矛盾；行业调解组织发挥专业调解与灵活处置作用，凭借化解物业纠纷的丰富经验，在法律框架内灵活平衡双方利益，制定调解方案，法院做实指导调解职能，通过三方合力，最终不仅高效化解纠纷，节约当事人解纷成本，也督促物业公司提升物业服务水平，调和物业与业主关系，实现案结事了、多方共赢的良好效果。","《中华人民共和国民法典》第942条、第943条、第944条 《晋中市住建局、榆次区人民法院关于诉调对接工作合作协议》","\N","","2026-01-27 09:49:15","2026-01-27 09:49:15","0c42f65776537cbe31247f1bfd5bf16e","\N","20260426"
"3294","人民法院案例库","https://rmfyalk.court.gov.cn","民事-土地承包经营权合同纠纷","2024-11-2-135-001","山东省高级人民法院","民事,土地经营权出租合同,环资,农村集体土地,承包经营权,建设用地使用权,土地使用权争议,民事诉讼受案范围","再审","2023.12.01","02","<p>　　原告郑某芳等诉称：其以家庭承包方式取得案涉地块的土地承包经营权后，与郑某亮签订土地租赁合同，将土地经营权流转给郑某亮。双方约定租赁期限20年，自2002年9月15日至2022年9月15日。合同履行期限届满后，郑某亮没有返还土地，故请求：确认双方签订的租赁合同已经到期终止；郑某亮恢复土地原状交还土地；郑某亮支付拖欠的租赁费。<br/>　　被告郑某亮辩称：其经营洗桶厂需租用某村土地，分别与包括郑某芳等在内的所占土地的承包户签订了租赁合同。洗桶厂所用土地已于2008年经县人民政府规划为工业用地并已颁发建设用地使用权证书。郑某芳等持有的土地承包经营权证与郑某亮持有的集体土地使用权证所涉的土地存在重合，应当由当地人民政府处理，人民法院不宜直接审理。<br/>　　法院经审理查明：郑某芳等通过家庭承包方式取得案涉土地承包经营权。2002年12月，郑某芳等与郑某亮签订《合同书》，约定郑某亮租赁郑某芳等承包土地1.5975亩，租赁费为每亩每年1000元，租赁期限为2002年9月15日至2022年9月15日。截至法庭辩论终结之日，郑某亮尚未支付2021年度、2022年度租赁费共计3194元。2015年5月，当地政府向郑某芳等颁发了农村土地承包经营权证，载明土地性质为基本农田。另查明，郑某亮租赁涉案土地后进行非农业建设，于2003年7月因违法占地被处以罚款。2008年8月，郑某亮经营的洗桶厂作为土地使用权人取得案涉土地使用权，当地政府为洗桶厂颁发建设用地使用权证，载明地类为工业，终止日期为2026年3月26日。再查明，郑某芳等向郑某亮交付土地时，土地为“耕地”且无附着物。<br/>　　山东省博兴县人民法院于2023年3月31日作出（2022）鲁1625民初4047号民事判决：一、确认涉案《合同书》于2022年9月15日到期终止；二、被告郑某亮于本判决生效之日起三十日内返还原告郑某芳等《合同书》项下土地，同时恢复土地原状；三、被告郑某亮于本判决生效之日起十五日内支付原告郑某芳等租赁费3194元。郑某亮不服一审判决，向山东省滨州市中级人民法院提起上诉。山东省滨州市中级人民法院于2023年8月30日作出（2023）鲁16民终1368号民事判决：一、撤销山东省博兴县人民法院（2022）鲁1625民初4047号民事判决；二、驳回被上诉人郑某芳等的起诉。郑某芳等不服二审判决，向山东省高级人民法院申请再审。山东省高级人民法院于2023年12月1日作出(2023)鲁民申11945号裁定：驳回郑某芳等的再审申请。</p>","<p>　　法院生效裁判认为：同一地块，郑某芳等一方主张其享有使用权，凭据是其持有农村土地承包经营权证；郑某亮一方主张其有使用权，凭据是其持有集体土地建设使用权证。经查，涉案《农村土地承包经营权证》系农业部监制，加盖博兴县人民政府公章；《集体土地建设使用权证》加盖国土资源部土地证书管理专用章及博兴县人民政府、博兴县国土资源局公章，以上两证均由国家权威部门作出，当其内容发生冲突时，应由相应的政府部门处理为宜。依据《中华人民共和国土地管理法》第十四条“土地所有权和使用权争议，由当事人协商解决；协商不成的，由人民政府处理。单位之间的争议，由县级以上人民政府处理；个人之间、个人与单位之间的争议，由乡级人民政府或者县级以上人民政府处理。当事人对有关人民政府的处理决定不服的，可以自接到处理决定通知之日起三十日内，向人民法院起诉。在土地所有权和使用权争议解决前，任何一方不得改变土地利用现状。”本案应依据《中华人民共和国土地管理法》第十四条及《土地权属争议调查处理办法》第九条的规定，告知当事人向有关行政主管部门申请解决，由行政主管部门履行法定职责，明确涉案土地用途，确定土地使用权归属。</p>","<p>不同的土地用途对应不同的民事法律权利，由于同一块农村集体土地既颁发了承包经营权证又颁发了建设用地使用权证，并不具备进一步分析民事权利义务关系的前提条件。依据《中华人民共和国土地管理法》第十四条及《土地权属争议调查处理办法》第九条的规定，当事人应向行政主管部门申请解决，由行政主管部门履行法定职责，明确案涉土地用途，确定土地使用权归属。在案涉土地存在权属争议的情况下，双方纠纷不属于人民法院民事诉讼的受案范围。</p>","<p>　　《中华人民共和国土地管理法》第14条<br/>　　《土地权属争议调查处理办法》第9条<br/>　　《最高人民法院关于适用〈中华人民共和国民事诉讼法〉的解释》第328条</p><br/>######<p>　　一审：山东省博兴县人民法院（2022）鲁1625民初4047号民事判决（2023年3月31日）<br/>　　二审：山东省滨州市中级人民法院（2023）鲁16民终1368号民事判决（2023年8月30日）<br/>　　再审审查：山东省高级人民法院（2023）鲁民申11945号民事裁定（2023年12月1日）</p>","\N","\N","2026-01-21 10:27:30","2026-01-21 10:27:30","0c66fe07fe7bf04d40bfc38034b56c97","\N","20260426"
"4154","人民法院案例库","https://rmfyalk.court.gov.cn","民事-垄断协议纠纷","2023-09-2-183-001","上海市高级人民法院","民事,垄断协议,限制最低转售价格,排除、限制竞争效果,反垄断分析,非价格竞争,限制价格竞争","二审","2013.08.01","02","<p>　　北京某有限公司作为某（上海）医疗器材有限公司、某（中国）医疗器材有限公司（合并称为某公司）医用缝线、吻合器等医疗器械产品的经销商，与某公司已有15年的经销合作关系。2008年1月，某公司与北京某有限公司签订《经销合同》及附件，约定北京某有限公司不得以低于某公司规定的价格销售产品。2008年3月，北京某有限公司在某大学人民医院举行的某医用缝线销售招标中以最低报价中标。2008年7月，某公司以北京某有限公司私自降价为由取消北京某有限公司在某外医院、某形医院的经销权。2008年8月15日后，某公司不再接受北京某有限公司医用缝线产品订单，2008年9月完全停止了缝线产品、吻合器产品的供货。2009年，某公司不再与北京某有限公司续签经销合同。北京某有限公司向上海市第一中级人民法院起诉，主张某公司在经销合同中约定的限制最低转售价格条款，构成《中华人民共和国反垄断法》（以下简称反垄断法）所禁止的纵向垄断协议，诉请法院判令某公司赔偿因执行该垄断协议对北京某有限公司进行“处罚”而造成的经济损失1439.93万元。<br/>　　上海市第一中级人民法院审理认为，反垄断法所规定垄断协议是产生排除、限制竞争效果的协议，原告北京某有限公司所提交证据尚不能证明涉案限制最低转售价格协议具有排除、限制竞争效果，据此，于2012年5月18日作出(2010)沪一中民五(知)初字第169号民事判决，驳回原告北京某有限公司全部诉讼请求。<br/>　　北京某有限公司不服一审判决，向上海市高级人民法院提起上诉称：一、反垄断法第十三条所规定横向垄断协议、第十四条所规定纵向垄断协议，都被法律明文禁止，该等协议一经签订即构成垄断协议。二、被上诉人某（上海）医疗器材有限公司、某（中国）医疗器材有限公司限定最低转售价格，目的即在于限制竞争，应当构成垄断协议。三、根据《最高人民法院关于审理因垄断行为引发的民事纠纷案件应用法律若干问题的规定》（以下简称最高人民法院垄断纠纷审理规定）第七条规定，横向垄断协议的制定者应对该协议不具有排除、限制竞争效果承担举证责任，被上诉人作为纵向协议条款的制定者也应该承担相应举证责任。四、被上诉人所实施转售价格限制，完全不具有促进竞争的效果。相反，被上诉人的行为扭曲了市场竞争机制，严重损害了消费者利益。五、上诉人所主张损失均源起于被上诉人实施转售价格限制，均属于反垄断法意义上的损失，被上诉人应予赔偿。请求二审撤销原审判决，并判令支持上诉人一审诉请。<br/>　　被上诉人某（上海）医疗器材有限公司、某（中国）医疗器材有限公司辩称：一、认定横向垄断协议尚需满足排除、限制竞争效果这一要件，纵向协议对市场竞争的影响较小，因此认定限制最低转售价格协议构成垄断协议更需要以具有排除、限制竞争效果为前提。二、因无法律和司法解释特别规定，案涉限制最低转售价格协议不适用举证责任倒置，仍应由上诉人承担证明涉案协议具有排除、限制竞争效果的责任。三、上诉人未能举证证明本案限制最低转售价格协议存在排除、限制竞争效果。四、涉案医用缝线产品在中国大陆市场充分竞争，涉案协议不存在排除、限制竞争的效果，相反可以增进某公司品牌内部经销商之间的竞争。五、反垄断法于2008年8月1日实施，本案《经销合同》在2008年1月签订，两被上诉人取消上诉人两家医院经销权发生在2008年7月，2008年8月1日后未实施上诉人所指控垄断行为，本案不应当适用反垄断法。六、上诉人在本案中主张的损失并非属于“垄断损失”，而是合同行为导致的损失。七、反垄断法保护的是市场公平竞争秩序、消费者利益和社会公共利益，有权提起反垄断诉讼的主体是遭受垄断行为损害的竞争者和消费者，不包括垄断行为参与者、实施者，故上诉人不是本案诉讼的适格原告。请求二审法院维持原判。<br/>　　上海市高级人民法院于2013年8月1日作出（2012）沪高民三（知）终字第63号民事判决：一、撤销上海市第一中级人民法院(2010)沪一中民五(知)初字第169号民事判决；二、被上诉人某(上海)医疗器材有限公司、某(中国)医疗器材有限公司应于本判决生效之日起十日内，共同赔偿上诉人北京某有限公司经济损失人民币530000元；三、驳回上诉人北京某有限公司的其余诉讼请求。本判决为终审判决。</p>","<p>　　法院生效裁判认为，<br/>　　一、关于纵向垄断协议是否以具有排除、限制竞争效果为构成要件<br/>　　2007年8月通过、2008年8月实施的反垄断法第十四条所规定垄断协议应当以具有排除、限制竞争效果为构成要件。第十三条第二款规定：“本法所称垄断协议，是指排除、限制竞争的协议、决定或者其他协同行为”，该定义适用于整部法律，因此纵向协议必须“排除、限制竞争”才构成垄断协议。根据2012年最高人民法院垄断纠纷审理规定第七条规定，认定反垄断法所禁止的第十三条所规定横向协议构成垄断协议，应具有排除、限制竞争效果。举重以明轻，限制竞争效果相对较强的横向协议尚且需以具有排除、限制竞争效果为垄断协议构成要件，限制竞争效果相对较弱的纵向协议更应当以具有排除、限制竞争效果为必要条件。因此，本案所涉限制最低转售价格协议，作为纵向协议的一种，必须具有排除、限制竞争效果才可能构成垄断协议。<br/>　　二、如何认定限制最低转售价格协议是否具有排除、限制竞争效果，本案被诉协议是否具有排除、限制竞争效果。<br/>　　纵向协议在可能产生限制竞争效果的同时，也往往可能具有提升竞争水平等积极效果。从对限制最低转售价格实施反垄断干预，必须衡量正反两方面效果，限制最低转售价格行为产生了难以避免、抵消的排除、限制竞争效果。为此，在审查涉案限制最低转售价格行为是否具有排除、限制竞争效果时，可以过滤一些影响不够大因素，仅关注那些对市场竞争产生实质性影响的因素，主要包括相关市场竞争是否充分、被告市场地位是否强大、被告实施限制最低转售价格的动机、限制最低转售价格的竞争效果。<br/>　　1．本案相关市场竞争不够充分。相关市场竞争不充分是首要条件。首先，本案相关市场为中国大陆地区的医用缝线产品市场：(1)医用缝线是外科手术中用于伤口缝合的必需品，没有其他替代品。(2)我国医疗器械生产销售准入限制严格，境内境外缺乏替代性。其次，本案相关市场是一个竞争不充分的市场：(1)医院采购缝线成本最终转嫁给患者，市场缺乏足够来自买方的价格竞争动力。 (2)某公司培养医生、护士对某缝线产品的使用习惯，降低相关市场竞争。(3)医用缝线产品市场存在较高进入障碍，如市场准入、品牌依赖。(4)某公司缝线产品价格15年维持基本不变，可以反证医用缝线市场是一个缺乏竞争的市场。<br/>　　2．某公司在本案相关市场具有很强的市场地位。依据以下事实，可以认为某公司在相关市场具有很强的市场地位：(1)根据某公司网站，其缝线产品全球市场份额占有70％以上，美国市场占有80％以上，某公司有能力而不提供其缝线产品在中国大陆的确切市场份额，其实际份额应高于其所估算的20.4％左右。本案证据表明，某公司缝线产品在北京市三甲医院中应当占有很高的市场份额。(2)某公司缝线产品价格15年维持基本不变、长期具有很强定价能力，相关市场竞争不充分，某公司具有很强的市场地位。(3)某公司及其缝线产品享有很高声誉，其品牌影响力一定程度上维护了某公司的市场地位。(4)某公司对经销商控制力强，经销商受制于某公司。<br/>　　3．本案限制最低转售价格的动机在于回避价格竞争。限制最低转售价格行为的动机可以作为判断的重要因素。本案证据表明某公司实施限制最低转售价格在于回避价格竞争：(1)《经销合同》等证据显示，某公司禁止经销商主动降价，且对市场降价压力下的被动降价行为给予负面评价。(2)上诉人有关经销管理计划的证据显示，某公司在其缝线产品价格处于竞争劣势情况下，宁愿通过维护客户关系来维持价格，也不愿意降价销售。<br/>　　4．本案限制最低转售价格协议限制竞争效果明显而促进竞争效果不明显。只有在实际产生难以克服、难以抵销的限制竞争效果时，限制最低转售价格协议才应被认定为垄断协议。首先，本案限制最低转售价格协议具有明显限制竞争的效果：(1)某公司一直执行最低转售价格限制，价格15年维持基本不变可以确认某公司采取最低转售价格限制行为帮助其缝线产品价格长期维持在竞争价格水平之上。(2)某公司的行为，使得其他品牌厂商亦有机会回避价格竞争，相关市场的价格竞争由此减弱。(3)某公司的行为排挤了有效率的经销商，消费者福利因此受损。其次，本案限制最低转售价格协议不具有明显的促进竞争效果：(1)不足以证明存在被上诉人所述通过限制最低转售价格促进产品质量和安全性提升的效果。(2)不足以证明存在被上诉人所述通过限制最低转售价格解决经销商“搭便车”的必要。(3)不足以证明存在通过限制最低转售价格促进新品牌、新产品进入相关市场的必要。(4)不足以证明本案限制最低转售价格协议存在其他经济学上的促进竞争并由消费者分享利益的效果。<br/>　　综上，本案限制最低转售价格协议促进竞争的效果不明显，远远抵不上其排除、限制竞争的效果。因此，可确认本案《经销合同》中限制最低转售价格条款属于反垄断法所禁止的垄断协议，被上诉人制定该协议和处罚上诉人北京某有限公司的行为属违法行为。<br/>　　三、若涉案限制最低转售价格协议构成垄断协议，如何认定原告依据反垄断法可以主张的因涉案垄断行为而遭受的损失。<br/>　　在确认被诉行为构成垄断行为情形下，原告主张因垄断行为造成的损失，关键在于涉案垄断行为与损失之间的因果关系，可以将上诉人（原审原告）在本案中所主张损失分为两个部分分析。<br/>　　1．关于北京某有限公司所主张2008年缝线产品利润损失。北京某有限公司提出，可以认为正常情况下其2008年完全可以完成全年销售指标，但由于某公司停止供货导致其还有4 704 873．31元含税销售额未完成，以23％平均毛利计算，造成1 082 120．86元利润损失。经审查：(1)该项损失与某公司限制最低转售价格协议的行为存在直接因果关系。(2)北京某有限公司对2008年已销售额的计算中遗漏了另案中经法院确认的部分已销售额，应调整为3 281 910元。(3)北京某有限公司应参照相关市场的正常利润计算利润损失。参考同行业其他品牌产品价格、北京某有限公司应承担税负等因素后，酌定北京某有限公司可获正常利润大致相当于含税销售额的16％。据此，酌定因某公司垄断行为造成北京某有限公司2008年缝线产品销售损失的正常利润为530 000元。<br/>　　2．关于北京某有限公司所主张其他损失。北京某有限公司其他损失主张均难以支持：某公司停止吻合器产品供货时北京某有限公司已拖欠多笔货款，某公司停止吻合器产品供货符合合同约定条件，故北京某有限公司所主张2008年吻合器产品利润损失及吻合器产品高价购货价差损失与本案垄断行为无直接因果关系；北京某有限公司所主张履约保证金在另案货款纠纷中已与所欠货款抵扣；北京某有限公司所主张2009年可得利润损失、库存积压、员工遣散费用、15年经销活动中支付的推广费用、商誉损失，均与本案垄断行为无直接因果关系，在合同与法律上也没有可以期待的利益，均于法无据。<br/>　　据此，认定北京某有限公司损失为2008年合理利润损失53万元，北京某有限公司其他损害赔偿请求均不应支持。</p>","<p>1.具有排除、限制竞争效果是限制最低转售价格协议构成垄断协议的必要条件。<br/>　　2.认定限制最低转售价格协议是否具有排除、限制竞争效果，主要审查以下四个重要因素，相关市场竞争是否充分，被告是否具有较强市场力量，被告实施最低转售价格协议是否具有排除或限制竞争动机，实施涉案最低转售价格协议是否实际造成限制竞争远大于促进竞争的效果。</p>","<p>　　《中华人民共和国反垄断法》第16条、第18条（本案适用的是2008年8月1日施行的《中华人民共和国反垄断法》第13条、第15条）</p><br/>######<p>　　一审：上海市第一中级人民法院（2010）沪一中民五（知）初字第169号民事判决（2012年5月18日）<br/>　　二审：上海市高级人民法院（2012）沪高民三（知）终字第63号民事判决（2013年8月1日）</p>","\N","\N","2026-01-21 10:27:30","2026-01-21 10:27:30","0c6a430a596dbebb5a769b0f6a9bad41","\N","20260426"
"1059","人民法院案例库","https://rmfyalk.court.gov.cn","民事-赠与合同纠纷","2024-07-2-102-002","江苏省盐城市中级人民法院","民事,赠与合同,离婚协议,未成年人,撤销权,房屋拆迁,征收补偿款","二审","2024.06.13","02","原告徐某华诉称：徐某华与王某飞于2006年12月31日签订离婚协议，约定婚姻关系存续期间的房屋归婚生女王某某所有，王某飞负责抚养王某某至其工作止。王某飞未按照离婚协议约定履行相关义务。案涉房屋于2020年9月被拆迁，王某飞领取了全部征收补偿款，王某某多次向王某飞追索房屋征收补偿款未果。遂诉至法院，请求判令：1.王某飞向王某某支付房屋征收补偿款893423.30元及利息；2.王某飞向王某某支付代收房屋租金40000元；3.王某飞向王某某支付2023年度学费59000元及该年度8月、9月生活费6000元。<br/>　　被告王某飞辩称：案涉房屋系王某飞婚前个人财产，未办理所有权转移登记前，王某飞有权撤销赠与。在案涉房屋拆迁时，王某飞与王某某约定平分征收补偿款，因王某某尚未成年，王某飞先代其保管。如本案支持王某某取得一半征收补偿款，则应从中扣减王某某各项生活支出费用。<br/>　　第三人王某某述称：其与王某飞并未约定过平分征收补偿款，王某飞应当按照离婚协议约定支付学费、生活费，保障王某某的正常学习和生活。<br/>　　法院经审理查明：徐某华与王某飞于2006年12月31日离婚，双方签订离婚协议约定，案涉房屋归婚生女王某某（2000年12月28日出生）所有；王某某现年6周岁，归王某飞抚养，直至王某某工作时止；徐某华不贴补任何费用（包括生活费、教育费、医疗费）。案涉房屋在王某飞名下，未办理产权变更登记，2020年9月案涉房屋被政府征收，王某飞领取了征收补偿款893423.30元。王某某为在校研究生。2017年至2023年期间，王某飞向王某某微信转账169066元，银行汇款90142元，以上合计259208元。<br/>　　江苏省东台市人民法院于2024年1月30日作出（2023）苏0981民初6931号民事判决：一、王某飞于本判决发生法律效力之日起15日内向王某某给付房屋征收补偿款893423.30元及利息（以893423.30元为基数，按全国银行间同业拆借中心公布的同期贷款市场报价利率，自2021年2月10日起计算至实际给付之日止）；二、驳回徐某的其他诉讼请求。宣判后，王某飞提起上诉。江苏省盐城市中级人民法院于2024年6月13日作出（2024）苏09民终2396号民事判决：驳回上诉，维持原判。","法院生效裁判认为，离婚协议是夫妻双方权衡利益、考量利弊后，围绕婚姻关系解除而形成的一个有机整体，涉及的夫妻身份关系解除、夫妻共同财产分割以及子女抚养问题等内容既相互独立，又相互依存。本案中，徐某华与王某飞于2006年12月31日签订离婚协议，约定案涉房屋归婚生女王某某所有，该约定是双方的真实意思表示，合法有效。王某飞虽认为该房屋为其婚前个人财产，但其已作出赠与王某某的意思表示，根据《最高人民法院关于适用&lt;中华人民共和国民法典&gt;婚姻家庭编的解释（一）》第七十条规定，离婚后赠与人以赠与财产权利尚未转移为由申请撤销离婚协议中涉及对第三人赠与条款的，依法不予支持。案涉房屋因征收而灭失，转化为相应的征收补偿利益，该征收补偿利益应归王某某所有。王某飞向王某某支付生活费、教育费等，是其作为父亲关爱子女、履行抚养义务的体现，王某飞提出在其给付王某某的房屋征收补偿款中予以扣减，不予支持。故依法作出如上裁判。","夫妻在离婚协议中作出的将夫妻共有房屋赠与子女的意思表示，属于双方在解除婚姻身份关系时对于夫妻共同财产、子女抚养问题一揽子进行安排处理的条款，具有法律约束力，双方均应依约履行。婚姻关系解除后，一方反悔主张撤销该赠与的，人民法院不予支持。在未办理产权变更登记前，房屋被征收的，相应征收补偿利益应当归子女所有。<br/>","《最高人民法院关于适用<中华人民共和国民法典>婚姻家庭编的解释（一）》（法释〔2020〕22号）第70条<br/>######　　一审：江苏省东台市人民法院（2023）苏0981民初6931号民事判决（2024年1月30日）<br/>　　二审：江苏省盐城市中级人民法院（2024）苏09民终2396号民事判决（2024年6月13日）<br/>","\N","\N","2026-01-21 10:27:30","2026-01-21 10:27:30","0c77e67e43be879c081a047b84f99175","\N","20260426"
"349","人民法院案例库","https://rmfyalk.court.gov.cn","民事-名誉权纠纷","2025-07-2-006-001","重庆市綦江区人民法院","民事,名誉权,消费者,商家,服务质量,公开批评,客观评价","一审","2023.12.06","02","原告綦江区某修理厂诉称：2023年8月5日，被告张某海在网上下单对其名下汽车进行保养。在保养过程中，由于机油卡尺刻度条掉落，需打开油底壳取出并更换，从而产生额外费用。8月7日，张某海在取车时，因需付款人民币320元（币种下同）而与綦江区某修理厂产生纠纷，经派出所调解后，张某海支付300元离开。次日，张某海在抖音发布三条视频，其内容中明确提及綦江区某修理厂全名，称该厂弄坏其车辆。綦江区某修理厂认为该视频内容损害了其声誉，影响了生产经营，遂联系张某海删掉视频，张某海拒绝沟通。綦江区某修理厂诉至法院，请求判令：被告张某海公开道歉，并赔偿原告綦江区某修理厂经济损失20000元。<br/>　　张某海辩称：不同意原告綦江区某修理厂的全部诉讼请求。机油卡尺刻度条掉落是因綦江区某修理厂工人过错行为导致，理应由其承担维修费用，张某海取车时綦江区某修理厂将车辆扣住，要求张某海支付费用，张某海支付费用系出于无奈。张某海发布抖音视频是事实，但系张某海的真实经历，且没有提及綦江区某修理厂全名，也没有歪曲事实，现该三条视频已经删除，客观上没有给綦江区某修理厂造成任何损失。<br/>　　法院经审理查明，2023年8月5日，张某海到綦江区某修理厂处保养车辆。在车辆保养过程中，綦江区某修理厂工人用力将机油卡尺把手抽出，导致机油卡尺刻度条掉落在发动机油底壳里。后该修理厂工人告知张某海需要拆除油底壳取出机油卡尺刻度条，并称需要收取费用，在张某海未明确表示认可费用标准情况下，该修理厂工人为张某海清洗了油底壳，安装了新的机油卡尺，并对车辆进行了保养。后綦江区某修理厂告知张某海需付款320元，双方发生争执并报警处理，公安机关出警后组织双方进行协商，张某海付款300元后开车离开。次日，张某海通过其在抖音APP注册账号发布了三段视频，视频内容基本描述了争议发生的过程，对綦江区某修理厂行为表达了不满，并提醒他人注意此类情况发生。同时，张某海视频中明确提到该视频并非希望綦江区某修理厂关门停业，只是对该厂工人工作不负责任提出批评。<br/>　　重庆市綦江区人民法院于2023年11月20日作出(2023)渝0110民初9086号民事判决：驳回原告綦江区某修理厂的诉讼请求。宣判后，双方当事人均未提起上诉，判决已发生法律效力。","本案的争议焦点为：张某海的行为是否构成对綦江区某修理厂名誉权的侵害。<br/>　　《中华人民共和国民法典》第一千零二十四条第一款规定：“民事主体享有名誉权。任何组织或者个人不得以侮辱、诽谤等方式侵害他人的名誉权。”《中华人民共和国消费者权益保护法》第十五条第一款规定：“消费者享有对商品和服务以及保护消费者权益工作进行监督的权利。”根据上述条款规定，侵害他人名誉权需存在“侮辱、诽谤”等行为。本案中，张某海通过个人抖音账号发布视频，对其车辆保养过程、与綦江区某修理厂发生争执的原因及经过作出陈述，并对綦江区某修理厂的服务质量和服务态度作出了评价和批评，其行为是否构成侵害名誉权，应当审查张某海是否存在 “侮辱”“诽谤”等行为。<br/>　　  其一，从张某海所发布视频内容来看，张某海陈述的车辆维修保养的过程、发生争执的过程具有一定的客观依据，并不存在虚构事实、夸大事实等情形，属于对綦江区某修理厂服务质量的客观描述及个人感知，没有贬损、丑化该修理厂的陈述，也并未出现明显恶意诽谤、侮辱性等词语，故不应认定张某海主观上存在恶意。<br/>　　  其二，从视频造成的后果上看，张某海所陈述内容无偏激、丑化綦江区某修理厂形象等情形，对该厂产生的影响程度较低，不足以产生綦江区某修理厂社会评价降低的损害后果。<br/>　　  其三，消费者有权对生产者、经营者、销售者的产品质量或服务质量进行批评、评论，只要不是借机诽谤、诋毁，不应当认定该批评行为侵害他人名誉权。綦江区某修理厂作为提供车辆维修、保养的经营者，应对消费者针对其服务态度、服务质量所作出的批评、评论具有一定的宽容度，以助其更好地完善自身服务质量，提高服务水平。<br/>　　  综上，张某海的行为不构成对綦江区某修理厂名誉权的侵权。","消费者有权通过大众媒介对经营者提供的服务作出客观评价和批评，经营者应当对消费者的客观评价予以尊重。对于消费者基于客观事实对经营者的服务作出陈述或者批评意见，且不存在侮辱、诽谤等行为，经营者以自己的名誉权受到损害为由提起诉讼请求消费者承担侵权责任的，人民法院不予支持。<br/>","《中华人民共和国民法典》第1024条<br/>　　《中华人民共和国消费者权益保护法》（2013年修正）第15条第1款<br/>######　　一审：重庆市綦江区人民法院（2023）渝0110民初9086号判决书（2023年11月20日）<br/>","\N","\N","2026-01-21 10:27:30","2026-01-21 10:27:30","0c78684b4e3f5ec96efa81ca90ad07d0","\N","20260426"
"2692","人民法院案例库","https://rmfyalk.court.gov.cn","民事-海上、通海水域货物运输合同纠纷","2024-10-2-202-008","广东省高级人民法院","民事,海上、通海水域货物运输合同纠纷,水路货物运输,挂靠经营,登记船舶经营人,合同相对方","二审","2014.12.15","02","<p>　　原告某物流公司诉称：2012年4月10日，某物流公司与富川温氏公司签订货物运输合同，约定合同期内由某物流公司委派驳船为富川温氏公司运输货物，合同有效期为1年。2013年1月，某物流公司承运富川温氏公司玉米1400吨，自深圳蛇口运输至广西梧州越新赤水港码头（以下简称赤水码头）。1月25日，某物流公司委托某船务公司经营的船舶“平南XXX”轮运输，并于当日将1400吨玉米装船。“平南XXX”轮运货到目的港后，收货人富川温氏公司发现部分玉米因水湿霉变损毁。经统计，扣除正常损耗后货损玉米为375.064吨。某物流公司与富川温氏公司经协商，由某物流公司先行承担货物损坏赔偿责任，赔偿货物损失265,562.08元。某物流公司认为，某物流公司委托“平南XXX”轮运输涉案货物、通过货票约定了货物数量、航次、港口航程且“平南XXX”轮由某船务公司经营，某物流公司与某船务公司之间成立通海水域货物运输合同法律关系。因某船务公司过错导致运输货物水浸受损，某船务公司应承担赔偿责任，扣除某船务公司在此次运输中应得运费30,800元，某船务公司需向某物流公司支付赔偿金234,762.08元。请求判令：某船务公司赔偿某物流公司货物损失234,762.08元、向某物流公司支付公证费6000元并承担本案诉讼费用。<br/>　　某船务公司辩称：1.某物流公司主体不适格，涉案货票载明的托运人、收货人均不是某物流公司。2.某船务公司不应当承担货物损失的责任，某船务公司只是涉案船舶的经营人，且涉案水湿系因为船长、船员过失导致。3.涉案货物损失数量不明、货物损失价值不明。4.某物流公司和收货人应对货物扩大损失承担责任。请求驳回某物流公司的诉讼请求。<br/>　　法院经审理查明：“平南XXX”轮挂靠于某船务公司经营，该船舶登记所有人为陈某，登记经营人为某船务公司。2013年1月24日，某物流公司直接与“平南XXX”轮的所有人陈某取得联系，双方口头约定由“平南XXX”轮承运1400吨散装玉米自深圳蛇口港至赤水码头、运费按22元/吨计算、货物损耗按千分之二计算，涉案运费由某物流公司在货到目的港后按卸货数量结算并向陈某支付。1月26日，“平南XXX”轮在深圳蛇口港装载玉米1396.32吨。起运港承运人处加盖了刻有“平南顺辉268”字样的船章。2月6日，“平南XXX”轮开始卸货，于3月6日卸货完毕，共卸载玉米1410.22吨。2月15日，收货人发现涉案玉米遭受水湿。3月1日、3月5日，某物流公司委托公证部门进行证据保全和检测，发现玉米水湿，已经变黑。某物流公司支付公证费6000元。后收货人向某物流公司发出淋湿玉米确认函，向某物流公司索赔玉米货损款265 562.08元，某物流公司全额支付。<br/>　　广州海事法院于2014年7月29日作出（2014）广海法初字第147号民事判决:驳回某物流公司的诉讼请求。某物流公司提起上诉。广东省高级人民法院于2014年12月15日作出（2014）粤高法民四终字第162民事判决:驳回上诉，维持原判。</p>","<p>　　法院生效判决认为：根据查明事实，某物流公司通过与陈某联系、协商，双方就涉案货物运输事宜达成一致意见，并由陈某所有的“平南XXX”轮实际完成运输工作。某物流公司未曾与某船务公司的人员联系过涉案运输事宜，其虽主张陈某与某船务公司之间存在挂靠关系，陈某联系、协商运输的行为属职务行为，但本案并无证据证明陈某为某船务公司的职员或其联系、协商运输事宜的行为代表了某船务公司，涉案运费原定的支付对象亦非某船务公司，不足以认定涉案运输合同关系形成于某物流公司与某船务公司之间，故某船务公司并非涉案运输的承运人。某船务公司虽为“平南XXX”轮的登记经营人，但本案的证据和事实不能证明该轮由某船务公司实际使用、控制或某船务公司实际参与了涉案运输工作，故其不是涉案运输的实际承运人。某船务公司既非涉案货物运输合同的承运人或实际承运人，本案亦无证据证明存在某船务公司对涉案货物受损负有责任的其他情形，故其并非涉案货损赔偿的责任主体。某物流公司关于某船务公司为涉案运输合同的相对方、应向其赔偿货物损失及公证费的主张缺乏事实和法律依据，二审不予支持。</p>","<p>虽然船舶挂靠于船舶登记经营人名下，但在船舶对外经营时，船舶登记经营人并不能被视为应然的合同相对方，其是否能成为适格的责任主体，仍应从合同的要约、承诺、履行过程中体现的当事人意思表示以及客观事实来综合认定。</p>","<p>　　《中华人民共和国民法典》第472条、第479条（本案适用的是1999年10月1日施行的《中华人民共和国合同法》第14条、第21条）</p><br/>######<p>　　一审：广州海事法院（2014）广海法初字第147号民事判决（2014年7月29日）<br/>　　二审：广东省高级人民法院（2014）粤高法民四终字第162号民事判决（2014年12月15日）</p>","\N","\N","2026-01-21 10:27:30","2026-01-21 10:27:30","0c83000862d4517a17321e381542a6fa","\N","20260426"
"6937","多元解纷案例库","https://dyjfalk.court.gov.cn/site/case/2ff3a734-d433-4196-97d8-c70d3cea2d0a","民事-建筑物区分所有权纠纷","D2025-161-1-045-103","重庆市巴南区人民法院","民事,建筑物区分所有权纠纷,既有住宅加装电梯,业主共同管理权,“法院+”多元解纷机制","","2025-07-24","\N","张某等4人系某小区某幢第一、二层房屋业主，熊某等20人系该幢第三至九层房屋业主。该小区位于老城区，房屋修建时间较早，未安装电梯。2024年1月，为改善出行条件，熊某等高层业主决定共同出资加装一部电梯。熊某等人向辖区规建办申请后，规建办联合规自局、住建委、消防局等部门对施工现场踏勘后对加装方案进行了初审。但张某等低层业主认为电梯若加装在单元门附近位置，影响其房屋采光、房屋结构安全、消防通行安全，并会降低其房屋价值，遂不同意安装。双方为此产生争议。","社区网格员上报情况后，某街道综治中心将案件交由该街道人民调解委员会进行调解。调解员认为矛盾较为激烈，遂联系对接法官请求给予调解指导。法官指导调解员梳理双方争议焦点：业主是否有权加装电梯；加装电梯是否对张某等人构成侵权；如构成侵权，如何计算侵权损失。 调解过程中，法院还邀请辖区人大代表参与，共同向业主普及电梯加装规划与补贴、行政审批流程等政策。法院、住建委、消防局等部门则针对法律法规、政策规定、消防安全评估等予以详细解释说明，打消低层业主疑虑。经过释法说理，熊某等高层业主同意张某等低层业主提出的条件，双方初步达成调解方案。调解员草拟调解协议后，由指导法官进行审核。 指导法官建议：一是明确调解协议主体。应当严格审查不动产登记证明，将登记所有权人均列为调解协议当事人，否则存在漏列主体的问题，影响调解协议效力；二是完善协议双方权利义务。电梯加装后，在保障张某等4人电梯免费使用权的同时，还应考虑其同住家属的使用权，避免产生衍生纠纷。三是“一案一法律关系”。对于张某等人提出的解决外墙裂缝修复、下水道堵塞等遗留问题，建议逐个梳理后另案处理。 根据指导法官建议，调解员指导双方当事人修改完善调解协议并进行确认签字。双方达成调解协议后，调解员当场将调解协议送交双方当事人，并对履行情况进行跟踪回访。经回访了解，调解协议约定的补偿金额已在协议签订之日全部履行，且加装的电梯已于2024年8月前正式投入使用。","本案系因既有住宅加装电梯引发的建筑物区分所有权纠纷，人民法院运用“法院+”多元解纷机制进行联动联调，充分发挥本地区建立的区级、镇街、村居三级矛盾纠纷综合调处平台作用，网格员第一时间排查矛盾风险，各相关单位及时响应，多元化解纠纷。调解过程中，各单位依法履职、共同发力，寻找切入点和突破口，兼顾双方利益，引导业主平等协商，最终促使双方达成调解协议。该案的成功化解，不仅有力维护了该小区和谐邻里关系，也促推城镇老旧小区改造工作政策要求落地落实，更好地保障了老旧小区业主出行便利和安全。","《中华人民共和国民法典》第271条、第278条、第280条、第287条、第288条 《中华人民共和国无障碍环境建设法》第1条、第2条、第18条、第22条 《国务院办公厅关于全面推进城镇老旧小区改造工作的指导意见》（国办发〔2020〕23号）","\N","","2026-01-27 09:50:46","2026-02-03 10:12:17","0c888d255e403e1b08b64d71ca5f591c","\N","20260426"
"5232","人民法院案例库","https://rmfyalk.court.gov.cn","民事-申请确认仲裁协议效力","2022-18-2-444-001","最高人民法院","民事,申请确认仲裁协议效力,仲裁条款成立","其他","2019.09.18","01","<p>　　中国旅游集团有限公司（以下简称中旅公司），原名为中国旅游集团公司、中国港中旅集团公司，是国有独资公司。香港中旅（集团）有限公司（以下简称香港中旅公司）是中旅公司的全资子公司，注册于香港。运裕有限公司（以下简称运裕公司）是香港中旅公司的全资子公司，注册于英属维尔京群岛。新劲公司是运裕公司的全资子公司，亦注册于英属维尔京群岛。<br/>　　2016年3月24日，中旅公司作出《关于同意挂牌转让NEWPOWERENTERPRISESINC.100%股权的批复》，同意运裕公司依法合规转让其所持有的新劲公司100%的股权。2017年3月29日，运裕公司通过北交所公开挂牌转让其持有的新劲公司100%的股权。深圳市中苑城商业投资控股有限公司（以下简称中苑城公司）作为意向受让人与运裕公司等就签订案涉项目的产权交易合同等事宜开展磋商。<br/>　　2017年5月9日，港中旅酒店有限公司（中旅公司的全资子公司）投资管理部经理张欣发送电子邮件给深圳市泰隆金融控股集团有限公司（中苑城公司的上级集团公司）风控法务张瑞瑞。电子邮件的附件《产权交易合同》，系北交所提供的标准文本，载明甲方为运裕公司，乙方为中苑城公司，双方根据合同法和《企业国有产权转让管理暂行办法》等相关法律、法规、规章的规定，就运裕公司向中苑城公司转让其拥有的新劲公司100%股权签订《产权交易合同》。合同第十六条管辖及争议解决方式：16.1本合同及产权交易中的行为均适用中华人民共和国法律；16.2有关本合同的解释或履行，当事人之间发生争议的，应由双方协商解决；协商解决不成的，提交北京仲裁委员会仲裁。上述电子邮件的附件《债权清偿协议》第十二条约定：本协议适用中华人民共和国法律。有关本协议的解释或履行，当事人之间发生争议的，应由各方协商解决；协商解决不成的，任何一方均有权提交北京仲裁委员会以仲裁方式解决。<br/>　　2017年5月10日，张瑞瑞发送电子邮件给张欣、刘祯，内容为：“附件为我们公司对合同的一个修改意见，请贵公司在基于平等、公平的原则及合同签订后的有效原则慎重考虑加以确认”。在该邮件的附件中，《产权交易合同》文本第十六条“管辖及争议解决方式”修改为“16.1本合同及产权交易中的行为均适用中华人民共和国法律。16.2有关本合同的解释或履行，当事人之间发生争议的，应由双方协商解决；协商解决不成的，提交深圳国际仲裁院仲裁”；《债权清偿协议》文本第十二条修改为“本协议适用中华人民共和国法律。有关本协议的解释或履行，当事人之间发生争议的，应由各方协商解决；协商解决不成的，任何一方均有权提交深圳国际仲裁院以仲裁方式解决”。<br/>　　2017年5月11日13时42分，张欣发送电子邮件给张瑞瑞和中苑城公司高级管理人员李俊，针对中苑城公司对两个合同文本提出的修改意见进行了回应，并表示“现将修订后的合同草签版发送给贵司，请接到附件内容后尽快回复意见。贵方与我司确认后的合同将被提交至北交所及我司内部审批流程，经北交所及我司集团公司最终确认后方可签署（如有修改我司会再与贵司确认）”。该邮件附件《产权交易合同》（草签版）第十六条“管辖及争议解决方式”与《债权清偿协议》（草签版）第十二条和上述5月10日张瑞瑞发送给张欣、刘祯的电子邮件附件中的有关内容相同。同日18时39分，张瑞瑞发送电子邮件给张欣，内容为“附件为我司签署完毕的《产权交易合同》（草签版）及《债权清偿协议》（草签版）、项目签约说明函等扫描件，请查收并回复”。该邮件附件《产权交易合同》（草签版）和《债权清偿协议》（草签版）的管辖及争议解决方式的内容与张欣在同日发送电子邮件附件中的有关内容相同。中苑城公司在合同上盖章，并将该文本送达运裕公司。<br/>　　2017年5月17日，张欣发送电子邮件给李俊，载明：“深圳项目我司集团最终审批流程目前正进行中，如审批顺利计划可在本周五上午在北京维景国际大酒店举办签约仪式，具体情况待我司确认后通知贵司。现将《产权交易合同》及《债权清偿协议》拟签署版本提前发送给贵司以便核对。”该邮件附件1为《股权转让项目产权交易合同》（拟签署版），附件2为《股权转让项目债权清偿协议》（拟签署版）。上述两个合同文本中的仲裁条款仍与草签版相同。<br/>　　2017年10月27日，运裕公司发函中苑城公司取消交易。2018年4月4日，中苑城公司根据《产权交易合同》（草签版）第16.2条及《债权清偿协议》（草签版）第十二条的约定，向深圳国际仲裁院提出仲裁申请，将运裕公司等列为共同被申请人。在仲裁庭开庭前，运裕公司等分别向广东省深圳市中级人民法院提起诉讼，申请确认仲裁协议不存在。该院于2018年9月11日立案，形成了本案和另外两个关联案件。在该院审查期间，最高人民法院认为，本案及关联案件有重大法律意义，由国际商事法庭审查有利于统一适用法律，且有利于提高纠纷解决效率，故依照民事诉讼法第三十八条第一款、《最高人民法院关于设立国际商事法庭若干问题的规定》第二条第五项之规定，裁定本案由最高人民法院第一国际商事法庭审查。</p>","<p>　　最高人民法院认为：运裕公司在中苑城公司申请仲裁后，以仲裁条款未成立为由，向人民法院申请确认双方之间不存在有效的仲裁条款。虽然这不同于要求确认仲裁协议无效，但是仲裁协议是否存在与是否有效同样直接影响到纠纷解决方式，同样属于需要解决的先决问题，因而要求确认当事人之间不存在仲裁协议也属于广义的对仲裁协议效力的异议。仲裁法第二十条第一款规定：“当事人对仲裁协议的效力有异议的，可以请求仲裁委员会作出决定或者请求人民法院作出裁定。据此，当事人以仲裁条款未成立为由要求确认仲裁协议不存在的，属于申请确认仲裁协议效力案件，人民法院应予立案审查。”<br/>　　在确认仲裁协议效力时，首先要确定准据法。涉外民事关系法律适用法第十八条规定：“当事人可以协议选择仲裁协议适用的法律。当事人没有选择的，适用仲裁机构所在地法律或者仲裁地法律。”在法庭询问时，各方当事人均明确表示同意适用中华人民共和国法律确定案涉仲裁协议效力。因此，本案仲裁协议适用中华人民共和国法律。<br/>　　仲裁法第十六条第一款规定：“仲裁协议包括合同中订立的仲裁条款和以其他书面方式在纠纷发生前或者纠纷发生后达成的请求仲裁的协议。”可见，合同中的仲裁条款和独立的仲裁协议这两种类型，都属于仲裁协议，仲裁条款的成立和效力的认定也适用关于仲裁协议的法律规定。<br/>　　仲裁协议独立性是广泛认可的一项基本法律原则，是指仲裁协议与主合同是可分的，互相独立，它们的存在与效力，以及适用于它们的准据法都是可分的。由于仲裁条款是仲裁协议的主要类型，仲裁条款与合同其他条款出现在同一文件中，赋予仲裁条款独立性，比强调独立的仲裁协议具有独立性更有实践意义，甚至可以说仲裁协议独立性主要是指仲裁条款和主合同是可分的。对于仲裁协议的独立性，中华人民共和国法律和司法解释均有规定。仲裁法第十九条第一款规定：“仲裁协议独立存在，合同的变更、解除、终止或者无效，不影响仲裁协议的效力。”从上下文关系看，该条是在仲裁法第十六条明确了仲裁条款属于仲裁协议之后，规定了仲裁协议的独立性。因此，仲裁条款独立于合同。对于仲裁条款能否完全独立于合同而成立，仲裁法的规定似乎不是特别清晰，不如已成立合同的变更、解除、终止或者无效不影响仲裁协议效力的规定那么明确。在司法实践中，合同是否成立与其中的仲裁条款是否成立这两个问题常常纠缠不清。但是，仲裁法第十九条第一款开头部分“仲裁协议独立存在”，是概括性、总领性的表述，应当涵盖仲裁协议是否存在即是否成立的问题，之后的表述则是进一步强调列举的几类情形也不能影响仲裁协议的效力。《最高人民法院关于适用〈中华人民共和国仲裁法〉若干问题的解释》第十条第二款进一步明确：“当事人在订立合同时就争议达成仲裁协议的，合同未成立不影响仲裁协议的效力。”因此，在确定仲裁条款效力包括仲裁条款是否成立时，可以先行确定仲裁条款本身的效力；在确有必要时，才考虑对整个合同的效力包括合同是否成立进行认定。本案亦依此规则，先根据本案具体情况来确定仲裁条款是否成立。<br/>　　仲裁条款是否成立，主要是指当事人双方是否有将争议提交仲裁的合意，即是否达成了仲裁协议。仲裁协议是一种合同，判断双方是否就仲裁达成合意，应适用合同法关于要约、承诺的规定。从本案磋商情况看，当事人双方一直共同认可将争议提交仲裁解决。本案最早的《产权交易合同》，系北交所提供的标准文本，连同《债权清偿协议》由运裕公司等一方发给中苑城公司，两份合同均包含将争议提交北京仲裁委员会仲裁的条款。之后，当事人就仲裁机构进行了磋商。运裕公司等一方发出的合同草签版的仲裁条款，已将仲裁机构确定为深圳国际仲裁院。就仲裁条款而言，这是运裕公司等发出的要约。中苑城公司在合同草签版上盖章，表示同意，并于2017年5月11日将盖章合同文本送达运裕公司，这是中苑城公司的承诺。根据合同法第二十五条、第二十六条相关规定，承诺通知到达要约人时生效，承诺生效时合同成立。因此，《产权交易合同》《债权清偿协议》中的仲裁条款于2017年5月11日分别在两个合同的各方当事人之间成立。之后，当事人就合同某些其他事项进行交涉，但从未对仲裁条款有过争议。鉴于运裕公司等并未主张仲裁条款存在法定无效情形，故应当认定双方当事人之间存在有效的仲裁条款，双方争议应由深圳国际仲裁院进行仲裁。虽然运裕公司等没有在最后的合同文本上盖章，其法定代表人也未在文本上签字，不符合合同经双方法定代表人或授权代表签字并盖章后生效的要求，但根据《最高人民法院关于适用〈中华人民共和国仲裁法〉若干问题的解释》第十条第二款的规定，即使合同未成立，仲裁条款的效力也不受影响。在当事人已达成仲裁协议的情况下，对于本案合同是否成立的问题无需再行认定，该问题应在仲裁中解决。综上，运裕公司的理由和请求不能成立，人民法院驳回其申请。</p>","<p>1.当事人以仲裁条款未成立为由请求确认仲裁协议不存在的，人民法院应当按照申请确认仲裁协议效力案件予以审查。<br/>　　2.仲裁条款独立存在，其成立、效力与合同其他条款是独立、可分的。当事人在订立合同时对仲裁条款进行磋商并就提交仲裁达成合意的，合同成立与否不影响仲裁条款的成立、效力。</p>","<p>　　《中华人民共和国仲裁法》第16条、第19条、第20条第1款</p>","\N","\N","2026-01-21 10:27:30","2026-01-21 10:27:30","0c88b057504c1a777d7d14e6930e708a","\N","20260426"
"2668","人民法院案例库","https://rmfyalk.court.gov.cn","民事-知识产权权属、侵权纠纷","2024-13-2-487-005","最高人民法院","民事,确认是否落入专利权保护范围,药品专利链接,发明专利,4.1类声明,医药用途,权利要求解释,起诉条件","二审","2023.07.28","02","<p>　　日本某株式会社诉称：其系专利号为200480011401.1、名称为“治疗白介素-6相关疾病的方法”的发明专利（以下简称涉案专利1）、专利号为201511004468.9、名称为“治疗白介素-6相关疾病的方法”的发明专利（以下简称涉案专利2）的权利人。某生物公司申请注册的CXSS2101056国的“托珠单抗注射液”（以下简称涉案生物类似药）被国家药品监督管理局批准与氨甲蝶呤（MTX）联合使用以治疗类风湿关节炎（RA）。涉案原研药的上市许可持有人已将涉案专利的相关信息登记于专利信息登记平台，并获得公示。托珠单抗是涉案专利权利要求中限定的MRA，某生物公司将涉案生物类似药分别与与氨甲蝶呤和MTX联合使用，用于治疗类风湿关节炎，且涉案生物类似药与涉案原研药具有相同的用法用量。因此，涉案生物类似药的技术方案落入涉案专利1权利要求1-9和涉案专利2权利要求1-5的保护范围。此外，无论是某生物公司在专利信息登记平台所作的专利声明还是在其给涉案原研药上市许可持有人发送的邮件中，其均主张涉案专利权应当被宣告无效，即其承认其申请注册的涉案生物类似药的技术方案落入涉案专利1权利要求1-9和涉案专利2权利要求1-5的保护范围。因此，请求确认涉案生物类似药的技术方案落入涉案专利1权利要求1-9、涉案专利2权利要求1-5的保护范围。<br/>　　<br/>　　某生物公司辩称：涉案专利1和涉案专利2均不属于专利法第七十六条规定的“相关的专利”，日本某株式会社无权依据该规定提起本案诉讼，应当驳回起诉。<br/>　　法院经审理查明：针对涉案专利1相关信息，日本某株式会社已在专利信息登记平台进行了登记。登记的专利类型为生物制品医药用途专利，登记的权利要求为10-18。针对涉案专利2相关信息，日本某株式会社已在专利信息登记平台进行了登记。登记的专利类型为生物制品医药用途专利，登记的权利要求为7-12。<br/>　　为证明涉案原研药落入涉案专利权保护范围，日本某株式会社提交了涉案原研药的药品说明书。说明书“适应症”部分记载：“类风湿性关节炎（RA）：本品用于治疗对改善病情的抗风湿药物（DMARDs）治疗应答不足的中到重度活动性类风湿关节炎（RA）的成年患者。托珠单抗与甲氨蝶呤（MTX）或其它DMARDs联合使用。”说明书“用法用量”部分记载：“托珠单抗的成人推荐剂量是8mg/kg，每4周静脉滴注1次，可与MTX或其它DMARDs药物联用。”说明书“临床试验”部分记载：“每四周给予一次4或8mg/kg的托珠单抗或安慰剂，同时联用稳定剂量的MTX（10-25mg/周）。”<br/>　　专利信息登记平台显示，国家药品监督管理局于2021年12月8日受理了某生物公司提出的涉案生物类似药的注册申请，受理号为CXSS2101056国，剂型为注射剂，规格为80mg/4ml，被仿制药为涉案原研药。针对涉案专利，某生物公司在专利信息登记平台作出4.1类声明。<br/>　　北京知识产权法院于2022年11月24日分别作出（2022）京73民初314、315号民事判决：确认受理号为CXSS2101056国的“托珠单抗注射液”生物类似药的技术方案，落入涉案专利1权利要求1-9的保护范围；落入涉案专利2权利要求1-5的保护范围。宣判后，某生物公司以涉案专利1权利要求1和涉案专利2权利要求1均不属于专利法第七十六条中规定的“与申请注册的药品相关的专利”，日本某株式会社无权提起本案诉讼为由，提出上诉。最高人民法院于2023年7月28日分别作出（2023）最高法知民终2、3号民事裁定：撤销北京知识产权法院（2022）京73民初314、315号民事判决，驳回日本某株式会社的起诉。</p>","<p>　　法院生效裁判认为，本案二审应首先审查日本某株式会社是否有权依据专利法第七十六条提起本案诉讼。当事人依据专利法第七十六条第一款提起的诉讼应系因申请注册的药品相关的专利权产生的纠纷提起的诉讼。该类诉讼解决的并非一般意义上的侵权纠纷，其目的在于在药品上市审评审批阶段提前解决原研药专利权人和化学仿制药、生物类似药、中药同名同方药申请人之间因药品获批后进入生产经营可能导致的专利纠纷。只有原研药本身的技术方案落入专利权利要求的保护范围之内，权利人或利害关系人提起的诉讼才能被认为是具有符合专利法第七十六条第一款规定的权利基础，这是专利法规定该种类型诉讼的应有之意。<br/>　　《最高人民法院关于审理申请注册的药品相关的专利权纠纷民事案件适用法律若干问题的规定》（以下简称药品专利纠纷司法解释）第二条第一款进一步规定：“专利法第七十六条所称相关的专利，是指适用国务院有关行政部门关于药品上市许可审批与药品上市许可申请阶段专利权纠纷解决的具体衔接办法的专利。”《药品专利纠纷早期解决机制实施办法（试行）》（以下简称药品专利纠纷早期解决机制实施办法）即该条规定所指之“具体衔接办法”。药品专利纠纷早期解决机制实施办法第二条第一款规定了药品上市许可持有人在专利信息登记平台上登记的应是在中国境内注册上市的药品相关的专利信息，未在专利信息登记平台登记相关专利信息的，不能适用药品专利纠纷早期解决机制实施办法；第四条第一款规定了登记的具体内容包括“药品与相关专利权利要求的对应关系”。可见，专利法第七十六条第一款所称的“相关的专利”以在专利信息登记平台上登记为前提，而在专利信息登记平台上登记的专利应是在中国境内注册上市的药品相关的专利，并且登记的内容包括药品与相关专利权利要求的对应关系。换言之，根据药品专利纠纷司法解释和药品专利纠纷早期解决机制实施办法的具体规定，原研药技术方案落入专利权利要求的保护范围也是权利人或利害关系人依据专利法第七十六条提起诉讼的必要条件。但专利法和药品专利纠纷司法解释均未将对专利登记信息提出异议规定为依据专利法第七十六条提起诉讼的必要条件。<br/>　　由于现行制度下药品上市许可持有人可以自行在专利信息登记平台进行登记，而登记的专利信息未经审查，故在当事人对于原研药技术方案是否落入涉案专利权的保护范围有争议时，人民法院应当在案件审理过程中对此进行审查；原研药技术方案未落入权利人或利害关系人主张的专利权利要求的保护范围的，应当裁定驳回起诉。本案中，某生物公司原审已明确提出涉案原研药技术方案未落入涉案专利1权利要求1-9和涉案专利2权利要求1-5保护范围的抗辩意见，故应对此进行审查，以判断日本某株式会社提起的本案诉讼是否符合起诉条件。<br/>　　涉案专利1权利要求1应当解释为MRA和氨甲蝶呤在制备用于治疗类风湿关节炎的特定包装形式的药物组合产品中的用途。而涉案原研药产品为托珠单抗注射液，仅在药品说明书中记载可以与氨甲蝶呤联用，即仅涉及单一物质，不构成特定包装形式的药物组合产品，故必然不落入涉案专利权利要求1-9的保护范围。涉案专利2权利要求1中的“重组人源化的抗人白介素6受体单克隆抗体MRA和氨甲蝶呤MTX用于制备治疗类风湿性关节炎的MRA和MTX的组合的用途”应当解释为MRA和MTX在制备用于治疗类风湿关节炎的特定包装形式的药物组合产品中的用途。而涉案原研药产品为托珠单抗注射液，仅在药品说明书中记载可以与MTX联用，即仅涉及单一物质，不构成特定包装形式的药物组合产品，故必然不落入涉案专利权利要求1-5的保护范围。据此，日本某株式会社的起诉不符合专利法第七十六条第一款的规定，应予驳回。</p>","<p>在药品专利链接诉讼案件中，当事人对于原研药技术方案是否落入涉案专利权利要求的保护范围有争议的，人民法院应予审查；原研药技术方案未落入权利人或者利害关系人主张的专利权利要求的保护范围的，应当裁定驳回起诉。</p>","<p>　　《中华人民共和国专利法》第76条第1款<br/>　　《最高人民法院关于审理申请注册的药品相关的专利权纠纷民事案件适用法律若干问题的规定》（法释〔2021〕13号）第2条第1款<br/>　　《药品专利纠纷早期解决机制实施办法（试行）》第2条第1款、第4条第1款</p><br/>######<p>　　一审：北京知识产权法院（2022）京73民初314、315号民事判决（2022年11月24日）<br/>　　二审：最高人民法院（2023）最高法知民终2、3号民事裁定（2023年7月28日）</p>","\N","\N","2026-01-21 10:27:30","2026-01-21 10:27:30","0c97dd84825e536e563a7864f2ec7551","\N","20260426"
"3240","人民法院案例库","https://rmfyalk.court.gov.cn","民事-生态环境保护民事公益诉讼","2023-11-2-466-023","上海海事法院","民事,生态环境保护民事公益诉讼,长江流域,非法捕捞,珍稀水生物,水产种质资源保护区,生态环境敏感区附加损失","一审","2021.07.26","02","<p>　　公益诉讼起诉人上海市人民检察院第三分院诉称：2020年5月，蒋某某、周某某联系蒋某甲等三人至长江流域重点水域以及水产种质资源保护区内进行非法捕捞作业，并由其统一收购，此外蒋某某还雇佣夏某某负责接驳搬运渔获物并协助销售。后上海铁路运输法院作出刑事判决，上述六人均构成非法捕捞水产品罪。六人非法捕捞长江刀鱼及凤尾鱼共计1470.90公斤，价值101673.70元。经鉴定，该非法捕捞致渔业资源直接损失、渔业资源恢复费用及环境敏感区附加损失共计813389.60元。现公益诉讼起诉人提起诉讼，请求：1.判令六被告公开向社会赔礼道歉；2.判令六被告连带赔偿生态环境损害费用813389.60元；3.判令六被告连带支付生态环境损失鉴定费用4000元。<br/>　　蒋某某等六被告辩称：其对公益诉讼起诉人诉称的事实均予以认可，为自身错误行为真诚地向全社会道歉，但提出认定的捕捞渔获物价值过高，并请求法院考虑到其家庭经济困难的情况对其作宽大处理。<br/>　　法院经审理查明：2020年5月4日至9日，被告蒋某甲等三人驾驶船只至长江上海段崇明南门港外侧水域，通过设置数顶深水张网进行非法捕捞，起获渔获物十余次，共计1298.55公斤，接驳后由被告蒋某某、周某某加价出售。同年5月10日，被告周某某、夏某某依事先约定在上海市崇明区城桥镇三沙洪水闸收购被告蒋某某等三人当日在长江上海段崇明南门港外侧水域，通过设置深水张网非法捕捞的渔获物时，被接报赶来的公安机关抓获，公安机关当场查获长江刀鱼10.05公斤、凤尾鱼162.30公斤。六被告非法捕捞的上述1470.90公斤水产品分别为，长江刀鱼（中刀）1.34公斤、长江刀鱼（小刀）58.56公斤、大凤尾鱼54.15公斤、中凤尾鱼145.90公斤、小凤尾鱼1210.95公斤。<br/>　　2020年5月26日，中国水产科学研究院东海水产研究所接受长江航运公安局上海分局委托对被告蒋某某等人在本案中使用的渔具类型进行评估，认定本案被告使用的渔具为双桩张纲张网（俗名或地方名：深水张网、深立方）。该捕捞渔具属于2017年1月18日发布的《农业部关于长江干流禁止使用单船拖网等十四种渔具的通告（试行）》中自2017年7月1日起，青海省曲麻莱县以下至长江河口的长江干流江段全面禁止使用的渔具。<br/>　　2020年5月29日，崇明发改委出具崇发改价定[2020]字第172号《价格认定结论书》认定，上述1470.90公斤水产品价值为人民币101673.70元。长江航运公安局上海分局对六被告的讯问笔录中均记载，六被告对渔获物价值认定无异议，不提出补充鉴定或重新鉴定。2020年12月10日，上海铁路运输法院作出（2020）沪7101刑初417号刑事判决，根据崇明发改委出具的《价格认定结论书》认定了水产品价值，并判决六被告均构成非法捕捞水产品罪，该刑事判决业已生效。<br/>　　上海铁路运输检察院委托司法鉴定科学研究院对被告蒋某某等人非法捕捞水产品致生态环境损害进行价值量化并提出恢复建议。2020年11月17日，司法鉴定科学研究院出具《司法鉴定意见书》认为，该非法捕捞水产品致渔业资源直接损失额为101673.70元，渔业资源恢复费用为305021.10元，生态环境敏感区附加损失额为406694.80元，共计813389.60元。司法鉴定科学研究院本次鉴定费用为4000元。<br/>　　农业农村部2019年12月27日发布的《农业农村部关于长江流域重点水域禁捕范围和时间的通告》要求，长江流域捕捞渔民按照国家和所在地相关政策开展退捕转产，重点水域分类实行禁捕；对于水生生物保护区，即《农业部关于公布率先全面禁捕长江流域水生生物保护区名录的通告》公布的长江上游珍稀特有鱼类国家级自然保护区等332个自然保护区和水产种质资源保护区，自2020年1月1日0时起，全面禁止生产性捕捞，有关地方政府或渔业主管部门宣布在此之前实行禁捕的，禁捕起始时间从其规定；对于长江干流和重要支流除水生生物自然保护区和水产种质资源保护区以外的天然水域，最迟自2021年1月1日0时起实行暂定为10年的常年禁渔，期间禁止天然渔业资源的生产性捕捞，鼓励有条件的地方在此之前实施禁捕，有关地方政府或渔业主管部门宣布在此之前实行禁捕的，禁捕起始时间从其规定。上海市农业农村委员会2020年1月10日发布的《关于上海市实施长江重点水域禁捕的通告》要求，上海市辖区长江干流水域和上海市长江口中华鲟自然保护区、长江刀鲚水产种质资源保护区上海段自2020年1月1日0时起，全面禁止生产性捕捞；除上述以外的长江干流水域，自2020年1月10日起禁止天然渔业资源的生产性捕捞。<br/>　　六被告从事非法捕捞的区域位于长江刀鲚水产种质资源保护区，属于上海市生态保护红线范围,为生态环境敏感脆弱区域。长江刀鲚水产种质资源保护区属于国家级水产种质资源保护区，旨在保护和合理利用具有重要经济价值、遗传育种价值或特殊生态保护和科研价值的水产种质资源及其生存环境。<br/>　　上海海事法院于2021年7月26日作出（2021）沪72民初529号民事判决：（一）六被告应公开向社会赔礼道歉；（二）六被告应连带赔偿生态环境损害费用813389.60元；（三）六被告应连带赔偿生态环境损失鉴定费用4000元。该一审判决已经发生法律效力。</p>","<p>　　法院生效裁判认为：本案系生态环境保护民事公益诉讼案件。根据《中华人民共和国渔业法》第三十条及《农业部关于长江干流禁止使用单船拖网等十四种渔具的通告（试行）》《关于上海市实施长江重点水域禁捕的通告》，上海市辖区长江干流水域和上海市长江口中华鲟自然保护区、长江刀鲚水产种质资源保护区上海段自2020年1月1日0时起，全面禁止生产性捕捞；除上述以外的长江干流水域，自2020年1月10日起禁止天然渔业资源的生产性捕捞。本案中，六被告的行为违反了上述法律规定，且六被告的行为构成共同实施非法捕捞行为。<br/>　　《中华人民共和国环境保护法》第六十四条规定，因污染环境和破坏生态造成损害的，应当依照《中华人民共和国侵权责任法》的有关规定承担侵权责任。根据《中华人民共和国侵权责任法》第八条规定，六被告从组织实施非法捕捞、实际从事非法捕捞直至出售非法捕捞所得渔获物等各环节形成了完整的侵权链条，六被告对长江天然渔业资源和水生生态环境造成的损害，构成共同侵权，应依法承担连带侵权责任。<br/>　　关于赔偿生态环境损失的诉讼请求。2015年《最高人民法院关于审理环境民事公益诉讼案件适用法律若干问题的解释》第二十条规定，环境无法完全修复的，可以准许采用替代性修复方式，人民法院可以在判决被告修复生态环境的同时，确定被告不履行修复义务时应承担的生态环境修复费用，也可以直接判决被告承担生态环境修复费用，生态环境修复费用包括制定、实施修复方案的费用，修复期间的监测、监管费用，以及修复完成后的验收费用、修复效果后评估费用等。由于六被告实施非法捕捞水产品的区域位于长江刀鲚水产种质资源保护区，属于上海市生态保护红线范围，为生态环境敏感脆弱区域，该区域渔业资源恢复难度大，且非法捕捞行为不仅会造成被捕捞鱼类种群衰退，而且会引发生物链结构的受损以及生态系统功能的退化，六被告应就该区域特殊生态环境服务功能损失承担附加赔偿责任。据司法鉴定科学研究院出具的《司法鉴定意见书》，案涉非法捕捞水产品致渔业资源直接损失额为101673.70元，渔业资源恢复费用为305021.10元，生态环境敏感区附加损失额为406694.80元，共计813389.60元。公益诉讼起诉人据此要求六被告连带赔偿生态环境损失813389.60元，合法有据，应予支持。</p>","<p>在生态环境敏感区域实施非法捕捞行为，造成被捕捞水生生物种群衰退、水域生物链结构受损、生态系统功能退化等生态环境损害，国家规定的机关或者法律规定的组织主张侵权人就该区域特殊生态环境服务功能损害承担附加赔偿的，人民法院可以结合侵权行为严重程度依法予以支持。</p>","<p>　　《中华人民共和国长江保护法》第39条<br/>　　《中华人民共和国环境保护法》第29条、第64条<br/>　　《中华人民共和国民法典》第179条、第187条、第1168条（本案适用的是《中华人民共和国侵权责任法》第4条、第8条、第15条）<br/>　　《中华人民共和国渔业法》第30条<br/>　　《最高人民法院关于审理环境民事公益诉讼案件适用法律若干问题的解释》（2020年修正）第18条、第20条、第22条（本案适用的是《最高人民法院关于审理环境民事公益诉讼案件适用法律若干问题的解释》（2015年施行）第18条、第20条、第22条）</p><br/>######<p>　　一审：上海海事法院（2021）沪72民初529号民事判决（2021年7月26日）</p>","\N","\N","2026-01-21 10:27:30","2026-01-21 10:27:30","0c9895b0efd6c6cfe5cde07bcc74c1b8","\N","20260426"
"6156","多元解纷案例库","https://dyjfalk.court.gov.cn/site/case/baac3877-e314-4bb3-b65b-4b23043a0d8b","民事-商标权权属、侵权纠纷","D2025-161-1-159-883","利辛县人民法院","民事,商标权权属、侵权纠纷,图形商标,知识产权行业调解,法院指导调解","","2025-12-03","\N","某食品公司依法通过商标转让取得第132915X号图形商标的所有权，使用于菠萝啤商品。2022年上半年, 食品公司发现某电子商务公司生产、销售的菠萝啤果味汽水包装使用了与132915X号图形商标近似的包装,足以使普通消费者在一般注意力的情况下将两者混淆,构成商标侵权。某食品公司申请某公证处进行了相关的证据保全,取得了公证书并向法院提起诉讼，要求电子商务公司停止侵权并赔偿其经济损失。","法院收到当事人起诉材料后，征得双方当事人同意，委托知识产权行业调解组织开展先行调解。 一是梳理案情，了解双方诉求。调解员收到案件材料后，首先梳理案情，经评估发现案件标的额较大，调解案件存在一定难度。调解员分别与双方当事人联系。一方面，与某食品公司沟通，了解其具体诉求和期望的赔偿金额；另一方面，与电子商务公司沟通，进行释法说理。电子商务公司承认侵权行为，愿意赔偿，但认为食品公司要求的金额过高，无法接受。 二是多轮沟通，释法明理。调解员随后就赔偿金额问题组织进行多轮沟通协商。电子商务公司提出，已更换侵权汽水包装，承诺不再生产销售，希望降低赔偿额。某食品公司表示，因地域距离等因素，无法亲自核实电子商务公司是否真正更换包装、有无库存侵权商品，对调解解决存在顾虑。调解员认为，系食品公司对对方履行承诺缺乏信任，导致调解停滞。 三是实地核查，促推化解。为寻找新的突破点，调解员分析发现，某食品公司核心诉求是确保电子商务公司停止侵权，且在停止侵权的情况下赔偿金额的协商空间较大。为此调解员向食品公司提议，可代为核实电子商务公司履约情况，但食品公司因信任问题拒绝此方案。为打消食品公司顾虑，调解员主动联系法院，说明案件僵局及难点，请求法院协助核实电子商务公司履约情况。法院指派知识产权法官前往电子商务公司工厂实地勘察生产车间和库房，并取证拍照并发送给食品公司，证明已更换包装、无库存侵权商品。法院实地核查成功消除了食品公司的顾虑，其表示同意降低赔偿金额。法官在现场勘察时，同步进行了普法宣传，电子商务公司也认识到侵权行为的严重性，表示愿意提高赔偿金额。最终双方就赔偿金额达成一致意见。","本案系侵害商标权纠纷，具有案件标的额高、涉及范围广、和解难度大等特点。对此类纠纷的化解，需兼顾权利保护与市场主体存续问题。本案中，法院委托知识产权调解委员会开展调解，充分发挥其专业优势，由知识产权调解员前端“摸底焦点+先行介入”，充分与双方当事人沟通，精准锁定争议核心与利益诉求。调解过程中，针对双方信任缺失症结，法院发挥指导调解职能，基于调解员反馈准确把握案件焦点，运用专业权威释法明理，促成双方达成具有可行性的赔偿方案，兼顾当事人合法权益保护和企业生存发展，实现纠纷一次性实质化解。同时，在调解过程中注重知识产权法治教育，促使当事人认识侵权后果，规范经营行为，从源头上预防和减少纠纷，助力企业长远健康发展。","《中华人民共和国商标法》第42条、第57条、第63条","\N","","2026-01-27 09:48:36","2026-02-03 09:40:16","0ca7f1a0a9bba4c05fc4f4501edc8f5a","\N","20260426"
"12322","多元解纷案例库","https://dyjfalk.court.gov.cn/site/case/d35e2517-d2d8-49ad-b2a9-759d4a5cb112","民事-买卖合同纠纷","D2026-161-1-084-089","凤阳县人民法院","民事,买卖合同纠纷,欠付货款,轻微质量瑕疵,电力技术专家参与化解","","2026-02-27","\N","2023年6月9日，某电源公司与某光伏公司签订一份《设备采购合同》，约定某光伏公司向某电源公司订购一批电源设备，合同金额32万元。合同签订后，某电源公司向某光伏公司供应了电源设备，但某光伏公司以部分产品存在质量瑕疵为由，一直拖欠剩余货款9.6万元。某电源公司多次催要无果，遂诉至法院，要求某光伏公司支付剩余货款及利息。","法院收到起诉材料后，经研判认为，虽然本案标的额不大，但如不能高效化解，可能影响企业后续经营，为此，经征得当事人同意，决定依托与该地区产业园管委会建立的多元解纷机制，与该管委会组建调解小组，开展先行调解工作。 一是梳理案情，固定焦点。调解小组积极与双方当事人联系后了解到，某光伏公司认可欠付货款的事实，但表示在生产过程中发现某电源公司提供的电源设备存在严重质量瑕疵，影响其光伏玻璃生产线实时监测和数据分析功能的正常运行；某电源公司极力否认其提供的电源设备存在质量问题，并表示电源设备进场时某光伏公司已经派专人验收签字。双方对于涉案电源设备是否存在质量问题争执不下。 二是现场查验，厘清责任。调解小组邀请相关电力技术专家与双方当事人一同前往某光伏公司实地查验涉案电源设备运行状况，发现部分电源设备存在接线松动、散热不良、参数设置偏差等问题。调解员向某电源公司释明出卖人应当按照约定的质量向买受人交付质量合格的标的物以及出卖人应当承担的维修义务，指出其交付的电源设备确实存在质量问题；同时，也向某光伏公司指出涉案电源设备存在的问题系轻微质量瑕疵，经维修后不会影响设备实际投入使用，并从时间、金钱成本及商业信誉等方面向其释明相关法律后果。同时，调解员结合相关法律法规及类似裁判案例，引导双方当事人对损失形成合理预期。 三是促成和解，跟踪履行。事实查明后，调解小组组织双方现场调解，在电力技术专家见证下，某电源公司派专人上门维修有质量问题的电源设备，在确保电源设备能正常运转后，某光伏公司支付了剩余货款9.6万元，某电源公司放弃了利息部分的诉讼请求。调解成功后，调解小组督促某电源公司后期加强运维管理，确保设备参数正常和运行状态良好，并借助管委会地域优势，由管委会工作人员后续适时跟踪回访。该案成功化解后，有力推动地方出台全国首个针对光伏产业发展的地方性法规，为当地光伏产业健康发展提供有力法治保障。","本案系因拖欠货款引发的买卖合同纠纷，涉及产品质量瑕疵，案涉标的额不大，但若不能妥善化解，可能影响当地光伏产业健康发展。本案中，法院聚焦企业解纷需求，依托与当地产业园区管委会建立的多元解纷机制，开展先行调解工作。调解过程中，管委会立足“纾困解难”职能，发挥其掌握区域企业实情的优势，主动靠前服务，深入调研诊断企业经营困境，积极邀请电力专家参与，充分发挥技术人员专业优势，实地走访查明案件事实，通过说情、说理、说法，引导双方形成合理预期，并适时跟踪回访后续运维管理情况；法院充分发挥指导调解职能，适时提供专业法律意见，清晰释明买卖合同规定及质量瑕疵法律后果，通过双方合力，促使纠纷高效化解。调解成功后，结合本地光伏产业发展现状，积极推动该地区出台首个针对光伏产业发展的地方性法规，实现案结事了人和与行业治理的多重效果，助力优化营商环境。","《中华人民共和国民法典》第509条、第577条、第582条、第615条、第626条","\N","","2026-02-27 17:02:07","2026-03-06 17:01:14","0cb16959fc257c8e5db909c4ab3d9ae8","\N","20260426"
"6525","多元解纷案例库","https://rmfyalk.court.gov.cn","民事-相邻关系纠纷","D2025-161-1-053-532","泗洪县人民法院","民事,相邻关系纠纷,入户门外开,多部门联动,“四联一访”工作法","","2025-08-19","\N","董某与袁某、许某夫妻二人系同一楼层邻居。董某出门需经过袁某、许某家门口。袁某、许某家的入户门本系内开，后其将入户门改为外开并提升了入户门高度。入户门外开堵塞楼道影响董某通行。董某要求袁某、许某将入户门恢复原状未果，诉至法院。","法院收到起诉材料后，考虑到当事人双方系邻居，为了防止激化矛盾，故在向当事人释明并征得当事人同意后，委托人民调解员开展先行调解工作，并指派处理相邻权纠纷经验丰富的法官指导调解员运用“四联一访”工作法开展以下工作： 一是联合研判纠纷成因。调解员收到案件材料后，迅速开展“案件研判”工作，向城管、街道司法所、社区居委会、物业公司等单位了解案件相关情况，由社区工作人员提供历史背景信息，如双方过往关系、社区调解记录等；由街道司法所提供过往类似调解案例；由城管部门针对私改入户门开关方向问题给出行政执法方面的专业意见。 二是联合勘察争议现场。对案件初步研判后，调解员向指导法官报告后，开展“联合勘察”，邀请城管、街道司法所、社区居委会、物业公司等单位共同前往争议现场。通过实地走访，直观了解纠纷的具体情况。从现场勘验情况看，袁某、许某将入户门外开，确实存在堵塞楼道影响董某通行的情况。 三是联合疏导对立情绪。调解员联合城管、司法所、社区、物业、律师共同介入，采用“倾听—共情—宣泄—引导”四步法进行心理疏导。首先，耐心倾听双方诉求，避免打断或评判，让当事人感受到被尊重。其次，运用“同理心”技巧，站在双方角度分析问题，通过共情表达有效降低对立情绪。随后，允许当事人适度宣泄不满，避免负面情绪积压。最后，适时引导双方回归理性讨论，强调“远亲不如近邻”的传统观念，并提出可行的解决方案。 四是联合协商化解方案。协商过程采取“背对背”与“面对面”相结合的方式：“背对背”沟通——各单位分别与双方当事人单独交流，了解其实际诉求，寻找可能的解决方案。“面对面”协商——在各方参与下，提出调解建议，如恢复入户门开门方向，恢复入户门高度等。相关部门则从专业角度补充意见，如城管部门告知私改入户门的违法性并解读具体规定，社区提供公共资源支持。协商方案同时兼顾法律与情理，给予袁某、许某合理整改期限。 五是事后回访防止反复。调解员在调解后10日内进行回访，确保协议落实。经调解员回访，袁某、许某已经主动将入户门恢复原开关方向,并将入户门高度恢复到原来的高度，双方关系和好如初。","相邻关系纠纷发生于邻里之间，处理不好，易影响到邻里关系。通过诉讼方式处理此类纠纷，容易激化矛盾，在双方当事人心中留下芥蒂，不利于日后邻里关系的修复。本案中，通过联动城管、司法所、社区等其他相关部门进行联调联处，充分发挥各相关单位在化解邻里纠纷方面的优势，共同开展释法说理工作。调解过程中，本着方便生活、团结互助、公平合理的原则，运用“四联一访”工作法，情理法并用，通过法院指导、人民调解员实施、多部门协作，实现“研判—勘察—调解—回访—巩固”全流程闭环化解，最终让袁某、许某认识到行为的错误性，并主动纠正错误行为，双方握手言和，不仅高效化解纠纷，也修复了邻里关系，解“法结”更解“心结”。","《中华人民共和国民法典》第288条","\N","","2026-01-27 09:49:48","2026-01-27 09:49:48","0cb1e1c72afbef67ba7693041be4b8a6","\N","20260426"
"3427","人民法院案例库","https://rmfyalk.court.gov.cn","民事-公司解散纠纷","2023-08-2-283-001","最高人民法院","民事,公司解散纠纷,公司僵局,大股东侵害小股东权利,法定持股比例","再审","2021.12.20","02","<p>　　2017年，邢某等人作为小股东提起公司解散诉讼，理由为威海市某宾馆有限公司（以下简称威海公司）的大股东侵害小股东知情权，在小股东不知情的情况下，擅自对威海公司所有的酒店大楼进行拆除改造，并加盟亚朵酒店。原审期间，威海公司存在增减资行为。原审法院认为，2015年7月15日，威海公司召开股东会，至邢某等人2017年5月17日起诉时不足两年，说明威海公司能够形成有效决议，股东之间的其他矛盾虽然对抗很大，但未形成公司僵局，故驳回邢某等人的诉讼请求。二审判决作出后，威海公司大股东通过收购其他股东股权，登记的持股比例高达91.1992%，邢某等人的持股比例下降至不足10%，邢某等人申请再审要求解散公司。同时，邢某等人还在再审审查过程中，提交证据证明大股东通过关联交易、虚构费用或债务等方式掏空威海公司资产，造成公司经营亏损，公司继续存续将导致小股东利益受损，故要求解散公司。<br/>　　邢某等人申请再审称：原判决存在《中华人民共和国民事诉讼法》第二百条第一项、第四项、第五项、第六项、第十项规定的情形，应予再审。主要事实和理由为：一、新证据足以推翻原判决。新证据证明威海市某宾馆有限公司经营管理发生严重困难且继续存续会使股东利益受到重大损失等情况持续存在，并未因原判决不解散公司而得到改变，还愈演愈烈。威海公司的大股东无视邢某等人，双方的沟通只能通过诉讼方式进行，股东之间的对抗进一步加剧，且无法通过其他途径解决，公司僵局持续存在。二、原判决认定事实的主要证据未经质证。邢某等人在二审中提交的新证据即姜某与公司原大股东、法定代表人于某的电话录音，威海公司虽对该证据的真实性提出异议，但并非该通话的当事人，在于某未到庭亦未提出异议的情形下，二审法院未向于某核实，即对该证据的真实性不予认可，这种流于形式的“质证”与未组织质证没有区别。三、一审法院应当调查收集证据但未调查收集。对于冯某代表威海公司与某酒店管理有限公司（以下简称酒店公司）签订的加盟协议，一审中于某的代理律师当庭授意冯某撕毁该加盟合同，邢某等人当场要求法院责令威海公司提供该合同，但原审法院置之不理，后邢某等人申请法院调取庭审录像以还原庭审真实情况也未果。四、原判决适用法律错误。原审法院认为威海公司并未陷入僵局，依然可以作出有效的股东会决议并维持日常经营，不符合法律规定的公司解散的情形，该认定错误。（一）威海公司经营管理发生严重困难。威海公司小股东提起公司解散诉讼的导火索是酒店大楼被进行拆除改造。冯某与威海公司原大股东于某、鞠某恶意串通，先通过威海某房屋租赁有限公司（以下简称威海租赁公司）以高价象征性购买0.5%股权，取得股东资格后再低价购买于某、鞠某全部股权，剥夺原股东在同等条件下的优先购买权。由于小股东的股权被非法稀释、权利被架空，大股东可以随意控制股东会并出具非法股东会决议，威海公司的股东会已经名存实亡。至于监事会方面，威海公司自2014年停业后从未召开过监事会。可见，威海公司已经被冯某代表的第一大股东威海租赁公司控制，邢某等人作为威海公司第二大股东无法行使任何正常权利，无法通过委派董事参与公司经营管理，威海公司的内部机构不能正常运转，陷入僵局，且威海公司的所有者权益在公司解散诉讼期间逐渐成为负数。（二）威海公司继续存续会使股东利益受到重大损失。威海公司因经营困难需要对外融资1500万元偿还装修酒店大楼的债务，证明威海公司原审关于经营红火的陈述不实，邢某等人投资威海公司的目的无法实现，威海公司继续存续会使股东利益遭受更大损失。（三）公司僵局通过其他途径不能解决。邢某等人无法行使股东权利，不得不通过起诉的方式行使知情权。此外，威海公司股东之间长期冲突，通过其他途径不能解决冲突，已失去继续合作的基础，公司解散的条件已经成就。（四）本案起诉至今威海公司未召开过股东会，形成公司僵局。邢某等人提起本案诉讼时，威海公司长达两年未召开股东会。根据邢某等人收集威海公司的工商资料显示，威海公司于2019年8月可能召开过股东会，2020年12月14日召开过股东会但被判决撤销。截至目前，威海公司已持续两年没有召开股东会，符合公司持续两年以上无法召开股东会而应予解散的情形。五、原审法院未经传票传唤，缺席判决，程序违法。一审第三人宫某在二审期间死亡，二审法院明知需等待其继承人表明是否参加诉讼，但却未经传票传唤即缺席判决，程序不当。六、关于本案的其他程序问题。于某、鞠某、曲某等人在二审中均无诉讼代理人，亦未到庭参加庭审，二审判决却有其答辩意见。如果上述人员提交书面答辩意见，二审法院未送达给邢某等人，程序不当。<br/>　　威海公司提交意见称：一、邢某等人提交的所谓新证据不足以推翻原判决。王某、邢某等起诉形成的股东知情权纠纷，与本案是两个不同的法律关系。该判决生效后，威海公司已经安排财务人员提供文件资料供小股东查阅，保障了小股东的知情权。邢某等人提交的其他证据与公司的经营管理无关，不能作为公司解散的证据材料。二、姜某与于某的通话录音已经当庭质证。三、威海公司签订的加盟酒店公司的合同是公司具体对外经营行为，证明公司积极拓展业务并不处于需要解散的境地，法院无需调查收集该证据。四、邢某等人的其他申请再审理由均没有事实依据。五、邢某等人申请解散公司只是手段，要求大股东高价收购其股权才是目的。综上，请求驳回邢某等人的再审申请。<br/>　　于某提交意见称：一、威海公司现在经营正常，公司的股东会、董事会能够有效决策，不存在经营困难。二、于某作为威海公司的前股东，依法转让股份，符合法律规定，未侵害其他股东权利，且在转让股权前，已告知各持股人。三、威海公司是威海市的标志性企业，虽然经历了困难，但均已被克服。综上，请求驳回邢某等人的再审申请。<br/>　　山东省威海市中级人民法院于2019年12月13日作出（2017）鲁10民初128号民事判决：驳回邢某等人的诉讼请求。宣判后，邢某等人提出上诉。山东省高级人民法院于2020年6月22日作出（2020）鲁民终733号民事判决：驳回上诉，维持原判。宣判后，邢某等人申请再审。最高人民法院于2021年12月20日作出（2021）最高法民申304号民事裁定：驳回邢某等人的再审申请。</p>","<p>　　法院生效裁判认为，邢某等人的再审申请理由不成立。<br/>　　一、邢某等人提交的新证据不足以推翻原判决<br/>　　再审审查阶段，邢某等人提交17份材料作为新证据。第一组证据：证据1（2020）鲁1002民初4760号民事判决，证据2（2021）鲁1002执232号结案通知，证据3（2020）鲁1002民初6689号民事判决，证据4（2021）鲁1002执391号结案通知。拟证明：股东行使知情权只能通过诉讼方式进行，且法院判决后威海公司也不履行义务，只能申请法院强制执行，邢某等人的股东权利基本丧失，无法参与公司的决策与管理。第二组证据：证据5执行情况反映，证据6是2020年12月13日部分再审申请人收到的威海公司召开股东会短信通知，证据7是2020年12月14日威海公司作出的股东会决议，证据8（2020）鲁1002民初352号民事判决，证据9（2021）鲁10民终1002号民事判决。拟证明：威海公司需要融资经营，经营严重困难，威海公司召开股东会，仅通知部分股东，到会股东提出程序违法并在股东会上反对，但依然能够形成股东会决议，决议损害威海公司的利益，后被判决撤销。第三组证据：证据10（2020）鲁1002民初5934号民事判决，证据11《威海公司专项审计报告》，证据12调整分录、其他应收款内调入外账明细，证据13不动产登记资料查询结果证明,证据14威海公司社会保险账户信息。拟证明：冯某代表的大股东违法经营，通过关联交易、虚构费用或债务等方式掏空公司，继续经营损害股东利益。第四组证据：证据15邢某等人于2021年6月28日向山东省威海市中级人民法院（以下简称威海中院）提交的《调取庭审录像申请书》,证据16威海中院于2021年7月21日针对调取庭审录像的询问笔录，证据17威海中院于2018年11月16日针对庭审录像丢失问题组织的询问笔录。拟证明：对于威海公司加盟酒店公司的关键事实，小股东不知情，未经过正常决策程序，并且威海公司代理律师曾当庭授意撕毁加盖虚假印章的加盟合同，冯某代表的大股东肆意践踏小股东的利益，大股东与小股东之间存在冲突。<br/>　　再审审查过程中，邢某等人还申请证人刘某出庭作证，拟证明：刘某协助查账的结果是威海公司连续亏损，冯某作为大股东的实际控制人对威海公司管理混乱，违法经营，存在大量掏空公司资产的违法行为，使股东的利益受到重大的损失。<br/>　　法院生效裁判认为，根据《最高人民法院关于适用〈中华人民共和国公司法〉若干问题的规定（二）》第一条第一款规定：“单独或者合计持有公司全部股东表决权百分之十以上的股东，以下列事由之一提起解散公司诉讼，并符合公司法第一百八十二条规定的，人民法院应予受理：（一）公司持续两年以上无法召开股东会或者股东大会，公司经营管理发生严重困难的；（二）股东表决时无法达到法定或者公司章程规定的比例，持续两年以上不能做出有效的股东会或者股东大会决议，公司经营管理发生严重困难的；（三）公司董事长期冲突，且无法通过股东会或者股东大会解决，公司经营管理发生严重困难的；（四）经营管理发生其他严重困难，公司继续存续会使股东利益受到重大损失的情形。”第二款规定“股东以知情权、利润分配请求权等权益受到损害，或者公司亏损、财产不足以偿还全部债务，以及公司被吊销企业法人营业执照未进行清算等为由，提起解散公司诉讼的，人民法院不予受理。”该规定对公司解散诉讼情形作出了明文规定，因此判断威海公司应否解散，应严格依据该规定判断。<br/>　　从邢某等人提交的上述证据材料来看，第一组证据、第四组证据均与小股东知情权有关，第二组证据与公司经营亏损有关，第三组证据是关于大股东滥用股东权利，侵害小股东利益，证人证言涉及的内容也是公司经营亏损以及大股东滥用股东权利。因此，上述证据材料均不能证明本案符合前述规定的公司应当解散情形，尤其是知情权、公司亏损等事由已为第二款明文规定并非公司解散情形。综上，邢某等人提交的新证据不足以推翻原判决。<br/>　　二、邢某等人主张原审适用法律错误应予再审的理由不成立<br/>　　根据原审查明的事实，威海公司曾于2015年7月15日召开过股东会，并形成决议，该时间距邢某等人提起本案诉讼之日即2017年5月17日不足两年。再审审查中，邢某等人向法院提交的《2021年9月24日公司股权明细表》（以下简称《股权明细表》）载明：威海租赁公司一审期间受让于某全部股权，受让鞠某股权0.5%。威海公司在2017年7月16日至10月21日存在增减资行为。威海租赁公司于2021年1月22日（二审判决作出后）受让鞠某、曲某全部股权，并于该日进行工商变更登记，威海租赁公司登记的持股比例为91.1992%，但该持股比例包括鞠某在先已转让给马某尚未办理工商变更登记的份额，扣除该份额，实际持股比例为90.8055%。而根据原审查明的事实，2017年2月4日，于某工商登记持有威海公司39.82%的股权、鞠某则持有34.14%，其二人是威海公司的前两大股东，其余股东持股比例均不足5%。可见，在本案一审期间，威海租赁公司持有威海公司40.32%股权，系威海公司第一大股东，二审判决作出后其持股91.1992%，即使扣除在先已转让给马某的份额，持股比例仍高达90.8055%，绝对控股威海公司，能够召开股东会并做出有效决议。同时也表明，提起本案诉讼的邢某等人持有的股份已经不足10%，不符合提起解散公司诉讼的条件。事实上，邢某等人也认可其提起诉讼之后，根据其查询的工商材料显示威海公司于2019年8月召开了股东会。本案二审判决系2020年6月作出，二审判决作出后，威海公司是否召开股东会，不属于本案审查的范围。原判决认定威海公司可以做出有效的股东会决议、不存在公司日常经营管理发生严重困难，据此判决驳回邢某等人要求解散公司的诉讼请求，适用法律并无不当。<br/>　　如威海公司存在小股东知情权被侵犯或大股东滥用权利损害小股东利益的情形，亦非公司解散的法定事由，可另循途径解决。<br/>　　三、邢某等人关于原审程序违法应予再审的理由不成立<br/>　　（一）关于质证的理由。对于姜某与于某的电话录音证据，邢某等人认可该证据经过质证，只是认为原审未向于某核实即直接未采信该证据，相当于未质证。法院认为，原审未采信该证据，是证据采信问题，不属于未经质证的情形。<br/>　　（二）关于调查收集证据的理由。邢某等人主张，其要求一审法院责令威海公司提供冯某代表威海公司签订加盟酒店公司的合同，但一审法院置之不理，后请求查阅庭审录像也未果，原审存在应当调查取证而未调查取证的情形。法院认为，要求法院责令对方提供证据、请求查阅庭审录像均非调查取证申请。且邢某等人作为新证据向法院提交的其向威海中院申请的《调取庭审录像申请书》载明的申请时间为2021年6月28日，并非原审期间，故其此项再审申请理由不能成立。<br/>　　（三）关于缺席审判的问题。公司解散诉讼中，不是原告的股东可以共同原告或是第三人的身份参加诉讼。一审诉讼时，宫某是威海公司股东，被列为一审第三人。邢某等人向法院提交的《股权明细表》载明，宫某在一审期间已将股份全部转让给邢某，不再是股东，只是尚未办理工商变更登记。邢某等人自认宫某确已不是威海公司股东，则宫某与本案无利害关系，其本人或者其继承人是否参与二审诉讼均不影响本案处理，二审法院即使未经传票传唤宫某或者其继承人，亦不能成为本案再审事由。<br/>　　至于邢某等人主张的于某等人的答辩意见在二审判决中体现，二审法院未送达书面答辩意见的问题。法院认为，是否将答辩意见送达当事人并非我国法律规定的再审情形，其以此为由申请再审理由不能成立。<br/>　　再审审查中，邢某等人还向法院提交《申请法院调取证据申请书》，申请调取某商业银行股份有限公司鲸园支行存档的威海公司于2021年1月25日在该行贷款1500万元时提供的伪造的股东会决议，拟证明大股东伪造股东会决议，完全控制威海公司，该公司继续存续会使股东利益受损。法院认为，本案为公司解散纠纷，该调查申请事项实际上还是大股东是否滥用权利损害中小股东利益的问题，即使属实，亦是本案二审判决生效后的事实，并不影响本案审理结果。根据《最高人民法院关于适用〈中华人民共和国民事诉讼法〉的解释》第九十五条规定：“当事人申请调查收集的证据，与待证事实无关联、对证明待证事实无意义或者其他无调查收集必要的，人民法院不予准许”，法院不予准许。</p>","<p>1.大股东滥用股东权利、侵害小股东利益，由此虽导致大、小股东之间存在矛盾冲突，但大股东压迫小股东并非我国法律规定的公司强制解散情形。判断公司应否解散，应当严格根据《最高人民法院关于适用&lt;中华人民共和国公司法&gt;若干问题的规定（二）》第一条之规定判断。<br/>　　2.二审判决不予解散公司后，大股东通过收购公司其他股东股权，持股比例达到90%以上，绝对控股公司，能够召开股东会并作出有效决议。提起公司解散诉讼的原告合计持有的股份已经不足法定的持股比例要求，其再审请求解散公司，人民法院不予支持。</p>","<p>　　《中华人民共和国公司法》第182条<br/>　　《最高人民法院关于适用〈中华人民共和国公司法〉若干问题的规定（二）》第1条第1款</p><br/>######<p>　　一审：山东省威海市中级人民法院（2017）鲁10民初128号民事判决（2019年12月13日）<br/>　　二审：山东省高级人民法院（2020）鲁民终733号民事判决（2020年6月22日）<br/>　　再审审查：最高人民法院（2021）最高法民申304号民事裁定（2021年12月20日）</p>","\N","\N","2026-01-21 10:27:30","2026-01-21 10:27:30","0ce51eace3d589a67c487115ee3fbb1b","\N","20260426"
"298","人民法院案例库","https://rmfyalk.court.gov.cn","民事-产品责任纠纷","2025-07-2-373-007","江苏省泰州市中级人民法院","民事,产品责任,辅助驾驶,自动紧急制动系统,产品缺陷","二审","2023.05.20","02","<p>u3000u30002020年3月13日，沈某敏从泰州海某汽车服务销售有限公司（以下简称海某公司）处购买了一辆某品牌汽车，该汽车配备AEB自动紧急制动系统，车辆成交价人民币194800元（币种下同）。当日16时42分许，沈某敏驾驶案涉车辆前去办理车辆上牌，在由南向北行驶途中，与由东向西行驶的二轮电动车发生事故，造成一人死亡、多人受伤，车辆不同程度受损的后果。2020年4月14日，交警部门出具交通事故认定书，认定沈某敏违反交通信号灯指示，且把油门当刹车而持续踩油门，故对事故负全部责任。沈某敏亦因犯交通肇事罪被追究刑事责任，为取得受害人的谅解，支付了补偿款64000元，并承担了民事案件受理费6390元。<br/>u3000u30002022年6月，沈某敏以产品责任纠纷为由向法院起诉，诉称：案涉AEB自动紧急制动系统未发生作用、未自动制动，属于产品质量缺陷，海某公司存在欺诈行为，故请求判令海某公司赔偿沈某敏因车辆缺陷等导致交通事故支出的案件受理费6390元、刑事谅解款64000元等；赔偿沈某敏精神抚慰金50000元；退还194800元购车款给并给予三倍赔偿584400元。<br/>u3000u3000海某公司辩称：案涉车辆附随的用户手册中载明了AEB自动紧急制动系统仅为辅助驾驶系统，且明确了该系统通过识别车辆尾部来获取车辆信息，不会对逆向来车和前方横向穿越车辆作出报警提示；海某公司多次提示需谨慎驾驶，尽到了风险提示及注意义务；沈某敏发生事故系因其在交叉路口违反交通信号指示灯所致，系其主观过错造成，与案涉车辆本身无关。<br/>u3000u3000江苏省泰州市高港区人民法院于2022年12月16日作出（2022）苏1203民初2530号民事判决：驳回沈某敏的诉讼请求。宣判后，沈某敏不服，提起上诉。江苏省泰州市中级人民法院于2023年5月20日作出（2023）苏12民终1090号民事判决：驳回上诉，维持原判。</p>","<p>u3000u3000本案的争议焦点为：案涉车辆AEB自动紧急制动系统是否存在缺陷、与案涉交通事故是否存在因果关系。<br/>u3000u3000其一，案涉车辆AEB自动紧急制动系统未发挥作用不属于产品缺陷。AEB自动紧急制动系统是指当车辆遇到紧急情况可能与前车发生碰撞时，如果驾驶人没有及时进行紧急制动或紧急转向避险等操作时，系统将辅助驾驶人对车辆施加制动力以避免或减轻碰撞。案涉车辆交付和事故发生时，我国对于AEB自动紧急制动系统技术尚未制定国家标准或者行业标准。从案涉汽车投入流通时的技术发展水平来看，尚有一定局限性，该系统需通过识别车辆尾部来获取车辆信息，无法识别骑行者等目标，亦不会对逆向来车和前方横向穿越车辆作出报警提示，故该技术局限不属于不合理的危险，且汽车用户手册对此明确予以警告。沈某敏并未提供相关证据证实用户手册中关于案涉车辆AEB自动紧急制动系统功能及警告的介绍与实际情况不吻合。从案涉交通事故的证人证言、被告人供述与辩解、勘验笔录等证据看，由于AEB自动紧急制动系统本身无法识别横向经过的二轮电动车，故案涉交通事故发生时的情景并不满足AEB自动紧急制动系统发挥作用的条件。因此，案涉 AEB自动紧急制动系统未发挥作用，并不属于《中华人民共和国产品质量法》第四十六条规定的产品缺陷。<br/>u3000u3000其二，案涉AEB自动紧急制动系统未发挥作用与案涉交通事故发生没有因果关系。从AEB自动紧急制动的功能设计看，该系统的设计逻辑遵循“驾驶员指令优先”原则，即当系统检测到驾驶员主动踩下油门时，会默认驾驶人存在“加速意图”，从而抑制AEB自动紧急制动系统功能发挥。本案中，根据交警部门出具的交通事故责任认定书，案涉交通事故发生的主要原因系因沈某敏未遵守交通规则。具体而言，沈某敏驾驶案涉车辆由南向北行驶，因分心未注意交通信号灯指示，与案外人由东向西横向驾驶的二轮电动车发生碰撞。事发时，沈某敏误把油门当刹车而持续踩油门，系统判定为“主动加速”，从而导致AEB自动紧急制动系统未介入，故案涉车辆的AEB自动紧急制动系统未发挥作用并非交通事故发生的原因，海某公司无需为沈某敏的交通事故承担赔偿责任。</p>","<p>车辆辅助驾驶功能目前处于快速发展更迭阶段，应结合车辆就相关功能所作的广告宣传、使用说明等，审慎确定一般消费者安全期待的边界。在没有相关国家或行业标准的情况下，汽车用户手册、销售公司等已经就辅助驾驶系统的功能局限作出明确警示说明的，通常不宜将该功能局限认定为“未达到一般消费者安全期待”，进而认定车辆存在产品缺陷。驾驶人因违反交通规则导致发生交通事故，以该功能局限为由请求生产者或者销售商承担赔偿责任的，人民法院依法不予支持。</p>","<p>u3000u3000《中华人民共和国民法典》第1205条<br/>u3000u3000《中华人民共和国产品质量法》第43条、第46条</p><br/>######<p>u3000u3000一审：江苏省泰州市高港区人民法院（2022）苏1203民初2530号民事判决（2022年12月16日）<br/>u3000u3000二审：江苏省泰州市中级人民法院（2023）苏12民终1090号民事判决（2023年5月20日）</p>","\N","\N","2026-01-21 10:27:30","2026-01-21 10:27:30","0cf5fd6750b1af6231324a86c5fded14","\N","20260426"
"11940","多元解纷案例库","https://dyjfalk.court.gov.cn/site/case/3fbacfaa-7de5-4d99-94b1-ad5c1e55c1c3","民事-房屋买卖合同纠纷","D2026-161-1-091-076","歙县人民法院","民事,房屋买卖合同纠纷,涉侨权益保护,企业经营困境,“法院＋侨联”联合化解","","2026-02-25","\N","胡某系旅居意大利的侨胞，2018年归国休假期间，与某置业公司签订房屋买卖合同，并全额支付房屋价款及税费。后某置业公司因经营问题停业，未及时为胡某办理房产证。胡某得知后，诉至法院。","法院收到起诉材料后，考虑到胡某系侨胞，远在海外，为高效化解纠纷，征得当事人同意后，委托侨联进行先行调解，并指派侨乡法官工作室法官指导调解。指导法官与侨联调解员组成调解小组，开展以下工作： 一是及时联系，完善材料。调解员为了及时联系胡某，通过两条路径平行开展工作，一方面通过胡某亲属，得到胡某的联系方式，添加胡某微信，留言表明来意。另一方面联系意大利华侨老乡，请其帮忙联系胡某。最终，胡某主动通过侨联的调解员的微信申请，双方通过视频方式取得联系。侨联的调解员表明身份，进行思想安抚，引导胡某完善相关材料，同时了解纠纷由来，全面掌握其诉求。 二是深入研判，明确权利义务。指导法官通过关联案件找到某置业公司联系方式，并与某置业公司沟通。某置业公司表示公司已停业，无力为胡某办证。指导法官经过分析，明确胡某与某置业公司的房屋买卖合同已成立，某置业公司办证义务不因停业而免除。通过查询某置业公司工商登记信息，发现部分股东存在未实缴出资情形，按照《最高人民法院关于适用〈中华人民共和国公司法〉若干问题的规定（三）（2020年修正）》第13条规定股东须在出资范围内承担补充责任。 三是联合调解，化解矛盾。指导法官联系某置业公司股东到侨乡法官工作室“面对面”沟通，耐心为股东算“经济账”“法律账”，分析调解不成进入审理程序的经济成本、时间成本和信用风险，引导其换位思考。侨联调解员及时向胡某反馈某置业公司意向，胡某提出限期办理诉求。经多次沟通，某置业公司表示7天内为胡某办理房产证，并交由胡某国内的亲属保管。侨乡法官工作室法官到期回访，胡某表示已如期取得房产证。该纠纷得以高效化解。","本案系房地产公司未能按照约定为业主办理房产证引发的房屋买卖合同纠纷，涉及侨胞权益保护。本案中，法院依托最高人民法院与中国侨联建立的“总对总”在线诉调对接机制，与属地侨联开展联合化解，形成解纷合力。调解过程中，侨联作为侨胞的“娘家人”，利用其“亲缘＋信任”优势，充分拉近与当事人的距离，减少对立情绪，顺利开展调解工作。法院则做实指导调解的法定职能，厘清当事人权利义务，明确瑕疵履行的违约责任，精准定位解纷难点，运用专业的调解技巧，有效推动纠纷双方达成协议。此外，针对当事人身处海外的情况，依托人民法院调解平台开展远程视频调解，实现同一时间不同空间组织调解工作，通过释法析责与线上调解相结合的方式，高效化解涉侨纠纷，有效维护了侨胞的合法权益，为优化侨益司法保护工作提供有益借鉴。","《中华人民共和国民法典》第176条、第209条、第577条、第598条 《城市房地产开发经营管理条例》（2020年第二次修订）第32条 《最高人民法院关于审理商品房买卖合同纠纷案件适用法律若干问题的解释》（2020年修正）第14条 《最高人民法院、中华全国归国华侨联合会关于加强新时代侨益司法保护工作的意见》（法发〔2024〕18号）","\N","","2026-02-25 17:20:18","2026-03-06 17:01:14","0d2c67cad8dbaefa0b081c0813c1b089","\N","20260426"
"6111","多元解纷案例库","https://dyjfalk.court.gov.cn/site/case/6a6e3170-25e8-4676-b165-9a91ac4fe6d1","民事-机动车交通事故责任纠纷","D2025-161-1-374-923","襄阳市襄城区人民法院","民事,机动车交通事故责任纠纷,邻里纠纷,赔偿金额,“基层人民法庭+村组”联动化解,多元解纷案例库","","2025-12-13","\N","某日傍晚，在某村乡道上驾驶铲车的村民齐某与驾驶摩托车的村民宋某发生碰撞，造成宋某受伤、两车受损的交通事故。经交警部门认定，齐某对此次事故负主要责任，宋某负次要责任。在宋某住院过程中，齐某为其垫付了全部治疗费，宋某出院后，认为受伤后自己的工作生活均受到了影响，要求齐某支付误工费、护理费、营养费、精神抚慰金等。齐某认为自己已经为宋某垫付了医疗费，现在宋某主张赔偿没有依据。双方协商多次后未达成一致意见，宋某便到村委会寻求帮助。","由于涉及的机动车交通事故发生后赔偿标准及款项计算均较为专业，村委会在了解宋某诉求后，依托村组与辖区基层人民法庭联合建立的“法庭+村组”网格化联动化解机制，邀请法院指导调解。法院根据纠纷情况，经检索多元解纷案例库的入库案例，发现“丁某与黄某、某村委会机动车交通事故责任纠纷调解案”（D2024-161-1-374-017）一案均为同村村民间发生的交通事故，可参考该入库案例的解纷方式开展调解工作，遂将该案例推送给村委会，指导其开展调解工作。 首先，前期摸底，奠定调解基础。村委会通过借鉴入库案例中的解纷方法，充分发挥熟悉社情民意、熟知村民关系的属地优势，通过入户走访、个别谈话等方式，细致询问双方情况，耐心倾听诉求。经全面了解，掌握到双方争议的焦点在于赔偿金额上：宋某主张按建筑行业年平均工资计算误工费，并要求护理费、营养费及精神损害抚慰金；齐某则认为已垫付全部医疗费用并陪护照顾，且宋某主要务农，仅偶尔打零工，不应按建筑行业标准计算误工费，对宋某出院后多次索要钱款的行为表示不满，担心掉入索赔“无底洞”。村委会准确把握双方的核心诉求与争议焦点，为后续调解奠定了坚实基础。 其次，依法释理，划定协商范围。村委会把了解到的情况及时告知指导法官，对于双方争执不下的赔偿项目及金额标准，指导法官充分发挥专业法律素养与司法实践经验，围绕法定赔偿项目、计算标准等核心问题，依据《最高人民法院关于审理人身损害赔偿案件适用法律若干问题的解释》的相关规定，逐项向宋某解释赔偿项目及法律依据，对于争议较大的误工费标准，明确指出宋某虽农闲外出打零工，但其主业仍是务农，因此其误工费应按农林牧渔业标准计算，而非建筑行业标准；同时根据宋某受伤情况及造成的影响，向其释明主张精神损害抚慰金缺乏法律依据。指导法官还结合类似案件处理情况向宋某释法明理，引导其在法律框架内理性调整诉求预期。 最后，合力疏导，促成和解。向宋某释法析理之后，村委会主任与法官共同前往齐某家中，指导法官从责任认定、法定赔偿项目及计算标准、诉讼成本等角度进行释法，并结合类似案例佐证说明。村委会主任首先表示事故的发生实属意外，对齐某及其妻子在宋某住院期间悉心照料的行为予以肯定，并从齐某长期在该村做生意的背景进行情理说服，表示和谐的邻里关系对于齐某后续生产生活大有裨益，及时了结这起意外事故，齐某才能专心投入生意之中。同时，向齐某说明调解的法律效力，引导齐某放下可能面对宋某“后续无止索赔”的顾虑。在居中调和下，双方逐步缩小分歧。村委会主任与指导法官重新组织双方“面对面”调解，宋某同意按农林牧渔业标准计算误工费，不再主张精神损害抚慰金；齐某希望考虑其已经支付的医疗费以及照顾宋某的行为，减少相应的赔偿金额，并表示愿意一次性支付赔偿金。双方握手言和，纠纷得以实质化解。","本案系邻里间产生的机动车交通事故责任纠纷，双方当事人长期居住在同一村落，若不能及时妥善解开心结、化解矛盾，很容易激化邻里矛盾。本案中，双方对事故的发生及责任认定均不持异议，争议焦点主要在于赔偿金额。村委会作为基层自治组织，在矛盾化解上具有地熟人熟的天然优势，但面对专业性较强的赔偿项目及具体金额的计算上却不太擅长。为此，该地区建立“法庭+村组”网格化联动化解机制，按照“村委摸清打底-法院依法释理-村委助力调和”的递进式解纷路径，由村委会识别纠纷后先行介入，利用其地缘人情优势开展初步安抚与事实梳理，注重挖掘纠纷背后的邻里积怨；基层人民法庭通过专业化赋能基层调解，对基层调解中常见的“算不清、说不透”问题给予法律指导，并通过多元解纷案例库类似案例提供解纷思路。调解过程中，通过村委会主任与基层人民法庭法官上门开展化解纠纷，灵活运用“背靠背沟通+面对面协商”方式，分别进行释法说理，将司法解纷的专业性、权威性与村委会熟悉邻里乡情结合起来，逐步消解对立情绪，促进关系修复，最终实质化解纠纷，做到案结事了人和。","《中华人民共和国民法典》第1165条、第1179条、第1182条、第1208条 《最高人民法院关于审理人身损害赔偿案件适用法律若干问题的解释》（2022年修正）第6条、第7条、第8条、第9条、第10条、第11条","\N","","2026-01-27 09:48:31","2026-02-03 09:40:09","0d34172edb5e780ce34bead1430cef92","\N","20260426"
"614","人民法院案例库","https://rmfyalk.court.gov.cn","民事-隐私权、个人信息保护纠纷","2025-07-2-008-001","广东省广州市中级人民法院","民事,个人信息保护,个人信息处理行为,告知同意,履行合同所必需","二审","2024.06.28","02","<p>　　爱某商务咨询（上海）有限公司（以下简称爱某公司）是雅某股份有限公司（ACCOR SA，以下简称雅某公司）在中国的关联公司，运营微信公众号“雅某A佳”。雅某公司是注册地在法国的跨国酒店管理集团，运营“ACCOR  ALL” APP（移动互联网应用程序）。2021年10月29日，左某通过“雅某A佳”公众号使用其本人招商银行信用卡向爱某公司支付2588元，购买雅某A佳卡两张，约定持该卡能够以会员优惠价格享受雅某公司提供的酒店食宿服务。2022年2月24日，左某通过雅某客服电话咨询业务，经客服指引通过“雅某A佳”公众号下载“ACCOR ALL” APP。左某在注册会员及进入“ACCOR ALL” APP界面时，点击勾选了雅某公司《客户个人数据保护章程》（以下简称《章程》）的选项。2022年2月27日，左某在“ACCOR ALL” APP预定了同年3月8至9日缅甸仰光世界和平塔美居酒店，并提交了姓名、国籍、电话号码、电子邮箱地址、银行卡号等个人信息。事后，左某发现《章程》中载有将其个人信息传送共享至全球多个地区接收主体的内容。<br/>　　左某诉称：爱某公司、雅某公司通过“ACCOR ALL” App违法跨境处理中国公民个人信息，无限制扩大个人信息境外接受主体的国家范围、主体范围，未能实现真实、准确、完整的告知，并明示个人信息处理的目的、方式和范围，致左某知情决定权受到侵害，从而致个人信息权益受到侵害，故请求法院判令爱某公司、雅某公司提供境外接收方信息并删除左某全部个人信息、公开赔礼道歉和赔偿损失。<br/>　　爱某公司、雅某公司共同辩称：其收集、处理、向境外传输左某个人信息是为了签订和履行会员服务及酒店预定服务合同所必需的行为。<br/>　　诉讼中，爱某公司、雅某公司提交了“境外接收方及信息传输列表”。雅某公司的境外接收方和信息传输列表显示，雅某公司基于管理中央预订系统、处理个人预定、客户服务管理、营销传播管理、业务分析活动、信息存储等处理目的，分别向位于法国、缅甸、英国、美国、荷兰、爱尔兰六个国家的七个境外接收方传输信息，其中，基于营销传播目的向位于美国和爱尔兰的某公司实施了信息传输及信息处理行为。<br/>　　广州互联网法院于2023年9月8日作出（2022）粤0192民初6486号民事判决：一、雅某股份有限公司于本判决发生法律效力之日起十五日内，向左某致书面赔礼道歉；二、爱某商务咨询（上海）有限公司、雅某股份有限公司于本判决发生法律效力之日起十五日内删除左某在爱某商务咨询（上海）有限公司、雅某股份有限公司及相关个人信息接收方处的全部个人信息，并出具相关凭据；三、雅某股份有限公司于本判决发生法律效力之日起十日内赔偿左某财产损失人民币20000元（含合理开支）；四、驳回左某的其他诉讼请求。宣判后，雅某公司提起上诉。广州市中级人民法院于2024年6月28日作出（2023）粤01民终33217号民事判决，维持一审判决第一项、第三项、第四项，撤销一审判决第二项（被告已自动履行）。</p>","<p>　　本案的争议焦点为：爱某公司、雅某公司是否侵害了左某的个人信息权益。具体又涉及两方面的问题：一是左某对案涉《章程》的点击勾选动作是否取得告知同意的法律效力；二是爱某公司、雅某公司处理个人信息是否履行合同必需。<br/>　　一、左某对案涉《章程》的点击勾选动作是否取得告知同意的法律效力<br/>　　本案中，雅某公司是外国法人，本案属于涉外案件。由于各方当事人均同意本案适用中国法律处理，故本案适用《中华人民共和国个人信息保护法》。根据个人信息保护法规定，处理个人信息的合法性以个人同意为基础，征得个人同意的前提是个人信息处理者应向个人告知其处理行为。本案中，雅某公司在APP客户端呈现的案涉《章程》勾选界面是一揽子的笼统告知，属于一般告知，用户的点击勾选动作不必然发生“个人同意”的法律效力。基于此，对于雅某公司是否取得处理左某个人信息的合法性基础，还应审查雅某公司的告知行为是否符合个人信息保护法有关告知的规定。<br/>　　根据个人信息保护法第七条规定，处理个人信息应当遵循公开、透明原则，公开个人信息处理规则，明示处理的目的、方式和范围；根据第十七条规定，个人信息处理者应以显著方式、清晰易懂的语言真实、准确、完整地向个人告知有关事项。经审查，案涉《章程》就个人信息出境共享的接收主体范围指示不清，表述为多个国家的集团内部人员和部门，商业合作伙伴以及营销部门人员等，即使左某阅读该章程，也不能清晰获知自己的个人信息将被传输到何地做何种处理。因此，案涉《章程》的上述内容未能体现公开透明原则，未能使用户或者消费者通过清晰易懂的语言真实、准确、完整的获取告知内容，不符合个人信息保护法第七条和第十七条的规定。故而，雅某公司未取得处理左某个人信息的合法性基础。<br/>　　二、爱某公司、雅某公司处理个人信息是否为履行合同所必需<br/>　　雅某公司辩称，其个人信息处理的合法性基础是个人信息保护法第十三条第一款第二项规定的“履行合同所必需”，不需取得个人的同意。<br/>　　其一，就雅某公司收集处理的个人信息范围而言，依照个人信息保护法第六条规定，处理个人信息应当具有明确、合理的目的，并应当与处理目的直接相关，采取对个人权益影响最小的方式。本案中，爱某公司、雅某公司收集处理左某的姓名、电话号码、地址等基本信息，为预定酒店所必需的个人信息，可以认定为酒店服务业所需的最少类型、最少数量。根据国家互联网信息办公室、工业和信息化部、公安部、国家市场监督管理总局发布的《常见类型移动互联网应用程序必要个人信息范围规定》（国信办秘字〔2021〕14号），对于酒店类移动应用（APP）必要个人信息包括注册用户移动电话号码；住宿人姓名和联系方式、入住和退房时间、入住酒店名称。其中，邮箱、地址属于上述规定的联系方式。此外，银行卡号作为支付手段，对此进行收集也有其必要性。因此，爱某公司、雅某公司收集处理的个人信息范围符合个人信息保护法的规定。<br/>　　其二，就爱某公司、雅某公司出境共享个人信息的接收方人员范围而言，案涉《章程》对此列举了包括商业合作伙伴及营销部门人员等七类人员。根据个人信息保护法第十三条第一款第二项规定，“履行合同的必需”是客观上的必需，即个人信息处理者委托共享处理的主体范围对履行合同来说应当是正当且必要的。该必要性应基于合同目的来判断，即处理个人信息的范围及处理主体的范围均应当符合最小必要原则。本案中，从雅某公司出境共享个人信息的接收方的人员范围和地域范围看，不能认定酒店集团的所有商业合作伙伴及营销部门人员均为履行合同所必需，应当取得个人同意。根据雅某公司提供的境外接收方及信息传输列表，事实上已向位于美国和爱尔兰的某公司基于“营销传播目的”实施了信息传输及信息处理行为，该处理目的明显超出履行合同必要，且未取得个人同意，因而不具备个人信息处理的合法性基础。<br/>　　综上，爱某公司、雅某公司的个人信息处理行为侵害了左某的个人信息权益。</p>","<p>APP提供个人数据保护章程不符合个人信息保护法第七条和第十七条规定的公开、透明原则和告知规则的，用户点击勾选该个人数据保护章程不产生“个人同意”的法律效力。未取得个人同意，且超出“履行合同所必需”范围向境外提供个人信息的行为，构成对个人信息权益的侵害。</p>","<p>　　《中华人民共和国个人信息保护法》第6条、第7条、第13条、第17条、第50条</p><br/>######<p>　　一审：广州互联网法院（2022）粤0192民初6486号民事（2023年9月8日）<br/>　　二审：广州市中级人民法院（2023）粤01民终33217号民事判决（2024年6月28日）</p>","\N","\N","2026-01-21 10:27:30","2026-01-21 10:27:30","0d35be85dcd571a507318a5b9b224c00","\N","20260426"
"587","人民法院案例库","https://rmfyalk.court.gov.cn","民事-继承纠纷","2025-07-2-476-001","四川省高级人民法院","民事,继承,亲子鉴定,请求主体,未成年人利益","再审","2014.09.05","02","<p>　　原告罗某诉称：1999年6月15日，罗某祖父罗某材、祖母朱某志将四川省成都市锦江区东华门街 X号房屋（以下简称诉争房屋）赠与给罗某父亲罗某华，并在成都市公证处办理了赠与公证。罗某材、朱某志去世后，其子女中的罗某华、罗某文、罗某桂三人又于2013年7月10日因自然灾害都江堰高位山体滑坡死亡。罗某因诉争房屋继承问题与罗某材、朱某志的其他子女即罗某源、罗某明、罗某庆、罗某蓉、罗某敏（以下简称罗某源等五人）产生纠纷，诉至法院，请求判令：确认原告罗某对登记在罗某材名下的诉争房屋享有唯一继承权，被告罗某源等人协助将该房屋所有权过户转移至罗某名下。案件受理后，法院追加罗某桂女儿王某为第三人。<br/>　　被告罗某源等五人辩称：受赠人罗某华未及时办理房屋所有权过户转移，赠与人罗某材、朱某志的赠与行为并未实现。赠与合同有人身属性，当前赠与人均已死亡，赠与合同已自然解除，不应当由罗某继承。罗某华因自然灾害死亡后，所作DNA比对说明其与罗某不具有亲子关系。因此，案涉房屋仍系罗某材、朱某志遗产，应由罗某源等五人及第三人王某共同继承。<br/>　　第三人王某述称：第三人的意见与罗某源等五人的辩称意见一致。<br/>　　法院经审理查明，诉争房屋所有权登记人为罗某材。罗某蓉、罗某源、罗某明、罗某庆、罗某敏、罗某文、罗某华、罗某桂均系罗某材、朱某志夫妻的子女。罗某系罗某华女儿，第三人王某系罗某桂女儿。1997年1月21日，罗某华与黄某群离婚时约定：“女儿罗某现年九岁，由男方抚养并随其生活。”罗某华作为户主与罗某在同一户口簿作了户籍登记，载明：“罗某系罗某华之女。”1999年6月15日，罗某材、朱某志将诉争房屋赠与罗某华，在成都市公证处办理了赠与公证。朱某志、罗某材先后于2000年10月、2006年7月死亡，二人此前与罗某华、罗某共同居住于诉争房屋。2013年7月10日，罗某文、罗某华、罗某桂因都江堰高位山体滑坡死亡，诉争房屋所有权证由罗某持有。二审审理过程中，法院根据罗某源等五人申请，向成都市公安局刑事侦查局技术处DNA室调取了检测图谱2份，罗某源等5人拟以此证明罗某非罗某华亲生子女。<br/>　　四川省成都市锦江区人民法院于2013年11月26日作出(2013)锦江民初字第3681号民事判决：一、罗某材名下的四川省成都市锦江区东华南街X号房屋由罗某继承，归罗某所有；二、罗某源、罗某明、罗某庆、罗某蓉、罗某敏、王某于本判决发生法律效力之日起十日内协助罗某办理上述房屋产权过户登记手续。宣判后，罗某源等人不服，提起上诉。四川省成都市中级人民法院于2014年2月25日作出（2014）成民终字第243号民事判决：驳回上诉、维持原判。</p>","<p>　　本案的争议焦点为：对涉及遗产继承等争议的其他人提出的，以亲子鉴定意见排除父母与子女亲子关系的主张，应否予以支持。<br/>　　其一，《中华人民共和国继承法》（已废止）第十条（该条已被《中华人民共和国民法典》第一千一百二十七条所吸收）规定：“遗产按照下列顺序继承：第一顺序：配偶、子女、父母。第二顺序：兄弟姐妹、祖父母、外祖父母。继承开始后，由第一顺序继承人继承，第二顺序继承人不继承。没有第一顺序继承人继承的，由第二顺序继承人继承。”“本法所说的子女，包括婚生子女、非婚生子女、养子女和有扶养关系的继子女。”本案中，诉争房屋所有权人罗某材、朱某志于1999年6月15日将房屋赠与罗某华并办理了公证，罗某向人民法院提交了其持有的诉争房屋产权证书，赠与行为合法有效，诉争房屋属于罗某华的遗产。依据罗某向法院提交的居民户口簿、离婚证、光荣优待证和社区居民委员会证明，足以证明罗某华与罗某之间具有合法的父母子女关系。罗某作为罗某华唯一的第一顺序继承人，依法享有诉争房屋的继承权。<br/>　　其二，《最高人民法院关于适用《中华人民共和国婚姻法》若干问题的解释（三）》（法释〔2011〕18号，已失效）第二条第一款（该条已被民法典第一千零七十三条所吸收）规定：“夫妻一方向人民法院起诉请求确认亲子关系不存在，并已提供必要证据予以证明，另一方没有相反证据又拒绝做亲子鉴定的，人民法院可以推定请求确认亲子关系不存在一方的主张成立。”根据该条规定，请求确认亲子关系不存在的主体，只有父或母，父母以外的其他人提出亲子鉴定请求的，并非适格主体。本案中，罗某源等五人请求通过亲子鉴定确认罗某与罗某华之间不存在亲子关系，依法应不予支持。而且，血缘关系并非法律上认定父母子女关系的唯一条件，无论父母子女关系是自然血亲还是拟制血亲形成的，均受法律保护。综上，对于罗某源等五人提出罗某并非罗某华的亲生子女，不享有罗某华遗产继承权的意见，不能成立。</p>","<p>1.人民法院在审理涉及父母与子女是否具有亲子关系问题时，应当遵循未成年人利益最大化原则，依法限定提起亲子鉴定的主体资格，对于父母以外的其他人提出的亲子鉴定请求不予支持。<br/>　　2.父母在自然灾害中死亡，虽然有关灾害处理形成的亲子鉴定原始材料可能客观存在，人民法院在审理中仍应考虑亲子鉴定意见对未成年人心理、身份认同及家庭关系产生的影响，在科技与人文的平衡中坚持以人为本；在已有父母子女关系合法登记的基础上，对涉及遗产继承等争议的其他人提出的以亲子鉴定意见排除父母与子女亲子关系的主张依法不予支持。</p>","<p>　　《中华人民共和国民法典》第1073条（本案适用的是《中华人民共和国婚姻法》若干问题的解释(三)》，法释〔2011〕18号）第2条<br/>　　</p><br/>######<p>　　一审：四川省成都市锦江区人民法院（2013）锦江民初字第3681号民事判决（2013年11月26日）<br/>　　二审：四川省成都市中级人民法院（2014）成民终字第243号民事判决（2014年2月25日）<br/>　　申请再审：四川省高级人民法院（2014）川民申字第856号民事裁定（2014年9月5日）</p>","\N","\N","2026-01-21 10:27:30","2026-01-21 10:27:30","0d40c4647635441a402f582838398c29","\N","20260426"
"1913","人民法院案例库","https://rmfyalk.court.gov.cn","民事-借款合同纠纷","2023-08-2-103-013","上海市第二中级人民法院","民事,借款合同,融资性贸易,过桥方/通道方,虚伪意思表示,合同无效,真实借贷关系,过错大小,补充责任,比例责任,通道费用","二审","2022.07.01","02","<p>　　某某物资供销华东有限公司（以下简称某物资公司）诉称：深圳某某热力科技有限公司（以下简称“深圳某科技公司”）因无法履行其与北京某某蓄热电暖气有限公司（以下简称北京某电暖气公司）之间供货合同项下的付款义务，需对外融资,遂与某某安全技术工程有限公司（以下简称某工程公司）拟通过融资性贸易的方式向某物资公司进行借款。2018年，北京某电暖气公司、某工程公司与某物资公司之间签订《产品购销合同》，北京某某热力科技有限公司（以下简称北京某科技公司）、某工程公司与某物资公司之间签订《担保协议》，均是用以掩盖上述借贷事实。在某物资公司履行出借义务后，某工程公司仅于2019年向某物资公司返还了小部分借款，深圳某科技公司、某工程公司、北京某科技公司至今未予清偿，构成严重违约。某物资公司遂诉至法院，请求判令深圳某科技公司、某工程公司、北京某科技公司共同向某物资公司归还借款21,732,265.50元并支付滞纳金、违约金。<br/>　　某工程公司辩称：某物资公司与某工程公司各自持有的《产品购销合同》，文字相似，但重要条款不同，印章亦不真实，故双方之间合同未成立。且《产品购销合同》仅是为完成融资性贸易而形成，应根据案件事实认定真实的借贷双方。某工程公司只是提供了资金“通道”，并未作出借款和担保的意思表示，不应承担还款责任。<br/>　　北京某科技公司辩称：北京某科技公司系借款方，在某物资公司向北京某电暖气公司支付款项为25,315,262元，北京某科技公司曾委托深圳某科技公司向某工程公司返还部分款项。另因《担保协议》未成立或无效，各方未就逾期还款责任达成一致意见，故北京某科技公司不应按《担保协议》支付滞纳金和违约金。<br/>　　深圳某科技公司辩称：案涉款项系北京某科技公司向某物资公司借款用于深圳某科技公司，深圳某科技公司并非合同相对方。即使借款发生时深圳某科技公司系北京某科技公司的控股子公司，但深圳某科技公司作为独立法人，不负有共同清偿义务。深圳某科技公司出具确认自身是借款方的《情况说明》，系迫于某工程公司查封深圳某科技公司账户的行为，并非深圳某科技公司的真实意思表示。<br/>　　法院经审理查明：<br/>　　2018年7月，深圳某科技公司就其中标的某项目与供货商北京某电暖气公司等签订电采暖设备等采购合同。北京某电暖气公司确认电采暖设备已于2018年11月18日前完成交付义务，剩余货物于2018年12月29日前予以交付。但深圳某科技公司因资金不足无法按期履行付款义务。<br/>　　2018年年底，北京某电暖气公司、某工程公司与某物资公司签订《产品购销合同》，载明：某项目采购设备及材料，货款金额为27,393,641.50元；北京某电暖气公司的供货到达施工现场经检验合格，某物资公司收到确某工程公司认收货通知，北京某电暖气公司向某物资公司开具发票后，某物资公司按照合同金额/1.045的计算方法向北京某电暖气公司付款。政府项目拨款后7日内，某工程公司向某物资公司付清合同价款，最晚付款期限为2019年3月15日。同时，北京某科技公司、某工程公司与某物资公司签订《担保协议》，约定北京某科技公司为某工程公司向某物资公司提供连带保证。在当事人因上述合同的履行发生纠纷后，某物资公司与某工程公司发现其各自持有不同版本的《产品购销合同》《担保协议》，差异主要在于某工程公司应否承担还款责任的约定内容和相关落款签章样式。<br/>　　2018年年底，某工程公司与深圳某科技公司签订一份购销合同，货款27,952,695.42元，供货要求与前述北京某电暖气公司、某工程公司与某物资公司订立的《产品购销合同》一致。<br/>　　2018年12月27日至2019年1月22日，某物资公司向北京某电暖气公司合计支付25,315,262元。2019年9月，某工程公司向某物资公司支付4,900,000元。<br/>　　另查明，2019年，深圳某科技公司出具《情况说明》，载明某物资公司向北京某电暖气公司支付的案涉款项实为某物资公司向深圳某科技公司提供的借款，用于归还深圳某科技公司对北京某电暖气公司的欠款。<br/>　　2019年，某物资公司先行提起买卖合同之诉即（2019）沪0101民初23350号案件，主张某工程公司和北京某科技公司共同返还货款，该案被上海市黄浦区人民法院以《产品购销合同》实为借款合同为由裁定驳回某物资公司的起诉。后某物资公司提起借款合同之诉即本案。<br/>　　上海市黄浦区人民法院于2021年4月25日作出（2020）沪0101民初26118号民事判决：1.深圳某科技公司、某工程公司、北京某科技公司共同向某物资公司偿还20,415,262元;2.驳回某物资公司其余诉讼请求。宣判后，某工程公司提出上诉。上海市第二中级人民法院于2022年7月1日作出（2021）沪02民终9083号民事判决，改判为：1.撤销一审判决；2.深圳某科技公司、北京某科技公司共同向某物资公司返还20,315,262元；3.某工程公司向某物资公司返还100,000元；4.某工程公司应对上述第2项确定的欠付款项，在深圳某科技公司、北京某科技公司不能清偿部分的40%范围内，向某物资公司承担补充赔偿责任；5.驳回某物资公司其余诉讼请求。</p>","<p>　　法院生效裁判认为：各方当事人无真实买卖意图，实为生产经营临时性借款需求而共同实施融资性贸易行为，以买卖形式掩盖借贷关系，根据当时施行的《中华人民共和国民法总则》第一百四十六条故案涉合同所涉买卖交易内容系当事人通谋虚伪意思表示，属无效，对于隐藏的借贷法律关系，在必要时应突破形式上的单一合同相对性，对融资性贸易各参与方的具体行为作整体考量，以正确认定案涉企业间借贷关系中的合同主体、合同效力以及各行为人的责任。<br/>　　第一，关于合同主体。首先，深圳某科技公司是用资方，并通过某工程公司部分清偿了借款。其次，某工程公司已向某物资公司充分表明其并非借款人的身份，始终不同意以借款人身份参与交易。故认定深圳某科技公司、北京某科技公司系实际借款人，某工程公司系融资性贸易的中间方。<br/>　　第二，关于合同效力的认定。首先，某物资公司与北京某科技公司、深圳某科技公司之间已经达成以货物买卖形式掩盖企业间借贷行为的合意，某工程公司亦自愿作为中间方加入该次融资性贸易，此后某物资公司也完成了款项出借义务，故案涉借款合同已经成立并实际履行。其次，借款人深圳某科技公司、北京某科技公司一方，系为生产经营需要临时性向某物资公司拆借资金而订立借款合同；出借人某物资公司一方，尚无证据证明其有长期、多次向社会不特定对象提供融资服务等以借贷业务为常业的行为，故借款合同应作有效认定。<br/>　　第三，关于各行为人的责任。借款人深圳某科技公司、北京某科技公司未及时还款，系造成某物资公司损失的直接原因，应承担清偿责任，但欠款数额应扣减某工程公司无合法事由截留的100,000元即“通道费”。该100,000元由某工程公司直接返还给某物资公司。<br/>　　中间方某工程公司应就过错行为承担相适应的责任，主要从两方面考量：一是原因力。一方面，某工程公司明知其参与交易是某物资公司愿意出借款项的重要动因。某物资公司同意融资性贸易的前提是，有另一家国有企业作为其买卖合同相对方，符合风控制度；且某工程公司未谨慎审核合同，致使某物资公司产生了某工程公司为融资提供额外保障的错误认识。故某工程公司就买卖合同认定无效并致某物资公司损失负有明显过错。另一方面，某工程公司不是某物资公司未能获得清偿的直接责任人，其参与行为属间接原因，责任顺序上应列后。故某工程公司承担补充赔偿责任。二是过错程度。某工程公司系出于增加虚假业绩等不正当目的，提供合同订立、资金流通等媒介服务，帮助规避限制或禁止性规定，但没有证据证明有长期从事“通道”业务，主动引导案涉交易等情形，其作用有限，所获利润亦有限。同时，损失方某物资公司预见到通谋虚伪行为的法律后果，仍主动接受融资性贸易，亦负有过错。<br/>　　综上，一审对深圳某科技公司、北京某科技公司的欠付金额，以及某工程公司的责任范围与责任形式认定不当，二审予以改判。</p>","<p>对于融资性贸易链条中，过桥方未与出借方形成借款法律关系，但基于通谋虚伪意思表示而共同订立买卖合同，为借贷双方提供资金通道的，对于出借方的资金损失，过桥方并不作为借款方直接承担还款义务，而应当在借款方不能清偿债务的范围内，根据其过错程度对出借方承担相适应的赔偿责任。</p>","<p>　　《中华人民共和国民法典》第146条（本案适用的是2017年10月1日施行的《中华人民共和国民法总则》第146条）</p><br/>######<p>　　一审：上海市黄浦区人民法院（2020）沪0101民初26118号民事判决（2021年4月25日）<br/>　　二审：上海市第二中级人民法院（2021）沪02民终9083号民事判决（2022年7月1日）</p>","\N","\N","2026-01-21 10:27:30","2026-01-21 10:27:30","0d447507107f7b6b3fe0b1483b3826dd","\N","20260426"
"1519","人民法院案例库","https://rmfyalk.court.gov.cn/view/content-juvenile.html?id=4DKwo4GIReM0ZqE%2FssS92tSKpGXEsAg3AmcF%2FPDrFBM%3D&lib=ck&source=zgy","民事-监护权纠纷","2024-18-2-026-001","河北省保定市中级人民法院","民事,监护权,未成年人,婚姻关系存续期间,平等监护权","二审","2022.07.13","01","<p>u3000u3000张某（女）与李某于2019年5月登记结婚，婚后在河北省保定市某社区居住。双方于2020年11月生育一女，取名李某某。2021年4月19日起，张某与李某开始分居，后协议离婚未果。同年7月7日，李某某之父李某及祖母刘某在未经李某某之母张某允许的情况下擅自将李某某带走，回到河北省定州市某村。此时李某某尚在哺乳期内，张某多次要求探望均被李某拒绝。张某遂提起离婚诉讼，法院于2022年1月13日判决双方不准离婚。虽然双方婚姻关系依旧存续，但已实际分居，其间李某某与李某、刘某共同生活，张某长期未能探望孩子。2022年1月5日，张某以监护权纠纷为由提起诉讼，请求判令李某、刘某将李某某送回，并由自己依法继续行使对李某某的监护权。</p>","<p>u3000u3000本案的争议焦点是：李某某之父李某、祖母刘某擅自带走李某某的行为是否构成侵权，以及如何妥善处理夫妻双方虽处于婚姻关系存续期间但已实际分居时，李某某的抚养监护问题。<br/>u3000u3000u3000u3000第一，关于李某某之父李某、祖母刘某擅自带走李某某的行为是否对李某某之母张某构成侵权。民法典第三十四条第二款规定：“监护人依法履行监护职责产生的权利，受法律保护。”第一千零五十八条规定：“夫妻双方平等享有对未成年子女抚养、教育和保护的权利，共同承担对未成年子女抚养、教育和保护的义务。”父母是未成年子女的监护人，双方平等享有对未成年子女抚养、教育和保护的权利。本案中，李某、刘某擅自将尚在哺乳期的李某某带走，并拒绝将李某某送回张某身边，致使张某长期不能探望孩子，亦导致李某某被迫中断母乳、无法得到母亲的呵护。李某和刘某的行为不仅不利于未成年人身心健康，也构成对张某因履行监护职责所产生的权利的侵害。一审法院以张某没有证据证明李某未抚养保护好李某某为由，判决驳回诉讼请求，系适用法律不当。<br/>u3000u3000u3000u3000第二，关于婚姻关系存续期间，李某某的抚养监护应当如何处理。本案中，李某某自出生起直至被父亲李某、祖母刘某带走前，一直由其母亲张某母乳喂养，至诉前未满两周岁，属于低幼龄未成年人。尽管父母对孩子均有平等的监护权，但监护权的具体行使应符合最有利于被监护人的原则。现行法律和司法解释对于婚内监护权的行使虽无明确具体规定，考虑到双方当事人正处于矛盾较易激化的分居状态，为最大限度保护未成年子女的利益，参照民法典第一千零八十四条“离婚后，不满两周岁的子女，以由母亲直接抚养为原则”的规定，李某某暂由张某直接抚养为宜。张某在直接抚养李某某期间，应当对李某探望李某某给予协助配合。</p>","<p>1.在夫妻双方分居期间，一方或者其近亲属擅自带走未成年子女，致使另一方无法与未成年子女相见的，构成对另一方因履行监护职责所产生的权利的侵害。<br/>u3000u30002.对夫妻双方分居期间的监护权纠纷，人民法院可以参照适用民法典关于离婚后子女抚养的有关规定，暂时确定未成年子女的抚养事宜，并明确暂时直接抚养未成年子女的一方有协助对方履行监护职责的义务。</p>","<p>u3000u3000《中华人民共和国民法典》第34条、第1058条、第1084条、第1086条<br/>u3000u3000u3000u3000《中华人民共和国未成年人保护法》第4条、第24条</p>","\N","\N","2026-01-21 10:27:30","2026-02-18 18:30:23","0d5c69e49498071e65a1037862bfd35a","\N","20260426"
"3223","人民法院案例库","https://rmfyalk.court.gov.cn","民事-侵害商业秘密纠纷","2023-09-2-176-013","重庆市第五中级人民法院","民事,侵害商业秘密,不正当竞争,商业信息,惩罚性赔偿","一审","2019.12.20","02","<p>　　原告重庆某工商咨询有限公司诉称：被告谭某在原告任职期间，多次将其掌握的原告已采取保密措施的客户名单及交易意向等商业信息披露给被告重庆某企业管理咨询公司不当利用，后者获利后与谭某分成。原告认为，谭某与重庆某企业管理咨询公司侵害原告商业秘密的侵权行为构成不正当竞争，给其造成了经济损失。原告遂提起诉讼，请求判令：1.二被告立即停止侵权行为，不得披露、使用或允许他人使用已知悉的原告商业秘密信息；2.二被告向原告连带赔偿因侵权造成的损失10万元；3.本案原告因制止侵权支出的合理费用和诉讼费用由二被告承担。<br/>　　被告谭某辩称：原告主张的客户名单，没有说明具体内容、信息载体、合理保密措施，以及客户名单价值等，不构成商业秘密。二被告微信聊天记录涉及的客户地址、电话等信息已经通过网络渠道公开披露，无须付出代价即可轻易获取，原告也未采取合理的保密措施，不符合商业秘密构成的实质要件。<br/>　　被告重庆某企业管理咨询有限公司辩称：原告所主张的商业秘密既没有实用价值或者商业价值，其内容也不具体、不确定，也未对客户名单信息采取必要的保密措施，不符合商业秘密构成要件。<br/>　　法院审理查明：重庆某工商咨询公司于2018年5月21日聘用谭某为公司商务顾问，负责对公司客户信息进行跟踪，并与客户谈判、签约。双方签订劳动合同并约定受聘人应保守聘用单位所有商业机密，否则须承担违约责任，赔偿经济损失。2018年8月至2019年3月，谭某将其工作期间掌握的重庆某工商咨询公司已采取保密措施的客户名单及交易意向等信息披露给重庆某企业管理咨询公司，重庆某企业管理咨询公司通过伪装重庆某工商咨询公司员工，以电话、微信拉客、降低报价等方式与客户达成交易，为客户提供代办工商营业执照等服务并收取费用，事后将所收费用按一定比例支付给谭某作为报酬。经查证，谭某与重庆某企业管理咨询公司交易金额总计24710元。<br/>　　重庆市第五中级人民法院2019年12月20日作出（2019）渝05民初1225号民事判决：一、被告谭某、被告重庆某企业管理咨询公司立即停止不正当竞争行为，不得披露、使用或允许他人使用已知悉的原告重庆某工商咨询公司的商业秘密；二、被告谭某、被告重庆某企业管理咨询公司于本判决生效之日起十日内共同向原告重庆某工商咨询公司连带赔偿经济损失74130元；三、被告谭某、被告重庆某企业管理咨询公司于本判决生效之日起十日内共同向原告重庆某工商咨询公司连带赔偿为制止侵权产生的合理费用4500元；四、驳回原告重庆某工商咨询公司的其他诉讼请求。一审判决后，原、被告双方均未提出上诉，一审判决发生法律效力，被告自觉履行判决义务。</p>","<p>　　法院生效裁判认为：本案所涉原告拥有的客户信息包括客户的姓名、电话、微信名片、证照、家庭地址，以及交易意向和需求。其中交易意向和需求包括代办工商注册登记、代办工商营业执照、代为记账、报税，以及询价、报价、成交价等商业信息具有即时性、私密性，属于非公知信息。同时，二被告将客户信息进行交换、买卖，并从中牟利分成的行为，表明案涉商业信息具有一定商业价值。另外，被告谭某在劳动合同中承诺保守原告商业秘密，原告对此种商业秘密采取了相应保密措施。故案涉原告拥有的一般商业信息构成商业秘密。<br/>　　被告谭某在其任职原告公司商务顾问期间，违反合同保密义务和要求，利用职务便利，将自己掌握的原告商业秘密以买卖方式披露给被告重庆某企业管理咨询公司，从中牟利，并默许被告重庆某企业管理咨询公司用于其经营活动，其主观恶意侵权明显。被告重庆某企业管理咨询公司明知被告谭某的身份，引诱被告谭某实施上述违法行为，通过被告谭某获取、使用该商业秘密，并用于其经营活动，亦构成对原告商业秘密的侵害。二被告披露、获取原告商业秘密主观恶意明显，情节严重，构成共同侵权，同时符合反不正当竞争法第九条所列不正当竞争行为特征，构成不正当竞争。据此，对于二被告的不正当竞争行为应适用惩罚性赔偿规定，即以二被告买卖原告商业秘密交易金额24710元作为被告因侵权所获利益的三倍，确定二被告连带赔偿原告经济损失74130元。</p>","<p>1.在商业秘密保护中，对于客户名单、交易意向包括具体需求、价格咨询等具有即时性和私密性且能带来现实利益的商业信息应当作为商业秘密予以保护。<br/>　　2.公司（权利人）内部员工为谋取私利，串通公司同业竞争者共同实施非法获取、披露、使用公司商业秘密，损害公司利益并使公司同业竞争者获利，情节严重，构成共同侵权及不正当竞争，员工和同业竞争者应承担侵权所获收益一至五倍惩罚性连带赔偿责任。</p>","<p>　　《中华人民共和国民法典》第111条（本案适用的是2017年10月1日施行的《中华人民共和国民法总则》第111条）<br/>　　《中华人民共和国反不正当竞争法》第9条、第17条、第11条、第13条第1款<br/>　　《国家工商行政管理局关于禁止侵犯商业秘密行为的若干规定》第2条</p><br/>######<p>　　一审：重庆市第五中级人民法院（2019）渝05民初1225号民事判决（2019年12月20日）</p>","\N","\N","2026-01-21 10:27:30","2026-01-21 10:27:30","0d65dec78ca675787e01b1d2332c5be4","\N","20260426"
"4446","人民法院案例库","https://rmfyalk.court.gov.cn","民事-侵害商业秘密纠纷","2023-13-2-176-012","最高人民法院","民事诉讼,侵害技术秘密,管辖权异议,被告住所地,侵权行为地","二审","2020.03.13","02","<p>　　某化学科技有限公司（以下简称某化学公司）诉称:其系全球最大的橡胶防老剂4020、4010NA以及中间体RT培司生产企业之一。2007年至2012年期间，山西某化工有限公司（以下简称山西某公司）、陈某与案外人王某、李某、张某等人非法窃取其商业秘密，并利用涉案商业秘密改造及新建山西某公司RT培司、“4020防老剂”生产线。目前该非法窃取商业秘密刑事案已由江苏省高级人民法院（即本案原审法院）于2018年12月28日作出（2013）苏知刑终字第0006号刑事裁定（以下简称第6号刑事裁定），认定山西某公司及案外人王某、李某、张某等人构成侵犯商业秘密罪，并承担相应刑事责任。刑事案件案发后，山西某公司并未停止侵权，继续利用非法获取的商业秘密生产侵权产品。2017年，山西某公司、陈某又通过其实际控制的运城某化学科技有限公司（以下简称运城某公司）利用涉案商业秘密生产侵权产品并进行销售。山西某公司、运城某公司、陈某的前述共同侵权行为，给某化学公司造成重大经济损失，依法应当承担赔偿责任。故诉至江苏省高级人民法院，请求判令山西某公司破产管理人、运城某公司、陈某：1.立即停止侵犯其商业秘密的行为；2.连带赔偿其经济损失20154万元；3.承担本案全部诉讼费用，并承担其为调查、制止侵权行为所支出的合理费用。<br/>　　山西某公司、运城某公司在原审中提出管辖权异议认为：（一）山西省临猗县人民法院于2019年1月18日作出（2019）晋0821破1号民事裁定书，裁定受理山西某公司破产清算，并作出(2019)晋0821破1号决定书，指定运城某会计师事务所有限公司担任管理人。依据破产法第二十一条的规定，本案应移送山西省临猗县人民法院审理。（二）本案无论是原告住所地，还是被告住所地、侵权行为地等管辖因素均与原审法院缺乏关联。（三）某化学公司的起诉是以江苏省高级人民法院作出的第6号刑事裁定为基础，本案合议庭部分成员参与了该刑事案件的审理，有先入为主之嫌。<br/>　　法院经审理查明：在第6号刑事裁定中，被告人为王某、李某、张某，被告单位为山西某公司，被害单位为某化学公司，山西某公司与张某达成共同窃取某化学公司技术资料的犯罪故意，由张某利用工作之便窃取某化学公司技术资料，王某、李某受山西某公司安排，伙同张某共同窃取技术资料，山西某公司利用窃取的技术资料进行工业项目建设，山西某公司、王某、李某、张某构成侵犯商业秘密罪，且系共同犯罪。山西某公司、王某、张某系主犯，李某系从犯。张某在刑事案件中供述，2010年其随某化学公司副总高某到泰州工作期间，在公司办公室内趁机用U盘从高世明电脑中拷贝了某化学公司RT培司工艺流程中精馏工序工艺管道仪表流程图、设备布置图等4份技术图纸及相关材料并提供给王某、李某，刑事案件一审审理法院江苏省泰州市中级人民法院据此认定江苏省泰州市是本案犯罪的行为地之一。<br/>　　某化学公司在本案管辖权异议期间向原审法院提交《变更诉讼请求申请书》和《民事起诉状（诉讼请求变更后）》，申请撤回对山西某公司的起诉，并追加王某、李某为本案被告。根据某化学公司的《变更诉讼请求申请书》和《民事起诉状（诉讼请求变更后）》，其请求法院判令陈某、王某、李某、运城某公司：1.停止侵犯某化学公司技术秘密行为；2.连带赔偿某化学公司经济损失20154万元；3.承担本案全部诉讼费用，并承担某化学公司为调查、制止侵权行为所支出的合理费用，包括律师费、公证费。<br/>　　江苏省高级人民法院于2019年7月26日作出（2019）苏民初34号民事裁定：山西某公司、运城某公司对管辖权提出的异议成立，本案移送山西省临猗县人民法院处理。某化学公司不服，提出上诉。最高人民法院于2020年3月13日作出（2020）最高法知民辖终68号民事裁定：一、准许某化学公司撤回对山西某公司的起诉；二、撤销江苏省高级人民法院（2019）苏民初34号民事裁定；三、本案由江苏省高级人民法院管辖。</p>","<p>　　法院生效裁判认为，在山西某公司作为本案被告的情况下，本案应移送山西省临猗县人民法院管辖。但是，本案相关事实在管辖权异议阶段发生了变化，即某化学公司已经向原审法院申请撤回对山西某公司的起诉，且这一申请是否得到准许将直接决定本案管辖权的确定。鉴于某化学公司自愿申请撤回对山西某公司的起诉，且这一申请并不违反法律的强制性规定，不侵害其他诉讼当事人的利益，应予准许。准许某化学公司撤回对山西某公司的起诉后，山西某公司进入破产清算程序不再影响本案管辖权的确定。同时，在共同故意侵权行为中，每一侵权人应对共同意思范围内的全部行为承担责任，故每一侵权人被诉侵权行为的结果地均应视为共同故意侵权行为的结果地之一。本案中，陈某、王某、李某应为案外人张某的窃取行为负责，张某窃取技术秘密行为的实施地与结果地重合，均在江苏省内，故江苏省是本案共同侵权人的被诉侵权行为结果地之一。综合以上因素，原审法院依法对本案享有管辖权。</p>","<p>在原审法院认定其对案件不具有管辖权的情况下，缺乏管辖权恒定原则适用的前提。此后出现可能使得原审法院具有管辖权的新事实的，应当根据该新事实确定管辖。</p>","<p>　　《中华人民共和国企业破产法》第21条<br/>　　《最高人民法院关于适用〈中华人民共和国企业破产法〉若干问题的规定（二）》第47条（本案适用的是2013年9月16日施行的《最高人民法院关于适用〈中华人民共和国企业破产法〉若干问题的规定（二）》第47条）<br/>　　《中华人民共和国民事诉讼法》第29条（本案适用的是2017年7月1日施行的《中华人民共和国民事诉讼法》第28条）<br/>　　《最高人民法院关于适用〈中华人民共和国民事诉讼法〉的解释》第24条（本案适用的是2021年1月1日施行的《最高人民法院关于适用〈中华人民共和国民事诉讼法〉的解释》第24条）<br/>　　《最高人民法院关于知识产权法庭若干问题的规定》第14条</p><br/>######<p>　　一审：江苏省高级人民法院（2019）苏民初34号民事裁定（2019年7月26日）<br/>　　二审：最高人民法院（2020）最高法知民辖终68号民事裁定（2020年3月13日）</p>","\N","\N","2026-01-21 10:27:30","2026-01-21 10:27:30","0d7b49af30149512f7bd15234cf3dbba","\N","20260426"
"2986","人民法院案例库","https://rmfyalk.court.gov.cn","民事-饲养动物损害责任纠纷","2024-07-2-380-004","吉林省高级人民法院","民事,饲养动物损害责任,禁止饲养,危险动物,赔偿责任","再审","2022.06.29","02","<p>　　原告徐某某诉称：刘某某饲养了一只阿拉斯加犬，按照其所在城市《城区养犬管理条例》规定，该犬属于市区内禁止饲养的大型犬。2019年8月，7岁的徐某某跟随祖母王某某在该市某小区内玩耍，偶遇刘某某牵领该犬出行。王某某和徐某某逗犬时，该犬突然抓伤徐某某面部。徐某某被家人送至医院就诊并住院治疗。徐某某家人与刘某某就赔偿事宜协商未果，徐某某提起诉讼，请求刘某某赔偿医疗费、住院期间伙食补助费、交通费、护理费、精神损害抚慰金等各项费用合计33010.18元。<br/>　　被告刘某某辩称：徐某某被犬只抓伤，主要是由王某某和徐某某挑逗狗所导致，两人存在重大过错。根据侵权责任法第八十三条规定，王某某作为完全民事行为能力人存在重大过错，应承担赔偿责任，并应当依法减轻刘某某的责任。<br/>　　第三人王某某述称：徐某某的损失，主要系由刘某某违规饲养大型犬所导致。同时，王某某在在徐某某被大型犬抓伤的过程中不存在过错。因此，依法应由刘某某承担赔偿徐某某的责任。<br/>　　法院经审理查明：王某某与徐某某系祖孙关系。刘某某饲养的纯种阿拉斯加犬将徐某某抓伤。刘某某垫付了徐某某在吉林市某第二医院就医的门诊费（因部分缴费凭证丢失，无法证实具体金额，放弃抵销徐某某医疗费的抗辩）；刘某某为徐某某支付了两次狂犬病疫苗注射费（其中73元有缴费凭证）；徐某某自付了三次狂犬病疫苗注射费合计219元；徐某某同意在赔偿总金额中扣除刘某某已支付的1000元；刘某某支付了徐某某就医途中的汽车加油费280元及在吉林省某医院住院期间的停车费押金100元；徐某某在吉林省某医院支付的住院医疗费合计30885.47元（含刘某某支付的部分住院押金17000元）。2019年8月10日，徐某某跟随王某某在某小区内玩耍，偶遇刘某某及其饲养并牵引的阿拉斯加犬，王某某和徐某某主动挑逗狗，致徐某某被狗抓伤面部，先后在吉林市某医院和吉林市某第二医院门诊就医。8月11日至9月6日，徐某某在吉林省某医院住院治疗26天（其中一级护理1天，二级护理25天）。根据徐某某的申请，一审法院委托吉林某司法鉴定所对其伤残等级、出院后的营养期及后续治疗费进行鉴定，鉴定结论为：“1.右面部瘢痕不构成伤残；2.出院后的营养期为15日；3.后续治疗费4800元”。徐某某支付鉴定费1900元（其中伤残等级鉴定费700元）。另查明，刘某某饲养的阿拉斯加犬于2017年5月2日出生，事故发生前已进行了免疫接种。2019年7月14日，刘某某向丰满区犬证办理处申请办理养犬证，但未通过审核，刘某某被告知携犬到现场审核、办理犬证，而事故发生时，该犬尚未取得证件，事故发生后，刘某某将该犬转移至他处。再查明，刘某某垫付费用合计18459元。<br/>　　吉林省吉林市吉林高新技术产业开发区人民法院于2020年8月10日作出（2020）吉0291民初476号民事判决：刘某某对徐某某的损失承担80%赔偿责任，王某某承担20%的责任。徐某某不服，提出上诉。吉林省吉林市中级人民法院于2020年11月18日作出（2020）吉02民终2351号民事判决改判：刘某某承担70%责任，王某某承担30%的责任。刘某某不服生效判决，申请再审。吉林省高级人民法院于2021年10月8日作出（2021）吉民申3152号民事裁定提审本案。吉林省高级人民法院于2022年6月29日作出（2022）吉民再18号民事判决：一、撤销吉林省吉林市中级人民法院（2020）吉02民终2351号民事判决和吉林高新技术产业开发区人民法院（2020）吉0291民初476号民事判决；二、刘某某于本判决生效之日起十日内赔偿徐某某损失30197.65元。三、驳回徐某某的其他诉讼请求。</p>","<p>　　法院生效裁判认为：动物饲养人在享受饲养动物乐趣的同时应承担较高的管理义务，严格遵守相关管理规定，避免动物给他人健康和人身安全带来的危险，营造安全的居住环境，维护社会公共秩序。侵权责任法第八十条规定，禁止饲养的烈性犬等危险动物造成他人损害的，动物饲养人或者管理人应当承担侵权责任。该条规定表明，禁止饲养的烈性犬等危险动物的饲养人或者管理人应当承担严格的无过错责任，无权抗辩减少或者免除责任。饲养人或者管理人违反规定饲养烈性犬等危险动物，具有严重的主观过错，饲养人或者管理人应承担侵权责任。该市《城区养犬管理条例》第四条规定“本市城市建成区内允许饲养小型犬，限制饲养中型犬，禁止饲养烈性犬、大型犬”。本案中刘某某饲养的阿拉斯加犬属于该市禁止饲养的大型犬，该犬将徐某某抓伤，徐某某由此产生的合理费用刘某某均应予赔偿。虽然徐某某逗犬有过错，也不能减轻刘某某的责任。最终判决刘某某就徐某某全部损失承担责任。</p>","<p>禁止饲养的烈性犬、大型犬等危险动物造成他人损害，动物饲养人或者管理人以被侵权人、第三人存在故意或者重大过失为由，主张不承担责任或者减轻责任的，人民法院不予支持。</p>","<p>　　《中华人民共和国民法典》第1247条（本案适用的是2010年7月1日施行的《中华人民共和国侵权责任法》第80条）</p><br/>######<p>　　一审：吉林省吉林市吉林高新技术产业开发区人民法院（2020）吉0291民初476号民事判决（2020年8月10日）<br/>　　二审：吉林省吉林市中级人民法院（2020）吉02民终2351号民事判决（2020年11月18日）<br/>　　再审审查：吉林省高级人民法院（2021）吉民申3152号民事裁定（2021年10月8日）<br/>　　再审判决：吉林省高级人民法院（2022）吉民再18号民事判决（2022年6月29日）</p>","\N","\N","2026-01-21 10:27:30","2026-01-21 10:27:30","0d8aaa342849e2b47c3645b34f3c133e","\N","20260426"
"461","人民法院案例库","https://rmfyalk.court.gov.cn","民事-合同纠纷","2025-07-2-483-005","彭水苗族土家族自治县人民法院","民事,合同,个体工商,连带责任,字号变更,经营者变更","一审","2025.01.27","02","<p>　　原告余某兵诉称：2024年3月12日，其与彭水县某凡健身服务中心（以下简称某凡健身中心）就投资款达成结算《协议》，载明：某凡健身中心自愿于2024年4-8月分期偿还余某兵装修款人民币60000元（币种下同）。协议达成后某凡健身中心未按期履行给付义务。后某凡健身中心经工商登记变更为彭水县某博健身服务中心（以下简称某博健身中心），经营者由李某变更为冉某华。为维护自身合法权益，余某兵遂诉至法院，请求判令：被告某博健身中心、冉某华、李某连带偿还装修款60000元。<br/>　　被告某博健身中心、冉某华共同辩称：某博健身中心、冉某华不是适格被告，某博健身中心的前身为某凡健身中心，经营者为李某，转让协议中原经营者承诺更名前某凡健身中心不欠任何材料款等债务，故案涉款项应由原经营者李某承担。<br/>　　法院经审理查明：2023年8月，余某兵与李某口头约定，余某兵以装修为投资入股筹备中的某凡健身中心。同年9月4日，某凡健身中心依法办理个体工商户工商登记，字号为某凡健身中心，经营者为李某。2024年3月1日，李某与受让经营者冉某华达成关于某凡健身中心转让合意，并签订《转让协议》，主要约定：某凡健身中心以现状转让，转让前的债务由李某承担，遗留的会员私教课由受让人负责处理。该协议签订后，某凡健身中心字号、经营者变更前，余某兵与李某、某凡健身中心于同年3月12日达成装修款结算协议，约定某凡健身中心分期偿还余某兵装修款60000元。3月20日，某凡健身中心办理工商变更登记，字号更名为某博健身中心，营业执照上登记的经营者变更为冉某华。后某凡健身中心、李某未按期偿还余某兵装修款。余某兵认为某凡健身中心的字号、经营者虽然变更，但经营场所、经营项目等未发生变化，遂要求变更前的经营者和字号变更后的个体工商户、经营者对该案所涉债务承担连带责任。<br/>　　重庆市彭水苗族土家族自治县人民法院于2025年1月27日作出（2024）渝0243民初6056号民事判决：一、李某于本判决生效之日起十日内支付余某兵装修款60000元；二、驳回余某兵的其他诉讼请求。宣判后，双方当事人均未提起上诉，判决已发生法律效力。</p>","<p>　　本案的争议焦点为：个体工商户变更字号、经营者后新的经营者应否承担变更前的债务。<br/>　　其一，《中华人民共和国民法典》第五十六条第一款规定：“个体工商户的债务，个人经营的，以个人财产承担；家庭经营的，以家庭财产承担；无法区分的，以家庭财产承担。”个体工商户是以经营者或经营者家庭责任财产作为债务担保的商事主体。在个体工商户经营期间一旦形成债务，其责任主体便已确定，相应责任财产范围也已确定。当个体工商户字号、经营者变更时，原经营者的债务与变更后的经营者并无实质关联。故个体工商户字号、经营者变更前的债务，应当由原经营者承担。<br/>　　其二，民法典第五百一十八条第二款规定：“连带债权或连带债务，由法律规定或者当事人约定。”现行法律并未规定个体工商户字号、经营者变更后，与转让人连带承担受让前的债务。因此，变更后的经营者承担连带责任并无法律依据。但民事法律关系尊重当事人意思自治，若变更前后的经营者、债权人三方能够达成合意，则应当尊重当事人意思自治的约定，从而确定债务承担主体。本案中，并无对原个体工商户债务承担方式的三方协议，且个体工商户转让合同中明确约定，转让之前的债务由原经营者自行承担。故余某兵请求变更字号后的经营者、个体工商户承担连带责任，无事实和法律依据，不予支持。</p>","<p>个体工商户经营者以其个人或者家庭财产对经营期间的债务承担责任。个体工商户登记的经营者发生变更，债权人要求受让经营者承担原经营者经营期间债务的，如果原经营期间的债务转移未经债权人同意或者受让经营者未明确表示加入债务，人民法院不予支持；债权人要求原经营者承担其经营期间产生的债务的，人民法院依法予以支持。</p>","<p>　　《中华人民共和国民法典》第56条第1款、第551条<br/>　　　　</p><br/>######<p>　　一审：重庆市彭水苗族土家族自治县人民法院（2024）渝0243民初6056号判决书（2025年1月27日）</p>","\N","\N","2026-01-21 10:27:30","2026-01-21 10:27:30","0d91ead4cf0df7cffe60983b66402974","\N","20260426"
"689","人民法院案例库","https://rmfyalk.court.gov.cn","民事-股东知情权纠纷","2024-08-2-267-003","上海市第二中级人民法院","民事,股东知情权,股权转让协议,工商登记,股东资格,公司章程","二审","2021.09.23","02","上海某物业管理有限公司（以下简称某物业公司）成立于1996年12月13日，注册资本为500万元，登记股东为上海某置业有限公司（以下简称某置业公司）（持股比例88%）、江西某房地产公司（持股比例12%）。2001年，某置业公司通过受让继受取得某物业公司的股权。2009年下半年开始，某置业公司得知某物业公司的管理人员将某物业公司名下面积1820.34平方米房屋无偿过户到案外人名下，严重损害了股东利益。某置业公司多次要求某物业公司提供会计账簿等供查阅，并将过户到案外人名下的房屋返还,重新过户回某物业公司名下，然而某物业公司的管理人员却置之不理，严重侵犯了某置业公司的合法权益。某置业公司遂诉至法院，请求判令：1.某物业公司提供自1996年12月13日起至2021年2月28日止的股东会会议纪录、董事会会议决议、财务会计报告（包括资产负债表、利润表、现金流量表、财务情况说明书）、审计报告供某置业公司查阅、复制；2.某物业公司提供自1996年12月13日起至2021年2月28日止的公司会计账簿（含总账、明细账、日记账、其他辅助性账簿）和会计凭证（含记账凭证、原始凭证及作为原始凭证附件入账备查的有关资料）供某置业公司查阅；3.上述材料由某置业公司委托会计师、律师进行查阅、复制等。<br/>　　某物业公司辩称：不同意某置业公司的全部诉讼请求。某置业公司已于2009年将股权转让给案外人，已不是某物业公司股东。<br/>　　另查明，某置业公司委托律师于2020年11月16日向某物业公司寄送《律师函》，要求某物业公司提供自设立至今全部会计账簿及财务报表、对外签约合同文本供某置业公司的委托人查阅。2021年3月4日，某置业公司委托律师向某物业公司寄送《律师函》，载明：“……本公司曾先后委托上海市世某律师事务所和上海胜某律师事务所于2010年、2015年、2020年致函于你方，要求你方提供会计账簿、财务报表等供其查询，但你方未予回应。根据我国公司法的规定……正式函告如下：为便于我委托人全面了解公司自成立以来的经营状况，为制定公司下一步发展方案找准方向，请你方接到本律师函之日起5个工作日内，为我委托人提供下列便利：一、提供自1994年2月4日起至2021年2月28日止的股东会会议纪录、董事会会议决议、财务会计报告（包括资产负债表、利润表、现金流量表、财务情况说明书）、审计报告供某置业公司查阅、复制;二、提供自1994年2月4日起至2021年2月28日止的公司会计账簿(含总账、明细账、日记账、其他辅助性账簿)和会计凭证（含记账凭证、原始凭证及作为原始凭证附件入账备查的有关资料）供某置业公司查阅;三、上述材料由某置业公司可以委托会计师、律师进行查阅、复制……”。某物业公司对2020年《律师函》表示见过，对2021年《律师函》表示予以拒收。<br/>　　上海市崇明区人民法院于2021年7月9日作出（2021）沪0151民初3614号民事判决： 一、被告某物业公司于本判决生效之日起十日内向原告某置业公司提供某物业公司自1996年12月13日起至2021年2月28日止的股东会会议纪录、董事会会议决议、财务会计报告（包括资产负债表、利润表、现金流量表、财务情况说明书、审计报告）供某置业公司查阅、复制（原告查阅上述公司文件材料时，在某置业公司法定代表人王某国在场的情况下，可委托会计师、律师辅助进行）；二、被告某物业公司于本判决生效之日起十日内向原告某置业公司提供某物业公司自1996年12月13日起至2021年2月28日止的会计账簿（含总账、明细账、日记账、其他辅助性账簿）和会计凭证（含记账凭证、原始凭证及作为原始凭证附件入账备查的有关资料）供某置业公司查阅（某业公司查阅上述公司文件材料时，在某置业公司法定代表人王某国在场的情况下，可委托会计师、律师辅助进行）；三、上述材料由原告某置业公司在被告某物业公司正常营业时间内查阅，查阅地点为某物业公司的办公区域内（上海市徐汇区乌鲁木齐南路X号X室），查阅时间为15个工作日。宣判后，某物业公司不服，提起上诉。上海市第二中级人民法院于2021年9月23日作出（2021）沪02民终9007号民事判决：驳回上诉，维持原判。<br/>","2018年《中华人民共和国公司法》第三十三条第一款规定：“股东有权查阅、复制公司章程、股东会会议记录、董事会会议决议、监事会会议决议和财务会计报告。”第九十七条规定：“股东有权查阅公司章程、股东名册、公司债券存根、股东大会会议记录、董事会会议决议、监事会会议决议、财务会计报告，对公司的经营提出建议或者质询。”2021年《最高人民法院关于适用中华人民共和国公司法若干问题的规定（四）》第七条规定：“股东依据公司法第三十三条、第九十七条或者公司章程的规定，起诉请求查阅或者复制公司特定文件材料的，人民法院应当依法予以受理。公司有证据证明前款规定的原告在起诉时不具有公司股东资格的，人民法院应当驳回起诉，但原告有初步证据证明在持股期间其合法权益受到损害，请求依法查阅或者复制其持股期间的公司特定文件材料的除外。”据此，知情权作为一项重要的股东权利，与股东身份高度绑定。起诉要求行使股东知情权，一般情况下须具备起诉时具有股东资格这一“时间+身份”双重要件。本案的争议焦点即为某置业公司在起诉时是否具有某物业公司的股东身份，某置业公司与案外人签订股权转让协议是否必然导致其丧失股东资格。对此，法院认为，某置业公司签订股权转让协议属于协议订立的范畴，本身并不必然立即导致股东资格的丧失，而转让股东资格属于协议履行的范畴，受让方在双方依约履行股权转让协议、完成变更登记后方能取得股东身份。结合本案查明的事实，在某置业公司提起本案诉讼这一时间点，对外而言，某置业公司仍为某物业公司公示登记在册的股东，并未通过股权转让协议的履行变更工商登记；对内而言，某物业公司亦未提供证据证明公司章程、股东名册等内部材料已作相关变更。与此同时，也无生效法律文书确定某置业公司已丧失股东资格。综上，某置业公司在本案起诉时仍然具有某物业公司的股东身份，可以依法行使股东知情权。<br/>","股东知情权纠纷中对原告起诉时股东身份的把握应结合工商登记、股东名册、公司章程等综合认定。原告与案外人签订股权转让协议并不当然导致股东资格的丧失。如果在原告起诉时，对外仍为工商登记的股东，对内仍为股东名册或公司章程记载的股东，且无生效法律文书确定原告已丧失股东资格，则原告在起诉时仍为公司股东，可以依法行使股东知情权。<br/>","《中华人民共和国公司法》第57条（本案适用的是2018年10月26日修正的《中华人民共和国公司法》第33条）<br/>######　　一审：上海市崇明区人民法院（2021）沪0151民初3614号民事判决（2021年7月9日）<br/>　　二审：上海市第二中级人民法院（2021）沪02民终9007号民事判决（2021年9月23日）<br/>","\N","\N","2026-01-21 10:27:30","2026-01-21 10:27:30","0da70617ee341ceea38807680808e610","\N","20260426"
"1081","人民法院案例库","https://rmfyalk.court.gov.cn","民事-婚约财产纠纷","2024-07-2-012-001","浙江省衢州市中级人民法院","民事,婚约财产,借婚姻索取财物,赠与,返还","二审","2023.06.20","02","2021年12月初，原告通过微信相亲群添加被告为微信好友，被告同意原告的好友请求。2021年12月中旬，被告感冒生病前往原告居住地，原告陪同看病，期间原告现金交付被告600元。此后双方联系频繁。2021年12月下旬，被告通过微信向原告表达交往、共同生活的意愿并设定前提条件，即“（一）我们先相处，你给我六万彩礼钱我们一起生活一段时间（我的家用电器家具都一万多了全都给你），如果双方觉得合适再于明年去领证；（二）你觉得我好可以一起到老那么年前挑个日子双方亲戚走动一下然后去领证，可我要求彩礼钱18万等”，原告表示同意，双方遂建立恋爱关系。2021年12月底，原告在被告的要求下花费4223元为被告购买金戒指一枚，同日原告通过微信转账给被告20000元，并备注为“付蒋某珍婚礼钱”。2022年1月初，原告又通过微信转账给被告20000元，并备注为“付蒋某珍买房交税”。自2021年12月起至2022年9月止，被告以其需交房税、物业费、罚款、话费、网络费、购买车保险、配眼镜、给他人随礼、过节表示及其他生活消费为由向原告索取钱款，原告陆续通过微信转账、发红包给被告合计58620元。自2022年8月起，因被告拒接、无视原告电话，对原告领证的提议采取推脱、逃避的态度，并向原告多次表示“给钱才领证”，双方感情因此产生隔阂，并于2022年9月份结束恋爱关系。涂某雄认为，被告蒋某珍借婚姻索取财物，所得钱款59220元、财物（金戒指）应返还原告。<br/>　　蒋某珍辩称：在双方恋爱期间，原告为表示爱情交好，自愿赠予被告财物，该赠与行为已经完成，被告无需返还。<br/>　　另查明，在交往期间双方未长期稳定共同生活。<br/>　　浙江省衢州市衢江区人民法院于2023年3月28日作出（2023）浙0803民初175号民事判决：一、被告蒋某珍于本判决生效之日起十日内返还原告涂某雄钱款59220元；二、被告蒋某珍于本判决生效之日起十日内返还原告涂某雄价值4223元金戒指一枚，若无法返还原物，则由被告蒋某珍赔偿原告涂某雄4223元；三、驳回原告涂某雄的其他诉讼请求。宣判后，蒋某珍不服，提起上诉。浙江省衢州市中级人民法院于2023年6月20日作出（2023）浙08民终445号民事判决：驳回上诉，维持原判。","本案争议焦点有二：一、原告向被告给付财物的行为系被告借婚姻索取财物还是男女双方自愿馈赠？二、若被告的行为构成借婚姻索取财物，原告是否可以要求被告返还所有财物？<br/>　　关于争议焦点一，首先，关于双方交往意图，原、被告系在微信相亲群中互加好友相识，根据被告在微信聊天中的表示及原告对被告的提议表示赞同，可以看出原、被告双方相识之初便有以缔结婚姻为目的进行交往的合意，且被告表现出要求原告给付财物为结婚先决条件的意图，原告后续应被告要求为被告购买金戒指、给付被告彩礼钱20000元；其次，关于双方相处模式及感情状况，双方长期两地分居，被告多数时间在外务工，双方以微信作为联络感情的主要方式，且被告主动与原告联系几乎以索要钱款为目的，其余时间均以工作忙碌等原因拒接、忽视原告的电话，双方关系牢固性、稳定性差，婚姻以感情为基础，但被告对原告几乎无感情可言；再者，关于原告给付被告财物的态度，被告以其需要交房税、物业费、罚款、话费、网络费、购买车保险、配眼镜、给他人随礼、过节表示以及其他生活消费为由向原告索要财物，原告均系被动给付，且仅是被告单方面向原告索要财物，原告并未向被告索取且被告未回赠原告；最后，关于被告与原告交往的真实意图，在原告多次向被告表达领证意愿后，被告均以各种理由推脱、逃避，并多次向原告表示“给钱才领证”，再次表明被告具备以给付钱财为结婚先决条件意图，如原告不给付，则不与之结婚，使得原告陷入被迫给付的困境。 综上可以看出，被告以愿意结婚为条件向原告不断索要财物，其目的是想让原告陷入错误认识，在违背真实意愿的前提下做出财产赠与行为，被告的行为已然构成借婚姻索取财物。<br/>　　关于争议焦点二，借婚姻索取财物不符合社会主义婚姻家庭道德观，应认定为无效民事法律行为，行为自始不具备法律约束力，索取的财物应当予以退还。本案中，考虑到被告借婚姻索取财物、双方未办理结婚登记手续、未形成长期稳定的同居关系、见面相处的次数不多，长期通过微信联系、被告对待原告消极回避的态度等因素，法院认为被告对双方的感情持漠然态度，对原告几乎无感情可言，仅是为了满足自身的物质欲望，被告应将原告给付的财物全部返还。根据查明的事实，原告通过微信转账、发红包共计向被告给付钱款58620元、现金交付600元、交付价值为4223元金戒指一枚，上述财物被告均应返还原告。","民法典明确规定“禁止借婚姻索取财物”。当事人自认识伊始为满足自身物质需求不断以结婚先决条件为由向对方索取财物，未用于共同生活，又以未达到彩礼标准为由拒绝结婚的行为，与恋爱中的一般赠与存在差别，应认定为借婚姻索取财物。对借婚姻索取财物的行为应作否定性评价，索取的财物应当予以全部返还。<br/>","《中华人民共和国民法典》第153条、第157条、第1042条<br/>######　　一审：浙江省衢州市衢江区人民法院（2023）浙0803民初175号民事判决（2023年3月28日）<br/>　　二审：浙江省衢州市中级人民法院（2023）浙08民终445号民事判决（2023年6月20日）<br/>","\N","\N","2026-01-21 10:27:30","2026-01-21 10:27:30","0db23514a779d30ba52778c800b754eb","\N","20260426"
"2720","人民法院案例库","https://rmfyalk.court.gov.cn","民事-海上、通海水域货运代理合同纠纷","2024-10-2-223-001","宁波海事法院","民事,海上、通海水域货运代理合同,海事海商,危险品,瞒报,海运承运人,违约金","一审","2021.06.30","02","<p>　　2019年11月4日，被告浙江某国际物流有限公司委托原告宁波某国际物流有限公司从宁波出运一批玻璃制品至伊朗阿巴斯港，承运人为某香港有限公司。11月11日，宁波海关查验出前述货物中装有烟花爆竹。2020年1月16日，宁波市港口管理局作出行政处罚决定书，就此票货物瞒报事件向承运人处罚人民币10万元。承运人根据其已经公开的处罚标准，要求原告向其交纳罚金35000美元和人民币6000元。此外，还要求原告支付此票货物的箱单费人民币60元，以及因涉案集装箱还错堆场产生的滞箱费4553美元和额外的掏箱费人民币1676元。原告全额支付了上述罚款、箱单费、滞箱费和掏箱费共计美元39553元和人民币107736元后，向被告追偿。双方就被告是否需要承担上述费用产生纠纷。<br/>　　宁波海事法院于2021年6月30日作出（2021）浙72民初632号民事判决：一、被告浙江某国际物流有限公司于判决生效后十日内支付原告宁波某国际物流有限公司行政罚款人民币10万元、滞箱费4553美元（按2020年2月25日美元兑人民币汇率中间价1：7.0129计算，折合人民币32458.34元）、掏箱费及箱单人民币838元及船公司违约金2万美元（按2019年12月20日美元兑人民币汇率中间价1：7.0082计算，折合人民币140164元）及前述款项利息（共计折合人民币273460.34元，自2020年8月1日起按全国银行间同业拆借中心公布的贷款市场报价利率计算至实际履行完毕之日止）；二、驳回原告宁波某国际物流有限公司其他诉讼请求。宣判后，双方均未提起上诉，并已自行履行判决。</p>","<p>　　宁波海事法院认为，被告在委托原告订舱时负有准确告知货物信息的义务，现集装箱内实际装载的烟花爆竹属于第1类危险货物爆炸品，与其委托原告订舱的货物品名不一致，由此导致货物被查扣，并造成原告损失，应当赔偿原告由此造成的行政罚款、箱单费、滞箱费及违约损失；虽然被告辩称其系接受案外人委托出运货物，并披露了案外人身份，但作为第三人的原告仍可依《中华人民共和国合同法》第四百零三条第二款规定选择向委托人被告主张由此造成的损失。<br/>　　关于行政罚款，本案以行政罚款决定书中的罚款金额为依据，在罚款人民币10万元范围内予以支持。关于掏箱费，根据双方过错程度，酌定被告承担50%，即人民币838元。关于滞箱费和箱单费，费用相对合理，予以支持。<br/>　　关于罚金，尽管承运人某香港有限公司在其官网公布了瞒报危险品的罚金标准，但承运人作为船公司并非行政机关，其向各代理收取罚金没有直接法律依据。从船公司向各订舱代理发送的邮件及各船公司的代理协议来看，因瞒报违禁品产生的船公司罚金性质应属于违约金。考虑到货主未按危险品货物标准向承运人及行政主管部门申报，导致货物被查处，承运人因此无法装运货物而产生亏舱，该违约行为导致的承运人损失可参考正常危险品运输的运价。经向宁波市货运代理协会了解，在同时间段类似航次的危险品海运费较普通40英尺货物运价高15000美元左右。本案原告通过其上级代理向承运人支付的“罚金”即违约金35000美元，明显高于承运人未能承运同类危险品货物产生的损失。在被告对该金额提出异议的情况下，该违约金应依法予以调整。综合考虑货主未正确申报危险物品的主观恶意、现实中各船公司对罚金的一般标准及正常出运同类危险品的成本，酌定因瞒报危险品产生的违约金为2万美元及利息，超出部分不予支持。</p>","<p>海运承运人并非行政机关，其向各代理收取“罚金”没有直接法律依据。且因瞒报违禁品产生的船公司“罚金”的性质应属违约金，人民法院应参考危险品货物运价的亏舱费予以保护，综合考量货主未正确申报危险物品的主观恶意、现实中的一般标准及正常出运同类危险品的成本，酌情认定船公司可主张的因瞒报危险品产生的违约金。</p>","<p>　　《中华人民共和国民法典》第585条、第921条、第926条、第930条（本案适用的是1999年10月1日施行的《中华人民共和国合同法》第114条第2款、第398条、第403条第2款、第407条）<br/>　　《中华人民共和国民事诉讼法（2023年修正）》第67条第1款 （本案适用的是2017年6月27日修正的《中华人民共和国民事诉讼法》第64条第1款）</p><br/>######<p>　　一审：宁波海事法院（2021）浙72民初632号民事判决（2021年6月30日）</p>","\N","\N","2026-01-21 10:27:30","2026-01-21 10:27:30","0dc8006ee781a39ac237b1086c8311a2","\N","20260426"
"6290","多元解纷案例库","https://dyjfalk.court.gov.cn/site/case/ace7f1ed-2694-4171-b439-ac84e96937c8","民事-赡养纠纷","D2025-161-1-024-759","利川市人民法院","民事,赡养纠纷,高龄老人赡养,财产分割,多方联动化解,村委会参与化解","","2025-11-03","\N","赵某甲，1942年生，有龚某甲（女）、龚某乙、龚某丙、龚某丁（女）、龚某戊5名子女，其中龚某甲、龚某丁出嫁时未分割父母土地、房屋、财产等，龚某乙、龚某丙、龚某戊成家时分得家中耕地、宅基地、物资等。赵某甲自丈夫去世后，长期单独生活，2020年因丧失自理能力住进养老院，后因无力支付养老院费用，由弟弟赵某乙接回家共同生活，其弟媳朱某照顾日常起居。期间，赵某甲五个子女因各自生活压力，或外出务工，或在外安家，未对赵某甲尽到赡养义务。赵某乙多次代赵某甲与其子女沟通，五个子女间因当年财产分割遗留问题，难以统一赡养意见，争执不下。赵某甲遂诉至法院，要求五名子女履行赡养义务。","法院收到起诉材料后，考虑到老人年事已高，赡养问题亟待解决，为高效实质化解纠纷，经征得当事人同意后，邀请赵某甲所在村委会及养老院共同参与纠纷调处工作，并指派专业法官指导调解。 一是深度走访调查，了解真实诉求。法院通过联系赵某甲所在的村委会，到赵某乙家中看望赵某甲，了解到赵某甲在赵某乙及朱某的照顾下，生活安稳，但赵某乙家并不富裕，朱某也年逾六十，照顾赵某甲略显吃力。后指导法官走访赵某甲曾住过的养老院，了解赵某甲身体情况、护理清单及日常基本开销。随后，指导法官与赵某甲五名子女单线联系，了解他们生活、工作及经济近况。经走访调查，明确各方诉求：五个子女并不完全抵触对母亲的赡养，但困于生活所迫，无法贴身照管。此外，当初赵某甲丈夫在世时对五个子女分家产不均，导致子女间对赵某甲赡养费协商不一致。另了解到，赵某乙一家愿意继续照顾赵某甲，但需要龚某甲等五个子女支付赡养费以缓解生活压力，并尽可能协助护理。 二是安抚老人情绪，沟通赡养方案。指导法官会同村委会干部以及养老院负责人组成调解小组，在赵某乙家与赵某甲、赵某乙、朱某三位老人座谈，以同情共理的方式拉进沟通距离。村委会干部对三位老人相互扶持的生活状态给予充分肯定；养老院负责人从护理难度表示非常理解赵某乙夫妇特别是朱某的辛苦与不易；指导法官也对老人寻求法律途径维护自身合法权益的行为给予赞许。安抚老人情绪后，调解小组针对赡养费金额这一核心问题，进一步做沟通工作。养老院负责人提供护理清单，明确赵某甲居家生活所需的月度开销；村委会干部提供赵某甲山林土地补贴、低保收入、养老金收入等清单，明确赵某甲每月个人收入金额；指导法官结合《民法典》中关于子女赡养老人的规定，向三位老人释明赵某甲追索赡养费需根据子女实际情况而定。经过沟通，赵某甲当场表明，自己愿意继续跟赵某乙夫妇生活，同意龚某乙、龚某丙、龚某戊三个儿子根据能力按月给付赡养费，龚某甲、龚某丁两个女儿因未分得家产和现实经济困难不要求支付赡养费。 三是充分释法说理，解开子女心结。调解小组通过视频联系赵某甲的五名子女，讲明老人真实诉求，并详细讲解《民法典》中对赡养义务的规定。随后，调解小组向五名子女提供因不履行赡养义务而付出法律与亲情代价的典型案例，以案释法、以案讲情，劝说五名子女不应以分得的家产多寡来衡量母亲的养育之恩、手足间的血脉之情。五名子女深受触动，均表示愿意在调解小组指导下共同协商母亲的赡养问题，并约定调解时间，无法现场参与调解的龚某乙、龚某戊通过在线方式参加调解。 四是多方联动调解，达成一致意见。调解小组组织赵某甲、赵某乙、朱某、龚某甲、龚某丙、龚某丁在赵某乙家开展现场调解，龚某乙、龚某戊通过调解平台在线视频参与调解。调解小组逐个询问各方当事人赡养老人的意愿、对照料责任分配的意见，又结合前期调查访谈情况详细介绍了老人日常生活开支、个人收入、目前住房情况和生活环境等。经沟通协商，最终各方就赵某甲赡养问题达成一致意见，形成具体赡养方案。 五是组织回访教学，指导类案化解。调解结束后，指导法院通过回访了解到，赵某甲子女均按照调解协议约定按时支付赡养费，赵某甲在赵某乙夫妇精心照料下安享晚年。为给村干部调解化解类似赡养纠纷提供示范参考，法院在回访时组织邻村干部到该村学习，通过典型案例教学，实现“化解一案、教育一片”的良好社会效果。","本案系高龄老人赡养纠纷，因老人家庭关系复杂、涉及子女较多、家庭财产分割和经济情况不一，若无法妥善处理，既不利于老人安享晚年，也影响家庭和谐。本案中，法院邀请熟悉了解老人情况的村委会以及养老院共同参与调处工作，组建调解小组，并指派法官指导调解，分层递进化解纠纷。调解过程中，通过深度走访座谈，了解老人实际情况和具体诉求。指导法官、村委会和养老院分别发挥各自优势作用，详细讲解相关法律法规，梳理老人收入来源以及赡养所需花费，让各方对自己的权利义务有了清晰了解，同时通过“情理法”并用方式，解开子女心结，促推达成赡养方案，不仅实质化解纠纷，还让村委会、养老院通过参与调解，主动承担协助、监管老人赡养照料，维系老人与子女间亲情纽带的责任，共同保障老人安享晚年。本案的成功化解，不仅实现“事心双解”护亲情，也有利于弘扬中华民族孝亲敬老的传统美德和新时代优良家风，引导形成“老有所养”“老有所依”的良好社会氛围。","《中华人民共和国民法典》第26条、第1067条 《中华人民共和国老年人权益保障法》第19条、第20条","\N","","2026-01-27 09:49:01","2026-02-03 09:46:43","0dfa26941be14b76eaef58ccc678ea2c","\N","20260426"
"1157","人民法院案例库","https://rmfyalk.court.gov.cn","民事-定金合同纠纷","2024-07-2-107-001","浙江省衢州市中级人民法院","民事,定金合同,农村宅基地,买卖合同,合同效力审查","二审","2017.04.20","02","原告汪某军诉称：2016年11月16日，原告汪某军与被告汪某荣经协商确定原告以550000元的价格向被告购买位于江山市双塔街道灵泉村某小区*号的宅基地，并向被告支付了3万元定金。后经了解，案涉宅基地不在同一集体经济组织范围内，农村的宅基地不能买卖，而且原告在双塔街道灵泉村已有一处宅基地，根据“一户一宅”的法律规定，亦不能再购买其他宅基地。故原告请求法院判令：1.确认原、被告签订的协议书无效；2.被告返还原告28000元定金。<br/>　　被告汪某荣辩称：第一，被告通过合法途径取得案涉宅基地的使用权。2009年12月，江山市双塔街道灵泉村根据江山市政府相关政策，将灵泉村某小区的宅基地对符合条件的竞标主体实施公开招标。被告通过公开竞标，以总价232900元的价格取得某小区*号宅基地的使用权，并与灵泉村村委签订了中标协议书。第二，原被告双方自愿协商并经村委同意后签订宅基地转让协议，该份协议系双方真实的意思表示。原告多次以资金困难为由拒绝继续履行合同，其行为已构成违约。依据相关法律规定，原告支付被告的定金应不予退还，故请求法院驳回原告的诉讼请求。<br/>　　 法院经审理查明：原告汪某军系江山市双塔街道灵泉村集体经济组织成员。2009年12月4日，灵泉村经村民代表公决，灵泉村新村建房地块以竞投基础设施配套费及择位费决定农户建房位置，被告汪某荣通过竞标取得*号地块的使用权。2016年11月16日，被告向原告出具《收条》一份。该收条记载：“今收到汪某军叁万元，作为灵泉村某小区*号宅基地的转让定金，余款伍拾贰万元于2016年11月20日前付清。双方不得反悔，买方若反悔，则叁万元定金归卖方所有，不得退还，卖方若反悔，则退还叁万元定金并另付叁万元违约金。”2016年11月22日，原、被告签订了《协议书》一份。该份协议书约定：“被告将位于某小区100㎡的宅基地转让给原告，计价550000元。在订协议时一次性付清，付清后，该宅基地使用权属汪某军所有。”灵泉村村民委员会在该协议书上盖章确认。<br/>　　浙江省江山市人民法院于2017年2月13日作出（2016）浙0881民初5468号民事判决：驳回原告汪某军的诉讼请求。宣判后，原告汪某军提出上诉。浙江省衢州市中级人民法院于2017年4月20日作出（2017）浙08民终334号民事判决：驳回上诉，维持原判。","法院生效裁判认为：本案主要争议焦点为案涉宅基地转让协议书是否合法有效。第一，《土地管理法》第六十二条、第六十三条规定：“农村村民一户只能拥有一处宅基地，农村村民出卖、出租住房后，再申请宅基地的，不予批准。农民集体所有的土地的使用权不得出让、转让或出租用于非农业建设。”其立法宗旨在于保护农民宅基地的专有使用权，防止农民因宅基地的转让丧失宅基地的使用权，从而丧失基本的生存权利，影响社会的稳定。上述规定仅限定了宅基地的审批资格，即出卖后不得再申请宅基地，并未禁止宅基地使用权的出租、转让。《物权法》第一百五十五条规定：“已经登记的宅基地使用权转让或消灭的，应当及时办理变更登记或注销登记。”亦未禁止宅基地使用权的依法转让。第二，从我国当前宅基地使用现状分析。部分村民因土地改革分配、继承、赠与等多种原因获得两处以上宅基地。若完全禁止宅基地的转让，可能造成宅基地的闲置和浪费，不利于宅基地资源发挥应有的作用。第三，从宅基地的所有权、使用权主体分析。《土地管理法》第八条、第十条规定：“宅基地属于农民集体所有。农民集体所有的土地依法属于村农民集体所有的，由村集体经济组织或村民委员会经营、管理。”即宅基地所有权主体为村农民集体所有，使用权主体为集体经济组织成员，经营、管理主体为村集体经济组织或村民委员会。因此，村集体经济组织或村民委员作为宅基地的经营、管理者，可以有条件地允许村集体经济组织成员之间进行宅基地使用权的转让。<br/>　　具体到本案，被告基于市政府的相关政策于2009年通过公开竞标的方式取得涉案宅基地的使用权（该宅基地位于原告所在的集体经济组织范围内）。2016年11月，原告汪某军作为灵泉村集体经济组织内部成员，与被告自愿协商并经灵泉村村民委员会盖章同意，签订了宅基地转让协议书。该协议书内容未损害灵泉村集体经济组织利益，亦未违反法律、行政法规的强制性规定，应当依法确认为有效，对双方当事人均具有法律约束力。原告虽主张其已有一处宅基地，依法不得再另行审批建房。但因原告是否可以审批建房，属于另一法律关系的调整范畴，并不必然导致原、被告转让宅基地使用权行为的无效。根据2016年11月16日被告向原告出具的收条记载，被告收取了原告宅基地使用权转让定金30000元。现因原告违约，根据定金罚则，给付定金的一方不履行约定的债务的，无权要求返还定金。故依法作出如上裁判。","受让人在宅基地使用权转让合同签订前已有其他宅基地房屋的，并不影响该宅基地使用权转让合同的效力。<br/>","《中华人民共和国土地管理法》第9条、第11条、第62条<br/>　　《中华人民共和国民法典》第586条、第587条（本案适用的是1999年10月1日施行的《中华人民共和国合同法》第115条）<br/>######　　一审：浙江省江山市人民法院（2016）浙0881民初5468号民事判决（2017年2月13日）<br/>　　二审：浙江省衢州市中级人民法院（2017）浙08民终334号民事判决（2017年4月20日）<br/>","\N","\N","2026-01-21 10:27:30","2026-01-21 10:27:30","0dffbbf53c0f1670a1f2a613485c5416","\N","20260426"
"5557","人民法院案例库","https://rmfyalk.court.gov.cn","民事-隐私权、个人信息保护纠纷","2025-18-2-008-001","北京市第四中级人民法院（又名北京铁路运输中级法院）","民事,隐私权、个人信息保护,收集用户画像信息,履行合同所必需,自动化决策","二审","2022.11.28","01","<p>某科技有限公司（以下简称某科技公司）运营某英语学习网站及两款APP。<br/>　　　　2021年1月15日，某科技公司在未征得罗某同意的情况下，通过线下合作体验店收集罗某两个手机号码，为罗某创建案涉某英语学习网站的账号密码，并向罗某手机发送多条相关信息。<br/>　　　　2021年1月20日，为了解账号情况，罗某在案涉某英语网站和案涉APP账号登录页面输入手机号、密码并点击登录，即出现若干问答界面，要求用户填写“职业”、“学习目的”、“学龄阶段”、“英语水平”等内容，不填写相关信息则无法继续登录过程。填写完成后，还需填写个人基本信息界面，输入中英文名等必填内容才能完成注册。上述过程中并无“跳过”、“拒绝”等选项，亦无授权同意收集个人信息的提示。<br/>　　　　罗某以隐私权、个人信息保护纠纷为由提起诉讼，诉称：案涉网站和APP未告知个人信息收集政策，强制收集罗某手机号、用户画像等信息，并超范围使用，侵害其个人信息权益；同时，案涉网站未经允许向其发送营销短信的行为侵扰其私人生活安宁，侵害其隐私权。为知晓某科技公司处理个人信息情况，以确定删除范围，罗某向某科技公司提出了查阅、复制个人信息的请求，某科技公司依罗某请求提供相关资料，但罗某认为某科技公司提供的系统截图不够及时、不够清晰。据此，请求法院判令某科技公司向其提供清晰的个人信息副本、停止侵权、删除个人信息、公开赔礼道歉并赔偿损失人民币2900元。<br/>　　　　某科技公司辩称：案涉个人信息为其合作的线下体验店所收集，其并无违法收集、处理个人信息，侵害罗某生活安宁的主观故意。其经营的案涉网站和APP提供的服务，需要根据不同用户需求，为用户推荐合适内容，即通过自动化决策方式向用户进行信息推送是其网站和APP的基本功能服务，收集用户画像信息用于自动化决策是提供服务所必需，故不需要取得用户个人同意。而且，罗某主动填写信息，实际系通过自己的主动行为同意某科技公司的收集行为。因此，某科技公司收集罗某用户画像信息的行为不构成侵权。</p>","<p>&nbsp; &nbsp; 本案的争议焦点为：某科技公司以自动化决策推送信息为由收集用户画像信息的行为，是否属于应当取得个人同意的法定例外情形。<br/>　　&nbsp;&nbsp;&nbsp;&nbsp;《中华人民共和国民法典》第一千零三十五条确立了个人信息处理的“告知—同意”规则，同时也规定了取得个人同意的法定例外情形。鉴于民法典的相关规定较为原则，在本案审理中，《中华人民共和国个人信息保护法》已公布施行，且某科技公司以个人信息保护法的相关规定进行抗辩，故本案审理中参照了个人信息保护法的相关精神。具体而言，个人信息保护法第十三条第一款第二项将“为订立、履行个人作为一方当事人的合同所必需”规定为取得个人同意的法定例外情形。对于“合同所必需”的认定，可以结合有关法律法规及规章、规范性文件等对必要个人信息范围的规定，并考量合同的类型、内容等作出认定：如果信息处理的缺位将使合同约定的基本功能服务或者用户自主选择的附加功能服务无法实现的，可以认定为订立、履行合同所必需，反之则不予认定。<br/>　　&nbsp;&nbsp;&nbsp;&nbsp;其一，从相关行业规范来看，国家互联网信息办公室、工业和信息化部、公安部、国家市场监督管理总局发布的《常见类型移动互联网应用程序必要个人信息范围规定》（国信办秘字〔2021〕14号）明确规定，学习教育类APP基本功能服务为“在线辅导、网络课堂等”，必要个人信息为注册用户移动电话号码。以此为参考，案涉APP作为学习教育类APP，其基本功能服务并不包括通过自动化决策方式向用户进行信息推送。由此，某科技公司以其业务模式系通过自动化决策方式向用户进行信息推送为由，主张收集用户画像信息是其提供服务的基础，没有依据。换言之，用户画像信息并非案涉APP提供服务的必要个人信息。<br/>　　&nbsp;&nbsp;&nbsp;&nbsp;其二，从产品功能设置来看，“履行合同所必需”应限定在基本功能服务或者用户在有选择的情况下自主增加的附加功能服务。若收集的个人信息与基本功能服务或者用户自主选择的附加功能服务有直接关联，缺乏有关个人信息将导致服务功能无法实现，才属于“履行合同所必需”。本案中，案涉APP基本功能服务为提供在线课程视频流和相关图文、视频等信息，收集用户画像信息并非其基本功能服务所必需，亦无证据表明罗某曾自主选择使用附加功能服务，故某科技公司以其实现自动化决策功能服务为由径直收集用户画像信息行为的依据不足，不构成无需取得个人同意即可处理用户个人信息的法定情形，即某科技公司收集用户画像信息应当取得罗某同意。<br/>　　&nbsp;&nbsp;&nbsp;&nbsp;其三，个人信息保护法第十六条规定：“个人信息处理者不得以个人不同意处理其个人信息或者撤回同意为由，拒绝提供产品或者服务；处理个人信息属于提供产品或者服务所必需的除外。”案涉软件在用户首次登录界面要求用户提交职业类型、学龄阶段、英语水平等用户画像相关信息时，未提供“跳过”或者“拒绝”等选项，也未提供不同意提交相关信息情况下的其他替代性登录方式，使得用户提交相关信息成为登录的唯一途径。此种产品设计将导致不同意收集相关信息的用户，出于使用软件的目的，不得不勾选“同意”提供相关信息，否则只能放弃对案涉软件的使用。此种情形下“同意”提供个人信息，实际是在用户非自愿的情况下作出，不符合个人信息保护法第十四条第一款“基于个人同意处理个人信息的，该同意应当由个人在充分知情的前提下自愿、明确作出”的规定，不产生取得个人同意的效力。<br/>　　&nbsp;&nbsp;&nbsp;&nbsp;综上，某科技公司在不具有取得个人同意的法定例外事由情况下，未经同意收集罗某用户画像信息的行为，侵害罗某个人信息权益。</p>","<p>&nbsp; &nbsp;1.判断处理个人信息是否属于“为订立、履行个人作为一方当事人的合同所必需”，可以结合有关法律法规及规章、规范性文件等对必要个人信息范围的规定，并考量合同的类型、内容等作出认定。如果不处理有关信息将使合同约定的基本功能服务或者用户自主选择的附加功能服务无法实现的，可以认定该个人信息处理行为属于订立、履行合同所必需，反之则不予认定。<br/>　　&nbsp;&nbsp;&nbsp;&nbsp;2.在收集用户画像信息并非提供网络服务所必需的情况下，网站或者软件登录注册界面收集该信息时，未向用户提供不同意提交相关信息情况下的其他登录方式的，属于用户非自愿同意提供个人信息；用户主张侵害其个人信息权益的，人民法院依法予以支持。</p>","<p>&nbsp; &nbsp; 《中华人民共和国民法典》第1035条<br/>　　&nbsp;&nbsp;&nbsp;&nbsp;《中华人民共和国个人信息保护法》第13条、第14条、第16条</p>","\N","\N","2026-01-21 10:27:30","2026-01-21 10:27:30","0e0b46e4879e2a4c9dd0fcb28ffaccef","\N","20260426"
"1966","人民法院案例库","https://rmfyalk.court.gov.cn","民事-植物新品种权权属、侵权纠纷","2023-09-2-161-007","海南自由贸易港知识产权法院","民事,侵害植物新品种权,侵权,举证责任转移,销毁侵权产品","一审","2021.10.08","02","<p>　　湖南某种业科学研究院（以下简称某研究院）诉称：某研究院系“隆科638S”的品种权人，“隆科638S”作为母本与父本“R1377”组配繁育“隆两优1377”，某研究院在海南省三亚市崖州区发现被告张某利用“隆科638S”母本生产隆两优水稻品种，经查，发现张某生产涉案侵权种子439包，合计约35120斤。经鉴定，涉案侵权种子样品与“隆两优1377”系极近似品种或相同品种；与“隆科638S”存在亲缘关系。某研究院向法院起诉请求：1.判令张某立即停止侵害植物新品种权的行为，销毁生产的全部侵权种子产品及其全部母本“隆科638S”种子；2.判令张某赔偿经济损失50万元（含维权合理支出3.5万元）；3.判令张某承担本案的全部诉讼费用。<br/>　　张某辩称：涉案水稻种子并未在市场上进行销售，也未实际投入使用，并未给某研究院造成任何损失，不存在实施侵权行为的主观故意，不应承担赔偿责任。某研究院没有提供充分证据证明销售均价和育种成本，其主张损失约77万元缺乏证据支持。另外，张某的行为系农民自繁自用，不具有商业目的，对“隆科638S”繁殖材料只进行了一次生产使用，不符合重复使用的情形。<br/>　　法院经审理查明：2014年3月1日某研究院获得“隆科638S”植物新品种权保护。“隆两优1377”品种来源为“隆科638S”×“R1377”。某研究院是“隆两优1377”的育种者之一。<br/>　　2020年5月，某研究院在三亚市崖州区某晒谷场发现疑似利用“隆科638S”水稻进行生产的侵权行为，遂向三亚市农业农村局、三亚市执法局进行投诉。2020年6月5日，三亚市农业综合执法支队委托农业部植物新品种测试（杭州）分中心将当时取样抽检封存稻谷进行检测。同月15日（浙）中种检字[2019]1号农业部植物新品种测试（杭州）分中心《农作物种子质量检验报告》显示，该中心通过《水稻品种鉴定技术规程SSR标记法》对未知品种的送检样品与对照样品“隆两优1377”进行真实性检测，比较48个位点数，差异位点数为0，结论为“极近似品种或相同品种”。同日，农业部植物新品种测试（杭州）分中心出具鉴定报告，报告显示，该中心对未知品种的送检样品和对照样品“隆科638S”，采用SSR标记参照标准《水稻品种鉴定技术规程SSR标记法》（NY/T1433-2014）毛细管电泳荧光检测方法进行鉴定，随机选择20粒种子发芽混合提取DNA，重复两次，结果为“所采用的48个SSR标记中未知品种在其中22个标记上为纯合基因型，其余26个标记为杂合基因型，样品隆科638S在48个标记上均为纯合基因型且与未知品种其中一种基因型一致”，结论为“送检样品和隆科638S存在亲缘关系”。<br/>　　某研究院系某农业高科技股份有限公司举办的非财政补助型事业单位，四川某种业有限公司系某农业高科技股份有限公司的全资子公司。2017年8月21日，某研究院与四川某种业有限公司签订《品种权实施许可合同》，就“隆两优1377”（母本：隆科638S×父本：R1377）等杂交水稻新品种的实施许可达成约定，明确该品种是某农业高科技股份公司申请审定的杂交水稻品种，2017年通过国家审定（国审稻20176007）。《隆两优组合种子海南承揽生产合同》显示，某农业高科技股份有限公司在海南收购“隆两优1377”种子的均价为22元/斤；《四川某17-20隆两优1377销售情况表》表明，“隆两优1377”对外销售均价33元/斤。《四川某隆两优1377近三年销售毛利表》显示 ，四川某种业有限公司2017至2019年销售“隆两优1377”连续三年的年平均利润率为52%。某研究院因本纠纷与某律师事务所签订《委托代理合同》，约定维权活动的律师费为3万元并由某农业高科技股份有限公司全额支付。某研究院因维权产生的车费、住宿费、餐饮费共计0.5万元。<br/>　　另查明，本案被告张某系农村低保户，并持有《中华人民共和国残疾人证》，载明残疾等级和类别为肢体三级残疾。<br/>　　海南自由贸易港知识产权法院于2021年10月8日作出（2021）琼73知民初1号民事判决：一、张某立即停止对某研究院“隆科638S”植物新品种权的侵害；二、张某于判决生效之日起十日内向某研究院赔偿经济损失包括合理开支共计10万元；三、驳回某研究院的其他诉讼请求。宣判后，双方当事人均未提出上诉，判决已发生法律效力。</p>","<p>　　法院生效裁判认为：<br/>　　一、关于张某生产涉案水稻种子的行为是否侵犯某研究院主张保护的“隆科638S”植物新品种权<br/>　　某研究院所有的“隆科638S”植物新品种权依法应予保护。本案中，经行政机关调查并经农业部植物新品种测试（杭州）分中心检验报告证明，张某在三亚崖州区生产的涉案水稻种子与“隆两优1377”比较了48个位点数，差异位点数为0，“极近似品种或相同品种”结论表明，其生产的水稻品种为“隆两优1377”。因“隆两优1377”系杂交水稻品种，其由父本和母本两个亲本组配繁育。“隆两优1377”主要农作物品种审定证书表明，“隆两优1377”品种来源为“隆科638S”×“R1377”，即“隆两优1377”是由母本“隆科638S”与父本“R1377”组配繁育的杂交水稻品种。2020年6月15日农业部植物新品种测试（杭州）分中心出具鉴定报告证明，该中心对未知品种（实为张某生产的涉案品种）和“隆科638S”进行对照，采用SSR标记参照标准《水稻品种鉴定技术规程SSR标记法》（NY/T1433-2014）毛细管电泳荧光检测方法进行鉴定，随机选择20粒种子发芽混合提取DNA，重复两次，结果为“所采用的48个SSR标记中未知品种在其中22个标记上为纯合基因型，其余26个标记为杂合基因型，样品隆科638S在48个标记上均为纯合基因型且与未知品种其中一种基因型一致”。得出结论为“送检样品和隆科638S存在亲缘关系”。<br/>　　对于植物基因关系而言，从“送检样品和隆科638S存在亲缘关系”的鉴定结论，尚不能直接判断出涉案水稻种子系通过母本“隆科638S”与父本“R1377”组配繁育的杂交水稻品种，在理论上，仍然存在母本和父本的姊妹品系作为亲本的可能性。但从实际生产角度出发，利用不同的杂交亲本组合，生产出基因型极近似或相同的子代概率很小，涉案水稻种子使用“隆科638S”作为亲本进行生产具有极高度可能性。本案中，在某研究院已提交检测报告和鉴定报告的基础上，张某如认为其生产的涉案品种并非来源于“隆科638S”，则需要提交其涉案品种来源于其他亲本的相关证据。张某未提出其没有使用“隆科638S”的相关证据，该院依据高度盖然性证明标准，认定张某存在使用授权品种“隆科638S”生产“隆两优1377”的行为。<br/>　　张某辩称其系农民自繁自用，不具有商业目的，亦不属于重复使用的情形。本案中，张某系江西省萍乡市人，未提供家庭承包土地的相关证据，且未能对其在三亚使用授权品种“隆科638S”生产“隆两优1377”种子达上万斤给予合理解释。结合张某本人的身体情况以及家庭情况，其生产上万斤的行为已经超出了合理数量，不能认定其生产行为构成农民自繁自用，亦不能排除商业目的的可能性。其次，《种子法》第二十八条中的“重复使用”不应简单理解为次数的多少，应理解为杂交水稻生产中重复以授权品种的繁殖材料为亲本与其他亲本另行繁殖的行为。具体到本案，是指使用母本“隆科638S”生产涉案水稻种子“隆两优1377”的行为。因此，张某在庭审中辩称，其只是对某研究院主张的“隆科638S”繁殖材料进行了一次生产使用，不符合重复使用情形的辩解不能成立。综上，张某未经品种权人某研究院的许可，使用授权品种“隆科638S”生产“隆两优1377”种子的行为，构成侵犯某研究院主张保护的“隆科638S”植物新品种权。<br/>　　二、关于张某应如何承担侵权责任<br/>　　张某生产涉案水稻种子的行为侵犯某研究院主张保护的“隆科638S”植物新品种权，根据法律及司法解释的规定，对某研究院请求张某立即停止侵害其植物新品种权的主张，本院予以支持。同时，某研究院请求销毁生产的全部侵权种子产品及其全部母本“隆科638S”种子。因张某称其生产的涉案水稻种子距今已一年有余，已经全部受潮发芽、无法种植，用于喂养鸡鸭；某研究院亦未提供证据证明其主张的侵权种子产品和母本“隆科638S”种子的实际去向，故对某研究院的相关主张，该院不予支持。如某研究院后续发现涉案侵权种子产品及其全部母本“隆科638S”种子实际去向，可向该院提出申请，责令张某对该涉案侵权种子产品及其全部母本“隆科638S”种子作消灭活性等使其不能再被用作繁殖材料的处理。<br/>　　关于本案涉案侵权种子的数量及损失，某研究院主张张某使用“隆科638S”生产“隆两优1377”种子35120斤的行为造成的损失约77万余元，主要参照其关联公司“隆两优1377”种子的平均销售价格、育种成本；并推定按照关联公司的三年平均利润率52%计算，涉案水稻种子的获利约60万元。由于无法准确计算出张某的获利和某研究院自己的损失，因此结合张某生产涉案水稻种子的性质，大概获利区间以及维权实际支出，请求本院依据法定赔偿的规定判决支持赔偿某研究院50万元。张某对此辩称，在经过充足晾晒、去杆和吹风等精选程序后实际重量应为26000斤，35120斤是估算值。行政执法人员询问时也未实际称重，且其作为残疾人，在签署询问笔录时没有能力思考和确认实际重量。该院认为，由于本案请求保护的植物新品种为“隆科638S”，涉案损失或者侵权获利并非依据生产、销售“隆两优1377”品种的数量直接确定，故张某生产的“隆两优1377”种子数量是35120斤或者是26000斤并不影响该院根据本案的具体情况确定赔偿的数额。<br/>　　张某将“隆科638S”授权品种的繁殖材料重复使用于生产另一品种“隆两优1377”的繁殖材料，但某研究院未提供母本“隆科638S”品种许可使用费的具体情况以供参照，亦无法从其主张并提供的关联公司许可生产、销售“隆两优1377”品种的平均收购价格和销售价格准确推算“隆科638S”品种的价格。因此，该部分的实际损失和“隆科638S”品种的许可使用费均无法确定。张某其所获利益亦难以确定。综合考虑涉案植物新品种权的类型、侵权行为的性质和情节以及某研究院为制止侵权的合理开支等因素，参考某研究院许可关联公司生产、销售“隆两优1377”品种的情况，该院酌情确定张某赔偿数额包括合理费用支出3.5万元，共计10万元。<br/>　　张某称其没有实施侵权行为的主观故意，在了解可能会对他人造成侵权后已经停止后续生产行为，且配合行政执法人员，没有销售和下种，系过失侵权，未造成严重后果，请求不承担赔偿责任。该院认为，本案张某购买的亲本已经全部用于生产“隆两优1377”种子产品，其无法提供所购种子的合法来源，亦未证明系受他人委托代为繁殖，不符合免于赔偿责任的条件。</p>","<p>品种权人提供的证据能够证明被诉侵权杂交种与授权品种具有亲缘关系、被诉侵权人使用授权品种繁殖材料重复使用于生产该杂交种繁殖材料的可能性较大的，被诉侵权人应当提供证据予以反驳或者推翻；被诉侵权人未提供相应证据或者提供的证据不足以反驳或者推翻的，人民法院可以认定其侵权行为成立。<br/>　　</p>","<p>　　《中华人民共和国种子法》第28条、第73条第4款<br/>　　《中华人民共和国植物新品种保护条例》第6条、第39条<br/>　　《最高人民法院关于审理侵害植物新品种权纠纷案件具体应用法律问题的若干规定（2020修正）》第2条第1款、第3款、第6条《最高人民法院关于审理侵犯植物新品种权纠纷案件具体应用法律问题的若干规定》第2条第1款、第3款、第6条</p><br/>######<p>　　一审：海南自由贸易港知识产权法院（2021）琼73知民初1号民事判决（2021年10月8日）</p>","\N","\N","2026-01-21 10:27:30","2026-01-21 10:27:30","0e1d00afa62fa3b88fadd42cf456f0c8","\N","20260426"
"6850","多元解纷案例库","https://rmfyalk.court.gov.cn","民事-著作权权属、侵权纠纷","D2025-161-1-158-217","海南自由贸易港知识产权法院","民事,著作权权属、侵权纠纷,侵权认定,责任承担方式,“总对总”在线诉调对接机制,贸促会参与调解","","2025-03-31","\N","某传媒公司系案涉计算机软件的著作权人。某网络科技工作室在其运营的网站上向用户提供案涉计算机软件免费下载服务。某传媒公司认为某网络科技工作室的行为侵犯其计算机软件著作权，遂诉至法院，请求某网络科技工作室停止侵权并赔偿经济损失及合理费用共计5万元。","法院收到起诉材料后，认为该起计算机软件著作权纠纷涉及规范数字企业商事行为，争议双方具有快速解纷的内在需求，先行调解更有利于实质化解纠纷、保护企业合法权益。征得双方当事人同意后，法院委托给中国贸促会调解组织进行调解，并指派法官指导调解工作。调解员在法官指导下，开展以下工作： 一是明晰分歧，确定争议焦点。经沟通，双方当事人主要分歧在于：1.某网络科技工作室的行为是否构成侵权。2.若构成侵权，某网络科技工作室如何承担责任。因涉及著作权归属、免费下载行为、著作权权项种类等关键事实的判断，调解员认为本案核心争议焦点为侵权与否的认定。 二是释法明理，争取最优化解。一方面向某网络科技工作室解析案涉侵权行为，讲解免费下载行为已造成对某传媒公司著作权的侵害，释明未经许可提供游戏软件下载服务的侵权性质、侵犯著作权的权项种类以及可能面临的法律后果，增强其法律意识和责任认知。另一方面，积极与某传媒公司沟通，寻求最优化解方案。 三是以案促调，打消双方疑虑。在当事人对调解协议的效力以及是否能实质化解纠纷存在疑虑时，指导法官和调解员通过讲解法院类似多元解纷参考案例及判赔标准，打消双方顾虑，最终促成双方达成调解协议。纠纷化解后，某网络科技工作室表示将积极排查侵权隐患，从源头预防此类纠纷再次发生。","数字版权产业是数字经济的重要组成部分。随着互联网和数字技术的发展，数字版权纠纷日益增多，对于通过调解等非诉讼方式及时、高效化解的需求不断增长。本案作为该地区首起依托最高人民法院与中国贸促会建立的商事纠纷“总对总”在线诉调对接机制成功化解的案例，在调解过程中，法院通过邀请贸促会调解组织参与调解，发挥其在解决商事纠纷中的专业优势，在法律框架内对是否侵害计算机软件著作权作出判断，并向当事人开展释法明理，同时，指导法官在事实认定、责任承担等方面加强指导，形成“1+1>2”解纷合力，促推数字版权纠纷得到高效、实质性化解，不仅有力保护版权人合法权益，也通过以案释法，进一步促推提升数字版权保护意识，更好服务发展新质生产力。","《中华人民共和国著作权法》第3条、第10条、第11条、第12条、第52条、第53条、第54条 《最高人民法院关于审理著作权民事纠纷案件适用法律若干问题的解释》第7条、第21条、第25条、第26条 《最高人民法院办公厅、中国国际贸易促进委员会办公室关于建立商事纠纷“总对总”在线诉调对接机制的通知》（法办〔2024〕623号）","\N","","2026-01-27 09:50:30","2026-01-27 09:50:30","0e20a4c92f633f3b4363603d5021c437","\N","20260426"
"3193","人民法院案例库","https://rmfyalk.court.gov.cn","民事-商标权权属、侵权纠纷","2023-09-2-159-009","北京市高级人民法院","民事,侵害商标权,地理标志,证明商标,举证责任分配","二审","2012.11.08","02","<p>　　某行业协会诉称：其系第502038x号注册商标“舟山带鱼ZHOUSHANDAIYU及图”的商标专用权人。2011年1月28日，某行业协会代理人在华冠购物中心公证购买了北京某食品销售有限公司生产的“舟山精选带鱼段”，其外包装上突出使用了“舟山带鱼”字样，容易造成公众混淆。2011年3月2日，经向北京某食品销售有限公司、北京某商贸有限公司发出警告函后，该二公司置之不理，仍然实施侵权行为。北京某食品销售有限公司、北京某商贸有限公司未经许可生产、销售涉案商品，侵犯了某行业协会的商标权，应当承担相应的民事责任。据此，请求判令：一、北京某食品销售有限公司立即停止生产、销售涉案商品，北京某商贸有限公司停止销售涉案商品；二、北京某食品销售有限公司、北京某商贸有限公司共同赔偿经济损失20万元。<br/>　　北京某食品销售有限公司辩称：其生产加工的系来自舟山地区的带鱼，对“舟山带鱼”文字的使用是合理使用，没有侵犯某行业协会的权利。北京某食品销售有限公司销售的产品上有自己的商标“小蛟龙”，不会造成公众的混淆。北京某食品销售有限公司拥有“舟山带鱼”的外观设计专利，早于涉案商标的申请日。某行业协会主张20万元经济损失没有依据。综上，请求法院驳回某行业协会的诉讼请求。<br/>　　北京某商贸有限公司辩称：其通过合法的购销渠道，对北京某食品销售有限公司的产品进行了审核，并已经及时对涉案商品下架，和北京某食品销售有限公司进行了沟通，不应当承担赔偿责任。<br/>　　法院经审理查明：2005年11月23日，某行业协会申请注册第502038x号“舟山带鱼ZHOUSHANDAIYU及图”证明商标（即涉案商标），核定使用商品为第29类带鱼（非活的）、带鱼片。2008年11月20日，该商标获得初步审定公告，同时《“舟山带鱼”证明商标使用管理规则》获得公告。按照《管理规则》的规定：“舟山带鱼”是经注册的证明商标，用于证明“舟山带鱼”的品质。使用“舟山带鱼”证明商标的产品的生产地域范围为中华人民共和国浙江省舟山渔场特定生产区域，具体分布在北纬29度30分到北纬31度，东经125度以西；舟山渔场地域平均水温17℃－19℃，盐度12.02到29.10，适宜各种鱼类生长，为舟山带鱼原产地。使用“舟山带鱼”证明商标的产品的品质特征：外观上体延长，侧扁，呈带状；背腹缘几近平行，肛门部稍宽大；尾向后渐细，成鞭状；头窄长，侧扁，前端尖突；头侧视三角形倾斜，背视宽平；吻尖长；眼中大，高位，位于头的前半部；鼻孔小，位于眼的前方；口大、平直；体银白色，背鳍上半部及胸鳍淡灰色，具细小黑点；尾呈暗色；二十二碳六烯酸（DHA）和高脂含量较高，肉质细腻、口感鲜嫩。使用“舟山带鱼”证明商标的产品在加工制造等过程中应符合舟山市地方标准DB3309/T22－2005《舟山带鱼》的要求。涉案商标经核准后有效期至2019年2月20日。2009年8月13日，该商标注册人名义变更为某行业协会。2010年12月31日，某行业协会的代理人向北京某食品销售有限公司发出律师函，称北京某食品销售有限公司生产的“小蛟龙舟山带鱼段”侵犯了涉案商标权利，要求停止侵权，赔偿损失。2011年1月28日，某行业协会的代理人在北京恒信公证处公证员的陪同下在北京市房山区良乡地区某某购物中心以19.90元每袋的价格购买“小蛟龙牌舟山精选带鱼段”一袋，并索取了发票，发票上加盖有北京某商贸有限公司的公章。该产品外包装标注“舟山精选带鱼段”，同时有“小蛟龙及图®”标记，生产商为北京某食品销售有限公司，原料产地为浙江舟山。2011年3月2日，某行业协会的代理人向北京某商贸有限公司发出律师函，称北京某商贸有限公司下属的某某购物中心销售的商品侵犯了某行业协会的商标权利，要求停止侵权，赔偿损失。随后，北京某商贸有限公司收到了北京某食品销售有限公司代理人发出的律师函，就下架北京某食品销售有限公司的舟山带鱼段事宜发表意见，称未侵犯某行业协会的商标权利，请求北京某商贸有限公司依法履行双方签订的购销合同。2010年10月5日，北京某食品销售有限公司与宁波某某水产食品有限公司（以下简称宁波某水产食品公司）签订了《进货合同》，约定北京某食品销售有限公司向宁波某水产食品公司购买147 500元舟山带鱼。2010年10月15日，宁波某水产食品公司出具了出库单和带鱼货款收据。2011年10月12日，宁波某水产食品公司提供证明，称北京某食品销售有限公司销售的所有舟山带鱼系列是宁波某水产食品公司提供的货源，宁波某水产食品公司的带鱼原料，原产地为浙江舟山。宁波某水产食品公司成立于1999年12月13日，住所地为浙江省宁波市象山县昌国镇某开发区，经营范围包括水产品初加工。2010年12月31日，北京某食品销售有限公司与北京某商贸有限公司签订《购销协议》。北京某食品销售有限公司同时向北京某商贸有限公司提供了营业执照复印件、工业产品生产许可证、食品流通许可证、“小蛟龙及图”商标注册证、检验报告（带鱼段）、外观设计专利证书等。诉讼中，某行业协会还提供了律师委托代理合同，记载代理费2万元；公证费发票2张，合计11 200元，某行业协会主张公证费发票为多个公证书合开，本案公证费为1100元；北京市政交通一卡通充值发票6张、出租车票4张、北京某图片社发票3张；舟山带鱼简介。某行业协会在庭审中认可：1.未保留公证购买的带鱼段，仅封存了外包装袋；2.主张侵权的仅为外包装袋的“舟山精选带鱼段”标志。北京某食品销售有限公司还提供了名为“包装袋（舟山带鱼段）”的外观设计专利证书。二审中，北京某食品销售有限公司提交了李某某的证人证言及书面证明、李某某北京李某某水产经营部个体工商户营业执照、食品流通许可证、与李某某签订的采购合同、申某某公司自行制作的采购明细及北京银行某支行营业部对账单、加盖有舟山市某食品有限公司业务专用章的证明等证据，进一步证明涉案商品来自舟山。某行业协会提交了加盖宁波某水产食品公司公章并有“林某某”签名的声明和“林某某”的名片等材料，该声明的内容为：“一、我公司与北京申某某食品销售有限公司从来没有发生任何业务往来。二、显示为No.0053904号，2010年10月15日出具，金额为147500元，加盖‘宁波某水产食品公司财务专用章’的出库单不是我公司出具。三、显示为No.0228942号，2010年10月15日出具，金额为147500元，加盖‘宁宁波某水产食品公司财务专用章’的收据不是我公司出具。”同时声明宁波某水产食品公司财务专用章为方形，并加盖了方形的财务专用章。<br/>　　北京市第一中级人民法院于2011年11月22日作出（2011）一中民初字第9242号民事判决：驳回原告某行业协会的全部诉讼请求。宣判后，某行业协会提出上诉。北京市高级人民法院于2012年11月8日作出（2012）高民终字第58号民事判决：一、撤销北京市第一中级人民法院（2011）一中民初字第9242号民事判决；二、北京某食品销售有限公司于本判决生效之日起停止生产、销售涉案侵权商品；三、北京某食品销售有限公司于本判决生效之日起10日内赔偿某行业协会经济损失3万元及合理费用5000元；四、驳回舟山市水产流通与加工行业协会的其他诉讼请求。</p>","<p>　　法院生效裁判认为：根据相关规定，证明商标是用来标示商品原产地、原料、制造方法、质量或其他特定品质的商标。证明商标是为了向社会公众证明某一产品或服务所具有的特定品质，证明商标注册人的权利以保有、管理、维持证明商标为核心，应当允许其商品符合证明商标所标示的特定品质的自然人、法人或者其他组织正当使用该证明商标中的地名。<br/>　　北京某食品销售有限公司虽然没有向某行业协会提出使用涉案商标的要求，但如果其生产、销售的带鱼商品确实产自浙江舟山海域，则某行业协会不能剥夺其在该带鱼商品上用“舟山”来标识商品产地的权利，包括以本案中的方式——“舟山精选带鱼段”对其商品进行标示。同时，虽然北京某食品销售有限公司在涉案商品上使用的“舟山精选带鱼段”与涉案商标不完全相同，但由于“舟山精选带鱼段”中包含涉案商标的文字部分，且北京某食品销售有限公司在涉案商品上以突出方式进行标注，会使相关公众据此认为涉案商品系原产于浙江舟山海域的带鱼，故如果涉案商品并非原产于浙江舟山海域，某行业协会则有权禁止北京某食品销售有限公司以涉案方式使用证明商标，并据此追究北京某食品销售有限公司的侵权责任。<br/>　　北京某食品销售有限公司作为涉案商品的生产者，对于涉案商品是否产自浙江舟山海域负有举证责任。法院根据北京某食品销售有限公司在诉讼中提交的与宁波某水产食品公司签订的进货合同、出库单、收据、宁波某水产食品公司出具的证明及宁波某水产食品公司营业执照副本复印件，认定在案证据可以初步证明北京某食品销售有限公司生产、销售的带鱼原产地为浙江舟山并无不当。但在某行业协会补充提交的证据1中，宁波某水产食品公司对北京某食品销售有限公司诉讼中提交的与宁波某水产食品公司相关证据的真实性作出否认的意思表示，且北京某食品销售有限公司和北京某商贸有限公司对某行业协会提交的证据1的形式要件不持异议，故法院认定该证据确系宁波某水产食品公司出具。<br/>　　综上，北京某食品销售有限公司提交的证据，尚不足以证明涉案商品原产地为浙江舟山海域。在北京某食品销售有限公司不能证明其生产、销售的涉案商品原产地为浙江舟山海域的情况下，其在涉案商品上标注“舟山精选带鱼段”的行为，不属于正当使用，构成侵犯涉案商标专用权的行为，应当就此承担停止侵权、赔偿损失的法律责任。某行业协会要求北京某食品销售有限公司停止侵权、赔偿损失的主张于法有据，予以支持。但某行业协会并未就其主张的索赔金额举证，故法院将综合考虑涉案商标系证明商标的实际情况、北京某食品销售有限公司的主观过错程度、侵权情节、涉案商品的售价以及某行业协会为诉讼支出的公证费、合理的律师费等因素，酌情确定赔偿数额。<br/>　　北京某商贸有限公司作为涉案商品的销售者，能够证明其销售的涉案商品来自北京某食品销售有限公司，且在收到某行业协会的律师函后下架了涉案商品，故其无须承担赔偿责任。对于某行业协会要求北京某商贸有限公司赔偿损失的主张，不予支持。同时，考虑到北京某商贸有限公司已经下架了涉案商品，故对某行业协会要求北京某商贸有限公司停止侵权的主张，法院亦不再处理。<br/>　　综上，虽然一审法院依据一审诉讼中的证据所作认定并无不当，但由于当事人在二审诉讼中补充提交的证据足以推翻原审法院认定的事实，故二审法院将根据现有证据对本案的事实作出认定，并据此纠正原审判决的处理结果。</p>","<p>1.地理标志证明商标注册人对于其商品符合特定品质的自然人、法人或者其他组织要求使用该证明商标的，应当允许。而且，其不能剥夺虽没有向其提出使用该证明商标的要求，但商品确产于商品原产地的自然人、法人或者其他组织正当使用该证明商标中地名的权利。但同时，对于其商品并非产于商品原产地的自然人、法人或者其他组织在商品上标注该商标的，地理标志证明商标注册人则有权禁止，并依法追究其侵犯证明商标权利的责任。<br/>　　2.判断侵害地理标志证明商标行为是否成立的重要判断因素在于被诉侵权商品是否具备使用地理标志证明商标的条件，即来源于特定产地且具有相应的品质。通常认为举证责任应分配至涉案商品的生产者或销售者，经营者未能证明其销售的产品来源于特定区域且符合地理标志证明商标使用标准的，构成侵权。</p>","<p>　　《中华人民共和国商标法》第57条第7项、第63条（本案适用的是2001年12月1日施行的《中华人民共和国商标法》第52条第5项、第56条）</p><br/>######<p>　　一审：北京市第一中级人民法院（2011）一中民初字第9242号民事判决（2011年11月22日）<br/>　　二审：北京市高级人民法院（2012）高民终字第58号民事判决（2012年11月8日）</p>","\N","\N","2026-01-21 10:27:30","2026-01-21 10:27:30","0e4f5d22683959e62e8e3821145fec52","\N","20260426"
"2019","人民法院案例库","https://rmfyalk.court.gov.cn","民事-债权人撤销权纠纷","2023-08-2-078-001","江苏省高级人民法院","民事,债权人撤销权,债权保全,资不抵债,不当担保","二审","2020.01.16","02","<p>　　某某基金公司（以下简称基金公司）是南京某某有限公司（以下简称某某公司）的合法债权人。<br/>　　2011年3月18日至2011年4月18日期间，第三人周某某从甲公司、乙公司等处共受让八笔债权，某某公司为其中一笔债务的保证人，并于2011年3月28日、2011年4月18日为剩下的七笔债权出具担保函，为这八笔债权本息均提供了连带责任担保，担保债务本金合计人民币22357.5124万元以及美元90万元。且上述担保均为无偿担保。<br/>　　2012年7月25日，周某某作为债权人向法院提出对某某公司的破产清算申请。2012年9月13日，法院作出（2012）宁商破字第14-1号民事裁定，受理周某某对某某公司的破产清算申请。2013年3月4日，某某公司第一次债权人会议召开。在该次会议上，基金公司对周某某的债权提出异议，认为周某某的债权系其与某某公司串通，并预约在2013年3月7日查阅债权资料。2013年3月7日基金公司代表汪某、滕某某开始查阅债权资料。2013年8月19日，某某公司破产管理人公示债权审核结果，载明基金公司申报债权金额为人民币294954607.91元，债权核定金额为人民币238066122.58元。2013年9月16日，基金公司向法院提交了《南京某某有限公司破产债权核定异议书》，对管理人核定的周某某的债权提出异议。<br/>　　2014年3月7日，基金公司以某某公司为被告，周某某、甲公司、乙公司等为第三人，向法院提起诉讼。基金公司诉称，债务人某某公司为了逃避向原告等债权人履行义务，为关系人周某某等第三人以低价或无对价收购获得的债权提供担保的方式，无偿转移财产给关系人，掏空资产，致使原有债权人不能获得或完全获得清偿，对债权人造成严重损害。某某公司通过周某某等人之手，以极其低廉的价格获得巨额债权，再对债权积极配合担保，试图以债权人的身份分配财产。其行为系以破产方式，规避其他债权人的强制执行，侵害其他债权人合法权益。故请求法院判令撤销某某公司于2011年间对外八次恶意担保行为。<br/>　　江苏省南京市中级人民法院于2017年10月17日作出(2014)宁商外初字第24号民事判决：驳回原告基金公司的诉讼请求。宣判后，基金公司不服一审判决，提起上诉。江苏省高级人民法院于2020年1月16日作出（2018）苏民终51号民事判决：一、撤销江苏省南京市中级人民法院（2014）宁商外初字第24号民事判决；二、撤销南京某某有限公司于2011年3月28日向乙公司出具的6份担保函；三、驳回基金公司的其他诉讼请求。</p>","<p>　　法院生效裁判认为：<br/>　　第一，基金公司可以请求撤销某某公司为他人债务提供保证担保的行为。债权人撤销权的立法目的，在于使债务人的责任财产维持在适当状态，以保障债权人的债权得以实现。因此，不能认定债权人可请求撤销的行为仅限于合同法第七十四条规定的情形，债务人的行为只要减少责任财产，并损害债权人的债权，均可以成为债权人撤销权行使的对象。《最高人民法院关于适用〈中华人民共和国合同法〉若干问题的解释（二）》第十八条的规定，就是依据债权人撤销权制度的立法目的，对法律规定作出解释。法律和司法解释不可能列举债务人损害债权人的债权的所有具体情形。债务人为他人债务提供保证担保，这实际上是为自己增加了债务负担，具有减少财产的法律效果，债权人可以依据《中华人民共和国合同法》第七十四条的规定请求人民法院予以撤销。<br/>　　第二，某某公司为他人债务提供保证担保损害了债权人的债权。对债权人造成损害是指债务人行为使其陷入无法清偿债务的境地，或者债务人已经不具有完全清偿债务的能力，因债务人的行为，使其进一步降低了清偿债务的能力。根据计算，本案中某某公司的资产在2011年3月28日已不足12亿元，负债超过17亿元，当时的负债已经超过了资产。所以某某公司在2011年3月28日提供涉案保证担保时已经不具有足够资产清偿债务，仍对外提供担保，使债权人获得清偿的数额降低，对全体债权人造成了损害，应予以撤销。<br/>　　第三, 某某公司、乙公司、周某某并非善意。一方面，某某公司在2011年3月28日负债超过17亿元，而其资产不足12亿元，其财产明显不足以清偿全部债务，某某公司仍提供涉案担保，某某公司对这些债务并不负有义务，且提供保证担保的债权均是不良债权。故认定其应当知道为他人债务提供涉案保证担保会损害债权人的债权。另一方面，乙公司、周某某应当知道乙公司提供涉案保证担保会损害某某公司债权人的债权，一是乙公司、周某某未向人民法院说明某某公司为他人债务提供保证担保的过程。乙公司经人民法院传票传唤无正当理由拒不到庭参加诉讼，对保证担保的过程未作说明。周某某也没有向人民法院说明某某公司为乙公司、周某某提供保证担保的过程。某某公司称，其提供担保是为了配合中某某公司的重组，但是其没有提交证据予证明。二是乙公司、周某某应当知道，某某公司提供保证担保后极有可能需要承担债务。乙公司、周某某知道其购买的债权是不良债权，原债务人已经不能清偿债务，某某公司提供保证担保，有极高可能性需要承担责任。三是某某公司向乙公司提供保证担保的过程存在不合理之处。根据周某某的主张，乙公司于2011年3月14日通过拍卖取得债权。但是，某某公司在没有收到任何书面通知的情况下，就向乙公司出具担保函，提供保证担保。某某公司主张，其接到了口头通知。法院认为，某某公司在没有收到书面通知，就为数亿元的债权提供保证担保，明显不合常理。并且，周某某也没有提交乙公司取得债权的证据。四是乙公司与周某某之间的债权转让存在不合理之处。首先，周某某在一、二审中均没有提交乙公司向广东丙公司支付债权转让款的证据，也没有提交其向乙公司支付债权转让款的证据。周某某提交的其与乙公司签订的《债权转让协议》，没有记载债权转让款数额，只记载周某某应支付转让余款，这明显不合常理。其次，周某某关于其从乙公司受让债权的交易方式的陈述，也明显不符合常理。周某某一审陈述称，乙公司拍卖取得涉案债权的价款是人民币6050万元，乙公司向拍卖公司支付了人民币1000万元保证金，周某某将人民币5050万元以及佣金，汇付到广东丙公司。根据周某某的陈述，乙公司支付了人民币1000万元保证金后，通过拍卖取得不良债权。在某某公司为这些不良债权提供了新的保证担保后，乙公司又转让给了周某某，而周某某没有向乙公司支付对价，只是向广东丙公司支付了剩余的人民币5050万元，乙公司没有获利，明显不符合商业惯例。综合考虑乙公司、周某某取得不良债权的交易过程，某某公司提供保证担保的过程等情况存在很多不合理之处，可以认定乙公司、周某某应当知道，某某公司为他人的债务提供保证担保会损害其债权人的债权。<br/>　　综上所述，某某公司于2011年3月28日出具6份担保函、于2011年4月18日出具1份担保函，为他人债务提供保证担保，损害了某某公司债权人的债权，并且某某公司、乙公司、周某某均应当知道该情形，符合债权人撤销权的要件。<br/>　　此外，根据《中华人民共和国合同法》第七十四条第二款规定，撤销权的行使范围以债权人的债权为限。因此，基金公司请求撤销的范围应不超过其债权数额。某某公司破产管理人核定的基金公司债权金额为人民币238066122.58元。经某某公司破产管理人审定，某某公司2011年3月28日、4月18日提供保证担保的7笔债权总额达人民币280171375.51元，超过了基金公司的债权金额，不应予以全部撤销。而某某公司2011年3月28日出具的6份担保函提供担保的债权总额为人民币238140794.64元，与基金公司债权金额极为接近，且该6份担保函均为不可分的法律行为，应予整体撤销。据此，某某公司2011年4月18日出具的担保函应不予撤销。</p>","<p>债权人撤销权作为债权的保全制度，旨在合理维持债务人的责任财产，从而保障债权人的债权得以实现。债务人负债超过资产，仍对外提供大额担保，影响债权人的债权实现，在债务人和其相对人不能说明担保的必要性和正当性，亦不能说明担保决策过程和交易过程合理性的情况下，债权人要求撤销上述担保行为的，人民法院应予支持。</p>","<p>　　《中华人民共和国民法典》第538条、第539条、第541条[本案适用的是1999年10月1日施行的《中华人民共和国合同法》第74条、75条以及2009年5月13日施行的《最高人民法院关于适用〈中华人民共和国合同法〉若干问题的解释（二）》（法释〔2009〕5号）第18条]<br/>　　《中华人民共和国企业破产法》第31条、第32条、第33条</p><br/>######<p>　　一审：江苏省南京市中级人民法院（2014）宁商外初字第24号民事判决（2017年10月17日）<br/>　　二审：江苏省高级人民法院（2018）苏民终51号民事判决（2020年1月16日）</p>","\N","\N","2026-01-21 10:27:30","2026-01-21 10:27:30","0e5fb9dc9904a74cb5213b8f1ebd6acf","\N","20260426"
"6065","多元解纷案例库","https://dyjfalk.court.gov.cn/site/case/2a499921-5145-4f5b-a768-c91efd55d6fb","民事-劳务合同纠纷","D2025-161-1-139-964","文县人民法院","民事,劳务合同纠纷,拖欠农民工劳务报酬,人民调解,退休法官调解","","2025-12-19","\N","王某等13人与袁某系老乡关系。2023年8月起，王某等13人陆续受袁某雇佣，分别在多地为其承包的工程项目提供劳务。13人的务工起始时间存在差异，工作天数各不相同。双方未签订书面劳务合同，仅口头约定按天计薪。工程完工后，袁某支付了部分劳务费，剩余10余万劳务费经王某等人多次催要，袁某迟迟未付，且袁某仅向其中5人出具了欠条，未向其余8人出具欠款凭证。因协商未果，王某等13人诉至法院，请求袁某支付剩余劳务费。","法院收到起诉材料后，考虑到涉及农民工人数多、部分农民工无书面欠款凭证、证据相对薄弱的实际情况，为实质化解纠纷，征得双方当事人同意后，委托人民调解委员会先行调解。人民调解委员会指派调解劳务纠纷经验丰富的退休法官调解员组织调解工作。 一是迅速介入，固定基础事实。针对大部分当事人缺乏欠款凭证、涉案金额不明的核心难点，调解员迅速制定“先破争议、再定方案”的调解策略。调解员首先与包工头袁某进行单独沟通，一方面从情理上引导袁某珍惜同乡情谊，秉持诚信；另一方面依托专业法律知识，从法理上向其阐明拖欠劳务报酬的法律后果及可能对其个人征信、未来从业等方面造成的负面影响。情理与法理相结合的柔性引导，有效降低袁某的抵触情绪。袁某承认用工事实与13人的具体欠薪数额。调解员随即以《调查笔录》形式固定用工事实及欠薪金额。 二是剖析症结，明确调解意愿。在固定欠薪事实后，袁某表示其拖欠工资的主要原因是上游发包方未支付其工程款，导致其资金周转困难，但其承诺，无论如何将在农历新年前解决全部欠薪问题。调解员抓住这一关键承诺，引导其将口头承诺转化为具体的、可执行的调解方案。同时，调解员向王某等13人充分说明袁某的实际资金困境，引导其考虑在付款期限上作出适当让步。 三是多线沟通，克服时空障碍。针对13名农民工分散各地务工、部分人员沟通不便的问题，调解员建立“线上+线下”多渠道沟通机制：对本地及国内务工的农民工，通过电话、微信逐一核实欠薪数额、通报调解进展；对远在境外的农民工，精准对接其休息时间，通过在线调解平台耐心沟通、答疑解惑，确保每一名当事人的知情权、参与权得到充分保障。最终，促使各方就劳务费支付事宜达成一致，纠纷得以圆满化解。","ufeff本案系拖欠劳务报酬引发的劳务合同纠纷，具有证据薄弱、当事人分散等特点。本案中，法院委托人民调解委员会开展调解，人民调解委员会指派具有丰富专业优势与经验优势的退休法官组织调解工作。调解过程中，调解员通过情理法相融合的沟通策略，引导当事人珍惜同乡情谊，诚信履约，确定欠薪金额。同时，针对劳动者分散各地部分在国外的情况，依托信息化技术赋能，“线上+线下”多渠道协调沟通，在“数据多跑路”中促推纠纷高效、低成本化解，不仅切实保障了劳动者合法权益，也减轻了双方解纷成本，做到案结事了人和。","《中华人民共和国民法典》第577条 《保障农民工工资支付条例》第3条","\N","","2026-01-27 09:48:26","2026-02-03 09:40:03","0e6bdb166738edb9a90f2ab446bc9ec6","\N","20260426"
"1112","人民法院案例库","https://rmfyalk.court.gov.cn","民事-申请认可和执行香港特别行政区法院民事判决","2024-10-2-456-002","重庆市第五中级人民法院","民事,申请认可和执行香港特别行政区法院民事判决,子女抚养,财产分割","一审","2024.01.31","02","涂某翠诉称：其与冯某维离婚一案，已经香港特别行政区区域法院判决，因判决中财产转让的婚姻居所位于重庆市渝中区瑞天路，特向法院申请承认香港特别行政区区域法院婚姻诉讼FCMC2022年第****号2022年12月1日的命令和2023年3月14日的证明书。<br/>　　冯某维答辩称：对于申请人向内地法院申请认可的请求和理由没有意见。<br/>　　法院经审理查明：申请人涂某翠作为呈请人向香港特别行政区区域法院提起婚姻诉讼要求解除与被申请人冯某维在香港缔结的婚姻关系，香港特别行政区区域法院就二人离婚诉讼于2022年12月1日作出暂准离婚令、由区域法院法官审理命令、由区域法院法官在内庭审理命令，并于2023年3月14日作出暂准判令转为绝对判令证明书（离婚案），确认双方婚姻关系据此解除。由区域法院法官在内庭审理命令中载明了双方诉讼前达成的同意传票的内容，包含双方就子女抚养和财产分割内容达成的共识，审理法官就双方达成的同意传票的内容，作出命令：双方可向法院就执行上述同意传票提出申请。申请人涂某翠与被申请人冯某维现均为香港特别行政区永久性居民，因财产分割中处置的房产位于重庆市，申请人遂申请认可香港特别行政区区域法院就其婚姻诉讼作出的命令和证明书的法律效力。经询问申请人与被申请人，双方均认可同意传票的内容，且认可该同意传票内容现具有执行效力。<br/>　　重庆市第五中级人民法院于2024年1月31日作出（2023）渝05认港2号民事裁定：对香港特别行政区区域法院于2022年12月1日作出的婚姻诉讼FCMC2022年第****号由区域法院陈振国法官在内庭审理命令的法律效力予以认可；对香港特别行政区区域法院于2023年3月14日作出的婚姻诉讼FCMC2022年第****号暂准判令转为绝对判令证明书（离婚案）的法律效力予以认可。本案裁定作出后，当事人未向上级法院申请复议，该裁定书已发生法律效力。<br/>","法院生效裁定认为：香港特别行政区区域法院于2022年12月1日就呈请人涂某翠及答辩人冯某维的婚姻诉讼作出由区域法院法官在内庭审理命令，确认双方可向法院就执行同意传票的内容提出申请，并于2023年3月14日作出暂准判令转为绝对离婚判令证明书（离婚案），确认二人婚姻关系的解除。上述命令和证明书，属于适用《最高人民法院关于内地与香港特别行政区法院相互认可和执行婚姻家庭民事案件判决的安排》认可的香港特别行政区法院就婚姻家庭民事案件作出的生效判决，不存在安排中规定不予认可的情形，依法应予认可。故法院作出民事裁定对香港特别行政区区域法院作出的由区域法院法官在内庭审理命令、暂准判令转为绝对判令证明书（离婚案）的法律效力予以认可。<br/>","当事人向人民法院申请认可香港特别行政区法院就婚姻家庭民事案件作出的暂准离婚令、区域法院法官审理命令、区域法院法官在内庭审理命令和暂准判令转为绝对判令证明书中的财产分割和子女扶养内容的，人民法院应当适用《最高人民法院关于内地与香港特别行政区法院相互认可和执行婚姻家庭民事案件判决的安排》进行审查。经审查，认为相关命令及确认双方婚姻关系最终解除的证明书属于前述规定认可范围且不存在不予认可情形的，应当依法裁定对香港特别行政区区域法院所作包含财产分割和子女抚养内容的相关命令和证明书的法律效力予以认可。<br/>","《最高人民法院关于内地与香港特别行政区法院相互认可和执行婚姻家庭民事案件判决的安排》（法释〔2022〕4号）第1条、第2条、第4条、第8条<br/>######　　一审：重庆市第五中级人民法院（2023）渝05认港2号民事裁定（2024年1月31日）<br/>","\N","\N","2026-01-21 10:27:30","2026-01-21 10:27:30","0e6f294c8be3aa536b6dd6cba756da92","\N","20260426"
"5746","人民法院案例库","https://rmfyalk.court.gov.cn","民事-专利权权属、侵权纠纷","2025-13-2-160-010","最高人民法院","民事,专利权权属、侵权,专利权权属,违约申请专利,改进","二审","2024.09.09","02","原告上海某寿工程机械制造有限公司（以下简称某寿机械公司）诉称：被告安徽某福乳酸有限公司（以下简称某福乳酸公司）名下的专利号为20191083****.8、名称为“一种丙交酯的纯化系统及纯化方法”的发明专利（以下简称涉案专利）绝大部分技术特征来自某寿机械公司及其关联公司提供的技术。故诉至法院，请求判令：确认涉案专利权归原告某寿机械公司所有。     <br/>　　被告某福乳酸公司辩称：某福乳酸公司对涉案专利技术方案作出了创造性贡献。     <br/>　　法院经审理查明：2018年7月，某寿机械公司的关联公司某化工有限公司与某福乳酸公司的关联公司某国际贸易有限公司签署名为“聚乳酸装置供货的基础工程设计，技术服务及其专属设备”的合同（以下简称A合同），约定某化工有限公司为某国际贸易有限公司提供建设聚乳酸装置的基础工程设计工艺包、技术服务及工艺设备。2018年9月，某寿机械公司与某福乳酸公司就“丙交酯精馏装置项目”签署合同，合同约定某寿机械公司向某福乳酸公司提供用于丙交酯精馏装置项目的相关产品和设计工艺，并提供技术服务。某化工有限公司出具《声明》，对于某化工有限公司根据A合同向某国际贸易有限公司提供的技术，在中国大陆申请和拥有专利的权利归属于某寿机械公司。A合同第6章权利限制部分约定在未得到某化工有限公司事先同意的情况下，某国际贸易有限公司不得将在本合同内获得的任何信息及文件透露给任何第三方。2019年2月，某国际贸易有限公司、某福乳酸公司与某化工有限公司签署转让协议，约定将国际贸易有限公司在A合同中的权利和义务转让给某福乳酸公司。某福乳酸公司于2019年申请涉案专利并于2020年获得授权。经技术对比，涉案专利权利要求1的绝大部分技术特征来自某寿机械公司及其关联公司向某福乳酸公司提供的技术方案，且涉案专利申请在第一次审查后，为体现相对于对比文件的创造性，某福乳酸公司对原权利要求1进行了部分修改，加入的技术特征可视为对涉案专利的“突出的实质性特点”所作出的技术贡献，但这些技术贡献在某寿机械公司及其关联公司向某福乳酸公司提供的技术方案中均有所体现。 <br/>　　安徽省合肥市中级人民法院于2022年8月1日作出（2021）皖01民初1308号民事判决：确认原告某寿机械公司为涉案专利的共有权人。宣判后，某寿机械公司、某福乳酸公司均不服，提起上诉。最高人民法院于2024年9月9日作出（2022）最高法知民终2951号民事判决：一、撤销一审判决，确认某寿机械公司为涉案专利的专利权人；二、驳回某寿机械公司、某福乳酸公司的其他诉讼请求。","本案的争议焦点为：涉案专利权属于某寿机械公司与某福乳酸公司共有，还是属于某寿机械公司单独所有。     <br/>　　专利法所称发明人，是指对发明创造的实质性特点作出创造性贡献的人。某福乳酸公司在某寿机械公司及其关联公司通过合同向其提供的整体技术方案基础上，进行了部分技术特征的改进后形成的技术方案，经国家知识产权局实质审查，获得了专利权，双方对于涉案专利技术方案均做出了贡献。但根据在案证据，某寿机械公司及其关联公司对涉案专利相对于现有技术的突出的实质性特点作出了主要贡献，某福乳酸公司作出的技术贡献所占比例较小。     <br/>　　某寿机械公司根据双方签订的供货合同向某福乳酸公司提供设备及其生产工艺，包含了完整的丙交酯纯化技术方案，双方为买卖合同及技术服务合同关系，并无技术开发合同关系。作为技术提供方，在无相反证据情况下，某寿机械公司对其提供给某福乳酸公司的设备及生产工艺享有知识产权。在有合同明确限制的情况下，某福乳酸公司未经许可，擅自利用某寿机械公司及其关联公司提供的技术方案提出专利申请，即使其在该技术方案基础上作出了一定改进，但由于违背了合同约定和某寿机械公司的意愿，某福乳酸公司也不能当然因其改进而可以享有涉案专利权。对某寿机械公司而言，在涉案专利技术方案被公开后，其已被动失去了对自身知识产权保护方式的选择权，如果再与某福乳酸公司共享涉案专利权，权利行使上还会受到共有专利权人的牵制。某福乳酸公司违背诚信原则，具有明显过错，且在整体涉案专利技术方案中作出的技术贡献较小，其申请涉案专利权缺乏事实基础和法律原因，不能仅因申请而获得涉案专利权，涉案专利权应当归属于某寿机械公司。","在设备买卖及技术服务合同对相关技术方案的披露作出限制性约定的情况下，购买设备及接受技术服务的一方违反约定，直接以对方提供的相关技术方案或对该技术方案稍作改进后擅自申请专利权，损害对方对相关技术方案的知识产权权益，对方主张确认专利权归自己所有的，人民法院应当依法予以支持。","《中华人民共和国专利法》（2020年修正）第6条<br/>######　　　　一审：安徽省合肥市中级人民法院（2021）皖01民初1308号民事判决（2022年8月1日）<br/>　　二审：最高人民法院（2022）最高法知民终2951号民事判决（2024年9月9日）","\N","","2026-01-21 10:27:30","2026-01-21 10:27:30","0e80fed6d0eb195c61cb8452a9072f5c","\N","20260426"
"4934","人民法院案例库","https://rmfyalk.court.gov.cn","民事-专利权权属、侵权纠纷","2023-13-2-160-025","最高人民法院","民事,侵害实用新型专利权,赔偿计算,宣传业绩","二审","2022.05.23","02","<p>　　某科技公司系专利号为201320534267.X、名称为“结固式锚栓”的实用新型专利（以下简称涉案专利）的专利权人。某科技公司认为，某建筑技术公司、张某某于2017年开始积极推广第三代点挂安装技术，其中“点挂专用抗拉拔保护锚栓”落入涉案专利权的保护范围，构成侵权，故向上海知识产权法院提起诉讼，请求判令停止侵害、赔偿损失250万元。<br/>　　上海知识产权法院于2020年9月18日作出（2019）沪73知民初21号民事判决：驳回某科技公司的诉讼请求。某科技公司提出上诉，最高人民法院于2022年5月23日作出（2021）最高法知民终1066号民事判决：撤销原判，改判某建筑技术公司、张某某停止侵害，赔偿损失250万元。</p>","<p>　　法院生效裁判认为：某建筑技术公司、张某某主张的抵触申请抗辩不成立。被诉侵权产品是某建筑技术公司和张某某积极推广的第三代点挂安装技术产品配件，某建筑技术公司和张某某在2017年宣称其累计施工面积已达200万平方米以上，且其通过宣传册和官方网站对相关工程案例进行了宣传展示，某建筑技术公司副总经理在2019年2月24日仍通过微信朋友圈对第三代点挂施工工程进行宣传展示。某建筑技术公司和张某某对上述事实虽持有异议，认为200万平方米为夸大宣传，相关工程案例为借鉴合作方的案例，且相关工程并未使用被诉侵权产品。但是，某建筑技术公司和张某某并未提交有效反证证明其实际施工量，其主张夸大宣传依据不足；某建筑技术公司和张某某亦不提交其实际使用的锚栓配件，其主张未使用被诉侵权产品与事实不符，不能成立。在以上事实基础上，参考某科技公司主张的每平方米所需被诉侵权产品平均用量约为5根、专利产品销售单价为3.57元、3.27元不等以及合理利润率认定赔偿数额，某建筑技术公司和张某某侵权获利应不低于250万元。综合考虑某建筑技术公司和张某某经营规模，因其侵权时间长、侵权范围广、侵权恶意明显，以及某科技公司为本案支出的律师费、公证费等合理维权费用等因素，依法对某科技公司主张的250万元赔偿数额予以全额支持。</p>","<p>专利权利人主张以侵权人对外宣传的经营规模作为损害赔偿计算依据，侵权人抗辩该经营规模属于夸大宣传、并非经营实绩，但未提交证据证明其实际侵权经营规模的，人民法院可以依据该对外宣传的经营规模作为损害赔偿计算依据。</p>","<p>　　《中华人民共和国专利法》第11条、第64条第1款、第71条第1款（本案适用的是2008年12月27日修正的《中华人民共和国专利法》第11条、第59条第1款、第65条第1款）<br/>　　　　《最高人民法院关于审理侵犯专利权纠纷案件应用法律若干问题的解释（二）》第27条<br/></p><br/>######<p>　　一审：上海知识产权法院（2019）沪73知民初21号民事判决（2020年9月18日）<br/>　　二审：最高人民法院（2021）最高法知民终1066号民事判决（2022年5月23日）</p>","\N","\N","2026-01-21 10:27:30","2026-01-21 10:27:30","0e9bced0f04d40a76ea6d4413ba16776","\N","20260426"
"6238","多元解纷案例库","https://dyjfalk.court.gov.cn/site/case/fa39ba29-cd18-424e-83b5-20f1bb61ebc3","民事-建设工程合同纠纷","D2025-161-1-115-809","重庆市开州区人民法院","民事,建设工程合同纠纷,解除合同,欠付工程款,涉企纠纷联动化解机制,三诊工作法","","2025-11-17","\N","某房地产公司因开发某地产项目需要，将项目中的洋房、体验区工程发包给某建筑公司垫资建设。此后，某建筑公司先后完成前期1至13号楼、24号楼以及1号车库工程的施工。双方企业亦就前期工程签订《工程结算及工程款支付协议》，明确应付工程款、已付工程款，结算尚欠工程款以及约定尚欠工程款支付事宜。因某房地产公司未按前述协议支付工程款，某建筑公司便在修建后期14至23号楼主体后停工。某房地产公司遂诉至法院，请求解除合同。此外，某建筑公司欲起诉某房地产公司要求支付尚欠的工程款。","法院收到起诉材料后，综合考虑双方系当地工业园区内两家民营企业，现项目停工停建，如不能高效化解，既影响民营企业的生存发展，还可能引发购房业主不满情绪。故在征得当事人同意后，运用涉企纠纷多元化解机制，邀请住建委、园区管委会组建调解小组，运用“接诊-会诊-辅诊”三诊工作法，开展以下工作： 一是“接诊”找到症结病因，查明导致项目停摆原因。调解小组通过实地走访、组织座谈，了解到以下情况：1.某房地产公司除案涉项目200余套现房未出售和一笔未到期债权外，无其他资产，缺乏足够的流动资金支付工程款。2.某建筑公司因未收到前期已结算工程款，且尚欠36家上游建材供应商货款，面临债权人催收货款压力，便不再垫资修建，项目因此停摆。3.前期购房人得知后期工程停工停建，担忧项目整体配套设施减配，影响居住品质。调解小组经梳理，认为双方争议焦点为：1.某房地产公司与某建筑公司应否解除合同；2.某建筑公司的工程款如何确定，如何保障尚欠工程款能兑现；3.停工停建项目如何复工复建。 二是“会诊”开出对症良方，资产化债盘活项目复产。调解小组采用“面对面”方式，组织双方企业、上游建材供应商代表、前期购房人代表召开“圆桌会议”，共同找到最优解。1.园区管委会工作人员结合两家企业历史文化，引导双方展望远景规划，对当前困难互谅互解，并权衡继续合作利弊。双方企业经坦诚沟通，同意自愿解除合同，某建筑公司不再修建该项目。2.指导法官运用类似裁判案例，通过以案释法，解释如果进入审理程序，通过鉴定方式结算工程款周期较长、成本较高，建议双方自行协商结算工程款，并提出“共同勘验、同步核量、一起计价”的结算方案。3.住建委工作人员发挥监管优势，指引双方企业协商资产监管方案和退场交接等项目复工复建事宜。双方企业同意将某房地产公司债权款项和200余套现房销售资金支付至监管账户，委托住建委进行监管，并在保障农民工工资前提下，优先支付某建筑公司工程款。某建筑公司承诺收款后及时支付36家上游建材供应商的货款，某房地产公司亦承诺尽快确定新施工单位进场复工复建。 三是“辅诊”促进固本培元，督促履行护航项目完工。法官指导双方企业对后期工程已施工部分进行现场勘验，核对、固化已完工工程量，确认计价标准，完成工程款结算。住建委全流程动态把控资金，在款项到位后第一时间按双方企业的约定进行支付，保障工程款及时兑现。同时，监督新老施工单位进场退场交接，监管项目复工复建的质量和安全。园区管委会督促某建筑公司实时支付36家上游建材供应商的货款。调解成功后，调解小组共同走进工地、园区为某房地产公司和新施工单位宣讲政策法规，确保项目复工复产效能。邀请前期购房人代表实地察看项目施工进度、房屋销售情况等，打消项目整体配套设施减配的担忧，提振消费市场信心。经回访，案涉“半成品”房屋现已全部竣工验收。某建筑公司工程款已全部支付到位并兑现36家上游建材供应商货款。","本案系因拖欠工程款致项目停工停建引发的建设工程施工合同纠纷。如处理不当，容易产生项目持续停摆烂尾、工程款无法兑付的“两败俱伤”局面，以及诱发上下游资金链断裂、前期购房人担忧等连锁反应。为此，法院快速启动涉企纠纷多元化解机制，协同联动住建委、园区管委会，运用“接诊-会诊-辅诊”三诊工作法开展联合化解工作。“接诊”时准确找到双方争议焦点，全面厘清各方合理诉求，探究矛盾纠纷的缘由，并找寻本案调解的“突破口”，为调解做好前期准备。“会诊”重在发挥住建、园区管委会等各相关单位职能优势，通过专业解读、监管职能、情感疏导、权衡分析，促进双方尊重对方合法权益，理解各自困难，以双赢共赢为引导，找到最优解并达成调解方案。本案中，调解小组坚持一揽子化解目标，不局限于工程款欠付问题，而是将上下游货款、农民工工资支付、项目复工等全部事宜统筹考虑，并针对各方顾虑提出系统性解决方案，避免“一案结多案生”。“辅诊”侧重于督促双方企业诚信履行调解协议，同时强化政策法规宣讲，通过以案释法，提高各方依法化解纠纷能力水平，从源头预防衍生问题，最终实现关联纠纷一揽子实质性化解，既盘活了停工半年之久的工程项目，又保障了施工企业及上游建材供应商的权益，做到双赢多赢共赢，为民营企业发展营造了良好的营商环境。","《中华人民共和国民法典》第562条、第788条、第807条 《中华人民共和国民营经济促进法》第3条、第58条","\N","","2026-01-27 09:48:46","2026-02-03 09:46:35","0eb0c955c9ab52f3144196926520d9ee","\N","20260426"
"6154","多元解纷案例库","https://dyjfalk.court.gov.cn/site/case/00325e8f-1a10-4c82-814f-080d50aa0fdc","民事-劳动合同纠纷","D2025-161-1-186-885","柏乡县人民法院","民事,劳动合同纠纷,集体欠薪,综治中心,示范诉讼,多元联动化解","","2025-12-04","\N","张某等54人原系某设备公司员工。某设备公司主营工业自动控制系统装置制造。后因经营不善，自2024年10月起某设备公司陆续停产并开始拖欠员工工资。部分员工因欠薪离职，但某设备公司仍未结清相关款项。张某等人多次追索无果，遂诉至法院，要求某设备公司支付拖欠工资及解除劳动合同的经济补偿金。","法院收到起诉材料后，认为本案涉及劳动者人数众多，核心事实相对清晰、法律关系明确，且诉求高度相似，适宜通过调解方式一揽子化解。在释明综治中心职能作用并征得当事人同意后，由综治中心统筹，相关部门参与开展以下调处工作： 一、主动寻访，突破沟通困境，夯实调解基础。调解初期，某设备公司实际控制人失联。综治中心立即启动应急联动机制，由法院联合街道办事处、市场监管部门，通过工商信息查询与实地走访，最终成功联系到公司实际控制人。随后，综治中心组织入驻法官、人社部门劳动监察骨干以及调解员共同上门走访。调解员耐心倾听某设备公司陈述的经营困境，释明调解在寻求双方利益的平衡点、推动纠纷实质性解决、协助企业渡过难关的实质利好。同时，由指导法官当场向某设备公司阐明拒不支付劳动报酬可能引发的法律后果，包括纳入失信名单等对企业负责人及企业产生的信用惩戒，甚至可能触及刑事犯罪红线。人社部门工作人员则从行政执法角度，告知了其拖欠工资行为将面临的行政处罚风险。通过刚柔并济情理法相结合的深入沟通，打消某设备公司的抵触和侥幸心理，引导其从消极回避转向正面应对。某设备公司表示将积极参与调解，为后续化解工作奠定了坚实基础。 二、搭建平台，整合专业力量，形成解纷合力。在成功突破沟通壁垒后，综治中心牵头组织法院、司法局法律援助中心、人社部门及专业调解组织成立联合调解团队。入驻综治中心的法官提供法律指导，确保调解在法律框架内进行。司法局法律援助中心指派多名专职律师，为54名员工提供全流程的法律援助，帮助员工梳理庞杂的证据材料、核算具体欠薪数额和经济补偿金，将分散的个体诉求整合成清晰、合法的权利主张，并在谈判中引导员工理性维权，避免情绪化表达。人社部门负责劳动监察和劳动仲裁的工作人员利用专业知识和系统数据，协助核对工资标准、考勤记录，并就经济补偿金的计算方式、计算年限等核心问题提供权威的政策解读，确保了诉求计算的准确性与公正性。专职调解员运用其丰富的群众工作经验，主导协商过程，引导双方换位思考。综治中心作为“总调度”，负责协调指挥、信息共享与进度督办，确保了各参与单位职责明确、衔接顺畅，形成解纷合力。 三、示范引领，统一调处标准，提升化解效率。面对54名员工诉求相似但在入职时间、岗位性质、欠薪具体月份及金额上存在细微差异的情况，如果对每一个案都进行独立、完整的调解，将耗费巨大时间和精力。为提高效率、统一尺度，经双方当事人同意，引入了“示范诉讼”机制。法院从54个案件中精心选取2起具有代表性的案件作为“示范案件”，快速审理并作出生效判决。这两起案件涵盖了老员工与新员工、管理层与普通工人等不同类型，在入职时间、岗位性质、欠薪时长及诉求构成方面都具有典型性。这两起典型案件的判决，明确以下争议焦点的处理标准：关于欠薪金额的认定问题，通过调取考勤记录、工资银行流水等证据，逐一核对欠薪数额；关于经济补偿金的计算问题，依据《劳动合同法》第46条，明确因拖欠劳动报酬导致劳动者解除合同的情形应支付经济补偿金；关于公司履行能力的评估问题，通过查询公司资产、股权结构及银行账户，核实其偿付能力。示范判决为后续其余52名员工的同类诉求提供了清晰、一致、权威的解决方案和计算范本，极大地提升了整体调解效率。 四、情法交融，引导互谅互让，促成实质和解。在“示范诉讼”确立标准、前期沟通充分铺垫的基础上，调解团队结合“示范诉讼”的判决结果，引导其他员工参照标准核算自身诉求，确保了标准的统一性。同时，也基于某设备公司当前确无能力一次性付清所有款项的实际困境，积极引导员工方从实现债权回收的最大可能性出发，在付款期限和方式上给予公司一定的宽限。调解团队通过“背靠背”、“面对面”等多种方式，反复与双方沟通，强调“兑现”比“判决”更重要，引导双方互谅互让。最终，在调解团队的不懈努力下，双方达成共识：员工同意接受分期付款方案；某设备公司则承诺由股东负责筹措资金，并严格按照协议约定履行支付义务。至此，该批量纠纷得以妥善实质化解。","本案系企业因经营不善拖欠员工劳动报酬引发的劳动合同纠纷，涉及员工较多，关乎劳动者合法权益保障和企业经营困境。本案中，综治中心充分发挥统筹协调作用，运用“示范诉讼”与“多元联动”相结合机制，整合法院、司法行政、人社及专业调解组织等各方力量，通过明确的职责分工与职能有效衔接，充分激化各单位解纷优势，实现了“1+1>2”的效果。调解过程中，运用“示范诉讼”机制，通过判决典型个案确立解纷标准，以点带面，有效统一了类案处理尺度，大幅提升了整体调解效率和成功率。同时，面对企业负责人失联、履行意愿低困境时，调解小组坚持情、理、法相结合，既刚性普法亮明法律底线与后果，也柔性疏导展现人文关怀与助企纾困的诚意，成功打破了沟通僵局，化被动为主动。此外，通过全流程法律援助，切实保障作为弱势方劳动者的知情权、参与权和协商权，引导其从感性维权走向理性依法维权，最终促使纠纷得以高效、实质性化解，有力保障劳动者合法权益，助力构建和谐劳动关系。","《中华人民共和国劳动合同法》(2012年修正)第30条、第38条、第46条 《中华人民共和国劳动争议调解仲裁法》第10条","\N","","2026-01-27 09:48:35","2026-02-03 09:40:15","0ecd3dd34a06940bff111ac605793b9e","\N","20260426"
"2067","人民法院案例库","https://rmfyalk.court.gov.cn","民事-保理合同纠纷","2023-08-2-113-001","最高人民法院","民事,保理合同,职务外观,表见代理","再审","2021.08.19","02","<p>　　某公司向天津市第二中级人民法院起诉请求：1.判令某乙公司支付某公司应付货款98813012.87元，并按同期银行贷款利率支付逾期付款违约金至实际支付之日；2.判令某丙公司返还某公司预支价金48479553.38元，并按每日0.029%的标准支付某公司财务顾问费至实际支付之日（其中1968553.38元从2018年4月9日起算，12767000元从2018年5月17日起算，8410000元从2018年6月13日起算，2065000元从2018年7月23日起算，1825000元从2018年8月14日起算，10291000元从2018年9月21日起算，7576000元从2018年9月25日起算，3577000元从2018年9月26日起算），以及自起诉日至实际支付日止，以上述未支付款项为基数，按每日千分之一计算的违约金；3.判令某丁公司、某甲公司、林某某、徐某对某丙公司的债务承担连带清偿责任；4.如某乙公司履行了全部或部分给付义务，则相应免除或减少某丙公司的全部或部分给付责任，某丁公司、某甲公司、林某某、徐某的担保责任亦相应免除或减少；如某丙公司履行了全部或部分给付义务，则某公司将相应金额的应收账款债权反转让给某丙公司；5.某丙公司、某丁公司、某甲公司、林某某、徐某承担本案律师代理费75万元；6.本案诉讼费用由各被告承担。<br/>　　法院经审理查明：2017年10月20日，某公司作为保理公司与作为保理业务申请人的某丙公司签订《保理主合同》。约定某丙公司向某公司申请办理有追索权保理业务。<br/>　　落款日期为2017年10月23日的《同意书》载明：某乙公司作为买受商与作为供货商的某丙公司及某公司约定，兹因供货商与某公司签订应收账款保理合同，并将其对买受商因交易所生之应收账款债权全数让与某公司，期间自交货发票日（公元2017年8月1日）起至某公司以书面通知买受商终止本同意书止。供货商取得买受商同意将应收账款债权让与某公司，某公司即合法取得对买受商请求支付账款的权利，买受商承诺应将到期之全数应付账款无异议支付予某公司，若以票据付款则将票据径交某公司。在买受商依本同意书条件将应付账款以电汇方式支付至上述指定账户后，供货商与某公司同意买受商之应付账款债务已完全清偿。《同意书》落款处有某丙公司、某公司加盖印章。有“广东某乙ＡＢＢ互感器有限公司”印章字样。<br/>　　落款日期为2018年5月16日的《同意书》载明：某乙公司作为买受商与作为供货商的某丙公司及某公司约定，兹因供货商与某公司签订应收账款保理合同，并将其对买受商因交易所生之应收账款债权全数让与某公司，期间自交货发票日（2018年5月15日）起至某公司以书面通知买受商终止本同意书止。供货商取得买受商同意将应收账款债权让与某公司，某公司即合法取得对买受商请求支付账款的权利，买受商承诺应将到期之全数应付账款无异议支付予某公司，在买受商依本同意书条件将应付账款以电汇方式支付至指定账户后，供货商与某公司同意买受商之应付账款债务已完全清偿。《同意书》落款处加盖某丙公司、某公司印章，有“广东某乙ＡＢＢ互感器有限公司”印章字样。<br/>　　2017年10月20日，某公司与某丙公司签订《保理管理同意书》。约定，本管理同意书系依保理主合同而制定，其效力亦同。买方为某乙公司，保理方式为有追索权，预支价金额度人民币叁仟玖佰陆拾元万元整，预支价金成数80%，手续费率0.4%，账务顾问费率为逐笔议价（目前约为10%），最长预支天期180天，额度到期日2018年9月30日，备注为以上费率均未含税，增值税须外加。<br/>　　2018年3月12日，某公司与某丙公司又签订《保理管理同意书》。约定，本管理同意书系依保理主合同而制定，其效力亦同。保理方式为有追索权，预支价金额度人民币陆仟万元整，预支价金成数80%，手续费率0.5%，账务顾问费率为逐笔议价（目前约为10%），额度到期日2018年9月30日，备注为以上费率均未含税，增值税须外加。<br/>　　2018年9月30日，某公司与某丙公司再签订《保理管理同意书》约定，本管理同意书系依保理主合同而制定，其效力亦同。保理方式为有追索权，预支价金额度人民币壹亿贰仟陆佰万元整，预支价金成数80%，手续费率0.5%，账务顾问费率为逐笔议价（目前约为10%），额度到期日2019年9月30日，备注为以上费率均未含税，增值税须外加。<br/>　　林某某、徐某、某甲公司、某丁向某公司出具《连带责任保证书》。承诺与主债务人连带负全部清偿责任。<br/>　　某公司向某丙公司开户银行共计付款124016093.30元。<br/>　　某公司主张其为某丙公司提供融资款期间，某丙公司共欠付账管费（即手续费）737932.79元，增值税278853.11元，已经冲销预支价金产生的财务顾问费3909619.07元(按年率10%计算)，某丙公司的尾款6499650.21元，挂账244326.39元，汇费68.20元，某丙公司和某乙公司共计还款入账87206989.69元。庭审中，某公司表示，其向某丙公司主张的金额中放弃挂账金额244326.39元，某丙公司对此无异议。故某公司诉请某丙公司返还预支价金＝某公司向某丙公司拨付的预支价金总额124787000元－冲销预支价金的总额76307446.62元－挂账金额244326.39元＝48235226.99元。该部分未冲销预支价金的财务顾问费，某公司主张某丙公司支付财务顾问费至实际支付之日，某公司主张未冲销预支价金的财务顾问费按每日0.029%的标准，每日利率计算方法为0.1*(1+6%）/365=0.029%，其中6%为增值税税率，财务顾问服务的内容有账目管理、催收、坏账担保及融资。某公司主张自起诉日至实际支付日止，以未支付款项48235226.99元为基数，按每日千分之一计算违约金。某丙公司认为违约金标准过高。<br/>　　某丙公司与某乙公司均认可双方之间存在长期的买卖合同关系，某丙公司为供货方，某乙公司为买方。某丙公司于2017年11月27日，向某乙公司提出《收款账号变更申请》载明“因我司业务拓展需求，需要对原收款账号进行变更，具体变更新账号信息如下：开户行：中国银行股份有限公司天津泰达大街支行，户名：厦门某丙有限公司，账号2739××××1918”。某丙公司于2018年5月15日，向某乙公司提出《新增银行账号申请》载明“因我司业务发展需求，原收款账号不变。继续默认为正常付款账号。现需要增加一个新的收款账号（此账号开通了电子银行承兑接收功能）。具体如下：原账号：户名：厦门某丙有限公司，账号2739××××1918，开户行：中国银行股份有限公司天津泰达大街支行。新增加账号：户名：厦门某丙有限公司，账号6950××××2673，开户行：中国民生银行苏州分行营业部，行号：305305026017”。<br/>　　某公司主张，某丙公司的发票总金额为189239289.77元，已冲销发票金额83211302.52元，某乙公司入账未冲销发票金额7214974.38元，依据《同意书》，某乙公司应向某公司支付货款金额为98813012.87元。<br/>　　依某乙公司申请，一审法院委托天津市某物证司法鉴定所，对签订日期分别为2017年10月23日和2018年5月16日的两份《同意书》中加盖的“广东某乙ABB互感器有限公司”印章和13份发票清单中加盖的“广东某乙ABB互感器有限公司”印章进行鉴定。经鉴定，上述材料中加盖的“广东某乙ABB互感器有限公司”的印章印文与样本中的印章印文不是同一枚印章盖印。鉴定费用为249196.86元。<br/>　　某公司和某丙公司均主张，《同意书》是先由某丙公司盖章后寄送给某乙公司，某乙公司盖章后寄送给某公司。另查，王某曾为某乙公司员工，任职供应链管理部经理，由某乙市社会保险基金管理局2019年5月30日出具的个人参加社会保险证明表显示其参保时间段为2010年7月至2018年12月。黄某为某乙公司在职员工，为供应链管理部、供应商开发管理，由某乙市社会保险基金管理局2019年5月30日出具的个人参加社会保险证明表显示其参保时间段为2010年7月至2019年1月。<br/>　　天津市第二中级人民法院于2020年2月19日作出（2019）津02民初48号一审民事判决：一、某丙公司于本判决生效之日起十日内返还某公司预支价金48235226.99元，并按年率10%的标准支付某公司财务顾问费至实际支付之日（其中1724226.99元从2018年4月9日起算，12767000元从2018年5月17日起算，8410000元从2018年6月13日起算，2065000元从2018年7月23日起算，1825000元从2018年8月14日起算，10291000元从2018年9月21日起算，7576000元从2018年9月25日起算，3577000元从2018年9月26日起算）；二、某丙公司于本判决生效之日起十日内给付原告某公司自2019年1月7日至实际支付日止，以48235226.99元为基数，按照中国人民银行同期同类贷款利率/全国银行间同业拆借中心公布的贷款市场报价利率的2倍标准计算的违约金；三、某丁、某甲公司、林某某、徐某对某丙公司的上述一、二项给付事项承担连带清偿责任；四、驳回某公司其他诉讼请求。案件受理费539615.06元，由某公司负担278188.06元，由某丙公司、某丁、某甲公司、林某某、徐某负担261427元；保全费5000元，由各被告负担；鉴定费249196.86元，由某公司负担，某公司于本判决生效之日起十日内给付已经垫付该费用的某乙公司。宣判后，某公司提起上诉，天津市高级人民法院于2020年10月29日作出（2020）津民终545号二审民事判决：驳回上诉，维持原判。宣判后，某公司申请再审，最高人民法院于2021年8月19日作出（2021）最高法民申3746号民事裁定，驳回某公司的再审申请。</p>","<p>　　法院生效裁判认为，本案是保理合同纠纷。某公司、某丙公司签订的《保理主合同》等意思表示真实，合法有效。某公司诉请某乙公司应基于《同意书》约定承担支付货款义务，故判断某乙公司应否支付货款，应当在判断案涉保理合同效力的同时，结合债权转让制度的有关规定，审查某乙公司与某丙公司之间的基于货物买卖产生的基础合同项下的买卖关系是否真实存在，以及在客观存在的基础上评价是否欠付货款等事实问题。<br/>　　保理应当以真实、合法、有效的应收账款转让为前提。结合本案事实，首先，案涉《同意书》约定的主要内容是某公司受让应收账款债权后即合法取得对买受商某乙公司请求支付账款的权利，某乙公司承诺应将到期的应付账款无异议支付予某公司。虽然经一审法院委托鉴定，《同意书》和13份发票清单中加盖的印章印文与某乙公司样本的印章印文非同一枚印章盖印。但应收账款债权得以产生的货物销售、服务提供等基础合同存在于债权人与债务人之间，保理商并非基础合同当事人，故基础合同的无效并不必然导致保理业务无效。如果某乙公司确实欠付某丙公司货款，某公司依据债权转让的规定，依然可以向某乙公司主张债权。从文义解释角度，各方在《同意书》中就某乙公司将其向某丙公司应付款项的支付方式和对象作出了安排，属于应收账款债权转让的总括性协议，而对于欠付货款的合同依据、到期时间、具体金额等内容均未做明确约定。即作为标的物的应收账款是否已经存在或将来必定存在均处于不确定状态。某公司如依据前述约定主张某乙公司支付款项还需要以某乙公司客观上实际欠付某丙公司货款为必要前提。其次，依据《中华人民共和国合同法》第八十二、八十三条所规定的抗辩权和抵销权，某乙公司作为债务人在债权转让后，其抗辩权和抵销权的行使，既可以向原债权人某丙公司主张，也可以向受让人某公司主张。虽然《同意书》中记载，某乙公司承诺“不会以交易系附条件之买卖、寄售或存在其他付款限制之约定等（包括但不限于买受商支付账款系以须收到其他第三人支付账款为条件之约定）其他任何理由而主张抵销账款或拒付账款”。但并不能从此约定中推导出某乙公司已经明示放弃其对案涉基础合同项下的债权不成立、债权消灭等可以对抗让与人某丙公司的抗辩事由向受让人某公司提出抗辩的结论。且某乙公司一审期间已经就某丙公司虚构应收账款金额提出了抗辩。再次，某乙公司与某丙公司之间确实曾经存在供货关系，但基于在案证据，无法认定某乙公司依某丙公司变更账户的申请而向某丙公司变更后账户的付款行为，与案涉《同意书》存在关联。某丙公司提交了其向某乙公司开具的增值税发票以证明欠款金额，根据《最高人民法院关于审理买卖合同纠纷案件适用法律问题的解释》第八条第一款规定，该增值税专用发票的开具并不能当然证明卖方实际履行了供货义务。同时，因前述发票中的一部分已经作废，存在瑕疵，更加无法证明具体欠款金额。在某丙公司未提交履行合同的相关证据且某乙公司未对某丙公司履行合同行为作出任何确认的情况下，仅凭某丙公司开具的增值税发票不足以认定是否存在欠付货款的事实以及欠付货款金额。<br/>　　综上，即使《同意书》真实有效，某乙公司基于对抗让与人某丙公司的抗辩事由，而向受让人某公司提出抗辩，也具有事实基础。某公司以某乙公司应基于《同意书》约定承担支付货款义务的诉请，缺乏事实依据。<br/>　　对于某丙公司应付款金额问题，一审法院根据某公司、某丙公司资金往来事实、《保理管理同意书》中财务顾问费的约定等依法确认某丙公司应付款项金额，事实依据充分。<br/>　　关于某丙公司主张违约金标准过高问题，一审法院结合双方约定和本案客观事实，酌情确定按照中国人民银行同期同类贷款利率/全国银行间同业拆借中心公布的贷款市场报价利率的2倍标准计算违约金，亦无不当。<br/>　　最高人民法院再审审查认为，首先，关于应收账款转让是否对某乙公司发生效力的问题。根据原审查明的事实，王某曾为某乙公司员工，任职供应链管理部经理，黄某为某乙公司在职员工，为供应链管理部、供应商开发管理。从职务上看，与某丙公司之间应付账款金额的最终确认、审核相关保理合同真实性等通常不属于该二人所任职务应具备的职权范围，该二人也不具备代表某乙公司签订保理相关合同的其他权力外观，相关行为也没有得到某乙公司的授权或追认，某公司不应通过以上二人所任职务，认为其天然具备上述职权。通过《同意书》的内容可知，案涉保理系向债务人某乙公司披露保理人的明保理，而某公司和某丙公司主张案涉《同意书》是先由某丙公司盖章后寄送给某乙公司，某乙公司盖章后寄送给某公司，即某公司并未与某乙公司当面签署或者直接向某乙公司邮寄相关合同。且原审亦查明，《同意书》中加盖的“广东某乙ABB互感器有限公司”的印章印文与样本中的印章印文不是同一枚印章盖印，某公司亦未举证证明某乙公司有使用该《同意书》中加盖的印章的情形。综上，原审法院认定《同意书》并非某乙公司真实意思表示，其不应受《同意书》约定约束，并无不当，某公司关于黄某、王某系职务行为，应收账款转让应当对某乙公司发生效力的再审申请理由不能成立。<br/>　　其次，某公司与某丙公司之间签订的保理合同的基础是某丙公司与某乙公司之间的交易合同，在原审法院已认定《同意书》并非某乙公司真实意思表示，其不应受《同意书》约定约束的前提下，某乙公司对某丙公司享有的抗辩权，依然可以向某公司主张。而在原审庭审中，某乙公司亦向法庭说明其未支付某丙公司部分尾款的原因是基于对方履行基础交易合同存在瑕疵，原审亦认可其抗辩具有法律依据，某公司关于在某乙公司已自认欠付某丙公司货款的情况下，两审判决驳回某公司要求某乙公司支付货款的请求属认定事实不清等再审申请理由，不能成立。<br/>　　第三，应收账款的合同依据、具体金额、到期时间等基本情况是保理法律关系得以成立的基础，作为保理人，某公司对上述情况理应掌握。故原审法院要求某公司证明应收账款的具体情况，并未加重某公司举证证明责任。某公司关于其系善意、有合理信赖等再审申请理由不能成立。<br/>　　第四，由原审法院认定的事实可知，在案涉第一份《同意书》形成后，某丙公司于2017年11月27日向某乙公司提出《收款账号变更申请》，将双方业务往来的收款账号变更为《同意书》所确认的某公司收款账号，之后该账户方有某乙公司的钱款汇入。原审法院认为基于在案证据，无法认定某乙公司依某丙公司变更账户的申请而向某丙公司变更后账户的付款行为，与案涉《同意书》存在关联，并无不当。<br/>　　第五，从原审认定的证据看，《保理主合同》对某公司向某丙公司主张债权时支出的律师费的承担问题并未作出明确约定，故原审未支持某公司要求某丙公司、各担保人承担其律师费的诉讼请求，并无不当。</p>","<p>若应收账款债务人的员工不具备代表公司签订保理相关合同的权利外观，相关行为也没有得到公司的授权或追认，且保理合同的外观形式具有瑕疵时，原审法院可据此认定保理合同并非应收账款债务人的真实意思表示，因此，应收账款债务人不受保理合同法律关系约束。</p>","<p>　　《中华人民共和国民法典》第170条、第171条、第172条</p><br/>######<p>　　一审：天津市第二中级人民法院（2019）津02民初48号民事判决（2020年2月19日）<br/>　　二审：天津市高级人民法院（2020）津民终545号民事判决（2020年10月29日）<br/>　　再审：最高人民法院（2021）最高法民申3746号民事裁定（2021年8月19日）</p>","\N","\N","2026-01-21 10:27:30","2026-01-21 10:27:30","0ee7381aee0c0aa022b7e793b2be74fe","\N","20260426"
"5155","人民法院案例库","https://rmfyalk.court.gov.cn","民事-著作权权属、侵权纠纷","2023-13-2-158-003","最高人民法院","民事,侵害计算机软件著作权,举证责任","二审","2021.02.25","02","<p>　　美国某科技有限公司主要为全球集成电路设计提供电子设计自动化（EDA）软件工具，此前研发完成了包含Design Compiler软件在内的多项电子设计自动化软件，并应用于芯片系统开发。其经调查发现，武汉某科技有限公司未经许可，复制、使用其享有著作权的计算机软件“Design Compiler”，侵害了其计算机软件著作权，故诉至湖北省武汉市中级人民法院。<br/>　　湖北省武汉市中级人民法院于2019年8月23日作出（2016）鄂01民初5618号民事判决：一、武汉某科技有限公司于判决生效之日立即停止侵权，删除与Design Compiler软件有关的电脑内容；二、武汉某科技有限公司于判决生效之日起10日内赔偿美国某科技有限公司经济损失人民币100万元；三、武汉某科技有限公司于判决生效之日起10日内支付美国某科技有限公司为制止侵权行为所支付的合理费用人民币94276元；四、驳回美国某科技有限公司的其他诉讼请求。武汉某科技有限公司、美国某科技有限公司均提出上诉，最高人民法院于2021年2月25日作出（2020）最高法知民终1138号民事判决：驳回上诉，维持原判。</p>","<p>　　法院生效裁判认为：根据《计算机软件保护条例》第3条的规定，计算机软件程序包含源程序和目标程序，同一计算机程序的源程序和目标程序为同一作品。同时根据该条例第24条的规定，计算机软件程序或文档存在相同或实质性相似是判断是否构成侵权的基础。但应注意的是，对软件相同或实质相似既要尽力查明客观事实，同时也需充分考虑当事人的举证能力，根据个案具体情况进行区别处理，不能将源程序的比对作为确定软件相同或实质相似的唯一标准。如果权利人已经举证证明被诉侵权软件与主张权利的软件界面高度近似，或者被诉侵权软件存在相同的权利管理信息、设计缺陷、冗余设计等特有信息，可以认为权利人完成了初步举证责任，此时举证责任转移至被诉侵权人，应由其提供相反证据以证明其未实施侵权行为。本案中，美国某科技有限公司向一审法院申请诉前证据保全，并使用命令探查方式固定武汉某科技有限公司相关计算机和服务器的使用状态。根据保全结果可知，武汉某科技有限公司的电脑中存在与美国某科技有限公司涉案计算机软件的名称、目录结构、错误信息等方面均相同的软件信息，显示武汉某科技有限公司存在侵害美国某科技有限公司计算机软件著作权的可能。武汉某科技有限公司虽否认其使用美国某科技有限公司软件，但一审及二审期间均未能对命令探查中发现的计算机软件标注的著作权人为美国某科技有限公司作合理解释。此外，武汉某科技有限公司对其未使用美国某科技有限公司的软件而是使用其他软件进行相关芯片设计的主张，并未提交其实际安装使用其他软件的确凿证据。综上，可以认定武汉某科技有限公司复制并使用了美国某科技有限公司享有权利的软件。</p>","<p>著作权人已经举证证明被诉侵权软件与主张权利的在先软件界面高度近似，或者被诉侵权软件存在相同的权利管理信息、设计缺陷、冗余设计等特有信息，能够初步证明被诉侵权软件与主张权利软件构成实质性近似且被诉侵权人接触主张权利软件的可能性较大的，举证责任转移至被诉侵权人，由其提供相反证据证明其未实施侵权行为。</p>","<p>　　《中华人民共和国著作权法》第52条、第54条（本案适用的是2010年2月26日修正的《中华人民共和国著作权法》第48条、第49条）<br/>　　《计算机软件保护条例》第3条<br/></p><br/>######<p>　　一审：湖北省武汉市中级人民法院（2016）鄂01民初5618号民事判决（2019年8月23日）<br/>　　二审：最高人民法院（2020）最高法知民终1138号民事判决（2021年2月25日）</p>","\N","\N","2026-01-21 10:27:30","2026-01-21 10:27:30","0eeb0efbf95f6b5ef05fcd7f32184821","\N","20260426"
"1396","人民法院案例库","https://rmfyalk.court.gov.cn","民事-建设工程合同纠纷","2024-08-2-115-001","山东省青岛市中级人民法院","民事,建设工程施工合同,合同无效,工程合格,付款条款","二审","2019.11.04","02","<p>　　上海某建设公司诉称：1.判令确认《建设工程施工合同》无效；2.判令上海某公司支付上海某建设公司未付工程款10429275元及利息；3.诉讼费由上海某公司承担。事实和理由：被告上海某公司与发包人青岛某船舶制造有限公司签订《工程施工合同》后，被告上海某公司与原告上海某建设公司另行签订了《建设工程施工合同》，被告将承包的工程全部转包给原告并向原告收取管理费。原告向发包方交付该工程之后，原告已实际完成施工任务并履行了工程交付义务。根据合同相对性及建设工程的有关规定，被告从该工程竣工交付之日起应向原告支付剩余工程款，被告逾期未付。<br/>　　上海某公司辩称：根据双方合同约定，由于业主青岛某船舶制造有限公司正处于破产程序，目前业主支付给被告工程款的比例低于被告支付给原告的工程款比例，故按照双方合同约定，被告并未满足应付款而未付款项的条件。<br/>　　法院经审理查明：被告上海某公司（甲方）与原告上海某建设公司（乙方）签订《建设工程施工合同》，约定主要内容有：1、乙方按包工、包料、包工期、包质量、包安全、包文明施工的形式承包青岛某分段车间土建部分及安装工程的协调管理，合同暂定总价为14545487元（其中工程费14145487元，安全生产措施费400000元），已经扣除税金和总包管理费；2、2010年6月15日开工，2010年12月15日竣工。合同工期的约定与甲方和青岛某船舶制造有限公司签订的《青岛某船舶制造有限公司工程施工合同》约定一致；3、第8条工程款、安全生产措施费的支付及竣工结算：8.1甲方在收到业主支付给甲方的工程进度款后，按乙方完成且经甲方核算的工程量支付工程进度款（每次付款时，扣除税金及相应总包管理费等相关费用）。甲方支付工程进度款至合同总价的67%时停止支付，其中40%为6个月的银行承兑汇票，工程竣工验收合格后，承包人按要求编制的工程竣工资料档案（共3份，另提供1套电子版的竣工资料）经发包人的档案部门签收，方可办理竣工结算。待竣工结算审核完毕且业主将后续工程款支付给甲方后，工程款支付到审定结算价款的90%，经审计公司审定后，付至审定价款的95%，剩余5%作为工程的质量保修金。8.2工程竣工后，乙方根据本合同相关规定向甲方提出竣工结算书。乙方上交的施工图预算经甲方审核，核减率超过5%以上或发生核增的，甲方按沪建计联〔2005〕834号、沪价费〔2005〕056号收取审价费用，并在工程结算款中予以相应扣除。8.3本合同项下的全部工程竣工验收通过后，甲方须按业主最终审计报告决算价扣除甲方所承担的税金、3%的总包管理费、及相关甲方代付费用后作为乙方最终决算价。8.4如因业主未及时支付给甲方工程款或未及时办理完结算等原因而导致甲方不能按本合同的规定付款，乙方同意甲方有权延期支付工程款直至甲方收到业主支付的全部工程款或结算款且不向甲方收取任何利息和费用。<br/>　　合同签订后，原被告之间因工程款支付等发生争议，形成本案诉讼。<br/>　　山东省青岛市即墨区人民法院于2019年5月28日作出（2018）鲁0282民初1134号民事判决：一、上海某建设公司与上海某公司就青岛某分段车间土建及安装工程签订的《建设工程施工合同》无效；二、上海某公司于判决生效后十日内支付上海某建设公司工程款6699981元；三、上海某公司于判决生效后十日内支付上海某建设公司以尚欠工程款6699981元为基数，自2012年8月2日起至实际给付之日止，按中国人民银行发布的同期同类贷款利率计算的利息；四、上海某公司于判决生效后十日内支付上海某建设公司为申请保全支付的保险费7428元；五、驳回上海某建设公司的其他诉讼请求。宣判后，上海某公司提起上诉。山东省青岛市中级人民法院于2019年11月4日作出（2019）鲁02民终8059号民事判决：驳回上诉，维持原判。</p>","<p>　　法院生效裁判认为：<br/>　　第一，关于案涉合同效力问题。青岛某船舶制造有限公司与上海某公司签订的七份工程施工合同，属于七份独立的发承包合同，上海某公司将其中两份施工合同的内容全部发包给上海某建设公司，属于非法转包，违反了《中华人民共和国建筑法》第二十八条之规定，应根据《中华人民共和国合同法》第五十二条第（五）项的规定，认定上海某建设公司与上海某公司就青岛某分段车间土建及安装工程签订的《建设工程施工合同》无效。<br/>　　第二，关于原告上海某建设公司主张被告上海某公司支付未付工程款的问题。根据《最高人民法院关于审理建设工程施工合同纠纷案件适用法律问题的解释》第二条规定，“建设工程施工合同无效，但建设工程经竣工验收合格，承包人请求参照合同约定支付工程价款的，应予支持”。虽然双方之间签订的合同无效，上海某建设公司可以参照合同约定主张工程款，且双方对涉案工程已经结算，应以原被告之间的结算值作为上海某建设公司主张工程款的依据。涉案工程于2011年12月28日已经竣工，上海某公司与青岛某船舶制造有限公司之间的工程也于2015年12月19日已经审计完成，无论从合同无效的角度还是公平角度，上海某公司应当将尚欠的工程款支付给上海某建设公司。<br/>　　本案中，虽然双方合同约定，如因业主未及时支付给甲方工程款或未及时办理完结算等原因而导致甲方不能按本合同的规定付款，乙方同意甲方有权延期支付工程款直至甲方收到业主支付的全部工程款或结算款且不向甲方收取任何利息和费用，但在涉案工程早已交付使用且业主已进入破产程序，业主能否及时、足额支付上海某公司工程款存在极大不确定性的情况下，基于公平、诚信原则，上海某公司应当支付上海某建设公司剩余工程款。故法院依法作出如上裁判。</p>","<p>在建设工程合同纠纷中，合同约定以第三方业主支付工程款等作为付款前提条件的，当建设工程项目已通过竣工验收且已交付使用，且第三方业主因进入破产程序导致能否及时足额支付总包方工程款出现极大不确定性时，总包方不应将该风险转嫁给依约完成施工的分包方。建设工程经竣工验收合格，分包方请求参照合同约定支付工程价款的，人民法院应予支持。</p>","<p>　　《中华人民共和国民法典》第153条、第509条（本案适用的是1999年10月1日施行的《中华人民共和国合同法》第52条、第60条）<br/>　　《中华人民共和国建筑法》（2019年修正）第28条<br/>　　《最高人民法院关于审理建设工程施工合同纠纷案件适用法律问题的解释（一）》（法释〔2020〕25号）第24条（本案适用的是2005年1月1日施行的《最高人民法院关于审理建设工程施工合同纠纷案件适用法律问题的解释》（法释〔2004〕14号）第2条）</p><br/>######<p>　　一审：山东省青岛市即墨区人民法院（2018）鲁0282民初1134号民事判决（2019年5月28日）<br/>　　二审：山东省青岛市中级人民法院（2019）鲁02民终8059号民事判决（2019年11月4日）</p>","\N","\N","2026-01-21 10:27:30","2026-01-21 10:27:30","0efcccbdc572de6f4564a30162fd3970","\N","20260426"
"3905","人民法院案例库","https://rmfyalk.court.gov.cn","民事-环境污染责任纠纷","2023-11-2-377-010","山东省济宁市中级人民法院","民事,环境污染责任,举证责任分配,生态文明,绿水青山,金山银山","二审","2022.03.22","02","<p>　　山东某生态农业科技发展有限公司诉称，2016年12月30日，山东某生态农业科技发展有限公司承包了位于曲阜市息陬镇某村西北，京台高速路东面积为321.65亩的蔬菜种植园。2019年8月至10月，某集团有限公司等正在实施京台高速路的拓宽工程及曲阜南高铁站工程。某集团有限公司等露天施工，未采取任何防尘措施，且施工正值多风的秋冬季节，施工产生大量扬尘。2019年10月，山东某生态农业科技发展有限公司发现蔬菜大棚棚膜之上积累的扬尘越来越厚，便组织人员进行清理，可扬尘黏性很大不好清理，导致棚膜上的扬尘根本无法完全清除。由于蔬菜大棚棚膜上覆盖着厚厚的扬尘，导致棚膜透光率极低。由于棚内蔬菜采光不足，山东某生态农业科技发展有限公司发现蔬菜大棚内蔬菜不能正常生长，蔬菜产量及质量严重下滑，造成巨大损失。山东某生态农业科技发展有限公司多次找某集团有限公司等索赔，双方对赔偿事宜多次协商未果。<br/>　　某集团有限公司等辩称，施工现场并未产生扬尘污染，在施工期间均配备洒水车对施工现场进行洒水降尘处理，运输车辆均采取密闭运输，不存在对山东某生态农业科技发展有限公司蔬菜大棚产生污染的情况。现场施工便道距山东某生态农业科技发展有限公司蔬菜大棚较远，不可能对蔬菜大棚造成污染。另外，蔬菜大棚的产量与蔬菜的生产环境、气候条件、栽培技术、日常管理等因素有着密不可分的关系，产值的收益与蔬菜本身的质量、市场价格等因素都有关联。<br/>　　法院经审理查明：一、山东某生态农业科技发展有限公司经营情况。2016年12月30日，山东某生态农业科技发展有限公司与曲阜市息陬镇某村村民委员会签订《土地及蔬菜大棚经营权承包合同》，承包了位于曲阜市息陬镇某村西北、京台高速路东土地，土地面积为321.65亩，蔬菜大棚65个，承包期限为30年，主要种植西兰花、西红杮、西葫芦、茄子、黄瓜、花菜、千禧番茄等蔬菜。曲阜市蔬菜技术推广服务中心和曲阜市息陬镇农业综合服务站出具的大棚分布图载明，涉案大棚位置和分布情况，涉案施工运输车辆经过大棚的南边和西边，种植了西葫芦、茄子、西红柿、黄瓜、花菜、香椿芽等蔬菜，以及上述蔬菜的种植棵数。<br/>　　二、某集团有限公司等施工情况。某集团有限公司等承建京台高速扩宽项目及鲁南高铁项目，施工运输车辆经过涉案大棚南侧乡村公路和西侧自修便道。某集团有限公司等在施工期间运输车辆产生大量扬尘，在施工期间某集团有限公司等均租赁一定的洒水车进行洒水降尘。<br/>　　三、山东某生态农业科技发展有限公司证明初步受损因果关系及经济损失等情况。<br/>　　（一）山东某生态农业科技发展有限公司证明的受损因果关系有关事实。《关于对曲阜市恒某生态农业科技发展有限公司反映问题的说明》，该说明记载，2019年12月9日，曲阜市蔬菜技术推广服务中心联合曲阜市息陬镇农业综合服务站技术人员，对山东某生态农业科技发展有限公司反映道路建设对园区种植生产造成影响问题实地察看，具体情况如下：园区内所有的冬暖棚的棚膜，受灰尘的响都存在清晰度差透光率下降。现场目测蔬菜大棚西面与G3京台高速施工路段的距离是30米左右，最南面大棚与南面鲁南高铁项目运输路的目测距离30米左右，工地运输卡车时，扬尘严重，飞扬的尘土坠落在在棚膜和露天香椿苗上。现场调查时，在最南面的第一排大棚向棚内观察，只能模糊看，当有运输车辆通过时，能感觉到有扬尘飘落。同时现场发现特别外围的棚膜的透光率更差，棚膜上覆盖着一层扬尘，从棚内只看到灰色的光，极大地影响了大棚膜的透光率，造成蔬菜大面积死亡。考察发现大棚内种植的黄瓜、西红柿、茄子、西兰花等生长情况，蔬菜生长长势不良，抽样调查，主要表现：植株生长不良，坐果率只有20-30%，果实畸形无商品性。病虫害发生的较重，主要表现为：根部腐烂，病毒病、霜霉病等比较严重，造成防治困难，产量和产品质量都比较差，造成80%左右产量损失。原因分析：大棚蔬菜的生长与气象条件有着密不可分的关系，影响大棚蔬菜生长的气象要素主要是光照条件。低温寡照导致棚内种植的蔬菜生长停滞、产量降低、叶片变淡、植株枯萎甚至死亡等现象，是温室大棚蔬菜生长的最严重灾害，可能给蔬菜生产造成重大损失。寿光市百绿农业科技有限公司出具的《山东恒某生态农业科技发展有限公司损失报告证明信》载明，该公司与山东某生态农业科技发展有限公司合作3年来，主要供应西葫芦、茄子、西红柿、黄瓜、西兰花、有机菜花、小番茄、彩椒等蔬菜苗。2019年山东某生态农业科技发展有限公司从该公司定植西兰花36000棵，黄瓜110000棵等。种植后山东某生态农业科技发展有限公司反映苗出现黄叶、棵矮小显弱、叶片枯萎、秧子早衰、死亡情况，经该公司技术人员现场勘察发现：扬尘覆盖蔬菜大棚棚膜，棚内作物无法正常采光，保温，蔬菜生病，使作物死亡，减产等。某保险股份有限公司济南分公司给某集团有限公司等的回复称，根据贵司叙述：在建高速在施工过程中，运输车辆在路上行驶引发扬尘，造成三者大棚被扬尘遮挡，影响大棚的透光率，从而导致大棚的蔬菜无法生长，病虫害发生，产量及产品质量较差，直至死亡。<br/>　　济宁市生态环境局兖州区分局于2020年3月4日作出济环兖罚字〔2020〕3号行政处罚决定书，认定某集团有限公司等承建的鲁南高铁兖州南站路基项目施工现场存在以下问题：1.土方装载过程中未设置雾炮等降尘设施；2.施工便道未硬化，路面洒水不及时，车辆经过时扬尘严重。行政处罚：人民币捌万元。济宁市生态环境局作出济环罚字〔2020〕109号，行政处罚决定书，认定某集团有限公司等2020年6月15日实施了以下环境违法行为：料仓未密闭，上料、拌和作业时，未采取任何抑尘、收尘措施，且露天作业，生产作业现场扬尘无组织排放特别严重。车辆出入口未安装洗车台，车辆带尘上路造成道路扬尘特别严重。行政处罚：责令改正违法行为，并处罚款人民币伍万元整。<br/>　　　　（二）山东某生态农业科技发展有限公司证明的损害结果。山东某生态农业科技发展有限公司自行委托山东金某价格事务所有限公司对其蔬菜种植损失价格、蔬菜大棚棚膜损失价格进行了评估，山东金某价格事务所有限公司于2020年10月9日出具了《价格评估意见书》。该价格评估意见书认定，委托评估的蔬菜种植损失在价格评估基准日2019年8月至2020年2月的评估值为537.60万元，人民币大写伍佰叁拾柒万陆仟元整。委托评估的蔬菜大棚棚膜损失在价格评估基准日的评估值为505375元，人民币大写伍拾万零伍仟叁佰柒拾伍元整。山东金某价格事务所有限公司具有价格评估机构资质，评估人柏钦贵系价格评估行业专家、吴慧系价格鉴证师。<br/>　　某集团有限公司等申请对涉案蔬菜大棚经济损失产生的原因及经济损失的数额进行鉴定，法院依法联系多家鉴定机构，均回复因蔬菜大棚现实情况发生改变，无法对蔬菜大棚产生经济损失的原因及金额进行鉴定。<br/>　　山东省曲阜市人民法院于2021年7月16日作出(2020)鲁0881民初3398号民事判决：驳回山东某生态农业科技发展有限公司的诉讼请求。宣判后，山东某生态农业科技发展有限公司不服提起上诉。山东省济宁市中级人民法院于2022年3月22日作出（2021）鲁08民终6881号民事判决：一、撤销山东省曲阜市人民法院（2020）鲁0881民初3398号民事判决；二、某集团有限公司等在判决生效后十五内共同赔偿山东某生态农业科技发展有限公司经济损失1764412.50元；三、驳回山东某生态农业科技发展有限公司其他诉讼请求。</p>","<p>　　法院生效判决认为，本案焦点问题为:一、某集团有限公司等是否有污染环境的行为；二、山东某生态农业科技发展有限公司是否有受损事实；三、某集团有限公司等的行为与涉案损害之间是否有因果关系；四、某集团有限公司等侵权责任承担问题。<br/>　　关于焦点问题一，某集团有限公司等均认可其承建京台高速扩宽项目及鲁南高铁项目，施工运输车辆经过涉案大棚南临乡村公路。某集团有限公司等在施工运输过程中虽然租赁一定的洒水车进行降尘，但因南侧乡村公路破坏严重、坑洼不平、西侧为自修土路、洒水强度不够等原因，仍有扬尘产生。综合《关于对曲阜市恒某农业科技有限公司反映问题的说明》大量照片和视频等证据，并结合行政处罚决定书等佐证材料，足以认定某集团有限公司等在施工过程中存在污染环境的行为。<br/>　　关于焦点问题二，《关于对曲阜市恒某农业科技有限公司反映问题的说明》、《山东恒某生态农业科技发展有限公司损失报告证明信》、《价格评估意见书》、某保险股份有限公司济南分公司给某集团有限公司等的回复、照片和视频等证据，能够证实涉案大棚蔬菜出现黄叶、棵矮小显弱、叶片枯萎、秧子早衰、死亡等情况，足以证明山东某生态农业科技发展有限公司存在损害事实。<br/>　　关于焦点问题三，本案系环境污染责任纠纷，根据《中华人民共和国民法典》第一千二百三十条规定，因污染环境、破坏生态发生纠纷，行为人应当就法律规定的不承担责任或者减轻责任的情形及其行为与损害之间不存在因果关系承担举证责任。法院生效裁判认为，大棚蔬菜的生长与气象条件有着密不可分的关系，影响大棚蔬菜生长的气象要素主要是光照条件。低温寡照导致棚内种植的蔬菜生长停滞、产量降低、叶片变淡、植株枯萎甚至死亡等现象，是温室大棚蔬菜生长的最严重灾害，能给蔬菜生产造成重大损失。某集团有限公司等在施工运输过程中产生大量扬尘，扬尘影响光照条件，并覆盖蔬菜大棚棚膜，棚内作物无法正常采光、保温，致使蔬菜生病、死亡、减产等。山东某生态农业科技发展有限公司提交的《关于对曲阜市恒某农业科技有限公司反映问题的说明》、《山东恒某生态农业科技发展有限公司损失报告证明信》、照片视频等证据，能够初步证明污染物扬尘与蔬菜损害之间具有关联性。因此，一审法院认为山东某生态农业科技发展有限公司提供的现有证据尚不足以认定涉案施工行为产生扬尘造成污染行为且污染行为造成其蔬菜大棚的损失，认定事实错误，二审法院依法予以纠正。本案中，某集团有限公司等未提交充分证据证明其施工运输过程中产生扬尘污染行为与涉案蔬菜、大棚损害之间不存在因果关系，应承担举证不能的法律后果，即承担环境污染损害赔偿责任。<br/>　　关于焦点问题四，习近平生态文明思想是习近平新时代中国特色社会主义思想的重要组成部分，经济建设和发展要坚持“绿水青山就是金山银山”的绿色发展思想，要坚持“环境就是民生，青山就是美丽，蓝天也是幸福”的重要理念，要坚持弘扬社会主义核心价值观的总要求。《中华人民共和国民法典》第九条规定，民事主体从事民事活动，应当有利于节约资源、保护生态环境。第一千一百六十八条规定，二人以上共同实施侵权行为，造成他人损害的，应当承担连带责任。第一千二百二十九条规定，因污染环境、破坏生态造成他人损害的，侵权人应当承担侵权责任。第一千二百三十一条规定，两个以上侵权人污染环境、破坏生态的，承担责任的大小，根据污染物的种类、浓度、排放量，破坏生态的方式、范围、程度，以及行为对损害后果所起的作用等因素确定。第一千二百三十二条规定，侵权人违反法律规定故意污染环境、破坏生态造成严重后果的，被侵权人有权请求相应的惩罚性赔偿。某集团有限公司等施工运输过程共同产生的扬尘对涉案蔬菜、大棚造成损害，应承担损害赔偿责任。<br/>　　关于本案所发生的具体损失数额。山东金某价格事务所有限公司出具《价格评估意见书》两份，分别认定，委托评估的蔬菜种植损失在价格评估基准日2019年8月至2020年2月的评估值为5376000元，蔬菜大棚棚膜损失在价格评估基准日的评估值为505375元。一审法院依申请联系多家鉴定机构，均回复因蔬菜大棚现实情况发生改变，无法对蔬菜大棚产生经济损失的原因及金额进行鉴定。两份《价格评估意见书》虽系山东某生态农业科技发展有限公司单方委托，但评估机构和评估人员资质合格，评估委托程序合法，评估人亦接受一审法院询问，鉴定评估所依据的事实有相应材料支撑，采用的计算方法和结论相对科学有据，山东某生态农业科技发展有限公司尽到举证责任，在某集团有限公司等未能提交有效证据推翻该评估意见的情形下，可以作为有效证据使用，二审法院对该两份《价格评估意见书》的评估意见予以确认。某集团有限公司等作为“中”字头大型国企在生产经营中对保护生态环境要尽到更大的注意义务和社会责任，起到模范带头作用。二审法院依据上述损失情况，综合考虑本案客观实际，裁量上述损失由某集团有限公司等承担30%民事责任，即（5376000元+505375元）*30%=1764412.50元。</p>","<p>1.保护环境是我国的基本国策，一切单位和个人都有保护环境的义务。民事主体从事民事活动，应当有利于节约资源、保护生态环境。在生产经营中要坚持绿色发展、“绿水青山就是金山银山”生态文明保护理念。<br/>　　2.环境污染责任是一种特殊侵权责任，为了减轻受害人的举证负担，让受害人更容易获得救济，应由加害人就法律规定的免责事由及其行为与损害之间不存在因果关系承担举证责任。加害人未就法律规定的免责事由及其行为与损害结果之间不存在因果关系进行举证，应承担举证不能的法律后果，即承担环境污染损害赔偿责任。</p>","<p>　　《中华人民共和国民法典》第9条、第1229条、第1230条</p><br/>######<p>　　一审：山东省曲阜市人民法院（2020）鲁0881民初3398号民事判决（2021年7月16日）<br/>　　二审：山东省济宁市中级人民法院（2021）鲁08民终6881号民事判决（2022年3月22日）</p>","\N","\N","2026-01-21 10:27:30","2026-01-21 10:27:30","0f0c8fa4f7d98cdd68c6afb6d7863f7f","\N","20260426"
"4213","人民法院案例库","https://rmfyalk.court.gov.cn","民事-执行异议之诉","2023-10-2-471-003","福建省高级人民法院","民事,执行异议之诉,非营利性民办学校,举办者,财产权益","二审","2023.04.28","02","<p>　　张某诉称：被执行人林某对其负有生效判决确定的给付义务，却不履行。林某隐名持有泉州某中学30%的股份，张某申请执行该股份，但被告李某提出执行异议，法院裁定中止执行，诉请准许执行泉州某中学30%的股份。<br/>　　李某辩称：林某并未持有泉州某中学30%的股份，泉州某中学的100%股份均由李某持有，张某无权请求执行泉州某中学30%的股份。<br/>　　泉州某中学述称：该校100%股份均由李某持有，林某并未持有泉州某中学30%的股份，张某要求执行泉州某中学30%的股份，没有依据。<br/>　　法院经审理查明：张某与林某、陈某民间借贷纠纷一案，法院判令林某、陈某向张某还本付息。因林某、陈某未主动履行还款义务，张某向法院申请强制执行，并提供了2009年3月10日泉州某中学出具的《情况说明》《某中学现有资产情况报告》。法院遂查封、冻结了被执行人林某持有的泉州某中学30%股份。2020年9月14日，泉州某中学函复法院称“被执行人林某现并非泉州某中学股份持有者，故无法协助对其资产进行查封、冻结”，并附相关《股份转让协议书》。2020年11月3日，法院裁定冻结、拍卖、变卖林某持有的泉州某中学30%的股权，并于当日向泉州某中学发出协助执行通知书。李某向法院提出执行异议申请。法院以“李某提供的证据可以证明李某是泉州某中学的权利人，目前持有泉州某中学全部股份，其请求中止对泉州某中学30%股份的执行，符合上述法律规定，予以支持”为由裁定中止对泉州某中学30%股份的执行。张某遂提起本案诉讼。<br/>　　福建省泉州市中级人民法院于2021年12月27日作出（2021）闽05民初140号民事判决：驳回张某的诉讼请求。宣判后，张某不服提起上诉。福建省高级人民法院于2023年4月28日作出（2022）闽民终570号民事判决：驳回上诉，维持原判。</p>","<p>　　法院生效裁判认为，根据《民办非企业单位登记管理暂行条例》第二条的规定，泉州某中学系经行政管理部门登记设立的民办非企业单位，属非营利法人，不属于《中华人民共和国公司法》调整的范围，本案应适用《中华人民共和国民办教育促进法》。上诉人及原审法院关于“对泉州某中学的股权”的表述不当，可表述为“对泉州某中学的财产权益”。<br/>　　本案系执行异议之诉，张某作为申请执行人，请求准许执行林某持有的泉州某中学30%的财产权益。然而，根据《中华人民共和国民办教育促进法》第三十六条、第三十七条的规定，举办者投入的资产在民办学校成立后由学校享有法人财产权，不再属于举办者所有，由学校依法管理和使用，任何组织和个人不得侵占。又根据《中华人民共和国民办教育促进法》第十九条第二款的规定,非营利性民办学校的举办者不得取得办学收益，学校的办学结余全部用于办学。据此，泉州某中学系非营利性民办学校，对举办者投入的资产享有独立法人财产权，且投入的财产终极归属于社会而非归属于举办者。不同于公司股东对公司享有资产收益权，非营利性民办学校的举办者不能取得办学收益也不享有学校剩余财产分配权，对其出资形成的学校财产不具有财产权益。因此，不论林某是否是泉州某中学的举办者，其对泉州某中学均不享有可供执行的财产权益，张某请求准许执行举办者的财产权益没有法律依据。</p>","<p>非营利性民办学校对举办者投入的资产享有独立法人财产权，且举办者投入的财产终极归属于社会而非归属于举办者。不同于公司股东对公司享有资产收益权，非营利性民办学校的举办者不能取得办学收益也不享有学校剩余财产分配权，对其出资形成的学校财产不具有财产权益。因此，举办者出资形成的非营利性民办学校的财产不属于执行标的。</p>","<p>　　《中华人民共和国民办教育促进法》第19条、第36条、第37条<br/>　　《民办非企业单位登记管理暂行条例》第2条<br/>　　</p><br/>######<p>　　一审：福建省泉州市中级人民法院（2021）闽05民初140号民事判决（2021年12月27日）<br/>　　二审：福建省高级人民法院（2022）闽民终570号民事判决（2023年4月28日）</p>","\N","\N","2026-01-21 10:27:30","2026-01-21 10:27:30","0f1fafa89a3f96306d43f5200a3967a5","\N","20260426"
"7067","多元解纷案例库","https://rmfyalk.court.gov.cn","民事-确认调解协议案件","D2024-161-1-510-057","深圳市罗湖区人民法院","民事,合同纠纷,拖欠货款,以物抵债,人民调解","","2024-12-31","\N","某贸易公司与某商业公司签订促销服务与合作销售合同，约定某商业公司提供场地给某贸易公司销售商品，营业额由某商业公司收取，双方约定每月结算一次货款，后因某商业公司经营异常，自2022年9月起至2023年5月止，某商业公司共拖欠某贸易公司货款人民币405564元，双方多次协商未果，由此产生纠纷。","某贸易公司与某商业公司协商未果，遂到两公司所在地的街道人民调解委员会寻求帮助。调解员先通过“面对面”调解，让双方当事人见面沟通，引导充分表达想法和诉求。调解员在了解具体纠纷情况后，主动联系街道对接的指导调解的法官，通过“法律释明调解法”向当事人解释说明相关法律规定、权利义务以及可能承担的法律后果。经过与双方“面对面”和“背靠背”沟通后了解到，双方围绕拖欠货款一事，有两个争议焦点：一是拖欠货款的具体金额及支付方式；二是抵扣货款的商品如何折价计算问题。针对焦点问题一，调解员和指导法官听取当事人说明，了解到某商业公司在当地所有商店的营业情况，提出由商品抵扣货款的建议，拖欠货款共计人民币405564元，针对使用哪里的商品进行抵扣、怎样让某贸易公司拿到这批商品等问题进行了沟通，最终确定以某商业公司某店内的商品在指定日期前一次性交付。针对焦点问题二，调解员和指导法官与双方当事人多次沟通，确定商品按照常规售价的计算方式进行折价，并对商品清单进行仔细核对，确认商品总金额为人民币405538.45元。最终双方均同意按照此种方式和金额履行。","当前，商业活动频繁，很多企业会面临货款纠纷。对于此类纠纷的调解，应当以实质化解为目标，除可以采取传统现金支付等方式偿还货款外，还可以根据实际情况采取较为灵活的调解方案。特别是对债务方资金紧张但有可供抵扣的商品时，通过商品抵扣货款的方式，既能够使商品得到有效利用，避免资源闲置浪费，又能够高效化解纠纷，增进双方理解，有助于维护双方已经形成的良好合作关系，为今后合作留有可能性。本案中，法官指导街道调解委员会联动调解，发挥人民调解与司法调解联动优势，快速找出双方矛盾焦点，在确定债务人还有商品可以抵扣货款的情况下，提出用商品抵扣货款的方式支付拖欠货款，并就如何折算商品价格提出建议，促使高效解决本起债务纠纷，为其他类似纠纷的化解提供了参考。","《中华人民共和国民法典》第543条、第579条 《中华人民共和国人民调解法》第5条第2款","\N","","2026-01-27 09:51:00","2026-01-27 09:51:00","0f5e39b2bd166897e39c2ca3e3396f91","\N","20260426"
"818","人民法院案例库","https://rmfyalk.court.gov.cn","民事-执行程序中的异议之诉","2024-08-2-527-002","北京市第三中级人民法院","民事,执行程序中的异议之诉,未届出资期限,股权转让,转让人责任,逃避出资义务","二审","2020.03.31","02","2014年4月15日，某星公司设立，公司注册资本100万元，沈某认缴出资80万元、杨某琼认缴出资20万元，出资期限为2024年4月之前。2015年9月16日，某星公司变更注册资本为5000万元，沈某认缴出资4000万元、杨某琼认缴出资1000万元，出资期限为2024年4月之前。<br/>　　    2017年3月29日，经某星公司股东会决议，杨某琼将所持某星公司10%股权转让给沈某，另10%股权转让给潘某利。2018年9月10日，沈某将所持某星公司90%的股权作价1000元转让给董某涛，潘某利同时将所持某星公司10%股权作价1000元转让给董某涛。董某涛当时系在校大学生，因在火车站遇到中介，收取800元报酬出借身份证信息并在合同上签字，对股权转让、公司经营情况、沈某与潘某利身份等信息并不知情。截至2018年2月23日，董某涛尚欠国家助学贷款本金9300元，利息7476.86元。<br/>　　    2018年8月1日，陆某刚、曹某以服务合同纠纷将某星公司诉至法院。2018年9月17日，法院生效判决判令某星公司向陆某刚、曹某退款149万余元。法院执行该案过程中，陆某刚、曹某申请追加沈某、潘某利为被执行人，被法院裁定驳回。陆某刚、曹某另行申请追加董某涛为被执行人，法院予以追加。2019年9月25日，因某星公司、董某涛名下无财产可供执行，法院裁定终结本次执行程序。<br/>　　    陆某刚、曹某遂向法院起诉，请求判令某星公司发起人及股东沈某、潘某利、杨某琼对公司债务承担连带清偿责任。<br/>　　北京市密云区人民法院于 2019年12月25日作出（2019）京0118民初11434号民事判决：驳回陆某刚、曹某的全部诉讼请求。陆某刚、曹某不服，提起上诉。北京市第三中级人民法院于2020年3月31日作出（2020）京03民终3634号民事判决：一、撤销北京市密云区人民法院（2019）京0118民初11434号民事判决；二、追加沈某、潘某利为（2019）京0118执181号执行案件的被执行人，在未缴纳出资的范围内对（2018）京0105民初69932号民事判决书确定的某星公司所负陆某刚、曹某的债务承担补充赔偿责任；三、驳回陆某刚、曹某的其他诉讼请求。","法院生效裁判认为，对于未届出资期限股东转让股权的行为，法律并未禁止，原则上转让人可以退出公司，由受让人承担出资义务。但是股东在享有出资期限利益的同时，不得将公司沦为转嫁经营风险的工具，不得损害债权人的合法权益。本案中，经查，被执行人某星公司名下无可供执行的财产信息，已具备破产原因而未申请破产，符合《全国法院民商事审判会议纪要》第6条规定的股东出资加速到期情形。<br/>　　沈某、潘某利向董某涛转让股权存在诸多不合理之处。其一，从股权转让时间来看，沈某、潘某利向董某涛转让股权时，债权人已向法院起诉要求某星公司偿还债务，沈某、潘某利作为某星公司的股东及经营者，对某星公司的资产、负债情况以及偿债能力应属明知，二人在诉讼期间转让股权，难以认定为善意。其二，从股权转让过程来看，沈某、潘某利二人均以1000元的价格向董某涛转让股权。该转让价格不仅与二人出资比例不符，且与认缴出资额相比，该转让价格近乎无偿。其三，沈某、潘某利认可未与董某涛交接公司财务报表、资产负债表，亦未能举证证明公司公章、营业执照以及资产的交付事宜。其四，董某涛自述其并不知晓股权转让事宜，经人介绍帮忙注册公司并收取了800元费用，其曾报警要求撤销变更登记。在受让某星公司全部股权前，董某涛已欠国家助学贷款9300元及利息多年未予偿还，难以认定董某涛有实缴出资的财务能力。<br/>　　法院综合上述因素认定沈某、潘某利将股权转让给董某涛的行为是恶意逃避债务，侵害了公司债权人的利益。沈某、潘某利恶意转让股权、滥用股东期限利益的行为应予否定。未届出资期限的股东在明知公司对外负债且无力清偿的情况下转让股权，股权转让明显不符合正常商业交易的特征，受让人明显不具备履行出资义务的能力，该转让行为损害了公司债权人利益，不应得到法律保护。沈某、潘某利应在认缴出资的范围内对公司债务承担补充赔偿责任。","对于2024年7月1日新公司法施行之前因股东未届出资期限转让股权引发的出资责任纠纷案件，应当依据原公司法等法律的规定精神认定转让股东是否承担责任。本案中，股东转让股权时虽然未届出资期限，但转让时股东明知公司不能清偿到期债务，且受让人是一个欠国家助学贷款的在校学生，明显缺乏缴纳出资能力。此种股权转让增加公司注册资本实缴到位的风险，影响公司债权人到期债权的实现，显然属于以股权转让方式恶意逃避出资义务的情形，转让人依法应当承担出资责任。<br/>","《中华人民共和国公司法》第3条<br/>　　《最高人民法院关于适用<中华人民共和国公司法>若干问题的规定（三）》（法释〔2011〕3号，2014年修正）第13条<br/>　　《最高人民法院关于适用<中华人民共和国企业破产法若干问题的规定>（一）》（法释〔2011〕22号）第1条<br/>######　　一审：北京市密云区人民法院（2019）京0118民初11434号民事判决（2019年12月25日）<br/>　　二审：北京市第三中级人民法院（2020）京03民终3634号民事判决（2020年3月31日）<br/>","\N","\N","2026-01-21 10:27:30","2026-01-21 10:27:30","0f600821043256aba8525e1887dcb894","\N","20260426"
"6955","多元解纷案例库","https://dyjfalk.court.gov.cn/site/case/161098a3-6a55-4d16-a254-2d1726a48b67","民事-财产损害赔偿纠纷","D2025-161-1-043-086","喀喇沁旗人民法院","民事,财产损害赔偿纠纷,药材种植,询价方式,政协委员参与化解","","2025-01-13","\N","于某在浇灌自家地内的药材时，因疏忽导致水漫过自家地进入云某家地里，将云某种植的药材浸泡，导致云某种植的药材浇水过多，在生长阶段较其他苗矮小或者未出。云某诉至法院，要求于某赔偿药材损失。","考虑到涉农案件无小事，当时又适逢秋收时节，万一遇到霜冻等情况将给农作物造成更大损失，为尽快解决纠纷，法院安排经验丰富的法官开展先行调解。 法官迅速与双方当事人进行电话沟通，但云某、于某就损失具体数额无法达成一致。如果按诉讼方式解决，对损失数额需通过鉴定方式确定，但鉴定费用约在一万元左右，考虑到涉案金额较小，虽通过鉴定方式可以确定损失数额，但大大增加双方当事人解纷成本。为此，法官依据药材市场价值波动大及季节性强的特点，向双方释明可以通过询价方式快速、便捷地解决纠纷，经耐心向双方当事人厘清利弊后，双方均同意通过询价方式确定损失数额。 确定解决方案后，法官立即与药材种植集中地某镇人民政府联系，请求政府推荐指派辖区内从事药材种植、销售于一体且人品好、威望高的人员参与询价。某镇人民政府积极配合，立即与各村委会联系上报符合上述条件人员，对人员进行把关筛选后，向法院推荐指派了两名符合条件的村干部参与询价。同时，为确保询价工作公正进行，法院邀请了两名政协委员共同参与询价过程。通过各方共同参与，双方当事人最终就赔偿金额达成一致。","本案系财产损害赔偿纠纷，案件标的额较小，如果通过鉴定确定损失数额，将大大增加双方解纷成本。且该案的特殊性在于药材市场价值波动大，易受环境等气候因素影响，为了防止农户损失进一步扩大，法院创新调解方法，邀请辖区内从事药材种植、销售于一体且人品好、威望高的人员参与询价工作，并通过邀请政协委员、乡镇人民政府共同参与，最大限度保证询价公平公正，提高了调解公信力和权威性，既减轻当事人解纷成本，又提高了解纷效率，做到定分止争。","《中华人民共和国民法典》第1184条","\N","","2026-01-27 09:50:48","2026-02-03 10:12:17","0f6f9e34ae0394670649eb2b538611a8","\N","20260426"
"2131","人民法院案例库","https://rmfyalk.court.gov.cn","民事-物业服务合同纠纷","2024-11-2-121-001","三明市三元区人民法院","民事,物业服务合同,建筑物区分所有权人,新能源汽车,充电桩,绿色原则","一审","2022.02.25","02","<p>　　赖某标于2017年2月27日取得位于福建省三明市三元区某小区负一层1000号车位所有权。三明市三元区某小区业主委员会于2020年6月30日与厦门某物业管理有限公司三明某服务部签订了《物业服务合同》，合同约定坐落位置于三明市三元区某小区由其提供物业服务，物业服务期限为三年，自2020年7月1日起至2023年6月30日。合同约定了双方的权利和义务、物业服务内容等，并约定合同及其附件和补充协议中未规定事宜，均遵照国家和福建省有关法律、法规和规章执行。赖某标因订购了新能源车，想在案涉车位安装充电桩，需要厦门某物业管理有限公司三明某服务部出具同意安装充电桩的相关证明，厦门某物业管理有限公司三明某服务部拒绝出具该证明。因协商不成，赖某标起诉至法院。<br/>　　福建省三明市三元区人民法院于2022年2月25日作出（2022）闽0403民初134号民事判决：判决厦门某物业管理有限公司三明某服务部应于本判决生效之日起五日内向赖某标出具同意其在三明市三元区某小区负一层1000号车位安装新能源汽车充电桩的证明。一审判决已发生法律效力。<br/>　　同时，福建省三明市三元区人民法院根据案件审理情况，根据物业公司提出的合理抗辩意见，向供电企业发出司法建议，引导其规范出具相关意见征求函。</p>","<p>　　法院生效裁判认为：业主依法对其建筑物专有部分享有占有、使用、收益和处分的权利，故赖某标可根据生产生活需要，合理合法地对建筑物专有部分进行使用。同时，大力发展新能源汽车产业，对促进节能减排、防治大气污染具有重要意义。国家部委发布的相关部门规章要求物业服务企业在充电设施建设时发挥积极作用、予以配合、提供便利。本案中，赖某标已购买并使用新能源汽车，而充电桩又是新能源汽车实现使用目的不可或缺的设备，现赖某标向厦门某物业管理有限公司三明某服务部申请在自有车位内安装充电桩，符合车位正常使用性能，是业主正常行使合法权利的行为，不应受到限制或禁止，即使在安装充电桩时因布电线等需要使用共有部分，亦属于建筑物区分所有权人为提升专有部分使用价值而对共有部分的合理使用，但赖某标在案涉车位安装汽车充电桩时不得损害其他业主的合法权益。另外，充电桩的实际安装需业主提供包括物业服务企业同意安装新能源充电桩证明在内的申请材料后，根据供电企业的现场勘察结果确定施工方案，物业服务企业出具同意安装充电桩证明不等于业主可以随意安装充电桩，案涉车位是否符合充电桩的安装条件、案涉车位具体应如何安装充电桩应根据供电企业勘察结果确定，并接受相关行政部门监督管理，其中所涉及的消防安全、用电条件等问题属于对安装充电桩的施工条件及施工方案进行的具体性、实质性审查内容，应由相关职能部门依据工作规则、技术规范等进行审批处理，物业公司不得以用电容量或其他事由拒绝安装充电桩的正当要求。赖某标仅是在其个人产权车位安装充电桩，并非对小区的公共设施进行改建，不属于应当经业主大会集体讨论决定的事项。综上，赖某标按供电部门的指引要求物业部门出具书面同意安装函的请求合理合法，应予支持。</p>","<p>业主依法对其建筑物专有部分享有占有、使用、收益和处分的权利。业主要求安装新能源汽车充电桩，在不违反法律规定的前提下，属于业主的正当权利，业主基于对专有部分特定使用功能的合理需要，可以对共有部分进行合理利用。而在安装充电桩时因布电线等需要使用共有部分，即属于建筑物区分所有权人为提升专有部分使用价值，对共有部分的合理使用。</p>","<p>　　《中华人民共和国民法典》第7条、第9条、第272条、第509条<br/>　　《最高人民法院关于审理建筑物区分所有权纠纷案件适用法律若干问题的解释》第4条<br/><br/></p><br/>######<p>　　一审：福建省三明市三元区人民法院（2022）闽0403民初134号民事判决（2022年2月25日）</p>","\N","\N","2026-01-21 10:27:30","2026-01-21 10:27:30","0fc37063447f0877e0d289cb46fc7ef8","\N","20260426"
"5138","人民法院案例库","https://rmfyalk.court.gov.cn","民事-著作权权属、侵权纠纷","2023-13-2-158-007","最高人民法院","民事,侵害计算机软件著作权,开源代码,GPL许可协议,后端代码","二审","2019.12.23","02","<p>　　北京某电子商务有限公司向北京知识产权法院起诉称北京某信息技术有限公司网站侵害其软件著作权。北京某信息技术有限公司抗辩称，北京某电子商务有限公司网站前端代码与后端代码存在交互且没有进行有效隔离，该前端代码和后端代码共同构成其主张著作权的软件，整个软件都可以视为前端代码的修订版本。鉴于前端代码使用了GPL协议项下的开源代码，根据GPL协议内容以及GPL协议具有极强“传染性”的特性，包括前端代码和后端代码在内的软件整体均应遵循GPL协议向所有第三方无偿开源。<br/>　　北京知识产权法院于2019年7月5日作出（2016）京73民初1111号民事判决：一、北京某信息技术有限公司自判决生效之日起，停止侵害北京某电子商务有限公司涉案软件著作权的行为；二、北京某信息技术有限公司于判决生效之日起10日内，赔偿北京某电子商务有限公司经济损失25万元及诉讼合理支出3万元；三、北京某信息技术有限公司于判决生效之日起10日内，就其侵害软件著作权行为在其网站首页刊登致歉声明，以消除影响（声明内容需经一审法院审核，逾期不执行，一审法院将在一家全国发行的报纸上公布判决主要内容，相关费用由北京某信息技术有限公司负担）；四、驳回北京某电子商务有限公司的其他诉讼请求。北京某信息技术有限公司不服，向最高人民法院提起上诉。最高人民法院于2019年12月23日作出（2019）最高法知民终663号民事判决：驳回上诉，维持原判。</p>","<p>　　法院生效裁判认为：前端代码一般是关于用户可见部分的编码，用以实现操作界面如页面布局、交互效果等页面设计;而后端代码一般是涉及用户不可见部分的编码，用以实现服务端的相关逻辑功能。同时，前端代码与后端代码是可以分别独立打包、部署的。因此，前端代码与后端代码在展示方式、所用技术、功能分工等方面均存在明显不同，不能因前端代码与后端代码之间存在交互配合就认定二者属于一体，前端代码与后端代码其实是相互独立的。因此，当权利人明确放弃以前端代码主张权利仅以后端代码主张权利时，权利软件仅为后端代码而非前端文件和后端文件共同构成权利软件。根据涉案GPL协议内容，可以看出GPL协议的“传染性”应当是指GPL协议的许可客体不仅限于受保护程序本身，还包括受保护程序的衍生程序或修订版本，但不包括与其联合的其他独立程序。由此可见，GPL协议要求开源的是本身接受其协议的软件代码及针对这些软件代码的修订或者根据这些软件代码开发的延伸程序，而不包括与这些代码有数据交换等联合的其他独立程序。本案中，虽然北京某电子商务有限公司认可其前端代码中使用了GPL协议下的开源代码，但其主张权利的是后端代码，其后端代码是独立于前端代码的其他程序，并不受GPL协议的约束，无须强制开源。北京某信息技术有限公司的相关抗辩不能成立。</p>","<p>网站前端代码与后端代码在展示方式、所用技术、功能分工等方面均存在明显不同，属于既相互独立又互相联合的独立程序，即便前端代码使用了GPL协议项下的开源代码，后端代码也不受GPL协议约束，未经许可复制后端代码仍构成侵害软件著作权。</p>","<p>　　《中华人民共和国著作权法》第10条、第53条、第54条（本案适用的是2010年2月26日修正的《中华人民共和国著作权法》第10条、第48条、第49条）<br/></p><br/>######<p>　　一审：北京知识产权法院（2016）京73民初1111号民事判决（2019年7月5日）<br/>　　二审：最高人民法院（2019）最高法知民终663号民事判决（2019年12月23日）</p>","\N","\N","2026-01-21 10:27:30","2026-01-21 10:27:30","0fc7e9c9d054d1b6861be5df0a490931","\N","20260426"
"6215","多元解纷案例库","https://dyjfalk.court.gov.cn/site/case/73d985c2-00c0-4446-a1d5-3766f7cc5cac","民事-买卖合同纠纷","D2025-741-1-084-001","最高人民法院","民事,买卖合同纠纷,国际贸易买卖合同,不当得利,“一带一路”涉外商事调解,贸促会参与调解","","2025-11-25","\N","埃塞俄比亚某公司（买方，下称“埃方公司”）与中国某公司（卖方，下称“中国公司”）为长期商业伙伴。2024年4月，双方履行钢材购销合同期间，因首批货物在海关被扣，为保障供应，口头约定由中国公司紧急生产第二批货物，埃方公司随即支付5.6万美元预付款。后续首批货物在约定期限内顺利运达，埃方公司遂通知中国公司不再需要第二批货物。但此时中国公司已完成第二批货物生产并入库，双方就订单取消产生争议。埃方公司要求取消订单并全额退款，中国公司认为对方违约，拒绝退款。沟通无果后，埃方公司以不当得利为由将中国公司诉至法院。","法院收到起诉材料后，考虑到双方系长期合作伙伴关系，具有调解基础，遂委托贸促会调解中心开展先行调解工作。调解员收到案件材料经认真阅卷后，根据案情，分三步高效化解纠纷： 第一步，打破僵局，重建信任基础。调解员了解到，双方此前曾尝试调解但未果，中国公司业务员授权有限，仅聚焦销售积压货物进行协商；埃方公司则坚决要求退款，双方分歧较大。为此，调解员采取“背靠背”策略，一方面向埃方公司说明调解优势，强调本次将聚焦现金解决方案；另一方面向中国公司指出货物积压的持续成本，以及调解对维系长期合作的价值，逐步软化双方强硬立场，为调解重启创造条件。 第二步，聚焦核心，制定公平方案。在双方同意谈判后，调解员引导双方务实沟通。一方面，向埃方公司厘清“不当得利”与“合同纠纷”的法律界限，分析诉讼可能结果，理解其取消订单的客观处境；另一方面，对接中方公司决策层，指出“强推履行”不现实，建议优先处理库存。经过反复沟通并精准把握双方诉求，调解员提出以下处理方案：中国公司返还5万美元货款，第二批货物由其自行处置。 第三步，推动履行，固化调解成果。调解员提出的处理方案既让埃方公司收回大部分款项、减少损失，也让中国公司获得货物处置权以盘活资产，获得双方认可。调解员随即推动履行，中国公司当日返还货款，埃方公司则向法院申请撤诉。全程仅用时三天，该纠纷得以圆满解决。","本案系当事人就补充协议履行产生争议引发的买卖合同纠纷，是涉“一带一路”商事纠纷的典型案例。本案中，面对外方当事人对中国法律与解纷方式的不熟悉，贸促会调解中心充分发挥其专业优势以及调解灵活高效、注重关系维系的特质，克服文化与法律认知障碍，依据法律及双方核心诉求提出公平合理的解决方案，有效平衡双方利益，传递“以和为贵”理念，为“一带一路”经贸合作提供友好解纷渠道，既增强了沿线国家企业与中国企业的合作信心，也以高质量涉外法律服务助力更高水平对外开放，凸显了调解在国际纠纷解决中的独特价值。","《中华人民共和国民法典》第563条、第566条、第584条","\N","","2026-01-27 09:48:45","2026-02-03 09:46:31","0fd6ebb920ca605adb8ac25bf99c1146","\N","20260426"
"3120","人民法院案例库","https://rmfyalk.court.gov.cn","民事-申请破产重整","2023-08-2-422-002","上海市第三中级人民法院","民事,申请破产重整,商业地产,营商环境,平衡利益,企业纾困,预表决,存续式重整","破产","2020.05.11","02","<p>　　债务人上海某投资有限公司（以下简称某公司）成立于2003年8月，注册资本人民币10,000万元，控股股东上海某实业有限公司持股92.50%，经营范围包括实业投资,自有设备租赁,物业管理,房屋租赁，销售日用百货等。某公司主要资产为“某生活广场”，坐落于上海市普陀区长寿路核心地段，整体建筑由六幢楼宇组成，占地1.9万平米，营业面积3.68万平米，经营品类齐全、地理位置优越，在90年代开业初时为上海地区独具特色与规模的综合型购物中心，目前仍为具有较高知名度的老牌商业中心。某公司持有该广场78%的产权面积，与13位自然人小业主（持有5%），以及昆某商城有限公司（以下简称昆某商城，持有17%）共同拥有该广场100%产权面积。截至本案审结时，约150户商户租用该广场对外经营，包括服饰、餐饮、家电、娱乐等。因合作方款项拖欠、大额借款、违规担保、售后回租等纠纷，某公司涉及诉讼50余起、执行20余起，对外负债21亿余元，资产估值10.7亿余元，已严重资不抵债。最大担保债权人为实现其债权，申请法院强制执行并拍卖某公司名下持有的“某生活广场”产权。2019年2月7日，某公司向上海市第三中级人民法院（以下简称上海三中院）提起破产重整申请。<br/>　　2019年2月11日，上海三中院裁定受理某公司破产重整一案。2月13日，经上海市高级人民法院随机摇号，上海三中院依法指定某信会计师事务所（特殊普通合伙）担任管理人。因广场仍在正常营业，法院指导管理人接管某公司的同时，继续委托原负责广场经营的昆某商城运营管理。4月10日，本案召开第一次债权人会议。6月10日，管理人发布招募意向重整投资人公告，在该次招募期限内，5名潜在意向投资人均未按期缴纳保证金。在征求全体债权人和债务人意见后，管理人进行了第二次招募工作，并于8月9日、11月8日，两次向法院申请延长重整期限，上海三中院出具裁定书，确认重整期限延长至2020年2月10日。上海文某资产管理股份有限公司（以下简称“文某资管”）在上述期限内按原招募条件缴纳了保证金，成为某公司破产重整投资人。<br/>　　2020年1月，投资人、管理人共同拟定重整计划草案并向上海三中院提交。随后，新冠疫情爆发，部分债权人受疫情影响迟迟未能明确表态，商业谈判陷入僵局。合议庭克服新冠疫情影响，于第二次债权人会议之前，召集主要债权人、投资人、债务人等相关主体召开远程在线预备会。同年4月9日，第二次债权人会议以远程网络视频会议方式召开，因某银行债权人明确反对，担保债权人组及普通债权人组表决通过率均不及法定要求，该次重整计划草案表决未获通过。<br/>　　会后，合议庭及管理人多次组织远程在线会议推动磋商，投资人拟投入的重整资金从7.5亿元提升至8亿元，并对重整资金支付条件、第三方担保、解除质押的时间等内容进行了修改。5月8日，管理人将修改后的重整计划草案提交债权人会议并以非现场方式表决，合议庭指导管理人根据《破产法司法解释三》的相关规定，让权益未受调整的税收债权组及社保债权组未参与该次表决。因全体出资人一致同意出资人权益调整方案并作出书面承诺，该次表决未设出资人组。最终以担保债权组、小业主债权组人数金额均为100%、普通债权组95.2%的较高比例，表决通过了重整计划草案。<br/>　　上海市第三中级人民法院于2020年5月11日作出（2019）沪03破1号之五号民事裁定：一、批准某公司重整计划草案；二、终止某公司重整程序。</p>","<p>　　法院生效裁判文书认为：某公司依法制作了《某公司重整计划草案》，并向人民法院和债权人会议进行了提交，在第一次表决未予通过后，管理人根据《企业破产法》第八十七条的规定，组织投资人与未通过重整计划草案的表决组再次协商并进行了表决，各债权人组分别表决通过，出资人也一致同意出资人权益调整方案。本案中，债权人会议的召开和表决程序合法，各表决组通过情况均符合相关法律规定。重整计划内容完备，依据该重整计划中的债权受偿方案，普通债权的清偿比例高于依照破产清算程序所能获得的清偿比例，债权受偿方案合法公平，未违反法律、法规的强制性规定。重整计划中的经营方案契合某公司现存财产特性，具有可行性。</p>","<p>1.综合判断正在营运状态的商业地产项目企业的重整案件是否应受理时，应从社会效果、经济效益、破产成本、清偿率等角度进行衡量。通过重整，可继续履行与各租户之间的租赁合同，最大限度减少司法程序对广场运营的不利影响，平稳过度直至与后续重整计划执行衔接强制执行。商业地产合理改造、调整业态后，可提升商业能级，带动区域经济发展，相比执行或破产拍卖能带来更好的经济效益。通过债务豁免收益与经营性亏损抵免，减免土地增值税、所得税等，更好地平衡金融机构、小业主等债权人的利益诉求，提高清偿利益，相比传统司法拍卖和破产清算更具优势，是商业地产企业纾困解难的较优选择。<br/>　　2.法院应当积极发挥职权能动性，结合案件实际，尊重司法规律和当事人意思自治，把握时机，更加主动有作为地推动重整程序。可创新重整计划草案表决前，以及重整计划表决未通过后，再次表决前的预表决机制，通过远程会议系统，召集主要银行债权人、投资人、债务人等相关主体进行预表决听证，充分听取各方对债权清偿率、重整计划草案等方面的意见，并从商业发展前景、市场风险、税费和清偿率等角度进行利弊分析，寻找利益平衡点，敦促主要债权人和关键普通债权人及时决策，争取配合重整。<br/>　　3.本案通过采用存续式重整，整体盘活资产。以股权投资方式引入投资人，对包括土地、房屋、商誉、地理位置等资源要素整体打包盘活，一揽子解决企业债权债务、整体营运等问题，避免了破产清算对生产要素肢解的缺陷，发挥了重整在资源盘活及企业赋能升级上的程序价值。债务豁免收益与经营性亏损抵免，极大降低税费成本。在重整计划执行及后续建设阶段，法院应积极府院联动，及时对接相关政府共建合作平台，就重整涉及的征信恢复、税收优惠、商户清退、建设规划审批等事项进行协调，充分利用重整良机，进行商业规划调整和业态升级，在当前实体商业综合体消费需求缩减背景下，进一步发挥重整功能价值。助推营商环境发展。</p>","<p>　　《中华人民共和国企业破产法》第86条、第87条第1款</p><br/>######<p>　　破产审查：上海市第三中级人民法院（2019）沪03破1号民事裁定（2020年5月11日）</p>","\N","\N","2026-01-21 10:27:30","2026-01-21 10:27:30","0fd8c2072110933f4f9a2ab77f6783a3","\N","20260426"
"6895","多元解纷案例库","https://rmfyalk.court.gov.cn","民事-赡养纠纷","D2025-161-1-024-172","汨罗市人民法院","民事,赡养纠纷,继子女赡养义务,人民调解","","2025-03-10","\N","刘某甲系黄某继母，1997年其与黄某父亲结婚时，黄某年仅六岁。黄某从小跟随刘某甲共同生活，刘某甲已经事实上履行了对黄某的抚养教育义务。2023年，刘某甲与黄某父亲协议离婚。后刘某甲因身体疾病丧失生活自理能力，经济困难，无力承担治疗及生活费用，故诉至法院，要求判令黄某支付护理费、赡养费、医药费等各项费用59900元。","法院收到起诉材料后，认为本案为继子与继母之间的赡养纠纷，若通过诉讼方式判决处理，可能会使这对继母子之间产生更大嫌隙，不利于维护和谐稳定的亲情关系。故在征得当事人同意后，指导人民调解员先行调解。 调解员先深入了解双方当事人情况。经向刘某乙（系刘某甲的弟弟）了解到，刘某甲与黄某父亲婚后未共同生育子女，双方于2023年3月调解离婚，由黄某父亲为刘某甲在老家房子上设立居住权并支付其补偿款12000元，之后双方分开生活；刘某甲现因身体原因居住在敬老院，医疗费用及寄养费用均系刘某乙垫付。之后调解员与黄某进行沟通。黄某表示自己为继子，现其父已与刘某甲解除婚姻关系，且已经支付了补偿款，故其近来未探望照顾刘某甲。 为解开双方症结，调解员开展第二轮沟通。调解员向黄某阐明法律规定继父或者继母和受其抚养教育的继子女间的义务关系适用父母子女关系，即继子对继父母应尽赡养义务。刘某甲在黄某六岁时与黄某父亲结婚，三人共同生活二十多年。刘某甲与黄某父亲共同将黄某照顾成人，尽到了对黄某的抚养义务。刘某甲丧失劳动能力时，黄某作为受其抚养教育的继子同样有赡养义务。且刘某甲无亲生子女，其更加看重与黄某的关系。 调解员动之以情，晓之以理，耐心细致劝解，使黄某意识到刘某甲对其养育之恩深重，其对刘某甲有赡养义务，并主动要求调解员安排现场调解，还提出要妻子一同参加。同时调解员也向刘某甲解释，黄某作为独生子，需要负担妻子儿女及黄某父亲的生活开支，其收入有限，应当考虑黄某的赡养能力及其家庭负担情况。最终，刘某甲与黄某就赡养费、医疗费达成一致意见，双方纠纷得以圆满解决。","赡养纠纷的妥善解决，直接关系到老年人晚年幸福生活，因此不仅要运用法律手段保障老年人老有所依、老有所养，更要用心、用情做好调解工作，消除彼此隔阂，架起沟通亲情的桥梁。化解此类纠纷，首先要解“法结”，从法律规定上阐明继子女对抚养教育其长大的继父母负有赡养义务，为开展后续调解工作奠定基础；同时更要解“心结”，从法理、人伦、道德等多角度促使双方互谅互让，双方放下对抗心理，帮助双方重拾母子亲情，和睦相处。本案中，最终不仅妥善化解纠纷，还重拾母子亲情，让刘某甲切实感受到黄某一家的温暖和关怀。","《中华人民共和国民法典》第1067条、第1072条","\N","","2026-01-27 09:50:35","2026-01-27 09:50:35","0fec685c539626f80d6bd5af084fbccb","\N","20260426"
"3532","人民法院案例库","https://rmfyalk.court.gov.cn","民事-股权转让纠纷","2023-08-2-269-002","上海市第二中级人民法院","民事,股权转让纠纷,标的公司,债务处理","二审","2020.10.15","02","<p>　　张某某诉称：2019年6月3日，张某某与李某某签署了一份协议书：李某某同意将其持有昆山某纺织品有限公司的60%股权转让给张某某，根据协议书第三条：若李某某隐瞒昆山某纺织品有限公司的债权债务情况，该债务由李某某自行承担。本次股权转让前，尽管张某某持有昆山某纺织品有限公司的40%股权，但该公司一直由李某某实际控制并负责管理，张某某未参与经营活动。2019年6月19日，昆山某纺织品有限公司完成了股权变更登记。本次股权转让后，张某某成为昆山某纺织品有限公司的唯一股东。张某某接收昆山某纺织品有限公司后不久，昆山某纺织品有限公司便收到了17张发票，要求昆山某纺织品有限公司支付超市服务费145,131.73元。该发票的开具方系昆山某纺织品有限公司的合作方江苏某超市，开票时间为2018年8月28日至2019年8月27日。根据发票的开具时间，李某某涉嫌故意隐瞒了公司的实际债务，从而影响股权转让价格。故请求：判令李某某赔偿张某某145131.73元。<br/>　　李某某辩称，张某某诉请没有事实和法律依据，请求依法驳回。1.李某某按照双方协议书完成了相关交接任务，且张某某诉状描述的17张发票的事实情况，实际是江苏某超市在货款中予以扣除，诉请的债务已经在结算时就结清了，双方是在结清后才签订了协议书，约定互不支付对价款。协议是双方协商一致的结果，在协议交接后又提起诉请是违反约定的。2.根据张某某诉请的金额，李某某至今未看到张某某付清该笔债务的依据，光凭17张发票要求李某某承担没有法律依据。3.依据17张发票的履行方是江苏某超市和昆山某纺织品有限公司，即便要支付，也是昆山某纺织品有限公司支付，即使诉讼，也应该是昆山某纺织品有限公司对李某某的诉讼，张某某的主体资格有问题。<br/>　　经法院审理查明：2019年2月27日，李某某发送一份结算明细，就双方的投资、收入、应收等进行了结算，其中，在应收一项中，载明：昆山某纺织品有限公司:开票数-包括未开票835,040.20元，收超市回款40,7736.25元，结余427,303.95元，上海某纺织品有限公司:开票数-包括未开票1,669,801.42元，收超市回款1,099,628.62元，结余412,917.35元。并依据现金、应收、存货减去投资额得出利润总额，张某某占利润总额的40%，李某某占利润总额的60%，张某某的利润151,226.69元+投资款544,000元=昆山某纺织品有限公司现金余额126,797.46元+昆山某纺织品有限公司超市应收427303.95元+存货分配141,125.28元，李某某利润226,840.03元+投资款327,000元=上海某纺织品有限公司现金余额130,339.96元+上海某纺织品有限公司超市应收412,917.35元+存货分配10,582.72元。双方均确认该结算明细即双方签订协议书的前提。<br/>　　2019年6月3日，张某某（即乙方）与李某某（即甲方）签订一份协议书，甲乙双方就有关公司股权、债权债务有关情况达成以下协议：一、公司基本情况，1.昆山某纺织品有限公司，注册资本50万元，其中：甲方持股60%，乙方持股40%；2.上海某纺织品有限公司，乙方持有该公司卜蜂莲花金号毛巾项目40%的权益份额。协议书第二条约定，甲方同意将持有的昆山某纺织品有限公司的60%股权转让给乙方，乙方同意将拥有的“上海某纺织品有限公司-某毛巾项目”40%的权益份额转让给甲方，本次股权（权益）转让后，甲方不再持有昆山某纺织品有限公司的股权，乙方不再享有“某毛巾项目”的权益份额。甲乙双方均无需再向对方支付转让款。甲乙双方约定于2019年6月3日至工商局办理股权转让变更登记手续。协议书第三条约定，昆山某纺织品有限公司自成立至今，公司营业执照及公章均由甲方保管。甲方承诺：自设立之日至甲方将昆山某纺织品有限公司的公章交付给乙方之日，昆山某纺织品有限公司不存在对外借款或对外担保。若甲方隐瞒昆山某纺织品有限公司的债权债务情况，相关债务及法律责任均由甲方自行承担。甲乙双方确认，甲乙双方已于2019年3月1日分开经营。截至本协议签署之日，甲方、乙方及上海某纺织品有限公司、昆山某纺织品有限公司四方之间债权债务均已经结清。<br/>　　协议书签订后，2019年6月19日，双方依约进行了股权变更登记手续。2019年8、9月，张某某陆续收到江苏某超市开具的增值税专用发票，金额为145,131.73元，开具时间为2018年8月至2019年8月27日，该部分发票金额在江苏某超市付款中作为扣款进行了扣除。双方确定共计金额为136,648.46元的发票金额为2019年3月1日之前业务所产生的扣款，且李某某确认在结算时未将上述扣款计入超市扣款金额中。<br/>　　审理中，证人龚某某提供证人证言：上述发票均在2019年8月左右收到，2018年8月份的三份发票已在2018年9月抵扣，是经李某某要求进行抵扣，但未收到过发票。其他发票均在2019年9、10月份抵扣。上海市嘉定区人民法院于2020年6月30日作出（2019）沪0114民初23343号民事判决：一、被告李某某应于本判决生效之日起十日内支付原告张某某款项81,989.07元；二、驳回原告张某某的其余诉讼请求。一审宣判后，李某某提出上诉。上海第二中级人民法院于2020年10月15日作出（2020）沪02民终7420号民事判决：驳回上诉，维持原判。</p>","<p>　　法院生效裁判认为，股权转让协议本质上是一份商事合同,同时受公司法和合同法的约束，股权转让款的金额是合同双方的协商后确定的金额，原则上对于股权转让款的金额法院应充分尊重双方意思表示，不应进行司法干预。但在某些情况下，法院可以在股权转让后，要求一方通过承担违约责任的方式对双方利益进行司法干预。<br/>　　一、张某某主体资格的确定<br/>　　本案中李某某辩称，依据17张发票的履行方是江苏某超市和昆山某纺织品有限公司，即便要支付，也是昆山某纺织品有限公司支付，即使诉讼，也应该是昆山某纺织品有限公司对李某某的诉讼，张某某的主体资格有问题。法院认为，此类纠纷的适格原告应为股权受让方，而不是标的公司，理由如下：首先，公司要求股东承担责任的情形，仅能根据《中华人民共和国公司法》的第151条、第149条的规定，在董事、高级管理人员在执行公司职务时违反法律、行政法规或者公司章程的规定，给公司造成损失的，由符合条件的公司股东向向监事会、监事或者董事会、董事提议，由公司监事会、监事或者董事会、董事以公司名义直接提出诉讼。本案中，标的公司承担的公司债务属于正常业务过程中发生的债务，也不存在董事、高级管理人员在执行公司职务时违反法律、行政法规或者公司章程的规定给公司造成损失的情形，故不属于股东侵害公司利益责任的情形，张某某的适格主体不是公司。其次，关于股权转让后公司承担了转让前的债务，增加了公司的支出，使公司的净利润减少，进一步导致公司的可分配利润减少，从而使受让方的股东权益客观上受到了损害，故实际利益受到损失的是股权受让方，故股权受让方根据股权转让协议的约定提出相应的诉讼请求，而股权转让协议的签订方为转让方与受让方，故根据合同相对性原则，适格的张某某主体也应当为股权受让方。<br/>　　二、张某某诉请的请求权基础<br/>　　根据前述，股权受让方起诉要求股权转让方承担转让后的公司债务，是根据股权转让协议的约定起诉，那么张某某诉请的请求权基础应该是基于股权转让方违反股权转让协议的约定而承担相应的违约责任。首先，股权转让协议中如果未对股权转让前的公司债务承担问题进行约定，一般情况下，如果在股权转让后公司承担了属于股权转让前发生的业务的债务，股权受让方也很难基于股权转让协议要求股权转让方承担违约责任，除非股权受让方基于股权转让方欺诈或者重大误解要求撤销股权转让协议，但需举证证明存在欺诈或者重大误解的情况，那么对于股权转让方未披露股权转让时的公司应付款情况是否存在能够构成欺诈和重大误解，因为股权受让方在签订股权转让协议前也应尽到谨慎审查义务，如股权转让方实际未谨慎审查股权受让方的公司财务状况，且未要求股权受让方全面披露公司的债务情况，股权受让方是很难证明存在欺诈或者重大误解的，故还需要在个案中根据个案的具体情况进行处理。其次，如股权转让协议中对股权转让前的公司债务的承担问题进行了约定，一般的情况会约定为：股权转让方具有全面披露股权转让时的公司财务状况的义务，包括公司的应付款，如果在股权转让后，因为股权转让前发生的债务且未进行过披露的应当由股权转让方承担，或者是承担违约责任。本案中，张某某与李某某之间签订的协议书中约定，李某某承诺：自设立之日至李某某将昆山某纺织品有限公司的公章交付给张某某之日，昆山某纺织品有限公司不存在对外借款或对外担保。若李某某隐瞒昆山某纺织品有限公司的债权债务情况，相关债务及法律责任均由李某某自行承担。那么张某某基于该约定起诉要求李某某承担相应的违约赔偿责任合法有据。<br/>　　三、转让方承担违约赔偿责任的金额确定<br/>　　根据前述，在股权转让协议中约定股权转让前的公司债务的承担，股权受让方可以起诉要求股权转让方承担违约责任，那么对于股权转让方实际应当承担的违约赔偿责任的金额该如何确定。本案张某某诉请要求李某某承担公司实际承担的公司债务全部金额，法院认为，该诉请金额并不能得到全部支持，公司承担的债务金额不能等同于股权受让方的实际损失，故不能直接依据公司债务的金额要求股权转让方承担赔偿责任。根据协议书，本案张某某通过将拥有的40%的上海某纺织品有限公司-某毛巾项目的投资权益作为对价，受让了李某某的60%的昆山某纺织品有限公司的股份，根据张某某、李某某确认的结算明细，双方的利益在2019年3月1日前达到了均衡，结算明细中的计算方式得到双方的认可，但是在股权转让后，张某某因为2019年3月1日之前的业务收到江苏某超市的发票，上述款项江苏某超市在实际付款时进行扣除，从而使张某某、李某某之间的结算明细中昆山某纺织品有限公司的应收款减少，进而影响了双方的总利润等数额，最终影响了双方对于存货的分配金额。综上，本案中的股权转让金额是根据结算明细的计算方式得出的，即使在股权转让后，公司承担了转让前发生的债务，该债务金额并不等于张某某的实际损失，也不能直接要求李某某承担，而需要根据双方结算明细上的计算方式进行再次计算，从而得出股权转让款的差额，该差额即为张某某的实际损失。故根据双方确认的结算明细中的计算方式重新计算后，将136,648.46元的发票金额作为超市扣款在昆山某纺织品有限公司的应收款项中扣除，最终计算出张某某应分配的存货金额为223,114.35元，与双方确定的结算明细张某某应分配的存货金额相差81,989.07元，该款项李某某理应作为股权转让款支付给张某某。<br/>　　如果股权转让协议中并没有约定双方股权转让金额的计算方式，那么需要股权受让方举证证明其实际损失，因为实际承担债务的是目标公司，而不是股权受让方，公司承担债务仅能导致公司财产减少，但张某某作为股东实际产生的损失并不等于公司承担的债务金额，如果股权转让协议中约定了在这种情况下，股权转让方应当承担违约责任，并约定了违约责任的具体计算方式，那张某某可以基于该约定主张，如果李某某认为该违约金过高，需要法院调整，也应承担相应的举证责任。如果既未约定违约责任的计算方式，又不能从股权转让款的计算方式来确定股权受让方的实际损失，那么股权受让方应当举证证明其实际受到的损失，此时，法院需要通过股权受让方持股比例、股权转让金额等各种因素综合确定股权受让方的实际损失。</p>","<p>股权转让协议的双方在协议中明确约定各方对转让前后的债务承担，股权受让方在受让后发现公司需负担转让前未结清的债务，主张股权转让方承担违约责任的，法院应予支持。违约赔偿责任应以实际损失为限，可通过股权受让方持股比例、股权转让金额等因素综合确定。</p>","<p>　　《中华人民共和国公司法》第71条</p><br/>######<p>　　一审：上海市嘉定区人民法院（2019）沪0114民初23343号民事判决（2020年6月30日）<br/>　　二审：上海市第二中级人民法院（2020）沪02民终7420号民事判决（2020年10月15日）</p>","\N","\N","2026-01-21 10:27:30","2026-01-21 10:27:30","0ffc7621db93ce6d910275f2e0118376","\N","20260426"
"29229","多元解纷案例库","https://dyjfalk.court.gov.cn/site/case/a6fcb0a6-eec6-4283-b203-bfdcb86ffbcf","民事-租赁合同纠纷","D2026-161-1-111-153","衡水市桃城区人民法院","民事,租赁合同纠纷,拖欠租金,设备损毁,跨省纠纷,综治中心,视频调解","","2026-03-17","\N","邱某通过某二手交易平台将一台笔记本电脑出租给李某，双方约定月租金200元。租赁期间，李某未经邱某同意，擅自将电脑转借他人使用。归还后，邱某验收发现电脑键盘被更换，定制游戏鼠标及鼠标垫未归还，且存在租金逾期未付情况。邱某多次催要未果，遂诉至法院，要求支付逾期租金、赔偿设备损失、邮费及误工费等。","法院收到起诉材料后，初步核查发现双方当事人分处两省、情绪对立明显，为高效实质化解纠纷，向双方释明综治中心多元解纷职能优势，征得当事人同意后，委托入驻综治中心的单位开展先行调解。 一是精准调配调解团队，梳理锁定争议焦点。综治中心结合纠纷特点，选派具备市场监管工作经验的调解员对接个体经营者邱某，熟悉基层社区工作的调解员对接居民李某，由入驻法官全程专业指导，组建优势互补的调解团队。调解团队仔细核查案卷材料，精准归纳四方面争议焦点：1.键盘更换的责任归属；2.鼠标及鼠标垫是否应予归还；3.逾期租金金额认定；4.邱某主张的其他费用是否合理。 二是巧用“背靠背”沟通，缓和对立破解僵局。鉴于双方身处不同省份，为降低解纷成本，调解员依托线上平台开展视频调解。初期沟通中，双方争执不下，李某称键盘更换为正常损耗、转借电脑属临时急用，拒不认可违约及赔偿责任；邱某则坚持要求全额支付欠租、原价赔付设备及配件损失，并要求足额承担误工费和邮费，导致调解一度陷入停滞。调解员随即调整策略，暂停协商，开展多轮单独沟通，逐一拆解争议焦点，疏导双方对立情绪。对李某，结合租赁合同相关法律规定，明晰其擅自转借租赁物、逾期付租、造成设备损毁及配件未还的过错责任，引导其正视违约行为；对邱某，分析如进入审理程序可能耗时耗力的弊端，结合“谁主张、谁举证”原则，说明其误工费诉求缺乏有效凭证难以支持，劝导其合理调整诉求。经过耐心劝解，双方情绪平复，同意理性协商。 三是强化释法说理，逐项敲定调解方案。双方回归理性后，调解团队重启视频调解，由指导法官结合《民法典》租赁合同相关规定，针对四方面争议焦点逐一释法明理，提出折中可行方案。针对键盘更换责任，查实系李某擅自转借导致原装键盘被换，非合理损耗，李某全责，双方商定折价赔偿400元；针对鼠标等配件归还问题，李某无法返还原配件，双方同意折价赔偿450元；针对逾期租金，经核算凭证，认定李某欠付租金600元，需足额支付；针对其他费用，邱某因无有效证据自愿放弃误工费诉求，合理邮费60元由李某承担。四项费用逐一明晰后，双方就赔偿总额及构成达成一致，所有争议全部厘清。 四是督促当场履行，实现纠纷实质化解。为避免事后履约纠纷，调解团队现场督促李某通过线上转账，一次性付清全部款项，邱某确认收款后对结果表示认可，双方矛盾彻底化解，无后续遗留问题。","本案系通过网络平台租赁电子设备履行合同争议引发的租赁合同纠纷，具有标的额较小但当事人跨地域、对抗情绪明显等特征，若进入审理程序，极易激化矛盾，当事人也面临较高的解纷成本。本案中，综治中心充分发挥平台优势，统筹入驻单位和人员，针对案件特点，精准匹配调解员，更好搭建沟通桥梁，提高释法明理的针对性。调解过程中，调解员在法官指导下，及时调整调解节奏，在双方情绪较为激烈情况下，通过“背靠背”沟通降低双方对立情绪，之后，通过视频调解方式，打破地域壁垒实现“面对面”协商，促使双方换位思考，达成一致意见，并当场履行，做到案结事了人和。","《中华人民共和国民法典》第577条、第711条、第716条","\N","","2026-04-09 17:03:25","2026-04-09 17:03:25","1007ed7ccabbb543fbeca7c731e96427","\N","20260426"
"3052","人民法院案例库","https://rmfyalk.court.gov.cn","民事-申请破产清算","2024-08-2-421-002","苏州市吴江区人民法院","民事,申请破产清算,宣告破产,自行和解","一审","2019.07.16","02","<p>　　某（苏州）织造有限公司（以下简称某织造公司）成立于2004年5月12日，注册资本600万美元，系台港澳法人独资企业，经营范围高档织物面料的织造和销售。自2015年7月以来，江苏省苏州市吴江区人民法院陆续受理某织造公司作为被执行人的案件。截至2019年1月，某织造公司作为被执行人的案件12件，执行标的额1.33亿元。经执行调查，除价值约4620万元的厂房和设备外无其他财产，且厂房已对外出租给多家承租人，并存在大量转租。执行过程中，案外人提出多个执行异议，执行标的一时无法处置。2019年1月25日，根据债权人的申请，法院裁定受理对某织造公司进行破产清算。<br/>　　管理人接受指定后对债务人财产展开调查，经评估，债务人资产价值共计4750余万元。另在债务人法定代表人的配合下，管理人经过多次谈判协调，在第一次债权人会议召开前与所有租户达成协议，所有租户均承诺在某织造公司厂房拍卖成交后一个月内搬离，并交纳了保证金。2019年4月10日，某织造公司召开第一次债权人会议，会议表决通过了《债务人财产管理方案》《破产财产变价方案》。另因债权人、债务人当会均表示对管理人编制的债权表无异议，法院同日作出（2019）苏0509破5号之一民事裁定，确认无争议债权表，债权金额合计1.67亿元，其中担保债权2661万元、职工债权40万元、税收债权75万余元、普通债权1.4亿元。<br/>　　2019年5月20日，管理人根据财产调查状况及债权确认情况，向法院申请宣告某织造公司破产。同日，法院作出（2019）苏0509破5号之二民事裁定，认为在受理本案后至第一次债权人会议结束，债务人及债务人出资人未向法院提出破产重整申请，债务人亦未向法院提出和解申请，现某织造公司停止清偿到期债务呈连续状态，并且资产已不足清偿全部债务，又不存在其他破产障碍事由，依此裁定宣告某织造公司破产。<br/>　　2019年7月15日，在管理人实施破产财产变价前，某织造公司以其已与全体债权人就债权债务的处理自行达成协议为由向法院提出申请，请求认可该协议。<br/>　　法院经审查查明，某织造公司于2019年7月11日拟定债权债务处理协议，并取得全体债权人的书面同意。根据该协议，某织造公司承诺筹集偿债资金61979800元分两期清偿债权，其中担保债权、职工债权、税款债权全额清偿，普通债权清偿率22.7275%，偿债资金分两期（第一期1000万元已于2019年6月17日付至管理人账户，余款于2019年7月20日前支付）付至管理人账户，由管理人实施分配。江苏省苏州市吴江区人民法院于2019年7月16日作出（2019）苏0509破5号之三民事裁定：一、撤销本院（2019）苏0509破5号之二民事裁定；二、裁定认可某织造公司与全体债权人自行达成的协议；三、终结某织造公司破产程序。</p>","<p>　　法院生效裁判认为：根据《中华人民共和国企业破产法》第一百零五条的规定，人民法院受理破产申请后，债务人与全体债权人就债权债务的处理自行达成协议的，可以请求人民法院裁定认可，并终结破产程序。某织造公司与全体债权人自行达成的和解协议系各方真实意思表示，不违反法律规定，应予认可。</p>","<p>1.《中华人民共和国企业破产法》第一百零五条规定的自行和解是民事和解制度在破产程序的具体体现，须债务人与全体债权人达成一致协议，不适用债权人会议的强制多数决规则。自行和解可适用于破产清算、和解、重整任意一个程序，不受是否宣告破产的限制。债务人应就所有债权的清偿比例、期限、财产来源，以及破产费用、共益债务的种类、数额及支付期限统一制作协议。<br/>　　2.自行和解协议应遵循债权平等清偿原则，债务人与全体债权人一致协议排除债权平等原则的，亦应当予以认可。自行和解协议不约束未申报的债权人，自行和解协议无效或执行不能的，债权人可以对原债务主张权利，若重新启动对债务人的破产程序，需另行提出破产申请。</p>","<p>　　《中华人民共和国企业破产法》第105条</p><br/>######<p>　　一审：江苏省苏州市吴江区人民法院（2019）苏0509破5号之三民事裁定（2019年7月16日）</p>","\N","\N","2026-01-21 10:27:30","2026-01-21 10:27:30","100e435f770b5270514b450acb95ca94","\N","20260426"
"6045","多元解纷案例库","https://dyjfalk.court.gov.cn/site/case/fe8863f0-0e77-4483-b418-c10e7bb0b610","民事-买卖合同纠纷","D2025-161-1-084-982","巴青县人民法院","民事,买卖合同纠纷,熟人纠纷,特邀调解","","2025-12-22","\N","次某与奥某系熟人关系，2022年5月，次某从奥某处购买一颗“台湾三眼石”，双方签订书面买卖合同，明确总价款30000元及付款期限。合同履行阶段，次某仅支付11000元货款，剩余19000元经奥某多次催告仍未支付，且双方因付款事宜产生矛盾，历时许久未能协商一致，奥某遂诉至法院，要求次某支付剩余货款。","法院收到起诉材料后，考量到系熟人之间的买卖合同纠纷，争议标的明确、法律关系清晰，但历时较久且积怨较深，为实质性化解矛盾、修复关系，法院征得双方同意后，委托特邀调解员开展先行调解工作。 一是倾听诉求，搭建协商基础。调解员首先运用“背靠背”沟通技巧，分别与奥某、次某深入交流。了解到奥某核心诉求是尽快收回剩余货款，次某则因资金周转困难暂时无力一次性支付，且顾忌熟人情面不愿矛盾激化。调解员针对性引导双方换位思考，既让次某理解奥某的资金回笼需求，也让奥某体谅次某的履约困境，逐步消除双方对立情绪，搭建起互谅互让的沟通桥梁。 二是精准施策，设计灵活方案。针对“剩余19000元货款如何支付”这一核心分歧，调解员立足双方实际情况，运用“利益平衡法”寻找折中点，设计“阶梯式”履行方案，提供分期付款、担保等多种履约模式选项。经反复沟通协调，调解员提出的“当场支付部分货款+剩余款项分期支付”方案获得双方初步认可，奥某同意适当让步，次某也承诺会积极筹措资金，履行义务。 三是跟进督促，确保自动履行。通过多轮调解，双方最终达成一致：次某当场支付10000元货款，剩余9000元由次某择期支付。调解结束后，调解员并未止步于达成协议，而是持续跟进次某的履约进度，通过温和提醒、沟通协调等方式，督促其履行付款义务。最终，次某多方筹措资金，自动履行了剩余9000元的支付义务。双方握手言和，多年积怨彻底化解。","本案系熟人之间因货款支付引发的买卖合同纠纷，化解难点在于平衡双方利益诉求、消除积怨并确保协议履行。本案中，法院充分发挥特邀调解机制优势，依托调解员的专业沟通技巧和经验，通过“倾听诉求+换位思考+灵活方案+跟进督促”的全流程调解方式促推纠纷化解工作，既尊重了调解中的公平自愿原则，又契合了熟人纠纷“以和为贵”的解纷需求。调解过程中，调解员精准把握纠纷核心争议，设计贴合实际的履行方案，同时注重调解后的跟进督促，不仅高效化解了多年积怨，更促成协议全额自动履行，做到案结事了人和。","《中华人民共和国民法典》第465条、第509条、第595条","\N","","2026-01-27 09:48:23","2026-02-03 09:40:01","1036d472f0c0d3517370c2f6fcde6ce1","\N","20260426"
"7098","多元解纷案例库","https://rmfyalk.court.gov.cn","民事-生命权、身体权、健康权纠纷","D2024-161-1-001-026","靖江市人民法院","民事,生命权、身体权、健康权纠纷,人身损害赔偿,联动调解","","2024-12-27","\N","张某的父亲在某制造公司内查看屋顶漏水情况时，意外坠下，因伤势过重死亡。死者配偶黄某、儿子张某与公司就赔偿事宜未能达成一致，且诉求差距较大，故黄某、张某诉至法院。","在征得当事人同意后，法院将案件交由人民调解员进行调解。调解员通过电话沟通，得知死者家属要求按照工伤事故进行赔偿，共计180万元。制造公司认为死者存在过错，不肯接受180万元的赔偿数额。因差距悬殊，家属情绪激动，拒绝与制造公司继续沟通。人民调解员为便于调解，组织双方到工厂会议室进行调解。 调解员首先宣读调解纪律，希望案件双方当事人能够尊重事实，共同协商解决问题，并宣讲了民法典侵权责任篇等法律规定。双方当事人均作了陈述。张某称，9月20日，因台风过后公司屋顶漏水，其父亲为了修缮屋顶，主动爬上屋顶查看，意外坠下死亡，其父亲是家庭的主要经济支撑，母亲没有工作，因此提出人身损害赔偿不得低于180万元。公司称，作为用工方，对张某父亲意外死亡表示惋惜也非常难过，但公司现在资金周转困难，现阶段无法赔偿到位，希望能够考虑公司实际运营状况，参考人身损害赔偿标准，并承诺公司部分钱款到账后立即赔偿。调解过程中，调解员得知公司法定代表人是死者的姐夫，双方存在近姻亲关系，因此从亲属关系角度出发，将双方当事人隔开一对一做心理疏导，用亲情感召双方当事人，劝说双方依照法律法规的标准进行理性沟通。 调解员在第一次调解的基础上对双方进行了劝说。首先，对制造公司进行了批评教育，指明用工方在死者进行厂房屋顶检查工作时未能尽到安全保障义务，也未有安全人员进行劝阻；且双方存在近姻亲关系，本着一家亲的原则双方应当互帮互助，相互扶持。其次，对死者家属一方，也指出，按照人身损害赔偿标准，180万元过高，且公司经营不善，应当考虑实际情况尽快拿到赔偿安抚家属。双方情绪有所缓解后，调解员再次提醒双方提供一个更合理的方案进行协商，最终达成调解协议。","本案是多发且常见的人身损害赔偿纠纷，因为案件系死亡赔偿且公司经营状况较差，加上双方有近姻亲关系，调解难度加大。如不妥善解决，容易激化矛盾。本案能调解成功，关键在于法院和人民调解员加强联动，通过前期调解，了解双方当事人的现实背景，挖掘出双方当事人的真实想法，正确引导当事人，向矛盾焦点靠近，理性确定调解方案，最终案件调解成功。","《中华人民共和国民法典》第1179、1181条 《最高人民法院关于审理人身损害赔偿案件适用法律若干问题的解释》（法释〔2022〕14号）","\N","","2026-01-27 09:51:09","2026-01-27 09:51:09","10442151738e110d9e7e56816fabf2a4","\N","20260426"
"10050","多元解纷案例库","https://dyjfalk.court.gov.cn/site/case/c7f3aa93-2374-4352-9ea3-188b65015ac0","民事-劳务合同纠纷","D2026-161-1-139-063","东台市人民法院","民事,劳务合同纠纷,集体欠薪,综治中心,人大代表参与,递进化解","","2026-02-13","\N","王某雇佣郭某、高某等14人在其承揽的工程项目做工，拖欠郭某、高某等14名农民工30余万元工资未予支付。郭某等14名农民工讨薪未果，遂集体至乡镇综治中心寻求帮助。","综治中心受理后，认为该批纠纷具有调解基础，在征得当事人同意后，立即启动农民工维权讨薪“绿色通道”，通过其与品牌调解室、枫桥式人民法庭、社会调解力量等建立的无缝接力递进解纷模式，开展以下纠纷化解工作： 一是以综治中心为枢纽，精准定位促“能调”。根据本案王某已“下落不明”的实际情况，综治中心优先指派入驻的辖区派出所民警与社区网格员，对王某行踪开展排查，快速找到王某 。经了解，王某对拖欠劳务费的事实、金额无争议。但由于目前资金周转困难，面对民警和网格员的沟通，表示无力支付郭某等人工资。 二是以品牌调解室为平台，厘清症结促“愿调”。综治中心通过民警和网格员前期得到的信息，认为纠纷调解具有良好基础，遂指派品牌调解室及司法所组成调解小组。调解小组调查发现，王某在多地承揽工程项目，相关项目资金尚未“回笼”，其债权正在多家法院执行，争议的焦点在于债权未收回能否成为拖欠工资的正当理由。郭某等人认为王某的债权与他们无关，无论是否收回都不能拖欠其工资；王某则主张他自己也未能从发包方拿到工程款，工程款收回后才能付清工资。由于欠薪时间长，双方对立情绪较大，难以达成一致意见。 三是以枫桥式人民法庭为保障，专业指导促“善调”。综治中心指派入驻法官进行指导调解，法官针对矛盾突出、欠资金额最多的郭某一案，指导调解小组开展“示范调解”。在法官指导下，调解员指出王某合法债权应受到保护；然后再释明，王某因债权未收回致资金周转困难，虽“情有可原”，但以此为由不支付工资违反了《保障农民工工资支付条例》等法律规定。同时，向郭某出示王某资金困难以及其债权正在法院执行的实际证据，并结合解纷成本等，引导郭某形成对调解的合理预期，打消其对王某履行能力的顾虑。双方纠纷得以快速调解。 四是以代表参与为助力，换位思考促“真调”。对于剩余纠纷，调解小组邀请3名具有劳务合同专业知识的市人大代表参与，开展集中化解。人大代表凭借自身行业专家和民意代表的双重身份，引导双方根据各自金额大小，有序实现当场履行、分期履行。同时，建议司法所和法庭为王某债权尽快执行到位提供合法合理的便利，也对农民工们的分期履行协议持续跟进督促。最终，该集体欠薪纠纷不到半个月全部妥善化解。","本案系拖欠农民工劳务报酬引发的集体欠薪纠纷，涉及人数多、关注度高。本案中，综治中心发挥统筹协调作用，根据当事人“失联”实际情况，优先指派入驻的民警与网格员，快速找到王某，确保纠纷“能调”；在当事人困难无力履行义务的情况下，协调人民调解、司法所等单位组成调解小组，进一步发现当事人有对外债权且已进入执行阶段，通过充分联络沟通，促进双方“愿调”；当调解陷入“僵局”，及时指派入驻法官开展指导调解，经法官指导“示范调解”，化解了矛盾突出、欠资金额最多的纠纷，实现纠纷“善调”；为优化调解效果，对于剩余纠纷，借助人大代表作为行业专家和民意代表的双重身份，增强双方对当场履行、分期履行差异化结果的可接受度，并通过建言献策，解决王某对外债权和分期履行农民工们的后续问题，确保纠纷“全调”。通过综治中心统筹、多元接力递进解纷机制，最终促使纠纷得以高效化解，有力维护农民工合法权益。","《中华人民共和国民法典》第509条、579条 《保障农民工工资支付条例》第3条、第6条、第16条","\N","","2026-02-14 17:01:21","2026-02-14 17:01:21","105f2148f1ed97906f21141814bc57d3","\N","20260426"
"3347","人民法院案例库","https://rmfyalk.court.gov.cn","民事-人身保险合同纠纷","2023-08-2-334-001","安徽省芜湖市中级人民法院","民事,人身保险合同,保险受益人,格式条款,民事赔偿,“众包骑手”","二审","2021.05.20","02","<p>　　2020年5月14日，美团平台注册众包骑手叶某红从美团平台首次接单时，福建某科技有限公司为其在某财险股份有限公司某分公司（以下简称某财险公司）投保了美团骑手保障组合产品保险，其中意外身故、残疾保额60万元，叶某红为此支付保费3元，由美团平台扣收。该险种的客户群体为众包骑手。某财险公司出具的“美团骑手保障组合产品保险单（电子保单）”上并无投保人和被保险人签名或签章。投保后，叶某红的美团APP中“保险说明”第1条载明“突发疾病身故：最高赔偿限额60万元人民币。在保险合同保险期间内，被保险人在工作时间和工作岗位突发疾病死亡或者在48小时之内经抢救无效死亡（既往症原因除外），保险人按照保险合同约定的保险金额给付突发疾病身故保险金，本附加保险合同终止”。第2条载明“保险期间为被保险人当日第一次接单开始至当日24时，如在当日24时送单尚未结束的，保险期间最长可延续至次日凌晨1时30分，最长为25.5小时”。第3条第3款载明“由既往病史导致的突发疾病身故不属于保险责任；如发生猝死事故，必须由有鉴定资格的医院或者公安部门指定法医鉴定机构进行尸检以确定死亡原因，如未能提供相关证明材料导致无法确定死亡原因的，在已有证据可排除既往症原因的情况下，保险人按不超过身故限额的10%进行赔付”。投保当日18时40分，叶某红在万春商业街晕倒，被接警民警送至芜湖市第一人民医院救治，门诊诊断叶某红为脑出血。后叶某红被转往皖南医学院弋矶山医院继续救治，该院门诊病历记载处理意见为：脑干出血、双瞳散大、无自主呼吸，无手术指征、预后不良，随时有死亡可能、维持生命体征。2020年5月15日，叶某红出院，出院诊断为“脑干出血、高血压”，出院情况为“深昏迷、双侧瞳孔散大固定、对光反射消失、刺痛无反应、机械通气中，去甲肾上腺素维持血压”。当日，叶某红在家中死亡，原因为脑内出血。<br/>　　叶某红妻子段某某、母亲季某桂、儿子叶某遂提起诉讼，请求法院判令某财险公司支付叶某红死亡赔偿金60万元。某财险公司辩称，案涉事故发生时，叶某红配送的是“饿了么”平台订单，而非美团平台订单，不符合保险合同生效条件；叶某红真实死因未能查明，保险公司仅应承担不超过身故责任限额10%的赔偿责任。<br/>　　安徽省芜湖经济技术开发区人民法院于2020年12月17日作出（2020）皖0291民初3635号民事判决：某财险股份有限公司某分公司支付段某某、季某桂、叶某死亡赔偿金60万元。某财险公司不服一审判决，提起上诉。安徽省芜湖市中级人民法院于2021年5月20日作出（2021）皖02民终799号民事判决：驳回上诉，维持原判。</p>","<p>　　法院生效裁判认为：本案争议焦点为案涉保险合同是否生效，案涉事故是否属于保险理赔范围，某财险公司主张的免赔事由是否成立。<br/>　　关于案涉保险合同是否生效问题。外卖骑手分为“专送骑手”和“众包骑手”，后者是指通过面向公众开放的外卖平台APP注册，自行决定是否接单配送的骑手。外卖平台对“众包骑手”的工作时间、接单数量等不作硬性要求。“众包骑手”具有工作时间碎片化以及工作地点自由化特征，可同时选择在多个外卖平台工作，与平台之间的关系归属并不唯一，人身依附性并不紧密。叶某红虽在美团平台注册，但美团平台并未对叶某红工作时间、接单数量等作出限制，其可接其他外卖平台订单配送业务，显然属于“众包骑手”。案涉保险为商业保险而非工伤保险，投保目的是为保障骑手的人身安全及分担致人损害的赔偿责任，保费出自骑手，保险受益人是骑手而非美团平台。案涉保险投保方式系电子投保，叶某红在接受第一单外卖派送时购买当天的意外险，自系统扣收骑手保费之时，保险合同生效。<br/>　　关于案涉事故是否属于保险理赔范围问题。案涉“保险说明”载明，最长保险期间是从骑手首次接单时起至次日凌晨1时30分；保险范围包括被保险人在工作时间和工作岗位突发疾病死亡或者在48小时之内经抢救无效死亡。案涉保险保障的是骑手人身权益而非美团平台权益，客户群体为“众包骑手”。某财险公司作为保险格式合同的提供方，应知悉该类被保险人的工作特性及可能存在的风险隐患，若其基于降低自身赔付风险的考量，则需对“众包骑手”的兼职属性进行限制，并在保险条款中明确注明若“众包骑手”配送投保平台之外的订单发生保险事故时不予理赔，但其在保险条款中并未特别说明。故投保人叶某红在保险期间内因脑内出血死亡，符合保险合同约定的48小时之内经抢救无效死亡情形，属于保险理赔范围。<br/>　　关于某财险公司主张的免赔事由是否成立问题。案涉保险单及“众包骑手”意外保险说明系格式条款，该条款由某财险公司单方提供，供不特定投保人重复使用。某财险公司有义务对保险合同中免除保险人责任的条款，在投保单、保险单或其他保险凭证上作出足以引起投保人注意的提示，并对该条款的内容以书面或口头形式向投保人作出说明；未作提示或说明的，该条款不产生效力。案涉保险以电子投保的形式购买，某财险公司主张的因既往病史导致突发身故，以及需有相关鉴定资质机构确定死因的免赔条款，显然属于免除保险人责任条款，其应提交充分有效的证据证明已提请对方注意，如在合同中用黑体字予以特别标记，或以颜色、大小、下划线等方式进行特别标记等。但从本案现有证据看，某财险公司并未履行相应的提示和说明义务，故某财险公司主张的免赔事由不能成立。</p>","<p>对于外卖的“众包骑手”配送投保平台之外订单发生保险事故赔偿责任认定问题,实践中存在不同认识。“众包骑手”虽通过外卖平台投保商业保险并实际支付保费，但投保人、被保险人和保险受益人都是骑手本人，而非该外卖平台。保险合同并未明确约定，骑手在配送投保平台之外的订单时发生保险事故的，保险公司免赔。此种情况下，保险公司以骑手在事故发生时所配送的平台订单并非代为投保的平台订单而主张免赔的，人民法院不予支持。</p>","<p>　　《中华人民共和国保险法》第13条、第14条、第17条</p><br/>######<p>　　一审：安徽省芜湖经济技术开发区人民法院（2020）皖0291民初3635号民事判决（2020年12月17日）<br/>　　二审：安徽省芜湖市中级人民法院（2021）皖02民终799号民事判决（2021年5月20日）</p>","\N","\N","2026-01-21 10:27:30","2026-01-21 10:27:30","1071ed8fe8991ac581fabfefa8e59217","\N","20260426"
"6669","多元解纷案例库","https://rmfyalk.court.gov.cn","民事-机动车交通事故责任纠纷","D2025-161-1-374-393","安国市人民法院","民事,机动车交通事故责任纠纷,人身损害赔偿,交强险,引入保险公司参与调解","","2025-07-07","\N","2024年7月，某村村民张某骑电动车行驶过程中，被同村王某驾驶机动车撞伤，造成张某五处骨折，其中左股骨远端粉碎性骨折，交通事故书认定王某负全部责任。因张某年事已高，此次事故对张某身体健康造成极大损害，经多次转院治疗出院后，不能痊愈，只能在家长时间卧床休息，需要子女在家陪护照料。事故发生后，张某和王某就医疗费用赔偿未能达成一致意见，张某遂诉至法院，要求王某赔偿医药费、误工费等各项损失。","法院收到起诉材料后，经征得当事人同意，委托驻院特邀调解员开展先行调解，并指派法官指导调解。调解员收到案件材料后，考虑到系机动车交通事故责任纠纷，王某驾驶的机动车有参保，为高效、实质性化解纠纷，调解员主动联系王某驾驶车辆的承保公司，引导其参与调解。之后，调解员分别与张某、王某、保险公司一对一沟通交流，耐心倾听各方当事人想法和诉求。调解员首先到张某家中了解相关情况，了解到张某事故后只能卧床休息，全家人平时主要经济来源都是依靠农活维持生计，几次住院治疗费用已达33000元，且无法确定后续是否会对劳作产生影响，调解员充分理解他受伤后面临的困难，对其希望尽快获得赔偿以缓解生活压力的心情表达同情和关注；随后，调解员去往同村王某家中，认真听取王某意见，对于此次事故王某一家已经陷入深深的自责，表示愿意积极赔偿，但苦于家庭条件困难，经济压力巨大，因此在赔偿具体金额方面希望能再协商降低。在了解清楚双方意愿后，调解员与保险公司进行沟通，充分听取了保险公司就预期理赔金额所提出的意见。在上述沟通基础上，调解员在村委会见证下组织三方开展面对面协商，向各方说明了保险公司在本次事故中交强险应当赔付的范围和数额，并详细讲解赔偿的计算方法和依据，引导双方理性看待赔偿问题。针对张某及王某双方就赔偿金额僵持不下的情况，调解员根据双方的反应和意见，不断调整调解策略，找到村内德高望重的老人居中调解，采用“背靠背”的方式，晓之以理、动之以情解释对方的困难之处和愿意接受调解的意愿，反复与双方沟通，寻求双方都能接受的调解方案。经过多次协商，最终促成三方和解。","本案系一起机动车交通事故责任纠纷，事故情况及责任认定明确，调解主要难点在于双方经济状况均较为困难，对赔偿金额一直难以达成一致意见。本案中，调解员充分考虑到张某因事故受伤所遭受的身体和经济损失，以及王某家庭经济条件有限的实际情况，引入机动车承保公司参与调解，在调解方案中寻求三方利益平衡。调解过程中，调解员依据交警部门的责任认定书和相关法律法规，向双方详细讲解关于交通事故赔偿的法律规定，确保调解方案的合法性和公正性，使双方都能够清楚地认识到自己的权利和义务，避免因法律认知不足而产生的不合理诉求和争议；调解员运用专业的调解技巧，化解双方的矛盾和对立情绪；指导法官则发挥指导调解职能，做好组织协调和法律指导，确保调解工作顺利进行。各参与方在调解过程中各司其职、相互配合，促成纠纷高效化解，既保障张某获得合理的赔偿，以弥补其损失，又考虑王某的实际支付能力，确保赔偿能够及时兑付，同时确保保险公司赔付金额符合规定，最终实现纠纷依法、高效、实质性化解，有力保障当事人合法权益。","《中华人民共和国民法典》第1165条、第1179条、第1182条 《中华人民共和国道路交通安全法》（2021年修正）第76条","\N","","2026-01-27 09:50:06","2026-01-27 09:50:06","1078e9a9f2bc8d4d6490f3c8c3f974c7","\N","20260426"
"2138","人民法院案例库","https://rmfyalk.court.gov.cn","民事-生态环境保护民事公益诉讼","2024-11-2-466-015","广东省汕头市中级人民法院","民事,生态环境保护民事公益诉讼,生态环境损害赔偿,鉴定意见","一审","2023.09.25","02","<p>　　陈某标系广东省汕头市龙湖区鸥汀街道龙美经济联合社龙美渡口渡船经营者。2021年4月17日晚上11时许，陈某标对该渡口周边和渡口下游十几米的堤坝进行冲洗，导致梅溪河堤上黑色废油渣的油污流入梅溪河，造成饮用水水源保护区水体污染。汕头市生态环境局龙湖分局联合多部门前往梅溪河龙美渡口查找污染源，并对陈某标进行调查询问。2021年4月19日上午10时许，陈某标在明知汕头市生态环境局龙湖分局工作人员已对梅溪河饮用水水源保护区水体污染进行调查，仍将更换渡船发动机的废机油（约6L左右）倾倒在梅溪河龙美渡口上游约5米处的堤顶处，废弃机油桶则丢弃在附近的垃圾桶中。同日上午11时许，汕头市公安局龙湖分局根据汕头市生态环境局龙湖分局通报到上述渡口找陈某标调查时，发现堤顶处有倾倒的废机油，即将陈某标传唤到案。<br/>　　2021年4月21日上午，汕头市生态环境局龙湖分局组织执法人员到现场调查取证。经调查，现场发现的黑色废油渣符合废机油的外观和气味特征，属于《国家危险废物名录（2021年版）》废物类别“HW08废矿物油与含矿物油废物”中代码为“900-249-08”的危险废物，且根据《广东省人民政府关于调整汕头市部分饮用水水源保护区的批复》（粤府函〔2018〕425号）的划定，倾倒范围属于梅溪河饮用水水源一级保护区。<br/>　　2021年4月30日，汕头市生态环境局龙湖分局委托生态环境部华南环境科学研究所对汕头市龙湖区梅溪河水源保护区龙美渡口非法倾倒固废危险特性进行鉴定。2021年5月，生态环境部华南环境科学研究所出具《汕头市龙湖区梅溪河水源保护区龙美渡口涉嫌非法倾倒固废案固废危险特性鉴别》报告，鉴别结论为：汕头市龙湖区梅溪河饮用水水源保护区龙美渡口两处涉嫌非法倾倒固废及清理收集的沾有倾倒固废的土壤混合物为危险废物，废物代码为：900-000-08，危险特性：“T”。2021年5月17日、5月18日，汕头市生态环境局龙湖分局分别向生态环境部华南环境科学研究所支付委托业务费73260元、26740元，合共100000元。<br/>　　2022年8月19日，汕头市生态环境局龙湖分局委托广东某某司法鉴定中心对汕头市龙湖区梅溪河水源保护区龙美渡口非法倾倒固废案环境损害（地表水环境损害鉴定、固体废物处置费用）进行鉴定。广东某某司法鉴定中心于2022年10月20日出具《司法鉴定意见书》，鉴定意见为：1.鉴定涉及固废倾倒点两处。倾倒点1位于梅溪河水源一级保护区内龙美渡口下游约10米处河岸上，倾倒物为黑色废矿物油及油渣；倾倒点2位于梅溪河龙美渡口东岸涵洞上方约5米处堤顶，倾倒物为废机油。2.2021年4月17日晚上11时许冲洗堤坝致倾倒点1油污进入梅溪河，2021年4月18日梅溪河各断面石油类浓度均未超过基线，未对月浦水厂造成直接经济损失。3.2021年4月19日上午10时许于梅溪河龙美渡口东岸涵洞上方约5米处堤顶（倾倒点2）倾倒废机油，粘染有废机油的土壤混合物为危险废物，总量为10.8kg。4.本次鉴定计入的生态环境损害价值量化内容包括固体废物处置费用和事务性费用，合计134000元，其中固体废物处置费用4000元，固体废物危险特性鉴别费用100000元，本次司法鉴定服务费30000元。<br/>　　2023年1月，汕头市人民政府指定汕头市生态环境局代表市政府启动生态环境损害赔偿磋商工作，如磋商不能达成协议，则依法向人民法院提起诉讼。2023年2月17日，汕头市生态环境局指定汕头市生态环境局龙湖分局与陈某标就陈某标在梅溪河饮用水水源一级保护区倾倒危险废物造成的生态环境损害赔偿事项进行磋商，经磋商未能达成一致意见。<br/>　　另查明，陈某标因涉嫌犯污染环境罪于2021年4月19日被羁押，2021年4月20日被刑事拘留，2021年4月28日被逮捕<br/>　　。2021年7月1日，汕头市龙湖区人民法院作出（2021）粤0507刑初375 号刑事判决，认定陈某标构成污染环境罪，判处有期徒刑一年，并处罚金人民币五千元。该刑事判决已经发生法律效力。<br/>　　广东省汕头市中级人民法院于2023年9月25日作出（2023）粤05民初167号民事判决：一、陈某标赔偿固体废物处置费用4000元和司法鉴定服务费30000元；二、驳回汕头市生态环境局的其他诉讼请求。宣判后，原、被告均未提出上诉，判决已发生法律效力。</p>","<p>　　法院生效裁判认为，汕头市生态环境局提起本案生态环境损害赔偿诉讼，符合《最高人民法院关于审理生态环境损害赔偿案件的若干规定（试行）》第一条规定的提起诉讼的条件和程序，诉讼主体适格。经审查，陈某标在经营渡船过程中，将更换渡船发动机的废机油倾倒在汕头市龙湖区梅溪河饮用水水源保护区龙美渡口的堤顶处，严重污染土壤环境，该行为已经汕头市龙湖区人民法院（2021）粤0507刑初375号刑事判决认定，陈某标亦无异议，依法予以确认。本案争议的主要问题是陈某标是否应承担固体废物处置费用、固体废物危险特性鉴别费用及环境损害鉴定服务费的问题。<br/>　　关于汕头市生态环境局请求陈某标赔偿固体废物处置费用4000元及环境损害司法鉴定服务费30000元的问题。本案中，陈某标在经营渡船过程中，将更换渡船发动机的废机油倾倒在汕头市龙湖区梅溪河饮用水水源保护区龙美渡口的堤顶处，造成土壤环境受到严重污染，经生态环境部华南环境科学研究所鉴定，沾有倾倒固废的土壤混合物为危险废物。根据《中华人民共和国固体废物污染环境防治法》第七十九条、《中华人民共和国民法典》第一千二百二十九条的规定，陈某标应承担污染环境的侵权责任。经广东某某司法鉴定中心鉴定，梅溪河龙美渡口受污染土壤的固体废物处置费用4000元，司法鉴定服务费30000元，上述费用属于清除污染及为生态环境损害赔偿磋商和诉讼支出的鉴定费用。根据《中华人民共和国民法典》第一千二百三十五条、《最高人民法院关于审理生态环境损害赔偿案件的若干规定（试行）》第十一条、第十四条的规定，汕头市生态环境局请求判令陈某标承担固体废物处置费用4000元和司法鉴定服务费30000元，具有事实和法律依据，依法予以支持。<br/>　　关于汕头市生态环境局请求陈某标赔偿固体废物危险特性鉴别费用100000元的问题。本案中，陈某标因涉嫌犯污染环境罪于2021年4月19日被羁押，2021年4月20日被刑事拘留，2021年4月28日被逮捕。汕头市生态环境局龙湖分局于2021年4月30日委托生态环境部华南环境科学研究所对汕头市龙湖区梅溪河水源保护区龙美渡口非法倾倒固废危险特性进行鉴定，属于公安机关在办理陈某标涉嫌污染环境犯罪案件时，为查明生态环境损害程度和损害事实，委托相关机构出具的鉴定意见。根据《公安机关执法细则（第三版）》第二十三章有关规定，由此产生的鉴定费用依法应由公安机关承担，汕头市生态环境局请求判令陈某标承担固体废物危险特性鉴别费用100000元，缺乏法律依据，依法不予支持。<br/>　　关于陈某标辩称其本人已经受到刑事处罚，也缴纳了罚金，现在还要求其支付赔偿款不合理的意见。根据《中华人民共和国民法典》第一百八十七条的规定，陈某标已经承担刑事责任并不影响其承担本案侵害生态环境行为造成的民事责任，故该辩解意见缺乏法律依据，不予采纳。<br/>　　综上所述，汕头市生态环境局提出的生态环境损害赔偿符合法律规定部分，依法予以支持。</p>","<p>在办理被告人涉嫌污染环境犯罪案件时，为查明生态环境损害程度和损害事实，有关机关委托相关机构对案涉固体废物危险特性进行签定出具的鉴定意见，并作为刑事诉讼证据使用，由此产生的鉴定费用依法应在刑事案件中处理。省级、市地级政府及其指定的部门、机构提起生态环境损害赔偿诉讼主张由赔偿义务人支付该笔费用的，不予支持。</p>","<p>　　《中华人民共和国民法典》第1229条、第1235条<br/>　　《最高人民法院关于审理生态环境损害赔偿案件的若干规定（试行）》第11条、第14条<br/>　　《公安机关执法细则（第三版）》第23章<br/>　　《生态环境损害赔偿管理规定》第19条</p><br/>######<p>　　一审：广东省汕头市中级人民法院（2023）粤05民初167号民事判决（2023年9月25日）</p>","\N","\N","2026-01-21 10:27:30","2026-01-21 10:27:30","109ae654ceb6650fda1cc32fee9300de","\N","20260426"
"6879","多元解纷案例库","https://rmfyalk.court.gov.cn","民事-劳务合同纠纷","D2025-161-1-139-188","重庆市潼南区人民法院","民事,劳务合同纠纷,拖欠农民工劳务费,司法协作,多方联动调解,人大代表参与调解","","2025-03-19","\N","2021年至2023年期间，重庆的奚某到四川某村承包土地种植蔬菜，并雇请周边40余名村民参与种植和管理等农活，双方约定每人日薪60元。后因种植经验不足、管理经验欠缺等多方面原因，导致经营困难，奚某欠下村民近7万元劳务报酬。提供劳务者多系70岁以上的老人，多次向奚某催收劳务费。奚某因无力负担，独自返回重庆躲避债务，村民无法联系奚某。2024年5月30日，其中8名村民诉至法院，要求支付劳务费。","法院收到起诉材料后，认为双方当事人对立情绪较大，又涉及老年人劳动权益保障，通过调解方式及时化解更为适宜，故根据两地法院建立的司法协作机制，邀请两地调解组织组建联调小组，共同开展以下调解工作： 1.深入摸排矛盾点，明确示范调解方案。经与8名村民沟通，了解到还有很多被欠薪的村民准备起诉。联调小组秉持“纠纷一次性实质化解”理念，积极争取镇街党委政府支持。一方面，与奚某所在社区联系，在社区帮助下及时找到奚某，了解案情、稳控疏导，为后续调解工作做好准备。另一方面，与村民所在的村委会对接，由当地基层组织先行摸排。最终排查出奚某尚欠40余名村民近7万元的薪酬未支付。联调小组决定以8件纠纷作为示范性案例开展调解，并以此为参照，推动其余40件纠纷实现一次性实质化解。 2.人大代表参与，科技助力联调。鉴于双方当事人分别位于川渝两地，为打破区域壁垒，减轻当事人诉累，联调小组依托人民法院调解平台开展在线调解，并邀请人大代表、司法局资深人民调解员参与调解。人大代表、调解员借助川渝两地的地缘优势，分别从法、理、情多方面对双方当事人开展释法析理工作。一方面，向奚某耐心释法，多角度分析利弊得失。奚某最终同意支付薪酬，但表示限于自身经济状况，无法一次性足额支付；另一方面，向村民温情说理，让村民知晓奚某的现实困难。同时，向双方当事人释明可能的诉讼结果，引导双方达成按比例分期支付薪酬的调解方案。随后，两地调解员组织8案当事人线上逐个核对欠薪明细，并在线签订调解协议。 3.类案示范调解，完成一揽子解纷。对于没有参与此次调解、对抗情绪较大的村民，调解员登门拜访、耐心劝导，整理归纳剩余40件纠纷，梳理其中的共性和个性要素，向村民一一释法明理，充分发挥示范调解引领作用，最终促成剩余40件纠纷参照“示范调解”达成协议。","本系列纠纷虽然标的额不大，但双方当事人分别居住在四川、 重庆两地，且涉及老年人较多，如果不能妥善化解，不利于保障劳动者合法权益。两地法院打破区域壁垒，通过司法协作机制，邀请人大代表、两地调解组织、基层组织等力量共同参与调解，并将调解现场分别设在川渝两地，依托调解平台为两地当事人搭建“屏对屏”的交流渠道，充分发挥参与各方调解优势，通过联调联动、跨域协作，促成8起纠纷高效化解，不仅降低当事人解纷成本，有力保障老年人合法权益，还通过示范调解机制，促成40起潜在批量纠纷实质化解在成讼前，切实维护社会和谐稳定。","《中华人民共和国民法典》第509条 《保障农民工工资支付条例》（中华人民共和国国务院令第724号）第3条","\N","","2026-01-27 09:50:33","2026-01-27 09:50:33","10a31f88032877fc2c54973ec5910fac","\N","20260426"
"3262","人民法院案例库","https://rmfyalk.court.gov.cn","民事-环境污染责任纠纷","2024-11-2-377-002","山东省高级人民法院","民事,环境污染责任,环资,噪声污染,安宁权","再审","2023.08.15","02","<p>　　原告王某诉称：1.判决被告停止制造噪音、排放空气污染物等侵害，排除对原告正常居住和生活的妨碍；2.判决被告支付双方协议规定的每年赔偿款20000元；3.判令被告承担全部诉讼费用。<br/>　　被告临沂某公司辩称：对于原告诉讼请求均不予认可，且原告的事实与理由也与事实严重不符。公司自成立以来，一直严格按照相关规定进行合法经营，并没有原告所称的噪音与环境污染，也没有与原告签订任何所谓的赔偿协议。<br/>　　法院经审理查明，原告王某系莒南县壮岗镇某村村民。在本村村外建设养殖设施一处，后在该养殖设施处建设房屋并居住。2019年10月25日，被告临沂某公司成立，并在原告居住地东邻建设耐火材料生产车间等。被告未批先建、未验先投，被临沂市生态环境局处罚，原告也多次投诉。但在被告申请环境影响行政审批时，原告作为相邻关系人签字同意。2020年10月20日，原告收到被告的法定代表人王某宁银行转账20000元。2020年11月3日，临沂临港经济开发区行政审批服务局印发《关于临沂某公司年产耐火材料36000吨项目环境影响报告表的批复》，主要内容：“……在全面落实报告表及评估报告提出的环境保护措施后，污染物可达标排放，主要污染物排放总量符合临沂市生态环境局核定的总量控制要求。二、项目设计、建设和运行管理中应重点做好以下工作……（三）严格落实噪声污染防治措施。采用低噪音设备，采取隔声、消音、减振、增距、绿化等降噪措施后，厂界噪声须满足《工业企业厂界环境噪声排放标准》（GB12348-2008）3类标准要求……”<br/>　　原告到临沂市生态环境局临港经济开发区分局投诉被告时，该局组织检测机构对噪音等进行检测。一审法院从该局调取了一份山东冠嘉（检）字［2021］年第XXX号检测报告，主要内容为：“项目名称：临沂某公司噪音检测 委托单位：临沂某公司检测类别：委托检测采样日期：2021年4月9日项目类别：厂界噪音检测点位：厂界四周检测项目：噪音检测频次：昼夜各1次，共4个点位，检测一天采样方法：GB12348-2008《工业企业厂界环境噪声排放标准》检测结果（db（A））厂界东昼间54.5　夜间46.5　厂界南昼间53.8　夜间47.1　厂界西昼间54　夜间47.3　厂界北昼间54.4　夜间47.5。”原告在起诉时提交委托检测报告两份。其中一份主要内容：“样品名称：工业企业厂界环境噪音委托单位：王某检测机构：山东国某环境检测有限公司检测日期：2020年6月13日……结论：检测点位1、2、4判定为不合格……”另一份临沂和某环境检测有限公司检测报告，主要内容：“项目名称：噪音 委托单位：王某 采样地址：莒南县某村（备注：王某家中）检测日期：2021年12月7日……测点编号：1#测点位置：院内昼间等效连续A声级：59.2夜间等效连续A声级：55.6测点编号：2#测点位置：卧室昼间等效连续A声级：47.6夜间等效连续A声级：43.7噪音源：工业生产。”被告在庭审中亦提交委托检测报告。报告日期为2020年12月17日的山东某衡环境检测有限公司检测报告主要内容：“……厂界噪声检测结果一览表单位：db（A）1#东厂界昼间53.2　夜间47.1　2#南厂界昼间53.9　夜间50.6　3#车间西侧昼间61.1　夜间52.4　4#北厂界昼间57　夜间51.9　备注：1.检测期间企业24h连续生产，无法检测背景噪声。2.以上结果满足《工业企业厂界环境噪声排放标准》（GB12348-2008）表1三类限值要求（昼间≤65夜间≤55）。”报告日期为2021年4月11日的山东某衡环境检测有限公司检测报告主要内容：“项目名称：临沂某公司噪声检测……检测时间2021-04-09单位：db(A)厂界东昼间54.5　夜间46.5　厂界南昼间53.8　夜间47.1　厂界西昼间54　夜间47.3　厂界北昼间54.4　夜间47.5　备注：检测结果仅对本次采样负责。”报告日期为2021年4月22日的山东某一检测技术有限公司检测报告主要内容：“……噪声检测结果一览表单位：db(A)1#厂界东1m处昼间等级声级2021-04-1755.22021-04-1858.9　2#厂界南1m处昼间等级声级2021-04-1752.92021-04-1855.13#厂界西1m处昼间等级声级2021-04-1751.22021-04-1857.44#厂界北1m处昼间等级声级2021-04-1756.32021-04-1855.6……3.企业夜间不生产。”报告日期为2021年12月27日的山东某衡环境检测有限公司检测报告主要内容：“厂界噪声检测结果一览表单位：db(A)1#东厂界昼间55.3夜间44.92#南厂界昼间56.7夜间41.33#西厂界昼间57.5夜间454#北厂界昼间58.2夜间47.5备注：检测期间企业24h连续生产，无法检测背景噪声。”<br/>　　山东省莒南县人民法院于2022年12月9日作出（2022）鲁1327民初633号民事判决：一、被告临沂某公司于本判决生效后三日内支付原告王某2022年度精神损害赔偿金3600元；二、被告临沂某公司于本判决生效后，从2023年始至被告停止当前生产行为或者改进生产工艺，重新获得行政机关环境影响批复文件止，于每年12月31日前支付原告王某当年度精神损害赔偿金3600元；三、驳回原告王某的其他诉讼请求。宣判后，王某提起上诉。山东省临沂市中级人民法院于2023年3月13日作出（2023）鲁13民终1516号民事判决：驳回上诉，维持原判。王某不服，向山东省高级人民法院申请再审。山东省高级人民法院于2023年8月15日作出（2023）鲁民申8890号民事裁定：驳回王某的再审申请。</p>","<p>　　法院生效裁判认为：环境噪声是指在工业生产、建筑施工、交通运输和社会生活中所产生的干扰周围生活环境的声音。环境噪声污染，是指所产生的环境噪声超过国家规定的环境噪声排放标准，并干扰他人正常生活、工作和学习的现象。在环境污染侵权纠纷案件中，受害人对其所受损害及侵害人实施侵害行为承担举证责任，而侵害人对于不承担责任或减轻责任及其行为与损害之间不存在因果关系承担举证责任。双方当事人争议焦点：（一）被告的生产行为是否构成噪声环境污染；（二）被告的生产行为如造成噪声污染，给原告造成的损失的范围及大小。<br/>　　关于争议焦点一。原告主张被告的生产行为构成噪声污染，并提供了委托检测报告作为证据，被告辩称并不构成噪声污染，亦提供了多份委托检测报告作为证据，并对是否构成噪声污染申请进行司法鉴定，但法院委托进行司法鉴定未果。噪声在客观上存在不稳定性和不规律性，在原被告委托及法院委托检测时，一方面存在检测的具体位置并不一致，另一方面存在检测时环境并不一致等客观现实，再加上客观上可能存在人为干扰现象，难以保证检测结果的客观性、真实性、准确性。但从举证责任分配角度来看，被告申请重新检测，经过合法程序后仍不能得出鉴定结论，相关不利的后果应由承担举证责任的一方即被告承担，且被告委托鉴定的噪音检测结果均系是否符合工厂企业厂界的噪声限值标准。一审法院依职权在行政机关调取的检测报告中载明“厂界西昼间54，夜间47.3”，虽然目前农村地区居住区域的环境噪声没有具体限值标准，但可以参照城市居住区域环境噪声昼间55分贝，夜间45分贝的最高限值的规定，甚至应该采用更高限值要求与标准，尤其原告作为被告厂区相邻关系人，在被告建设生产车间之前即在此居住，结合双方当事人委托鉴定结果以及一审法院调取的行政机关调查时委托检测结果，可以认定被告生产行为产生的噪声给原告正常生活造成一定的困扰，侵害了原告的安宁权。原告还主张被告承担大气污染侵权责任，被告提供的相关证据中亦存在大气排放物排放的检测数据，但大气排放物是否对原告造成侵害，还与天气、风向等诸多客观因素存在关联性，被告的大气排放物是否超标以及是否对原告造成损害及范围与大小，双方均未提供证据予以证实，无法认定被告排放气体的行为是否对原告构成损害及损害范围与大小。<br/>　　关于争议焦点二。按照相关法律规定要求，可能产生环境污染的工业企业新建、改建及扩建项目，必须在建设前申请相关行政机关进行环境影响审批，否则不得建设并投入生产。本案中，被告在进行环境影响行政审批时，原告作为相邻关系人，应该对被告的生产行为是否存在环境污染进行监督，但原告在获得被告20000元现金后，在行政机关审批时并未提出异议。相邻当事人之间一方正当行使权利时，另一方负有一定程度的容忍义务，但该容忍限度不能超过一般人可容忍的限度。按照环境侵权责任纠纷举证责任分配规则，原告仍应对被告侵权行为给自己造成的损失后果即范围及大小负有举证责任。原告主张被告每年赔偿损失20000元，其依据主要是原告同意被告获得环境影响行政审批被告给予20000元的事实，而对于是否系每年给予赔偿20000元证据不足，且本案是侵权责任纠纷，原告要求被告承担的是环境侵权责任，而不是违约责任。环境污染责任适用无过错责任原则。综合被告获得环境影响批复文件时原告签字同意，被告法定代表人支付原告20000元现金，原告现居住的原本是养殖区而非宅基地上房屋等事实和因素，本着衡平双方利益，促进相邻关系和睦的基本原则，酌情认定被告每年给予原告一定精神损害赔偿金，从2022年开始，于每年12月31日前支付原告当年度精神损害赔偿金3600元，直至被告停止当前生产行为或者改进生产工艺，重新获得行政机关环境影响批复文件为止。</p>","<p>《最高人民法院关于生态环境侵权民事诉讼证据的若干规定》（法释〔2023〕6号）第二十五条规定，负有环境资源保护监督管理职责的部门及其所属或者委托的监测机构在行政执法过程中收集的监测数据、形成的事件调查报告、检验检测报告、评估报告等材料，以及公安机关单独或者会同负有环境资源保护监督管理职责的部门提取样品进行检测获取的数据，经当事人质证，可以作为认定案件事实的根据。在认定当事人的生产行为产生的声音是否超出了一般人的容忍度、侵害了相邻人的安宁权时，可以从环境侵权举证责任分配角度分析，并结合行政机关行政执法调查时委托检测的数值来综合评判。</p>","<p>　　《中华人民共和国民法典》第9条、第1166条、第1229条、第1230条<br/>　　《最高人民法院关于生态环境侵权民事诉讼证据的若干规定》（法释〔2023〕6号）第25条</p><br/>######<p>　　一审：山东省莒南县人民法院（2022）鲁1327民初633号民事判决（2022年12月9日）<br/>　　二审：山东省临沂市中级人民法院（2023）鲁13民终1516号民事判决（2023年3月13日）<br/>　　再审审查：山东省高级人民法院（2023）鲁民申8890号民事裁定（2023年8月15日）</p>","\N","\N","2026-01-21 10:27:30","2026-01-21 10:27:30","10f747e40897ba96388aa1ad52f022f7","\N","20260426"
"29211","多元解纷案例库","https://dyjfalk.court.gov.cn/site/case/c3e80fc3-df20-4ea6-8711-76140ca63451","民事-土地承包经营权纠纷","D2026-161-1-061-171","来凤县人民法院","民事,土地承包经营权纠纷,土地征收补偿,府院联动,示范调解,综治中心,多元解纷案例库","","2026-03-31","\N","某县启动某产业园建设项目，需征收某村范围内集体土地，陈某等17户村民的承包土地在征收范围内。陈某与某村委会签订《收回承包土地经营权协议书》，协议约定：某村委会收回陈某承包经营土地面积2242.72平方米（折合3.3641亩），应向其支付土地补偿费、安置费、青苗费合计187380.37元。协议签订后，某村委会因集体资金调配、征地补偿款拨付流程等问题，未按约向陈某支付补偿款。陈某多次与某村委会协商未果诉至法院，要求某村委会支付补偿款。","法院收到起诉材料后，经了解，该村另有16户涉土地征收补偿的村民也因相同原因与村委会产生纠纷，该16户村民持观望态度。部分村民明确表示，若纠纷未能妥善解决，将起诉要求支付补偿款。考虑到涉及村民人数较多、关系切身利益，为妥善化解纠纷，征得当事人同意后，由综治中心统筹，协调该村驻村工作队、村集体经济组织组成调解小组开展先行调解工作，并指派入驻综治中心法官提供法律指导。调解小组先通过检索多元解纷案例库，发现类案案例（入库编号D2025-161-1-135-817）中有通过“府院联动+示范调解”化解的案例，遂决定参考该解纷方法化解本案纠纷，并开展以下工作： 一是了解案情，确定争议焦点。调解小组邀请陈某及某村委会到综治中心调解室沟通。调解员首先倾听陈某的诉求，了解到其核心诉求为尽快拿到补偿款用于家庭生产生活；随后与某村委会深入交流，了解到该村委会并非故意拖欠，而是因县级财政未将产业园征地补偿款全部拨付到位，且集体资金需履行村民代表大会审批流程，导致付款延迟。调解小组迅速确定本案争议焦点：某村委会能否在合理期限内足额支付土地补偿款，以及付款期限如何具体约定。 二是释法明理，消除对立情绪。针对争议焦点，调解员向某村委会释明《民法典》《农村土地承包法》中关于土地承包经营权征收补偿的相关规定，明确村委会与村民签订的补偿协议具有法律约束力，逾期支付需承担违约责任；同时向陈某解释基层集体资金使用的审批流程与财政拨付的客观情况，引导其理解村委会的实际困难；驻村工作队也从中协调，向陈某承诺监督村委会加快资金审批与拨付进度，有效消除了双方的对立情绪，为后续调解奠定基础。 三是府院联动，校准心理预期。考虑到涉及村民人数较多，为做好化解工作，法院依托府院联动机制，邀请镇政府、司法所及财政局参与调解。镇政府工作人员向村民代表阐明某村委会对当地就业和经济发展的积极作用，引导村民从“个体短期利益”向“集体长期发展”转变，理性看待补偿款拨付延迟问题；司法所指派专职律师现场为某村委会梳理违约责任条款，结合类似案例说明逾期付款的法律后果，督促其制定切实可行的资金筹措方案；财政局工作人员向双方说明征地补偿款的县级拨付流程与进度节点，出具书面的资金拨付时间表，消除村民对“补偿款被挪用”的顾虑。各方紧扣土地征收补偿数额，结合某村委会实际困境及相关法律规定，经过多轮沟通协调，逐步缩小各方预期差距。 四是示范调解，推动批量化解。针对17户村民诉求高度一致的特点，调解小组优先选取陈某一案作为示范案例进行调解，并邀请其他村民代表旁听调解过程。调解员向某村委会传达村民的实际困难和生活压力，分析调解不成进入审理程序后可能面临的法律后果以及对村委会声誉的影响；驻村工作队充分发挥其身份优势，劝导某村委会换位思考，促使其认识到拖欠支付补偿款对村民生产生活造成的不利影响；指导法官向某村委会释明，根据《民法典》的相关规定，其具有支付土地征收补偿款的义务，若逾期支付需承担违约责任。此举有效推动了调解进程，某村委会表示以征地资金未全额拨付为由拖欠土地征收补偿款确有不妥，其原意多途径筹措资金兑付。陈某及村民代表对调解小组的释法说理非常满意，双方最终达成30日内支付的调解协议。在陈某一案调解方案达成后，调解员参照该案调解方案，积极开展批量调解工作，最终促使剩余纠纷全部达成调解协议。调解后，法院与财政局、镇政府建立联动监督机制，跟踪某村委会补偿款的拨付与支付进度，确保协议按期履行。至此，该系列纠纷得以高效化解。","本案系农村土地征收补偿引发的批量纠纷，关乎农民切身利益与乡村振兴发展，具有涉及人数多、关联性强、政策性强等特点，若不能及时妥善化解，易激化矛盾。本案中，在综治中心统筹下，法院联动驻村工作队、村集体经济组织等基层解纷力量组成调解小组，从维护各方合法权益出发，充分发挥各自职能及专业优势，逐步推进纠纷化解工作。其中，驻村工作队依托基层治理优势，协助沟通疏导民情；村集体经济组织发挥专业调解作用，提高沟通效率；指导法官指导调解员结合案情制定调解方案，促推纠纷快速化解。调解过程中，调解小组通过深入了解案情，确定争议焦点，为化解纠纷明确方向。联合开展释法明理，化解当事人对立情绪，夯实调解基础。针对双方顾虑，通过府院联动，由相关政府职能部门开展释明，有效校准心理预期，避免调解陷入僵局。在双方形成初步共识后，以“示范调解+约期履行”作为破局关键，通过示范调处已诉案件、推动某村委会约期兑现款项，切实打消未诉村民的顾虑，最终促成已诉和未诉纠纷得以一揽子化解，实现了“调解一案、化解一片”的良好效果，有力保障村民合法权益，切实维护基层稳定。","《中华人民共和国民法典》第243条、第338条 《中华人民共和国农村土地承包法》（2018年修正）第17条","\N","","2026-04-09 17:03:24","2026-04-09 17:03:24","110b591386c5e005b8b59abb7a24ef3c","\N","20260426"
"5967","多元解纷案例库","https://dyjfalk.court.gov.cn/site/case/661b4bbd-7649-40f3-a25a-a10d9db09f17","民事-婚约财产纠纷","D2025-161-1-012-1044","成县人民法院","民事,婚约财产纠纷,返还彩礼,“法院+妇联”联合化解","","2025-12-31","\N","李某与贺某甲系同村村民，双方确立恋爱关系后，为缔结婚姻，李某根据当地风俗习惯向贺某甲父母贺某乙、刘某支付12.6万元作为彩礼，并为贺某甲购买金饰，另有订婚仪式、红包等相关花费4万元。后双方在婚礼筹备及结婚登记时，因贺某甲及刘某提出必须“先购房后结婚”，而李某表示经济能力有限无力立即购房，主张“先结婚后购房”，双方因此产生严重分歧。李某要求解除婚约并要求贺某甲及其父母返还全部彩礼、首饰及其他花费。因多次协商未果，李某诉至法院，要求贺某甲、贺某乙、刘某返还彩礼12.6万元、其它花费4万元及全部金饰。","法院收到起诉材料后，认为本案属于典型的婚约财产纠纷，此类纠纷不仅涉及法律关于彩礼返还条件的认定，更紧密关联地方婚俗习惯、人情事理及当事人情感纠葛。考虑到案涉纠纷发生于同村村民之间，如不能妥善化解，可能加剧邻里矛盾，而女性调解员通常更具亲和力和共情力，在处理涉情感、婚恋纠纷方面具有独特优势，故法院委托“法院+妇联”联合指导设立的具有家事调解专长的“巾帼工作室”进行调解。调解员收到案件材料后，制定周密的调解方案，运用“三步走”心理疏导策略，逐步推进调解工作。 第一步，疏导情绪，建立信任基础。调解员未急于组织双方当面调解，而是认真阅看案件材料，逐项核实彩礼支付凭证及贵重物品清单后，明确双方争议焦点：李某要求退还彩礼及其他花费16.6万元和首饰，贺某甲仅愿意退还少部分。鉴于双方情绪严重对立，调解员采取“背靠背”方式，耐心倾听双方陈述，努力与之共情，为其提供情绪出口，有效拉近心理距离，初步建立信任。 第二步，乡俗渗透，软化对立立场。在取得初步信任后，调解员组织双方“面对面”调解，巧妙引入公序良俗和乡规民约习俗，分析相关花费性质：向李某释明4万元其它费用中，相当一部分用于“彩门”“订婚”等仪式且双方家属均有参与，全部归还与当地风俗不符，同时以“低头不见抬头见”“好聚好散”等民间传统智慧劝导双方着眼长远，维护邻里和睦，引导双方放下对立情绪，回归理性协商。 第三步，释法明理，奠定解纷共识。在情理铺垫基础上，调解员从法律层面告知贺某甲、贺某乙及刘某婚约期间给付的大额彩礼、贵重首饰通常被视为以缔结婚姻为目的的赠与，属附条件赠与行为。当婚约解除，结婚目的无法实现时，赠与条件不复存在，接收赠与一方继续占有财物即丧失法律依据，应予返还。此外，还通过案件类比方法，列举已生效婚约财产纠纷案例，消除贺某乙和刘某“不愿退”“不用退”的认知误区。同时，从情理角度出发，向贺某甲、贺某乙和刘某说明李某及其家庭因支付高额彩礼而陷入经济困境的实际，引导其换位思考，体谅李某在情感和经济上的付出，最终促成双方就彩礼返还达成一致意见。双方当场握手言和，表示今后将和睦相处。","本案系婚约财产纠纷，且当事人双方均为同村村民，如不能妥善化解，不利于后续和平相处。为此，依托“法院+妇联”联合设立的“巾帼调解室”，法院委托擅长此类纠纷的调解员开展调解，有效衔接司法专业力量与基层治理资源，充分发挥调解员具有家事调解专长的优势，“以情感疏导为基础，以乡俗民约为纽带，以法律释明为关键”，将法律刚性与乡约柔性以及伦理情感相融合，精准挖掘双方利益平衡点，先稳控情绪再实质解纷，通过“情、理、法”深度融合，缓解双方对立情绪，以案释法，消除当事人对于婚约财产的认知误区，引导双方着眼长远，换位思考，在法律框架内实现纠纷妥善化解，做到案结事了人和。","《最高人民法院关于适用〈中华人民共和国民法典〉婚姻家庭编的解释（一）》第5条 《最高人民法院关于审理涉彩礼纠纷案件适用法律若干问题的规定》第2条、第3条","\N","","2026-01-27 09:48:12","2026-02-03 09:38:37","110bcecd0b9f3ada7e302540b093cdfa","\N","20260426"
"3697","人民法院案例库","https://rmfyalk.court.gov.cn","民事-环境污染责任纠纷","2023-11-2-377-003","格尔木市人民法院","民事,环境污染责任,固体废物污染,防止污染扩大,消除危险,合理费用,不作为,损害结果扩大","一审","2022.08.11","02","<p>　　青海省格尔木某集团公司诉称：2006年2月23日，其与格尔木某发展公司签订一份《租地合同书》，约定格尔木某发展公司租赁青海省格尔木某集团公司的场地用于建设选矿厂、放置选矿设备及进行选矿加工；期限自2006年3月1日至2016年3月1日。租赁之前青海省格尔木某集团公司的场地是自然空地，格尔木某发展公司在使用场地期间遗留数万吨尾矿渣未处理。2013年1月，格尔木某发展公司因负第三人1000万元债务，向第三人出具一份《还款协议》（复印件），将上述租赁场地上的选矿厂及设备抵押给第三人。2016年7月1日格尔木某发展公司与第三人签订一份《场地使用权转让合同》（复印件），亦认可第三人提交2016年7月1日与青海省格尔木某集团公司子公司与河西某公司签订的《场地租赁合同》，认可第三人租赁案涉土地用于仓储、停放车辆，没有生产及堆存矿渣的行为。2019年4月4日，河西某公司与第三人签订《场地租赁合同》，将上述土地租赁给第三人，期限自2019年3月1日至2022年2月28日。2019年12月青海省环境科学研究设计院有限公司作出《格尔木市历史遗留尾矿渣堆存地块调查及安全处置项目（鉴别及处置方案编制）》，其中对格尔木某发展公司尾矿渣性质进行判别。2020年10月 22日第三人向河西某公司出具《承诺书》，称其对格尔木某发展公司遗留的尾矿无能力处置，同意由政府或河西某公司处置。青（2019）格尔木市不动产权第000433*号《不动产权利证书》载明格尔木某发展公司堆存尾矿渣的场地权属于青海省格尔木某集团公司所有。因政府职能部门联系不到格尔木某发展公司，认为青海省格尔木某集团公司作为土地权属人应对地上堆存尾款渣进行治理，格尔木市生态环境局于2021年4月14日、17日陆续向青海省格尔木某集团公司下发督办通知，要求青海省格尔木某集团公司妥善解决金鑫历史遗留尾矿渣堆处置工作。青海省格尔木某集团公司对案涉租地存在的尾矿拍摄了现场照片，并委托河西某公司于2022年1月7日与格尔木某环保公司签订《一般固体废物处置合同》，约定由格尔木某环保公司对案涉尾矿渣进行处置，每吨108元，预估治理2.5万吨，实际治理24188.91吨，青海省格尔木某集团公司共支付格尔木某环保公司2612402.28元治理费，因该尾矿为格尔木某发展公司租赁期间进行选矿所遗留的废物，按照原、格尔木某发展公司签订《租地合同书》及环保法律、法规要求，格尔木某发展公司有义务将该尾矿渣清理干净。青海省格尔木某集团公司向本院提出诉讼请求：1.判令格尔木某发展公司支付青海省格尔木某集团公司尾矿渣处置费 270万元；2.本案诉讼费由格尔木某发展公司承担。<br/>　　格尔木某发展公司未提出答辩意见。<br/>　　第三人述称，对青海省格尔木某集团公司提交的《不动产权证书》及《租地合同书》的真实性不确定，认为与第三人无关。对青海省格尔木某集团公司提交的《还款承诺书》真实性认可，但格尔木某发展公司并未实际履行。2016年7月1日第三人与河西某公司签订一份《场地租赁合同》（复印件），同日，应河西某公司要求格尔木某发展公司与第三人签订一份《场地使用权转让合同》，在2019年4月4日第三人与河西某公司续签一份《场地租赁合同》。第三人租用场地只是用于仓储，没有从事过选矿等活动，也没有让其他人使用，场地上的尾矿渣在第三人承租前就已经存在。后政府部门要求处理场地上的尾矿渣，第三人应河西某公司要求向其出具《承诺书》，第三人认为系处理尾矿可能会有一些收益。第三人对青海省格尔木某集团公司提交的其他证据情况均不知情，认为青海省格尔木某集团公司主张格尔木某发展公司承担270万元治理费用有失公允，所主张的数额没有相关依据。<br/>　　法院经审理查明：2006年2月23日，青海省格尔木某集团公司、格尔木某发展公司签订《租地合同书》，约定格尔木某发展公司租赁青海省格尔木某集团公司位于河西农场八队至九队自然沟以西格茫公路以北的30亩土地用于生产经营活动，期限自2006年3月1日至2016年3月1日；约定格尔木某发展公司负保护好当地的生态环境、不能破坏植被、不能造成土地及环境污染的义务；约定合同终止时，格尔木某发展公司负清理干净地面上建筑物、垃圾并将土地恢复原样的义务。<br/>　　格尔木某发展公司2001年1月8日成立，2005年3月29日至2009年3月28日经营范围为：铅矿、锌矿、铜矿加工、销售；2009年3月29日变更登记至2020年3月28日经营范围为：铅矿、锌矿、铜矿销售。<br/>　　2016年7月1日，格尔木某发展公司与第三人签订一份《场地使用权转让合同》载明：格尔木某发展公司租赁案涉30亩场地使用权到期，不再续签，拟将该场地使用权转让给第三人用于仓储，期限为一年。同日，河西某公司与第三人签订一份《场地租赁合同》，约定第三人租用河西某公司50亩场地用于仓储，期限自2016年3月1日起至2019年2月28日止。2019年4月4日，河西某公司与第三人签订一份《场地租赁合同》，约定第三人租用河西某公司50亩场地用于仓储，租赁期限自2019年3月1日至2022年2月 28日。<br/>　　2019年12月青海省环境科学研究设计院有限公司出具《格尔木市历史遗留尾矿渣堆存地块调查及安全处置项目》报告，其中载明尾矿渣遗留地位于格尔木市区西30公里的S303道路旁，尾矿渣遗留地周边有枸杞种地耕地和地表水流经，尾矿渣遗留地遗留工业固废为铅锌选矿尾矿渣，尾矿渣堆存于空旷地，地面积约为113500平方米；通过技术测量，得出尾矿渣堆存量为8338.3立方米，判定为第Ⅱ类一般工业固体废物。并提出三种处理方案，分别为清运至格尔木市工业废渣集中处置中心进行安全填埋、新建废渣填埋场进行安全填埋及资源化再选处置。<br/>　　2020年1月9日，格尔木市自然资源局作出格自然资函﹝2020﹞13号《关于确认格尔木历史遗留尾矿渣堆存地块用地归属函的复函》，其中载明：金鑫尾矿渣堆存地块权属于农垦集团，位于河西农场。<br/>　　2021年4月14日，格尔木市生态环境局向青海省格尔木某集团公司作出格生督﹝2021﹞5号《督办通知》，其中载明：2020年6月2日，市政府召开第十四届人民政府第39次常务会议，会议决定按照属地化管理要求，将金鑫历史遗留尾矿渣堆存地块交由青海省格尔木某集团公司处置。<br/>　　2022年1月7日河西某公司与格尔木某环保公司签订《一般固体废物处置合同》，约定由格尔木某环保公司安全处置青海省格尔木某集团公司辖区历史遗留尾矿，处置量按照实际清运量核算，处置单价每吨108元，备注含运输费、机械费、清运费、二次倒运费、职防费、处置费、现场平整（清运点）、三防费、批次检验检测费及税费等；合同预估一般固废二类2.5万吨。2022年1月21日中国农业银行《网上银行电子回单》显示：2022年1月21日河西某公司向格尔木某环保公司转款612402.28元，附言为固废处置费。格尔木某环保公司向河西某公司开具金额共计2612402.28元的青海增值税普通发票二十七张，其中载明货物或应税劳务、服务名称为一般固废尾矿渣处理费。<br/>　　青海省格尔木市人民法院于2022年8月11日作出（2022）青2801民初545号民事判决书，判决：1.格尔木某发展公司返还青海省格尔木某集团公司支出的治理费2220541.94元，于本判决生效之日起十日内付清；2.驳回青海省格尔木某集团公司的其他诉讼请求。宣判后，当事人未提出上诉，一审判决已发生法律效力。</p>","<p>　　法院生效裁判认为，本案侵权行为发生在民法典实施前，但损害结果持续至民法典施行后，应适用民法典的规定。环境污染和生态破坏责任是指行为人因污染环境，造成他人民事权益损害而应当承担的侵权责任。原、格尔木某发展公司签订的《租地合同书》约定格尔木某发展公司租赁场地用于建设选矿厂、放置选矿设备及进行选矿加工，结合格尔木某发展公司的经营范围可见其至此之前在案涉场地存在选矿行为；青海省格尔木某集团公司自认第三人在租赁期间没有生产及堆存矿渣的行为，综上，青海省格尔木某集团公司主张格尔木某发展公司在案涉场地中存在堆存尾矿渣的行为，法院予以采信。<br/>　　格尔木某发展公司向青海省格尔木某集团公司返还场地时依法依约均应将堆存的尾矿进行合理、合法的处置。2021年4月14日，格尔木市生态环境局向青海省格尔木某集团公司作出格生督﹝2021﹞5号《督办通知》，将格尔木某发展公司历史遗留尾矿渣堆存地块交由青海省格尔木某集团公司处置，青海省格尔木某集团公司亦因无法与格尔木某发展公司取得联系，与格尔木某环保公司签订《一般固体废物处置合同》，对格尔木某发展公司堆存尾矿渣中的24188.91吨已进行治理，对此提供证据证实，故青海省格尔木某集团公司主张其产生治理费2612402.28元法院予以确认。<br/>　　双方《租地合同书》明确约定格尔木某发展公司负不能造成环境污染及合同终止时将土地恢复原样的义务，由此可见青海省格尔木某集团公司明知环保政策，对格尔木某发展公司在履行合同过程时可能存在环境污染有预测性。双方自2006年起存在合同关系，根据《格尔木市历史遗留尾矿渣堆存地块调查及安全处置项目》证实格尔木某发展公司在青海省格尔木某集团公司场地堆存的尾矿量巨大，期间青海省格尔木某集团公司作为出租方对格尔木某发展公司持续多年堆存尾矿渣的行为未制止亦未要求及时处置，在合同关系终止后继而又与第三人签订出租协议，直至政府决定按照属地化管理要求，格尔木市生态环境局向青海省格尔木某集团公司作出《督办通知》后，青海省格尔木某集团公司才实施救济行为，其不作为的态度对损害结果的扩大产生影响，根据双方对损害结果所起的作用，酌情确定青海省格尔木某集团公司承担15%的责任，即其中391860.34元治理费用由青海省格尔木某集团公司自行承担，以此警示企业重视权属区域内环境保护问题。</p>","<p>环境污染和生态破坏责任具有私害性和公害性的双重特点，民事主体在订立、履行涉环境资源合同法律关系时，应尽到合理的监督提醒和注意义务。被侵权人长期不作为致使污染或破坏状态持续扩大的，应综合侵权行为隐蔽状态、持续时间及损害结果的大小承担相应的责任。</p>","<p>　　《中华人民共和国民法典》第1229条、第1234条</p><br/>######<p>　　一审：青海省格尔木市人民法院（2022）青2801民初545号民事判决（2022年8月11日）</p>","\N","\N","2026-01-21 10:27:30","2026-01-21 10:27:30","111d156637a98041d6bc662673c098ec","\N","20260426"
"7734","多元解纷案例库","https://dyjfalk.court.gov.cn/site/case/d48e7dd1-8670-48df-8b76-411767acd0b0","民事-劳务合同纠纷","D2025-161-1-139-160","靖安县人民法院","民事,劳务合同纠纷,拖欠农民工劳务报酬,综治中心,“1+N”多元联调机制","","2025-02-10","\N","某建设工程公司是某项目工地总承包方，其将部分项目分包给某基础工程公司，某基础工程公司雇佣余某等14名农民工在该工地务工。完工后，某基础工程公司未与农民工结算劳务报酬，亦未出具欠条。14名农民工被拖欠劳务款共89355元，多次讨要无果后，集体反映至该地区综治中心。","综治中心收到该批纠纷后，立即启动农民工维权讨薪“绿色通道”，按照“1+N”多元联调机制组织相关单位和力量开展纠纷化解工作。 一是主动对接掌握纠纷情况。综治中心调解员采取对农民工重关怀疏导、对用工主体重释法说理的策略，分头做好与双方当事人的沟通工作。一方面，将心比心理解农民工的处境，宣讲《民法典》、《保障农民工工资支付条例》等相关法律法规，安抚农民工情绪，引导依法维权。另一方面，联系某基础工程公司，核实是否存在欠付劳务报酬情况，初查具体欠付金额，告知恶意拖欠报酬可能面临的法律后果。 二是组织成员单位联合调解。因农民工与某基础工程公司未进行劳务结算，调解员认为，查明基础事实是解决双方争议的关键。故请求综治中心协调法院、住建、人社、信访等部门，组成联合调解小组，并明确各自职责分工。人社部门协助农民工梳理欠薪线索、整理证据材料；法院、住建部门联合召集项目发包方某管理局、总承包方某建设工程公司、劳务分包方某基础工程公司及农民工代表，围绕欠薪情况、协调方案、款项给付等焦点问题开展协商。 三是加强调解指导。因某基础工程公司反映其暂无履行能力，故指导法官向某建设工程公司释明其作为总承包方具有代为清偿责任，以及拒不给付的法律后果。某建设工程公司同意代为清偿拖欠款项。最终双方达成一致意见。","本纠纷系农民工追索劳务报酬纠纷，总标的额虽然不大，但涉及农民工较多，如不能妥善处理，可能会导致矛盾激化，不利于社会和谐稳定。本案中，14名农民工被拖欠劳务报酬，既没有欠条，也没有相关凭证，存在因举证不能导致败诉结果的可能。对此类纠纷，综治中心牵头组织相关部门建立调解工作小组，发挥各单位职能优势，共同核实拖欠款项，促使总承包方承担主体责任，并督促款项履行到位，有力维护农民工合法权益，实现集体欠薪纠纷“无强制、快履行、低成本、高效率”地解决。","《中华人民共和国民法典》第577条、第579条 《保障农民工工资支付条例》第30条","\N","","2026-02-03 10:12:15","2026-02-03 10:12:15","111df421b590f3b423828e77a6f79b0d","\N","20260426"
"1958","人民法院案例库","https://rmfyalk.court.gov.cn","民事-植物新品种权权属、侵权纠纷","2023-09-2-161-008","海南自由贸易港知识产权法院","民事,植物新品种临时保护期使用费,保护期,单方委托鉴定,证据的证明力","一审","2021.12.31","02","<p>　　某种业科技有限公司诉称：2021年6月18日，“都蜜5号”获得植物新品种权。同年4月，某种业科技有限公司获得其他共有品种权人授权进行维权。2019年12月13日，某种业科技有限公司发现新疆某农业科技发展有限公司销售的“世纪蜜二十五号”甜瓜种子疑似“都蜜5号”。经鉴定，“测试样品‘世纪蜜二十五号’与对比样品‘都蜜5号’无明显差异”。某种业科技有限公司提起诉讼，请求：1.判令新疆某农业科技发展有限公司停止以“世纪蜜二十五号”的名义生产、销售“都蜜5号”甜瓜种子；2.判令新疆某农业科技发展有限公司支付“都蜜5号”临时保护期内的甜瓜新品种使用费2,970,000元、合理开支30,000元，共计3,000,000元；3.判令新疆某农业科技发展有限公司承担本案诉讼费用。<br/>　　新疆某农业科技发展有限公司辩称：某种业科技有限公司的诉请不应予以支持。“世纪蜜二十五号”的母本与“都蜜5号”的母本同源，但两个品种在特性、果形、果皮颜色、果肉硬度等方面均有本质区别。鉴定报告不能作为认定案件事实的根据，不能予以采信，应重新鉴定。<br/>　　法院经审理查明：2021年6月18日，北京市某科学院、某北京公司、某种业科技有限公司获得“都蜜5号”植物新品种权。（2019）琼乐东证字1287号公证书主要载明：“二〇一九年十二月十三日上午十时二十八分至十时三十七分，本公证员及本处工作人员随同代理人来到‘其哥种子店’，代理人以消费者身份向该店选购了本保全所涉商品（世纪蜜二十五号甜瓜种子三包，生产商：新疆某农业科技发展有限公司；其哥抗裂25号甜瓜种子三包，生产商：海南其哥果业），并获得收据一张。公证人员对上述整个购买过程进行了现场保全，对上述所涉及的销售商店门面以及销售的产品及购买的商品等依据现场情况进行了不同程度的拍照。购买完成后，公证人员将所购的商品及授权代理人购买商品时得到的收据等运回我处。公证人员对购买的产品外包装、所获得的收据等进行了不同程度的拍照。拍照完毕后，公证人员将上述商品分别封装于我处文件袋中，并在前述封装的文件袋上粘贴公证处封条后返还申请人的代理人保管。”上述公证书所附收据照片显示，客户购买“世纪蜜二十五号”3包，2000粒/包，合计支付1800元。上述公证书所附购买产品外包装照片显示，“世纪蜜二十五号”品种适宜种植区域、品种主要性状、主要栽培措施及适应性、种子生产经营许可证号：（昌）农种许字（2014）第0001号、经营许可证号：（昌）农种经许字（2014）第0001号、种子检疫证号：见封口（未从公证书所附照片获取该信息），生产单位：新疆某农业科技发展有限公司，包装袋底部印有新疆某农业科技发展有限公司名称、海南总经销商：海南其哥果业及联系电话。海南省某公证处收取1285-1292号保全证据公证费共计8000元。<br/>　　2020年12月11日，某植物新品种测试中心出具植物品种田间种植对比鉴定报告，载明：“测试样品‘世纪蜜二十五号’；对比样品‘都蜜5号’；样品来源测试样品和对比样品由某北京公司提供；测试指南《植物品种特异性、一致性和稳定性测试指南 甜瓜》（NY/T2342-2013）；测试周期2020年至2020年，1个生长周期；对比结果经1个生长周期1点测试，测试样品和对比样品在65个基本性状中有0个性状有明显差异。（有明显差异性状对比表附后）；鉴定结论 测试样品和对比样品无明显差异；审查员 邓某；日期 2020年12月11日”。2020年5月19日，某科技发展中心向某北京公司开具品种测试费发票24,000元（票号73627686）。<br/>　　2021年4月9日，北京市某科学院、某北京公司授权某种业科技有限公司对“市场和制种基地的侵犯都蜜5号品种权的行为进行维权打假”，授权许可有效期至品种退市为止。某种业科技有限公司在同期提起诉讼的（2021）琼73知民初25号植物新品种临时保护期使用费纠纷一案中，补充提交授权委托书，授权某北京公司采取合法措施对任何未经合法授权生产、销售、仿冒、假冒以及侵犯和损害某种业科技有限公司的知识产权或不正当竞争行为进行维权打假，包括但不限于投诉举报、民事诉讼、证据保全、委托授权等权利。该授权委托书经某种业科技有限公司盖章，法定代表人贾某签字，未签署时间。<br/>　　2021年8月23日，某植物新品种测试中心向某北京公司出具一份《说明》，载明：“我中心受你公司委托开展‘都蜜5号’甜瓜品种田间种植对比鉴定，2020年3月26日上午收到5份测试样品种子，牛皮纸袋分别封装，纸袋背面粘贴‘海南省某公证处封条2019年12月13日’字样封条，封口处盖“海南省某公证处”印章；2020年3月26日下午收到1份对比样品种子，牛皮纸信封封装，正面书写‘品种权号：2019100000X；品种入库编号：XIN5800746X’，背面封口处盖‘某植物新品种保护办公室植物新品种保藏中心’印章”。<br/>　　新疆某农业科技发展有限公司自认从2014年起测配甜瓜种子，2017年起正式销售“世纪蜜二十五号”，经统一制作包装后销往海南、山东、河北、新疆、内蒙古。2019年6月26日至2020年底，新疆某农业科技发展有限公司将“世纪蜜二十五号”以单价0.1-0.2元/粒的价格，共向某种子店销售2,225,000粒，收取货款244,500元，截至庭审时，新疆某农业科技发展有限公司尚有“世纪蜜二十五号”库存约500-600公斤存储在位于新疆的仓库内，每公斤约28,000粒。<br/>　　2021年11月4日，新疆某农业科技发展有限公司提交鉴定申请书，请求将某种业科技有限公司经公证处封存的“世纪蜜二十五号”检测后，与“都蜜5号”委托有鉴定资质的部门予以重新鉴定。<br/>　　海南自由贸易港知识产权法院于2021年12月31日作出（2021）琼73知民初24号民事判决：一、新疆某农业科技发展有限公司于本判决生效之日起十日内向某种业科技有限公司支付临时保护期使用费及合理开支共计350,000元；二、驳回某种业科技有限公司的其他诉讼请求。宣判后，双方当事人均未提出上诉，判决已发生法律效力。</p>","<p>　　法院生效裁判认为：<br/>　　一、新疆某农业科技发展有限公司是否应向某种业科技有限公司支付植物新品种权临时保护期使用费<br/>　　“都蜜5号”临时保护期为2019年5月1日至2021年6月18日，品种权人对未经其许可，为商业目的生产或者销售该授权品种的繁殖材料的单位和个人，享有在上述期间追偿的权利。综合双方诉辩意见，某种业科技有限公司在起诉前单方自行委托农业农村部植物新品种测试中心出具的鉴定报告是否应予采信，是判定新疆某农业科技发展有限公司是否应向某种业科技有限公司支付植物新品种临时保护期使用费的前提。<br/>　　（一）关于鉴定报告是否应予采信<br/>　　鉴定报告系某种业科技有限公司在起诉前单方自行委托，在法律性质上并非鉴定意见，但作为证据宜参照法律和司法解释关于鉴定意见的审查规则，结合具体案情，对其证明力从严审查。<br/>　　关于样品来源。某种业科技有限公司提交的公证书对取证过程予以记录，某植物新品种测试中心亦出具《说明》表明其收到了带有封条，封口处盖有印章的测试样品。可见从公证处将封装的文件袋返还某北京公司保管，到某北京公司将封装文件袋邮寄至某植物新品种测试中心，文件袋封装完整。<br/>　　关于鉴定资质。某植物新品种测试中心是经农业部批准的具有相应品种检测技术水平的专业机构。考虑到目前植物新品种权领域尚无鉴定机构被司法部授予鉴定资格的情况，某种业科技有限公司委托某植物新品种测试中心进行检测，并无不当。<br/>　　关于鉴定规则和检测方法。1.田间小区种植是品种真实性和测定品种纯度的最为可靠、准确的方法。本案系由某植物新品种测试中心对“世纪蜜二十五号”测试样品与“都蜜5号”对比样品进行了植物新品种田间种植对比，对比结果在品种真实性方面应当最为准确；2.某植物新品种测试中心依据测试指南对测试样品与对比样品在甜瓜的各个生长阶段的性状进行比较，经过1个生长周期1点测试，得出二者在65个基本性状中0个性状有明显差异，得出无明显差异的结论，表明二者系同一品种。<br/>　　（二）新疆某农业科技发展有限公司重新鉴定的申请是否应予准许<br/>　　根据《最高人民法院关于审理侵害植物新品种权纠纷案件具体应用法律问题的若干规定（二）》第二十二条的规定，对鉴定意见有异议的一方当事人向人民法院申请复检、补充鉴定或者重新鉴定，但未提出合理理由和证据的，人民法院不予准许。本案中，新疆某农业科技发展有限公司未提出足以推翻鉴定报告的相反证据，也没有提出足以令人信服的理由或质疑，对新疆某农业科技发展有限公司重新鉴定的申请，法院不予准许。<br/>　　二、临时保护期使用费的负担和数额<br/>　　某种业科技有限公司请求新疆某农业科技发展有限公司支付临时保护期使用费，此外还请求支付合理开支。法律、司法解释未明确规定临时保护期使用费纠纷是否应支持权利人维权所支付的合理开支，法院认为，某种业科技有限公司基于正当理由提起诉讼所产生的合理费用，根据公平原则，应当予以支持，并且宜作为确定临时保护期使用费的考虑因素，由新疆某农业科技发展有限公司适当分担。本案中，某种业科技有限公司未提交有关品种权实施许可费的相关证据，无许可使用费可供参考。综合考虑以下因素确定本案临时保护期使用费数额：“都蜜5号”作为甜瓜品种，属于水果品种，系经济作物之一；“都蜜5号”的临时保护期为2019年5月1日至2021年6月18日；2019年6月26日至2020年底，新疆某农业科技发展有限公司将其生产的“世纪蜜二十五号”共计向乐东佛罗其哥种子店销售2,225,000粒，收到货款244,500元，目前尚有涉案种子库存约500-600公斤，上述生产、销售期间与临时保护期重合；新疆某农业科技发展有限公司销售“世纪蜜二十五号”的单价为0.1-0.2元/粒；因本案纠纷购买“世纪蜜二十五号”支付1800元，支付本案证据保全费1600元和品种测试费4800元。新疆某农业科技发展有限公司未经许可实施了生产、销售“都蜜5号”的行为，结合上述考虑因素，酌情确定新疆某农业科技发展有限公司应当支付临时保护期使用费及合理开支共计350,000元。</p>","<p>1.植物新品种权纠纷中，权利人在起诉前单方自行委托的鉴定，不是司法委托鉴定，人民法院可参照法律和司法解释关于鉴定意见的审查规则，从样品来源、鉴定资质、适用的鉴定规则和测试方法等方面，依法审查证据的证明力。<br/>　　2.临时保护期使用费纠纷中，权利人请求由未经许可生产或销售该授权品种繁殖材料的单位和个人支付其基于正当理由提起诉讼所产生的合理费用的，人民法院应当予以支持，并可作为确定临时保护期使用费的考虑因素予以考虑。</p>","<p>　　《中华人民共和国植物新品种保护条例》第33条<br/>　　《最高人民法院关于审理侵害植物新品种权纠纷案件具体应用法律问题的若干规定（2020修正）》第3条（本案适用的是《最高人民法院关于审理侵犯植物新品种权纠纷案件具体应用法律问题的若干规定》（法释[2007]第1号第3条）<br/>　　　　《最高人民法院关于审理侵害植物新品种权纠纷案件具体应用法律问题的若干规定（二）》第19条第1款、第22条</p><br/>######<p>　　一审：海南自由贸易港知识产权法院（2021）琼73知民初24号民事判决（2021年12月31日）</p>","\N","\N","2026-01-21 10:27:30","2026-01-21 10:27:30","112c70f3b7fac49676ba3a388a9cc410","\N","20260426"
"6488","多元解纷案例库","https://rmfyalk.court.gov.cn","民事-证券欺诈责任纠纷","D2025-161-1-314-568","成渝金融法院","民事,证券欺诈责任纠纷,信息披露,涉民营企业,“总对总”在线诉调对接机制,“示范性诉讼+批量化调解”机制","","2025-08-31","\N","某科技公司系民营企业，在上海证券交易所上市发行A股。2021年1月，该公司对外发布消息称收到证券监管部门的决定，该决定中载明某科技公司及其子公司在2018年4月至2020年4月期间，未经公司董事会、股东大会审议决策，违规为公司控股股东某控股公司对外借款提供担保，既未履行临时信息披露，也未在定期报告中披露相关情况，证券监管部门对该公司采取出具警示函的行政监管措施。黄某等投资者认为，其基于对该公司信息披露的信赖，在该公司虚假陈述行为实施日至更正日期间买入该公司股票，遭受巨额损失，故诉至法院，要求该公司承担赔偿责任。","法院收到起诉材料后，考虑到案涉公司在所属行业和区域经济中的影响，若批量案件进入审理程序，可能影响其重整后的生产经营发展，故依托最高人民法院与中国证监会建立的“总对总”在线诉调对接机制，邀请地方证券监管部门组成调解团队，共同开展以下工作： 一是开展府院联动，研判案件规模。证券监管部门发挥其专业优势，明确案涉监管警示函属整改提示而非行政处罚，且无投资者投诉记录，从源头降低该类纠纷批量成讼情况。通过监管部门的数据支持，预判案件规模及对某科技公司的影响，避免“一案立而百案随”的连锁反应，为后续调解工作奠定扎实基础。 二是开展示范性诉讼，发挥裁判引领作用。法院筛选具有代表性的个案形成示范判决，重点审查虚假陈述“重大性”“损失因果关系”等核心争议，确保示范判决效应最大化，适时向其余投资者更新示范诉讼进度。法院通过审理认定，案涉虚假陈述并未导致该公司股价下跌的事实，进而认定案涉虚假陈述与投资者的损失之间并无因果关系，对于先行起诉的示范案件，判决驳回诉讼请求，为后续同类平行案件提供了统一、明确的事实认定和法律适用参考标准。 三是多元调解分层推进，实现纠纷柔性化解。调解团队以生效判决确定的“无因果关系”结论为核心依据，向后续起诉的投资者充分释明裁判要旨及举证责任分配规则，帮助其评估可能的裁判结果，引导其依法理性表达诉求。对已向法院起诉案件，结合示范判决认定的“虚假陈述未影响股价”等关键事实，重点阐释关于因果关系不成立的认定标准，促使投资者主动撤回起诉；对潜在纠纷，联动证券监管部门、行业协会开展专项普法，说明监管警示函与行政处罚的性质差异，预防其他投资者提起批量诉讼。此外，通过与证券监管部门及时沟通、良性互动，促进该公司加强管理，依法依规披露信息，从源头减少纠纷发生。","本案系证券虚假陈述责任纠纷，涉及依法保护投资者权益与促进民营企业发展的平衡问题。本案依托最高人民法院与中国证监会建立的“总对总”在线诉调对接机制，由法院会同证券监管部门联动开展化解工作。调处过程中，先由证券监管部门开展提前研判和摸排，明确警示函性质，为后续化解工作奠定事实依据。之后运用“示范性诉讼+批量化调解”机制，由法院挑选具有代表性的个案形成示范判决，为后续同类平行案件提供了统一、明确的事实认定和法律适用参考标准，帮助当事人评估诉讼风险和结果，并通过法院与证券监管部门分类精准施策，逐类进行释法明理，促使投资者主动撤回起诉。通过“专业评估—风险防控—示范引领—批量化解”全链条解纷机制，不仅促使该系列纠纷得以实质化解，也推动民营企业上市公司进一步加强企业管理，从源头减少纠纷发生，实现“化解一案、预防一片”的效果。","《中华人民共和国证券法》（2019修正）第80条 《最高人民法院关于审理证券市场虚假陈述侵权民事赔偿案件的若干规定》（法释〔2022〕2号）第4条、第10条、第12条、第31条 《最高人民法院、中国证券监督管理委员会 关于全面推进证券期货纠纷多元化解机制建设的意见》（法〔2018〕305号）","\N","","2026-01-27 09:49:37","2026-01-27 09:49:37","1134556df3e0b164d7c9785fb405f18b","\N","20260426"
"2800","人民法院案例库","https://rmfyalk.court.gov.cn","民事-申请人身安全保护令","2024-07-2-442-002","平阳县人民法院","民事,申请人身安全保护令,终止恋爱关系,骚扰,暴力,不法侵害","一审","2023.03.24","02","<p>　　林某（女）和赵某原系情侣，后因双方性格不合，林某提出分手。此后，赵某通过使用暴力、进行定位跟踪、使用窃听设备、破坏家门锁与电闸、安装监控摄像头等多种形式对林某进行骚扰，严重影响了林某的正常生活与工作，且对林某的人身安全构成威胁。林某多次通过人民调解委员会与赵某调解，但赵某拒不改正。林某遂向人民法院申请人身安全保护令。<br/>　　浙江省平阳县人民法院于2023年3月24日作出（2023）浙0326民保令1号民事裁定：禁止被申请人赵某殴打、骚扰、跟踪、接触申请人林某。</p>","<p>　　法院生效裁定认为：《中华人民共和国妇女权益保障法》明确规定，禁止以恋爱、交友为由或者在终止恋爱关系、离婚之后，纠缠、骚扰妇女，泄露、传播妇女隐私和个人信息。妇女遭受上述侵害或者面临上述侵害现实危险的，可以向人民法院申请人身安全保护令。申请人提供的证据，可以证实被申请人自双方终止恋爱关系后，以不正当方式，骚扰申请人，干扰申请人的正常生活，致申请人面临侵害的现实危险，符合作出人身安全保护令的法定条件。</p>","<p>新修订的《中华人民共和国妇女权益保障法》第二十九条明确规定，禁止以恋爱、交友为由或者在终止恋爱关系、离婚之后，纠缠、骚扰妇女，泄露、传播妇女隐私和个人信息。妇女遭受上述侵害或者面临上述侵害现实危险的，可以向人民法院申请人身安全保护令。该条规定将适用人身安全保护令的主体范围由家庭成员扩大至曾经具有恋爱、婚姻关系或者以恋爱、交友为由进行接触等人群，可以更好地预防和制止发生在家庭成员以外的亲密关系中的不法行为。</p>","<p>　　《中华人民共和国妇女权益保障法》第29条</p><br/>######<p>　　一审：浙江省平阳县人民法院（2023）浙0326民保令1号民事裁定（2023年3月24日）</p>","\N","\N","2026-01-21 10:27:30","2026-01-21 10:27:30","1135ed887dc2d0ab72f4df5670f30cb8","\N","20260426"
"6280","多元解纷案例库","https://dyjfalk.court.gov.cn/site/case/aeaf6da3-a9c2-4c5c-8401-7a6e225d86fb","民事-借款合同纠纷","D2025-161-1-103-769","白石山林区基层法院","民事,借款合同纠纷,熟人借贷,小额借贷,“三步走”调解工作法,人民调解","","2025-11-05","\N","2017年12月1日，周某、孙某因子女入学急需资金，向多年好友郭某借得现金20000元，并出具借条，约定2018年9月前还清，月利率1.5%。借款到期后，二人仅支付利息3000元，本金及其余利息拖欠近七年。郭某多次催要未果，遂于2025年初诉至法院，请求周某、孙某偿还本息。","法院收到起诉材料后，考虑到本案标的额不大、法律关系清晰，且双方系多年好友，若一判了之，债务关系或许明了，但珍贵友情或许难再维系，经征得双方当事人同意，委托入驻综治中心的人民调解员开展先行调解，并指派入驻综治中心的法官指导调解。调解员采用“三步走”调解工作法开展以下工作： 一是背对背“拆心墙”，摸清双方真实诉求。在沟通中，郭某表示：当年自己也手头拮据，但为帮朋友解决孩子上学问题，特意“倒借”他人资金，反遭“忘恩负义”，情绪较激动。周某、孙某则表示：夫妻均患有慢性病，靠打零工糊口，没有还款能力，且认为郭某主张的利息早已超过本金，对高额利息抵触强烈。经沟通，调解员明确双方争议焦点主要在于周某、孙某还款能力不足以及对郭某主张的利息金额有异议。 二是面对面“搭心桥”，寻找最大公约数。由于双方对抗情绪较强，指导法官和调解员采取“先法律后道德、先共情后共赢”的递进式调解策略。指导法官依据《民法典》第674条至676条以及民间借贷司法解释，向郭某详细释明，其主张的部分利息已超出法定保护上限，且周某和孙某经济困难，若坚持判决，不但不能全额支持，还可能面临“执行不能”风险。调解员向周某、孙某告知，“欠债还钱”既是法律义务也是诚信底线，且若进入审理执行程序，可能面临失信风险，得不偿失。此外，指导法官和调解员从维系友情出发，让郭某回忆当年“救急”初心，让周某夫妇感念“雪中送炭”之情。经多轮沟通，双方回归理性协商，主动寻求调解方案。 三是点对点“破难题”，促推达成调解方案。协商过程中，双方均表明调解意向：郭某同意对利息大幅让步，但要求还款“时间短、落地快”；周某夫妇则承诺“想方设法也要一次性还清”。为平衡双方诉求和利益，调解员在法官的指导下，现场测算合法本息区间，双方对此表示认可并达成一致意见。达成调解协议后，调解员建立“履行台账+专人跟踪+到期提醒”闭环管理机制，督促当事人自动履行。最终，该纠纷得以圆满化解，双方握手言和。","本案系熟人之间的小额借贷纠纷，具有当事人关系紧密、标的额较小、矛盾易激化特点，既涉及法律责任承担，也涉及友情修复问题，通过调解方式更有利于实质化解矛盾。本案中，入驻综治中心的人民调解员在法官指导下运用“摸清诉求、搭建心桥、跟踪回访”的“三步走调解工作法”，通过“背对背”沟通摸清双方真实诉求，了解主要分歧，为调解奠定基础。调解过程中，采取“先法律后道德、先共情后共赢”的递进式调解策略，通过法律释明、诚信警戒、友情回溯等方式，促使权利人理性让步、义务人自觉履行，达成“小额首付显诚意、剩余款项一次性履行”的调解方案。达成调解协议后，通过“当场履行+跟踪回访”，督促当事人自动履行。拖欠近7年的熟人间借贷纠纷得以圆满化解，不仅依法保障了当事人合法权益，也解开了彼此“心结”，修复了破裂的友情关系，做到案结事了人和。","《中华人民共和国民法典》第674条、675条、第676条 《最高人民法院关于审理民间借贷案件适用法律若干问题的规定》第25条、第28条、第31条","\N","","2026-01-27 09:49:00","2026-02-03 09:46:40","1140d85e5d81a9d9a53f3b5d4d79a48f","\N","20260426"
"5582","人民法院案例库","https://rmfyalk.court.gov.cn","民事-财产损害赔偿纠纷","2025-07-2-043-002","柳河县人民法院","民事,财产损害赔偿,鉴定申请,必要性审查,言词证据,鉴定意见","一审","2023.06.30","02","原告董某丽诉称：2022年11月6日被告卞某珍将原告在柳河县八宝屯种植的玉米盗窃回家中，盗窃玉米面积约为0.5亩，造成原告经济损失市值约为人民币1000余元，被告不承认全部盗窃事实、不归还原告损失的玉米，原告依法提起诉讼，要求被告承担赔偿责任。 <br/>　　    卞某珍辩称，我掰的自己家的地，没偷别人的玉米。    <br/>　　    法院适用小额诉讼程序对案件进行了审理，经审理查明：董某丽与卞某珍同为向阳镇夏家村八宝屯村民。2022年秋收时，卞某珍自行将董某丽家耕种的长条地内两垄玉米（0.5亩）收走。2022年11月6日，董某丽要求卞某珍返还玉米，双方发生争吵进而厮打，后董某丽报警。经村干部、民警调解，双方未能达成一致。    <br/>　　    另查明，原告董某丽于2023年4月24日另案起诉被告卞某珍赔偿医疗费。 <br/>　　    吉林省柳河县人民法院于2023年6月30日作出（2023）吉0524民初668号民事判决：被告卞某珍于本判决生效后立即赔偿原告董某丽750元。宣判后，双方当事人均未提起上诉，判决已发生法律效力。","本案的争议焦点有二：一是被告私自收取原告玉米的行为是否合法；二是原告的损失数额如何确定；三是本案是否有必要进行司法鉴定。    <br/>　　    其一，关于被告私自收取原告玉米的行为是否合法的问题。被告卞某珍以其自家耕地被原告家侵占为由私自收取原告家0.5亩玉米作为补偿，但其并未举证证明原告有侵占其耕地的事实，根据原告董某丽提交的土地经营权证及双方庭审陈述可知，原、被告之间土地并不接壤，原告侵占被告土地的事实并不存在。故对被告关于“收取原告家玉米系合法行为”的抗辩不予支持。<br/>　　    其二，关于原告损失数额问题。庭审时，原告主张被告收取了其0.5亩地的玉米，被告认可。关于玉米产量，原告主张亩产量为2000斤，被告认为亩产量仅为1000斤，根据原告耕地的位置、质量及2022年度柳河当地的环境、气候条件，酌定原告玉米亩产量为1500斤（0.5亩产量750斤）。关于玉米价格，双方虽存在争议，但差距并不明显。原告主张的1元/斤低于双方庭审自述的当年玉米出售价格，综合考虑2022年11月2日国家粮食和物资储备局发布的《全国主要粮食品种收购价格周报》中吉林地区玉米收购价格（2642元/吨）及当地市场交易价，对原告主张的单价予以支持。综上，原告的损失为750元（750斤×1元/斤）。<br/>　　    其三，关于是否准予司法鉴定申请。原告在立案时申请通过司法鉴定确定玉米价值，对此法院认为，本案涉及的标的额较小，双方关于亩产量及玉米单价的争议不大，无需通过司法鉴定程序解决，为减轻当事人的诉累，节约诉讼成本，综合考虑双方庭审中陈述及公安机关调查询问情况，对原告的鉴定申请不予准许。","在案件审理中当事人申请司法鉴定的，人民法院应当审查启动鉴定程序的必要性。对于案件事实清楚、权利义务关系明确、法律关系简单的小标的案件，虽然双方对讼争标的物价值存在一定争议，但可以通过政府指导价、市场价或其他方式确定标的物价值的，无需通过司法鉴定程序解决，以减轻当事人的诉累，节约诉讼成本。<br/>","《中华人民共和国民法典》第238条<br/>　　《中华人民共和国民事诉讼法》（2023年修正）第165条<br/>######　　一审： 吉林省柳河县人民法院（2023）吉0524民初668号民事判决（2023年6月30日）<br/>","\N","\N","2026-01-21 10:27:30","2026-01-21 10:27:30","1147e1d1e12304f8b88fc51ddc706dc8","\N","20260426"
"1366","人民法院案例库","https://rmfyalk.court.gov.cn","民事-著作权合同纠纷","2024-09-2-146-001","上海市第一中级人民法院","民事,著作权权属合同,未来作品,合同效力,违约责任","二审","2012.05.04","02","<p>　　原告上海某娱乐信息科技有限公司（以下简称某科技公司）诉称：原告系起点中文网的运营商，被告王某系原告的签约作家。但自2010年7月起，原告发现被告在纵横中文网（www.zongheng.com）上发布其创作的名为《永生》的小说，并在博客及其言论中明确表示要离开起点中文网，不再继续履行合同约定的义务。故原告起诉，要求判令被告王某：1.继续履行《白金作者作品协议》及《委托创作协议》，停止在其他网站（包含且不限于纵横中文网www.zongheng.com）发布其创作作品的行为；2.王某承担违约金101万元；3.确认王某创作的《永生》著作权归某科技公司所有。<br/>　　被告王某辩称：1.原告没有为被告投入大量的宣传资源，网站推介的也只是网络作品而非网络写手个人。2.《白金作者作品协议》《委托创作协议》无法继续履行。《白金作者作品协议》的文本是原告提供的，大多数条款显失公平，故应被撤销。《委托创作协议》约定创作内容不明确，难以履行。3.原告并不享有《永生》作品的著作权。《永生》不属于原、被告约定的协议作品范畴，而是被告加入第三人公司后的职务作品，其著作权归属于第三人。4.原告主张的违约金数额过高。被告从原告处因讼争协议共获得10万元创作资金，即使被告构成违约，101万元的违约金显然过高，要求降低，按法律规定应不超过实际损失的30%，且原告没有实际损失产生。因此，不同意原告的诉讼请求。同时被告王某反诉诉称，双方确实于2010年1月18日签订了讼争的两份协议，但该两份协议均系原告提供的格式合同。《白金作者作品协议》显失公平，按照《中华人民共和国合同法》第五十四条第一款第二项的规定，依法应予撤销。《委托创作协议》关于委托事项的约定极不明确，无法履行，按照《中华人民共和国合同法》第四百一十条的规定，请求解除。现要求判令：1.撤销《白金作者作品协议》；2.解除《委托创作协议》。<br/>　　第三人北京某网络技术有限公司（以下简称某网络公司）述称，其与被告签订了劳动合同，《永生》是被告入职后创作的作品，属于职务作品。《永生》是集体创作的，被告只是执笔。劳动合同的知识产权及保密协议约定了职务作品的著作权归属，因此《永生》的著作权归第三人所有。对于其他诉请同意被告的答辩意见。<br/>　　针对反诉，原告某科技公司辩称，两份协议真实有效，不应被撤销和解除，而应继续履行。被告认为显失公平没有法律依据，如果其认为不合理，当初就不应当签订，被告现在是收到了案外网站的“挖角”才中途变卦的，其反诉理由不成立。<br/>　　法院经审理查明：某科技公司是国内原创文学门户网站“起点中文网”的运营商。2006年起，王某以“梦入神机”的笔名先后在某科技公司网站上发表了《佛本是道》《黑山老妖》等多部作品，并与某科技公司签订多份协议，将相关作品的信息网络传播权等著作权独家授权或转让给某科技公司。在此期间，某科技公司向王某陆续支付了共计人民币200余万元的稿酬。<br/>　　2010年1月18日，某科技公司（甲方）与王某（乙方）签订《白金作者作品协议》一份。该协议3.2.1条约定乙方同意并确认将自本协议生效之日起四年内所创作的所有作品（即本协议所称“协议作品”，且包含协议作品各种语言版本；并且无论协议作品是否创作完稿即包含所有创作完稿和未创作完稿的协议作品）在全球范围内的信息网络传播权及协议作品电子形式的汇编权、改编权、复制权、发行权等全部永久转让于甲方，并排除乙方于本协议签订后自行行使或向第三方转让、授权上述权利。合同还约定了当事人的违约责任以及违约条款。<br/>　　同日，某科技公司（甲方）与王某（乙方）还签订了《委托创作协议》一份。该协议3.2.1条、第1.1.7条约定，乙方作为专属作者，受甲方委托创作的协议作品，著作权以及相关的一切衍生权利完全排他性的归属于甲方。在协议期间内未经甲方书面许可，乙方不得以真实姓名、笔名或其他姓名、名称等任何名义，将乙方在协议期间内创作的包括协议作品在内的各类作品交于或许可第三方发表、使用或开发，或者为第三方创作各类作品。第4.1.6条约定，甲方对协议期间以外乙方创作的除协议作品外的其他作品的著作权，在涉及对该等作品进行使用、转让、授权许可使用时，同等条件下，甲方优先于任何第三方获得上述转让权和许可使用权。第5.1.1条约定，乙方报酬根据乙方创作的协议作品字数进行结算，甲方支付乙方报酬的费用标准为税前330元/千字。5.2.1约定，甲方将于本协议签字生效之日起三十个工作日内，向乙方支付预付款人民币10万元整。合同还约定了当事人的违约责任以及违约金条款。2010年2月10日，某科技公司依约向王某预付了10万元创作资金。<br/>　　2010年6月18日，王某（乙方）与某网络公司（甲方）签订《劳动合同书》一份，约定王某在某网络公司处担任游戏策划部门总监一职，合同期限5年。合同约定，乙方按公司要求进行职务作品创作，作品著作权归甲方所有。2010年7月18日，王某以“梦入神机”的笔名开始在纵横中文网（www.zongheng.com）上发表作品《永生》，连载至2012年2月5日结束。<br/>　　另查明，2006年3月，王某与某科技公司签订《文学作品独家授权协议》一份，约定王某在协议有效期内将签约作品《佛本是道》在全球范围内的信息网络传播权及汇编权独家授权予某科技公司，协议有效期为签署之日起至签约作品完成后五年止。2006年7月，王某与某科技公司签订《白金作者文学作品独家授权协议》一份，对前述协议内容进一步约定，协议有效期为签署之日起至签约作品完成后七年止，稿酬相应增加，签约作者期限为三年。2007年4月，双方又签订补充协议约定，新签约作品为《黑山老妖》。2008年6月，双方又签订补充协议约定，新签约作品为《龙蛇演义》，同时约定该作品电子形式之外的全球范围内的著作财产权自协议签订之日起一年内全部转让于某科技公司。<br/>　　2008年5月，王某与某科技公司签订《文学作品转让协议》约定，王某将协议作品《黑山老妖》在签约之日起至完本后三年之内的全球范围内的各形式的著作财产权（除中国境内汉语简体、繁体版出版发行纸质图书的权利以外）全部转让给某科技公司。同期，双方就协议作品《佛本是道》签订内容相同的《文学作品转让协议》。<br/>　　2009年5月，王某与某科技公司就协议作品《龙蛇演义》签订《委托创作协议》约定，王某为专属作者，协议作品著作权属于某科技公司。<br/>　　再查明：王某与某科技公司均在庭审中确认双方先签订《白金作者作品协议》，之后签订《委托创作协议》。后者是前者的补充和具体化，部分条款有所变更。《白金作者作品协议》第3.2.6条约定，甲、乙双方同意并确认，乙方在每部协议作品之外创作的任何其他新作品（即在本协议约定的期限以外乙方创作的作品），乙方对该新作品权利转让或授权许可使用时，乙方应以书面形式通知甲方，在同等条件下，甲方优先于任何第三方获得上述转让权和许可使用权，乙方应为甲方该优先权的行使提供必要的便利；除甲方收到乙方要求甲方行使上述优先权的书面通知后30天内未行使优先权，乙方不得将上述权利转让或授权于任何第三方。第3.2.8条约定，乙方承诺未经甲方书面许可，在本协议签署之后乙方不与第三方达成或签订关于协议作品权利归属、转移、授权等内容的任何电子、口头、书面等形式的协议；为保证协议作品的品质及质量，在本协议签署之后至协议作品创作完稿前，乙方承诺也不与第三方达成或签订关于其他作品权利归属、转让、授权等事宜的任何电子、口头、书面等形式的协议。否则乙方与第三方的该等协议约定的内容、权利归属等事项以及法律效力均不能对抗和超越本协议相关内容。<br/>　　审理期间，纵横中文网的“书讯频道”项下“杂谈”栏目内出自：http://www.zongheng.com的“梦入神机新书发布活动 神机营ipad2馈书友”一文中提到：2012年2月5日，创造了无数奇迹的《永生》完本。梦入神机新书将于2012年3月 1日10时整在纵横中文网首发。<br/>　　上海市浦东新区人民法院于2011年5月4日作出（2010）浦民三（知）初字第424号民事判决：一、某科技公司与王某继续履行双方于2010年1月18日签订的《白金作者作品协议》；二、某科技公司与王某继续履行双方于2010年1月18日签订的《委托创作协议》；三、王某停止在纵横中文网上继续发表《永生》的行为；四、王某应于判决生效后十日内支付某科技公司违约金人民币20万元；五、王某创作的《永生》著作权（除法律规定不可转让的权利以外）归某科技公司所有；六、驳回某科技公司的其余诉讼请求；七、驳回王某的全部诉讼请求。一审判决后，被告、反诉原告王某和第三人某网络公司不服，向上海市第一中级人民法院提起上诉。<br/>　　上海市第一中级人民法院于2012年5月4日作出（2011）沪一中民五（知）终字第136号民事判决：一、维持上海市浦东新区人民法院（2010）浦民三（知）初字第424号民事判决第五项，即王某创作的《永生》著作权（除法律规定不可转让的权利以外）归某科技公司所有；二、撤销上海市浦东新区人民法院（2010）浦民三（知）初字第424号民事判决第一、二、三、四、六、七项；三、上诉人王某与被上诉人某科技公司于2010年1月18日签订的《白金作者作品协议》《委托创作协议》于本判决生效之日予以解除；四、上诉人王某应于本判决生效之日起十日内向被上诉人某科技公司支付违约金人民币60万元；五、驳回上诉人王某其余上诉请求；六、驳回上诉人某网络公司的其余上诉请求；七、驳回被上诉人某科技公司一审其余诉讼请求。</p>","<p>　　法院生效裁判认为，依法成立的合同，对双方均具有拘束力，守约方有权请求违约方承担继续履行、支付违约金、赔偿损失等违约责任。但债务的标的不适于强制履行的，守约方无权请求违约方继续履行。<br/>　　　　本案中，某科技公司与王某于2010年1月18日先后签订了两份合同，即《白金作者作品协议》《委托创作协议》。该两份合同在内容上既有相同部分，也有不同部分。据合同双方当事人庭审时的陈述，该两份合同虽然签署时间为同一日，但实际上《委托创作协议》在后签订，因此，可将《委托创作协议》视为《白金作者作品协议》的修改、补充和具体化。合同当事人之间的权利义务关系应当根据两份合同所规定的条款来确定，如果约定存在矛盾或不一致，则应以《委托创作协议》为准。该两份合同系双方当事人真实意思表示，内容并不违反法律的强制性规定，双方均应依约履行合同义务。合同履行过程中，王某通过声明和行为明确表示不再履行合同义务，构成对合同义务的违反，依法应当承担相应的违约责任。<br/>　　　　某科技公司请求判令王某继续履行《白金作者作品协议》及《委托创作协议》，停止在其他网站（包含且不限于纵横中文网www.zongheng.com）发布王某创作作品的行为，并确认王某创作的《永生》著作权归某科技公司所有，性质上属于请求王某承担继续履行合同义务的违约责任。法院注意到，在委托创作协议中，双方约定王某为某科技公司的“专属作者”，只能创作“协议作品”，不得为他人创作作品或者将作品交于第三方发表，在协议期间以外创作的作品还应当由某科技公司享有优先受让权，并且规定了王某交稿时间和字数，等等。这些义务，涉及到王某的创作自由，具有人身属性，在性质上并不适于强制履行，并且如果强制王某不得创作协议作品以外的作品，也不符合著作权法鼓励创作的立法目的。在王某违约时，某科技公司不得请求王某继续履行，只能请求王某支付违约金或者赔偿损失。但是，对于已经创作出的作品的权利归属，并不属于不能强制履行的义务，某科技公司主张依据合同享有《永生》著作权于法有据。因此，某科技公司请求继续履行合同将涉及对王某创作行为的强制，法院难予支持，但其主张享有《永生》著作权的请求于法有据，法院应予支持。当然，王某仍可以就所创作作品《永生》另行主张稿酬和报酬。同时，由于前述合同义务在性质上不适于强制履行，合同目的因王某的违约行为不能实现，故而王某请求解除合同法院可予支持，但王某应当承担支付违约金等违约责任。<br/>　　　　某科技公司请求判令王某支付违约金101万元，其依据在于《白金作者作品协议》第7.2.2条之约定。该约定对应的违约行为包括将作品权利转让给他人等根本违约行为，因此可以视为替代履行利益的违约赔偿，在某科技公司同时主张继续履行的情况下，本不应予以支持。但是，在合同义务不适于继续履行的情况下，某科技公司依据该条款主张违约金于法有据。鉴于《永生》著作权应判归某科技公司所有，可以视为合同部分履行利益已经实现，故而法院应相应调减违约金至60万元予以支持。<br/>　　　　对于上诉人王某关于《白金作者作品协议》内容显失公平，应予撤销的请求，一审法院已经充分阐明了不予支持的理由。对于上诉人某网络公司认为一审法院通知其作为第三人参加诉讼并对《永生》权属作出判决违反法定程序的主张，法院认为，本案一审原、被告之间合同争议的处理与上诉人某网络公司存在法律上的利害关系，一审法院通知其参加诉讼并无不当，上诉人某网络公司在一审中亦从未对其诉讼地位提出异议；而《永生》著作权权属的判定，系根据一审原、被告之间合同约定所作出，亦属于合同争议的一个部分，一审法院作出裁判并无不当，故法院对其主张不予采纳。两上诉人还分别主张《永生》应属于上诉人王某在上诉人某网络公司工作期间的职务作品，或者还有他人参加了该作品的创作，法院认为，根据一审原、被告所签订协议，《永生》创作完成后，财产权利即归某科技公司所有，而《永生》是否还有他人参与创作并无充分证据加以证实，二审法院对该等上诉主张亦应予以驳回。故二审法院依法作出如上判决。</p>","<p>1.对原被告双方签订内容庞杂、名目繁多的合同，且数份合同的内容有矛盾、冲突的，应当根据合同约定的当事人权利义务关系，并结合合同目的来认定其法律性质。<br/>　　2.对于当事人就未来作品权利转让所达成的协议，不违反法律规定且系当事人真实意思表示的，应当认定其有效。<br/>　　3.由于创作属于作者的智力创造活动，具有人身属性，当合同义务涉及作者的创作行为或创作自由时，对方当事人不得主张强制履行。</p>","<p>　　《中华人民共和国民法典》第563条第1款第4项、第577条、第580条第1款第1项、第585条第1款、第2款（本案适用的是1999年10月1日施行的《中华人民共和国合同法》第94条第4项、第107条、第110条第1项、第114条第1款、第2款、第410条）</p><br/>######<p>　　一审：上海市浦东新区人民法院（2010）浦民三（知）初字第424号民事判决（2011年5月4日）<br/>　　二审：上海市第一中级人民法院（2011）沪一中民五（知）终字第136号民事判决（2012年5月4日）</p>","\N","\N","2026-01-21 10:27:30","2026-01-21 10:27:30","114e5301a61982af8cf9fd323cd18f08","\N","20260426"
"7780","多元解纷案例库","https://dyjfalk.court.gov.cn/site/case/cd9aaeed-3e0d-4d06-9cd7-0ddac9cab3a6","民事-相邻关系纠纷","D2025-161-1-053-124","阳西县人民法院","民事,相邻关系纠纷,农作物被损害,“庭所共建”机制","","2025-01-20","\N","姚某与梁某是相邻耕地的农民，中间仅有一条田埂作为分界。姚某在自家耕地上种植生姜时不小心淹了梁某的部分五彩薯苗，两人因此发生争执。随后姚某发现自家数十根姜苗被连根拔起，怀疑是梁某所为，与之理论，但梁某拒不承认，于是姚某拿着被拔的姜苗到司法所要求主持公道。","当地司法所和基层法院派出法庭、派出所建立“庭所共建”机制，在征得当事人同意后，司法所邀请法庭共同开展纠纷调处工作。法庭派出调解经验丰富的法官现场参与调解，并开展一系列矛盾纠纷化解工作。一是梳理双方诉求。姚某要求梁某赔偿并进行道歉，而梁某则否认其实施了拔苗行为。二是安抚双方情绪，进行释法说理。三是背对背调解。为避免双方面对面调解可能引发的冲突，采取“背对背”的方式分别与姚某和梁某进行沟通，减少双方情绪对立。四是情理结合。在调解过程中，既讲法律也讲情理，通过情理结合的方式，劝导双方理性看待问题，认识到邻里和睦的重要性。五是鼓励和解。在调解过程中，鼓励当事人通过和解解决问题，避免对簿公堂，影响邻里关系。六是灵活把握调解节奏。在梁某不愿意承认拔苗行为，而姚某又没有充分证据证明的情况下，通过情理推断和当事人态度及时调整调解策略，积极推动调解。七是感情攻势。通过情感上的劝说，软化双方态度，促使他们达成和解。八是注重解“心结”。在调解过程中，不仅解决表面问题，也注重保全双方面子，解开当事人“心结”，避免影响日后邻里之间的相处。九是提出方案。提出具体的赔偿和解方案，使当事人有明确的方向和选择，从而更容易达成共识。最终促成双方达成和解。","本案系田间邻里矛盾引发的相邻关系纠纷。在调解此类民间纠纷过程中，通过人民法庭、司法所、派出所联调联动，充分发挥“庭所共建”机制在化解基层纠纷方面的独特优势，由人民法庭发挥其专业优势，准确判断纠纷事实和法律责任，司法所调解员则考虑村民之间的纠纷往往“说不清道不明”，不执着于“铁证如山”，而是更加注重解“心结”，兼顾公正与邻里和谐，通过自治法治德治相结合，有效化解基层矛盾，维护农村社区和谐稳定。","《中华人民共和国民法典》第288条、第1165条 《中共阳西县委政法委员会、阳西县人民法院、阳西县公安局、阳西县司法局关于印发阳西县“一庭两所”矛盾纠纷联调实施办法的通知》（西法〔2023〕50号）","\N","","2026-02-03 10:12:15","2026-02-03 10:12:15","115599ffe2305533ee0b8052ffc9b2e7","\N","20260426"
"6515","多元解纷案例库","https://rmfyalk.court.gov.cn","民事-侵权责任纠纷","D2025-161-1-504-542","遵义市汇川区人民法院","民事,侵权责任纠纷,非机动车交通事故责任纠纷,赔偿金计算,人民调解","","2025-08-22","\N","袁某系一名外卖骑手，其在驾驶电瓶车时由于操作不当与行人卢某（73岁）发生碰撞，导致卢某受伤及车辆受损。事故发生后，未经交警部门处理袁某即将卢某送往某附属医院救治，案涉电瓶车亦未购买任何交强险、商业险。期间，袁某为卢某垫付医疗费用约5万元。后经鉴定机构认定，卢某达两个十级伤残，护理期为60-90日，营养期为60-90日。卢某要求袁某另行支付其残疾赔偿金、护理费、营养费、住院伙食补助费、护理费、鉴定费等费用。双方协商未果，卢某向就近的人民调解委员会申请调解。","人民调解委员会收到袁某调解申请后，当日即指派人民调解员进行调解。调解员随即通过电话联系并邀请卢某及其家属进行“面对面”调解。调解过程中，调解员采用“换位思考法”引导双方逐步打开心结，让袁某换位思考并了解到卢某年事已高，在交通事故受伤一事中已经给其身心健康造成了严重的损害，且因袁某前期消极处理，导致卢某一直未获赔偿，“心结”难解。再向卢某指出袁某的家庭经济状况，表示袁某无力负担高额赔偿，但其态度诚恳，愿意赔偿，建议就赔偿数额进一步协商。在调解员动之以情、晓之以理的疏导下，双方逐渐打开心结、互相理解、作出让步。在双方初步调解意愿形成后，调解员通过人民法院案例库同类指导性案例和调解成功的类似案例，进行以案说法。通过对双方争议焦点进行梳理，针对“双方无法达成一致的赔偿标准”这一核心问题，按照当地人身损害赔偿各项标准，协助并引导双方核算交通事故产生的各项赔偿数额，结合相关法律规定和袁某的履行能力，居中提出合情合理的调解方案。通过调解员反复从情、理、法多角度明法析理后，袁某对卢某及家属表达歉意，赢得谅解，卢某考虑袁某生活不易，降低了赔偿款，最终双方就赔偿数额达成一致，握手言和。","未投保险的电动车辆与行人发生交通事故的纠纷，往往因侵权赔偿数额较大且无保险机构兜底，导致此类纠纷化解难度较大。本案中，因外卖骑手驾驶电动车与行人相撞引发纠纷，存在事故责任未经交警部门认定，车辆未投保等多重因素。人民调解员发挥其擅做群众工作的优势，先通过“换位思考法”打开当事人心结，为双方相互协商奠定基础，再通过“案例引导法”，针对争议焦点摆案例，通过同类案例引导当事人形成合理预期，结合相关法律规定合理计算赔偿数额。之后，通过“情理法”并用，引导外卖骑手真诚悔过，表达歉意，解开卢某“心结”，进而考虑袁某生活困难，卢某作出适当让步，促使纠纷实质化解，实现案结事了人和。","《中华人民共和国民法典》第1165条、第1179条","\N","","2026-01-27 09:49:47","2026-01-27 09:49:47","115ebafc79aa296801ad15ea511416db","\N","20260426"
"5366","人民法院案例库","https://rmfyalk.court.gov.cn","民事-离婚纠纷","2016-18-2-014-001","北京市第三中级人民法院","民事,离婚,离婚时,擅自处分共同财产","二审","2015.10.19","01","<p>　　原告雷某某（女）和被告宋某某于2003年5月19日登记结婚，双方均系再婚，婚后未生育子女。双方婚后因琐事感情失和，于2013年上半年产生矛盾，并于2014年2月分居。雷某某曾于2014年3月起诉要求与宋某某离婚，经法院驳回后，双方感情未见好转。2015年1月，雷某某再次诉至法院要求离婚，并依法分割夫妻共同财产。宋某某认为夫妻感情并未破裂、不同意离婚。<br/>　　雷某某称宋某某名下在中国邮政储蓄银行的账户内有共同存款37万元，并提交存取款凭单、转账凭单作为证据。宋某某称该37万元，来源于婚前房屋拆迁补偿款及养老金，现尚剩余20万元左右（含养老金14322.48元），并提交账户记录、判决书、案款收据等证据。<br/>　　宋某某称雷某某名下有共同存款25万元，要求依法分割。雷某某对此不予认可，一审庭审中其提交在中国工商银行尾号为4179账户自2014年1月26日起的交易明细，显示至2014年12月21日该账户余额为262.37元。二审审理期间，应宋某某的申请，法院调取了雷某某上述中国工商银行账号自2012年11月26日开户后的银行流水明细，显示雷某某于2013年4月30日通过ATM转账及卡取的方式将该账户内的195000元转至案外人雷某齐名下。宋某某认为该存款是其婚前房屋出租所得，应归双方共同所有，雷某某在离婚之前即将夫妻共同存款转移。雷某某提出该笔存款是其经营饭店所得收益，开始称该笔款已用于夫妻共同开销，后又称用于偿还其外甥女的借款，但雷某某对其主张均未提供相应证据证明。另，雷某某在庭审中曾同意各自名下存款归各自所有，其另行支付宋某某10万元存款，后雷某某反悔，不同意支付。</p>","<p>　　法院生效裁判认为：婚姻关系以夫妻感情为基础。宋某某、雷某某共同生活过程中因琐事产生矛盾，在法院判决不准离婚后，双方感情仍未好转，经法院调解不能和好，双方夫妻感情确已破裂，应当判决准予双方离婚。<br/>　　本案二审期间双方争议的焦点在于雷某某是否转移夫妻共同财产和夫妻双方名下的存款应如何分割。《中华人民共和国婚姻法》第十七条第二款规定：“夫妻对共同所有的财产，有平等的处理权。”第四十七条规定：“离婚时，一方隐藏、转移、变卖、毁损夫妻共同财产，或伪造债务企图侵占另一方财产的，分割夫妻共同财产时，对隐藏、转移、变卖、毁损夫妻共同财产或伪造债务的一方，可以少分或不分。离婚后，另一方发现有上述行为的，可以向人民法院提起诉讼，请求再次分割夫妻共同财产。”这就是说，一方在离婚诉讼期间或离婚诉讼前，隐藏、转移、变卖、毁损夫妻共同财产，或伪造债务企图侵占另一方财产的，侵害了夫妻对共同财产的平等处理权，离婚分割夫妻共同财产时，应当依照《中华人民共和国婚姻法》第四十七条的规定少分或不分财产。<br/>　　本案中，关于双方名下存款的分割，结合相关证据，宋某某婚前房屋拆迁款转化的存款，应归宋某某个人所有，宋某某婚后所得养老保险金，应属夫妻共同财产。雷某某名下中国工商银行尾号为4179账户内的存款为夫妻关系存续期间的收入，应作为夫妻共同财产予以分割。雷某某于2013年4月30日通过ATM转账及卡取的方式，将尾号为4179账户内的195000元转至案外人名下。雷某某始称该款用于家庭开销，后又称用于偿还外债，前后陈述明显矛盾，对其主张亦未提供证据证明，对钱款的去向不能作出合理的解释和说明。结合案件事实及相关证据，认定雷某某存在转移、隐藏夫妻共同财产的情节。根据上述法律规定，对雷某某名下中国工商银行尾号4179账户内的存款，雷某某可以少分。宋某某主张对雷某某名下存款进行分割，符合法律规定，予以支持。故判决宋某某婚后养老保险金14322.48元归宋某某所有，对于雷某某转移的19.5万元存款，由雷某某补偿宋某某12万元。</p>","<p>一方在离婚诉讼期间或离婚诉讼前，隐藏、转移、变卖、毁损夫妻共同财产，或伪造债务企图侵占另一方财产的，离婚分割夫妻共同财产时，依照《中华人民共和国婚姻法》第四十七条的规定可以少分或不分财产。</p>","<p>　　《中华人民共和国婚姻法》第47条</p>","\N","\N","2026-01-21 10:27:30","2026-01-21 10:27:30","116ce7344267e509890402f41fc18035","\N","20260426"
